manager_id,period_id,most_likely_state,most_likely_label,posterior_state_1,posterior_state_2
M0001,2,1,Appreciation,0.9756055092393078,0.02439449076069064
M0001,3,1,Appreciation,0.6960577734105117,0.30394222658948944
M0001,4,1,Appreciation,0.9497699971764261,0.05023000282357518
M0001,5,1,Appreciation,0.7563774860629915,0.24362251393701004
M0001,6,2,Aversion,0.1144404692086142,0.8855595307913842
M0001,7,1,Appreciation,0.9164347693921243,0.0835652306078765
M0001,8,2,Aversion,0.28601581747525257,0.7139841825247462
M0001,9,2,Aversion,0.4752653136357354,0.5247346863642641
M0001,10,2,Aversion,0.09845114742109912,0.9015488525789007
M0001,11,1,Appreciation,0.8673698223630779,0.13263017763692345
M0001,12,1,Appreciation,0.5641776825434156,0.43582231745658356
M0001,13,1,Appreciation,0.7198505427437597,0.2801494572562407
M0001,14,1,Appreciation,0.9161949532184777,0.08380504678152384
M0001,15,2,Aversion,0.08044702919917722,0.9195529708008232
M0001,16,2,Aversion,0.26919876725691705,0.7308012327430846
M0001,17,2,Aversion,0.2541882002391872,0.7458117997608117
M0001,18,2,Aversion,0.19317166042959974,0.8068283395703999
M0001,19,2,Aversion,0.02809964584015976,0.9719003541598406
M0001,20,1,Appreciation,0.9966556593401462,0.003344340659855087
M0001,21,2,Aversion,0.15458649952443118,0.8454135004755672
M0001,22,2,Aversion,0.11517143753417573,0.8848285624658251
M0001,23,2,Aversion,0.011567111186663714,0.988432888813335
M0001,24,2,Aversion,0.12409011278644404,0.8759098872135543
M0001,25,2,Aversion,0.40614231412588025,0.5938576858741204
M0001,26,2,Aversion,0.4486507309953328,0.5513492690046667
M0002,2,1,Appreciation,0.9181059649541958,0.08189403504580482
M0002,3,1,Appreciation,0.6229620909982175,0.37703790900178324
M0002,4,1,Appreciation,0.6713445567959259,0.3286554432040748
M0002,5,1,Appreciation,0.6885757435158613,0.31142425648413946
M0002,6,2,Aversion,0.19898182593710204,0.8010181740628972
M0002,7,1,Appreciation,0.9973689919838414,0.0026310080161598246
M0002,8,1,Appreciation,0.9448912373579271,0.055108762642073456
M0002,9,1,Appreciation,0.7649615500440475,0.2350384499559516
M0002,10,1,Appreciation,0.9922353507080732,0.007764649291926866
M0002,11,1,Appreciation,0.9968877497829121,0.0031122502170872132
M0002,12,2,Aversion,0.2665684705926501,0.7334315294073508
M0002,13,1,Appreciation,0.9923160828316253,0.007683917168375024
M0002,14,1,Appreciation,0.6115479723889613,0.38845202761103725
M0002,15,2,Aversion,0.29953570366588095,0.7004642963341196
M0002,16,1,Appreciation,0.986751078974439,0.013248921025559248
M0002,17,2,Aversion,0.032930098594342344,0.9670699014056566
M0002,18,2,Aversion,0.045446513940209474,0.954553486059792
M0002,19,1,Appreciation,0.9686040326325615,0.03139596736743792
M0002,20,2,Aversion,0.012181649053016531,0.9878183509469842
M0002,21,2,Aversion,0.23971278503999624,0.7602872149600047
M0002,22,2,Aversion,0.0990711804667429,0.9009288195332553
M0002,23,2,Aversion,0.1143311562153846,0.8856688437846152
M0002,24,2,Aversion,0.07316658411726708,0.9268334158827345
M0002,25,1,Appreciation,0.6519174080660993,0.3480825919339005
M0002,26,1,Appreciation,0.799019731522905,0.20098026847709674
M0003,2,1,Appreciation,0.8314570222076371,0.16854297779236407
M0003,3,1,Appreciation,0.9991333036862792,0.0008666963137220748
M0003,4,1,Appreciation,0.9507568788772395,0.049243121122759796
M0003,5,1,Appreciation,0.9866798515178234,0.013320148482174792
M0003,6,1,Appreciation,0.9721974275243677,0.027802572475632347
M0003,7,1,Appreciation,0.8593917466343245,0.1406082533656756
M0003,8,1,Appreciation,0.9692854088999995,0.030714591100000785
M0003,9,2,Aversion,0.33185325147885264,0.668146748521147
M0003,10,1,Appreciation,0.995153022151053,0.0048469778489485795
M0003,11,1,Appreciation,0.9803760170499985,0.019623982950003113
M0003,12,1,Appreciation,0.6680166999403885,0.3319833000596128
M0003,13,1,Appreciation,0.9798700408701656,0.02012995912983275
M0003,14,1,Appreciation,0.9632042848642932,0.03679571513570759
M0003,15,2,Aversion,0.3708560167719314,0.6291439832280694
M0003,16,2,Aversion,0.07359602319044335,0.9264039768095568
M0003,17,2,Aversion,0.44812368426076954,0.551876315739229
M0003,18,1,Appreciation,0.9968200409764448,0.003179959023556492
M0003,19,1,Appreciation,0.9473149039630088,0.05268509603699214
M0003,20,2,Aversion,0.03105466379347152,0.968945336206528
M0003,21,2,Aversion,0.009023341413327864,0.9909766585866704
M0003,22,1,Appreciation,0.8128880509181969,0.18711194908180429
M0003,23,2,Aversion,0.4214546745209234,0.5785453254790756
M0003,24,2,Aversion,0.04834375820243071,0.9516562417975686
M0003,25,2,Aversion,0.013989699684538571,0.986010300315462
M0003,26,2,Aversion,0.010519564272518255,0.9894804357274813
M0004,2,1,Appreciation,0.5923601765177982,0.4076398234822033
M0004,3,1,Appreciation,0.9845087867422029,0.01549121325779591
M0004,4,1,Appreciation,0.9999221895359685,7.781046403295085e-05
M0004,5,1,Appreciation,0.990600883693226,0.00939911630677377
M0004,6,1,Appreciation,0.9987544574675906,0.0012455425324110498
M0004,7,1,Appreciation,0.5502172655763893,0.44978273442361016
M0004,8,1,Appreciation,0.8644206597678598,0.13557934023214055
M0004,9,1,Appreciation,0.9608924928655231,0.039107507134478595
M0004,10,1,Appreciation,0.993113306300246,0.006886693699754174
M0004,11,2,Aversion,0.08435212485262876,0.9156478751473717
M0004,12,2,Aversion,0.06018865031813029,0.939811349681868
M0004,13,2,Aversion,0.2849217369172509,0.7150782630827505
M0004,14,2,Aversion,0.1846604241449345,0.8153395758550654
M0004,15,2,Aversion,0.09434331733717057,0.9056566826628283
M0004,16,2,Aversion,0.014379917243923509,0.9856200827560762
M0004,17,2,Aversion,0.15611815839149262,0.8438818416085073
M0004,18,2,Aversion,0.09172091392658403,0.9082790860734167
M0004,19,1,Appreciation,0.8333024115794706,0.1666975884205305
M0004,20,2,Aversion,0.437769025146381,0.5622309748536192
M0004,21,2,Aversion,0.17818715174559785,0.8218128482544009
M0004,22,2,Aversion,0.012989336167969578,0.9870106638320298
M0004,23,2,Aversion,0.2792436147478939,0.7207563852521066
M0004,24,2,Aversion,0.05761384989476034,0.9423861501052414
M0004,25,1,Appreciation,0.8985412063463605,0.10145879365364044
M0004,26,2,Aversion,0.01483210456969108,0.9851678954303071
M0005,2,1,Appreciation,0.7820471802019893,0.21795281979801145
M0005,3,1,Appreciation,0.9998935339408977,0.00010646605910273594
M0005,4,1,Appreciation,0.8610143235065422,0.13898567649345664
M0005,5,1,Appreciation,0.8730014119722563,0.12699858802774383
M0005,6,1,Appreciation,0.5957300281779545,0.40426997182204594
M0005,7,1,Appreciation,0.9241182716981619,0.07588172830183683
M0005,8,2,Aversion,0.3989677174055302,0.6010322825944702
M0005,9,2,Aversion,0.21923607571856868,0.7807639242814316
M0005,10,1,Appreciation,0.6462036948214614,0.3537963051785395
M0005,11,2,Aversion,0.40306695541641174,0.5969330445835866
M0005,12,1,Appreciation,0.5929221147211494,0.40707788527884997
M0005,13,2,Aversion,0.016597507985498337,0.9834024920145015
M0005,14,1,Appreciation,0.7638858575986532,0.23611414240134745
M0005,15,2,Aversion,0.29170430850707063,0.708295691492931
M0005,16,2,Aversion,0.008433547850372742,0.9915664521496278
M0005,17,2,Aversion,0.09058089135771642,0.9094191086422836
M0005,18,2,Aversion,0.1168063978975077,0.8831936021024926
M0005,19,1,Appreciation,0.6265011270972901,0.373498872902709
M0005,20,2,Aversion,0.041437958689968364,0.9585620413100323
M0005,21,2,Aversion,0.004133715797080696,0.9958662842029203
M0005,22,1,Appreciation,0.6203818863029159,0.3796181136970843
M0005,23,1,Appreciation,0.5047651951211272,0.4952348048788738
M0005,24,2,Aversion,0.3413698737906289,0.6586301262093718
M0005,25,2,Aversion,0.07354124299971496,0.9264587570002846
M0005,26,2,Aversion,0.4678509468454197,0.5321490531545786
M0006,2,2,Aversion,0.46600356160728895,0.5339964383927122
M0006,3,1,Appreciation,0.7952788572545713,0.20472114274542888
M0006,4,2,Aversion,0.3102966538842582,0.6897033461157428
M0006,5,2,Aversion,0.19182534783978344,0.8081746521602159
M0006,6,2,Aversion,0.4175880156465336,0.5824119843534661
M0006,7,1,Appreciation,0.8664873691756199,0.13351263082438158
M0006,8,1,Appreciation,0.8765594068190812,0.12344059318091961
M0006,9,2,Aversion,0.05669557185485177,0.943304428145149
M0006,10,1,Appreciation,0.5372076600708969,0.4627923399291037
M0006,11,1,Appreciation,0.81052322112494,0.18947677887505968
M0006,12,1,Appreciation,0.977082928274354,0.02291707172564626
M0006,13,1,Appreciation,0.7693001294869051,0.23069987051309473
M0006,14,2,Aversion,0.08703927900445856,0.9129607209955403
M0006,15,2,Aversion,0.05389009365135474,0.9461099063486437
M0006,16,2,Aversion,0.16095085880369747,0.8390491411963028
M0006,17,1,Appreciation,0.9476749577818565,0.05232504221814476
M0006,18,2,Aversion,0.04177248759151123,0.9582275124084892
M0006,19,1,Appreciation,0.6412313576280503,0.35876864237195133
M0006,20,2,Aversion,0.3635738459568102,0.6364261540431895
M0006,21,2,Aversion,0.0075231680714935,0.9924768319285048
M0006,22,2,Aversion,0.053387498404519014,0.9466125015954809
M0006,23,2,Aversion,0.4688581266584702,0.5311418733415287
M0006,24,1,Appreciation,0.7373044601216886,0.2626955398783098
M0006,25,2,Aversion,0.40142883282474684,0.598571167175252
M0006,26,2,Aversion,0.10033545439105218,0.8996645456089475
M0007,2,1,Appreciation,0.9943399819271094,0.005660018072890004
M0007,3,1,Appreciation,0.6522718347716415,0.3477281652283592
M0007,4,1,Appreciation,0.9550837716696711,0.04491622833032731
M0007,5,1,Appreciation,0.9999427935145971,5.7206485402926554e-05
M0007,6,1,Appreciation,0.9977821092263085,0.0022178907736916946
M0007,7,1,Appreciation,0.983883551074172,0.01611644892582887
M0007,8,1,Appreciation,0.8479209998894726,0.152079000110528
M0007,9,1,Appreciation,0.9974089618591135,0.002591038140884815
M0007,10,1,Appreciation,0.9220271278521862,0.07797287214781433
M0007,11,2,Aversion,0.03719995432226828,0.9628000456777324
M0007,12,2,Aversion,0.20331712339064034,0.7966828766093612
M0007,13,1,Appreciation,0.5030870553718007,0.49691294462819924
M0007,14,1,Appreciation,0.9806992487919596,0.019300751208039903
M0007,15,1,Appreciation,0.896332923863513,0.10366707613648608
M0007,16,2,Aversion,0.21771892637395707,0.7822810736260437
M0007,17,1,Appreciation,0.8918350922122945,0.10816490778770436
M0007,18,2,Aversion,0.2066963776045866,0.7933036223954131
M0007,19,2,Aversion,0.3836117276903229,0.6163882723096769
M0007,20,2,Aversion,0.3736617936479781,0.6263382063520204
M0007,21,2,Aversion,0.4233873194663851,0.5766126805336137
M0007,22,2,Aversion,0.0230493076449206,0.9769506923550793
M0007,23,2,Aversion,0.0026498301274860644,0.9973501698725136
M0007,24,2,Aversion,0.09935258634950633,0.9006474136504936
M0007,25,2,Aversion,0.3460044690766806,0.653995530923321
M0007,26,2,Aversion,0.029598025987383394,0.9704019740126174
M0008,2,1,Appreciation,0.811723263401647,0.1882767365983544
M0008,3,1,Appreciation,0.9669720626023105,0.03302793739769015
M0008,4,1,Appreciation,0.960103293410135,0.039896706589866215
M0008,5,1,Appreciation,0.9315659477224426,0.06843405227755915
M0008,6,1,Appreciation,0.5551314658022336,0.4448685341977676
M0008,7,1,Appreciation,0.7320307646792844,0.2679692353207164
M0008,8,1,Appreciation,0.8550257314429174,0.14497426855708398
M0008,9,2,Aversion,0.4383396596368642,0.5616603403631365
M0008,10,1,Appreciation,0.5508603907760793,0.4491396092239223
M0008,11,1,Appreciation,0.7927814242087675,0.20721857579123165
M0008,12,1,Appreciation,0.9191175647775964,0.08088243522240275
M0008,13,1,Appreciation,0.9807693760787969,0.0192306239212014
M0008,14,1,Appreciation,0.70742303940918,0.2925769605908182
M0008,15,1,Appreciation,0.9923125991210497,0.007687400878951586
M0008,16,2,Aversion,0.15655714312127564,0.8434428568787243
M0008,17,1,Appreciation,0.9121280699795908,0.0878719300204093
M0008,18,2,Aversion,0.19775223067441192,0.802247769325587
M0008,19,1,Appreciation,0.912564846167615,0.0874351538323848
M0008,20,1,Appreciation,0.595841451178079,0.40415854882192037
M0008,21,2,Aversion,0.12822873921984415,0.8717712607801569
M0008,22,1,Appreciation,0.8882339842382087,0.11176601576179082
M0008,23,2,Aversion,0.09878437640104336,0.901215623598958
M0008,24,2,Aversion,0.29652076118879134,0.7034792388112077
M0008,25,2,Aversion,0.05273622749010117,0.9472637725099002
M0008,26,2,Aversion,0.05418286636114658,0.9458171336388532
M0009,2,1,Appreciation,0.953420973719784,0.046579026280214854
M0009,3,1,Appreciation,0.9863125564343501,0.01368744356564838
M0009,4,2,Aversion,0.3490791720591738,0.6509208279408275
M0009,5,2,Aversion,0.3406752354894673,0.6593247645105341
M0009,6,1,Appreciation,0.9685381139938518,0.031461886006148784
M0009,7,1,Appreciation,0.5027446909882359,0.49725530901176407
M0009,8,1,Appreciation,0.9067410294267944,0.09325897057320391
M0009,9,1,Appreciation,0.7346003054826593,0.26539969451734124
M0009,10,1,Appreciation,0.9924141616924291,0.007585838307569858
M0009,11,2,Aversion,0.14671572330306365,0.8532842766969351
M0009,12,2,Aversion,0.3488243869573725,0.6511756130426257
M0009,13,2,Aversion,0.3451776217352943,0.6548223782647055
M0009,14,1,Appreciation,0.9598855852445815,0.04011441475541867
M0009,15,2,Aversion,0.01751480382051581,0.9824851961794857
M0009,16,2,Aversion,0.1807018758113437,0.8192981241886563
M0009,17,2,Aversion,0.035526507776587425,0.9644734922234127
M0009,18,1,Appreciation,0.7094320928140274,0.2905679071859735
M0009,19,2,Aversion,0.036589078239515606,0.9634109217604845
M0009,20,1,Appreciation,0.5985528642841459,0.4014471357158536
M0009,21,2,Aversion,0.10585343760719203,0.8941465623928074
M0009,22,2,Aversion,0.0022136559000613515,0.997786344099939
M0009,23,2,Aversion,0.006664826540007287,0.9933351734599921
M0009,24,2,Aversion,0.35923163862874935,0.6407683613712503
M0009,25,2,Aversion,0.10879931448157282,0.8912006855184286
M0009,26,1,Appreciation,0.6444791506711623,0.35552084932883804
M0010,2,1,Appreciation,0.8789321631241135,0.12106783687588638
M0010,3,1,Appreciation,0.7560228679171452,0.24397713208285354
M0010,4,2,Aversion,0.12708210973291878,0.8729178902670797
M0010,5,1,Appreciation,0.9904581167129666,0.009541883287032335
M0010,6,1,Appreciation,0.8230721679162276,0.1769278320837724
M0010,7,1,Appreciation,0.6077870403842818,0.39221295961571817
M0010,8,2,Aversion,0.21872792092925675,0.781272079070742
M0010,9,1,Appreciation,0.9830123251355873,0.016987674864411908
M0010,10,2,Aversion,0.2293450887621321,0.7706549112378677
M0010,11,2,Aversion,0.464480030786935,0.5355199692130658
M0010,12,2,Aversion,0.4164368974153326,0.5835631025846663
M0010,13,1,Appreciation,0.9793741054819546,0.02062589451804589
M0010,14,2,Aversion,0.13065462204362988,0.8693453779563697
M0010,15,2,Aversion,0.038098950112227345,0.9619010498877743
M0010,16,2,Aversion,0.3614133798739853,0.6385866201260155
M0010,17,2,Aversion,0.013259925137999196,0.9867400748620014
M0010,18,1,Appreciation,0.9996509716480854,0.00034902835191492345
M0010,19,2,Aversion,0.04444660227248541,0.9555533977275144
M0010,20,1,Appreciation,0.6779969354338025,0.32200306456619915
M0010,21,2,Aversion,0.14882125754081063,0.8511787424591909
M0010,22,2,Aversion,0.3416971174087204,0.6583028825912812
M0010,23,2,Aversion,0.10861293265306819,0.8913870673469302
M0010,24,1,Appreciation,0.5117216338412354,0.4882783661587654
M0010,25,2,Aversion,0.22343171799544964,0.7765682820045486
M0010,26,1,Appreciation,0.5573099705015289,0.44269002949847036
M0011,2,1,Appreciation,0.6330578641496601,0.3669421358503401
M0011,3,1,Appreciation,0.9811780200520163,0.018821979947983423
M0011,4,1,Appreciation,0.8593455811405348,0.1406544188594635
M0011,5,1,Appreciation,0.9834346377023235,0.01656536229767775
M0011,6,1,Appreciation,0.76671192614694,0.23328807385306122
M0011,7,1,Appreciation,0.9061144128950543,0.09388558710494478
M0011,8,2,Aversion,0.14609205687778534,0.8539079431222131
M0011,9,2,Aversion,0.44675722644464305,0.5532427735553558
M0011,10,1,Appreciation,0.8318764724799214,0.1681235275200776
M0011,11,1,Appreciation,0.6237265752651493,0.37627342473485237
M0011,12,1,Appreciation,0.999973290606099,2.670939389970158e-05
M0011,13,1,Appreciation,0.9997061747231635,0.00029382527683669837
M0011,14,2,Aversion,0.006538608499488102,0.9934613915005126
M0011,15,1,Appreciation,0.8963073010417075,0.10369269895829368
M0011,16,2,Aversion,0.00412271175173039,0.9958772882482686
M0011,17,1,Appreciation,0.7831573848861688,0.2168426151138328
M0011,18,2,Aversion,0.04201638725408155,0.9579836127459196
M0011,19,1,Appreciation,0.6921136396630148,0.3078863603369851
M0011,20,2,Aversion,0.03988608263358239,0.9601139173664183
M0011,21,2,Aversion,0.17159789435217326,0.828402105647825
M0011,22,2,Aversion,0.2180773505355174,0.781922649464483
M0011,23,2,Aversion,0.020775140962148907,0.9792248590378505
M0011,24,2,Aversion,0.3205381336832805,0.6794618663167193
M0011,25,2,Aversion,0.4896007702726138,0.5103992297273869
M0011,26,2,Aversion,0.017171020003174574,0.9828289799968253
M0012,2,1,Appreciation,0.9999959051593444,4.0948406575435975e-06
M0012,3,2,Aversion,0.4761579692462405,0.5238420307537621
M0012,4,1,Appreciation,0.9321070536434598,0.06789294635654346
M0012,5,1,Appreciation,0.9985360023593036,0.0014639976406939314
M0012,6,1,Appreciation,0.7422167291171556,0.25778327088284475
M0012,7,1,Appreciation,0.9994396343910418,0.0005603656089549651
M0012,8,1,Appreciation,0.5471247309223127,0.4528752690776901
M0012,9,1,Appreciation,0.9866020072107821,0.013397992789218984
M0012,10,1,Appreciation,0.5367062989462529,0.4632937010537449
M0012,11,1,Appreciation,0.9393783306632855,0.06062166933671524
M0012,12,1,Appreciation,0.8787042309874831,0.12129576901251923
M0012,13,2,Aversion,0.2918731169038162,0.7081268830961845
M0012,14,1,Appreciation,0.9959697858657827,0.004030214134216501
M0012,15,2,Aversion,0.4715099497277315,0.5284900502722667
M0012,16,2,Aversion,0.48517388156164554,0.5148261184383528
M0012,17,2,Aversion,0.26049558490322994,0.7395044150967692
M0012,18,2,Aversion,0.051286340623372076,0.9487136593766263
M0012,19,2,Aversion,0.0434481045678184,0.9565518954321786
M0012,20,2,Aversion,0.27555995573648084,0.7244400442635194
M0012,21,2,Aversion,0.1335103741478012,0.8664896258522004
M0012,22,2,Aversion,0.034969531988166366,0.9650304680118365
M0012,23,2,Aversion,0.12462423959973712,0.8753757604002662
M0012,24,2,Aversion,0.022220322743377038,0.9777796772566236
M0012,25,2,Aversion,0.023680899665330452,0.9763191003346673
M0012,26,1,Appreciation,0.9127465457168117,0.08725345428319113
M0013,2,1,Appreciation,0.8301954118292028,0.1698045881707968
M0013,3,1,Appreciation,0.8603979901473511,0.13960200985264867
M0013,4,1,Appreciation,0.9985196048398125,0.0014803951601891309
M0013,5,1,Appreciation,0.901303835868376,0.09869616413162433
M0013,6,2,Aversion,0.17999846157346774,0.8200015384265316
M0013,7,1,Appreciation,0.6903812299610781,0.3096187700389211
M0013,8,1,Appreciation,0.7034870443320553,0.29651295566794406
M0013,9,1,Appreciation,0.5289606677594192,0.4710393322405794
M0013,10,1,Appreciation,0.9918125923904463,0.008187407609553169
M0013,11,2,Aversion,0.15600777164120458,0.8439922283587951
M0013,12,1,Appreciation,0.9976650366153439,0.00233496338465676
M0013,13,1,Appreciation,0.9990700327461266,0.0009299672538750576
M0013,14,1,Appreciation,0.6484902000409359,0.35150979995906423
M0013,15,2,Aversion,0.03125043374584805,0.9687495662541514
M0013,16,2,Aversion,0.027263587035505094,0.9727364129644954
M0013,17,1,Appreciation,0.9434051225396698,0.05659487746033184
M0013,18,2,Aversion,0.049494772485797235,0.9505052275142016
M0013,19,2,Aversion,0.032204514684387425,0.9677954853156129
M0013,20,2,Aversion,0.028739156443856467,0.9712608435561448
M0013,21,2,Aversion,0.29345150909959317,0.7065484909004056
M0013,22,2,Aversion,0.0012767190618877614,0.9987232809381105
M0013,23,2,Aversion,0.05250808632965154,0.9474919136703487
M0013,24,1,Appreciation,0.5550895258075597,0.4449104741924419
M0013,25,2,Aversion,0.4334007858008381,0.5665992141991635
M0013,26,2,Aversion,0.04728498520642204,0.952715014793577
M0014,2,2,Aversion,0.3287678684357161,0.671232131564285
M0014,3,2,Aversion,0.39683387019025956,0.6031661298097406
M0014,4,1,Appreciation,0.9414686516699047,0.05853134833009553
M0014,5,1,Appreciation,0.9961153799948826,0.0038846200051172687
M0014,6,1,Appreciation,0.9450453413504727,0.05495465864952713
M0014,7,1,Appreciation,0.512121933717768,0.4878780662822309
M0014,8,1,Appreciation,0.5931611881967448,0.40683881180325565
M0014,9,2,Aversion,0.3648082467678388,0.6351917532321613
M0014,10,1,Appreciation,0.5807875979583033,0.4192124020416956
M0014,11,1,Appreciation,0.8448184593339944,0.15518154066600562
M0014,12,2,Aversion,0.30097789042638234,0.6990221095736185
M0014,13,2,Aversion,0.24117552956263322,0.7588244704373666
M0014,14,1,Appreciation,0.9217417783812234,0.0782582216187761
M0014,15,2,Aversion,0.22370635165676242,0.7762936483432364
M0014,16,2,Aversion,0.08969802070001438,0.9103019792999849
M0014,17,2,Aversion,0.10965855140550075,0.8903414485944993
M0014,18,2,Aversion,0.0020025021597397815,0.9979974978402605
M0014,19,2,Aversion,0.12391972698586225,0.8760802730141395
M0014,20,1,Appreciation,0.999512893841132,0.0004871061588681036
M0014,21,2,Aversion,0.015727268004428606,0.9842727319955709
M0014,22,1,Appreciation,0.9375224437117439,0.06247755628825725
M0014,23,2,Aversion,0.010540497062407563,0.9894595029375919
M0014,24,2,Aversion,0.18742713629417568,0.8125728637058253
M0014,25,2,Aversion,0.02908027170100758,0.9709197282989922
M0014,26,2,Aversion,0.29105181186276674,0.7089481881372347
M0015,2,1,Appreciation,0.9985599999600117,0.0014400000399889495
M0015,3,1,Appreciation,0.9878639951862157,0.01213600481378497
M0015,4,1,Appreciation,0.9515888637264995,0.04841113627349951
M0015,5,1,Appreciation,0.9958320622794142,0.004167937720584149
M0015,6,2,Aversion,0.073533071521098,0.9264669284789009
M0015,7,1,Appreciation,0.9032545876707748,0.09674541232922385
M0015,8,1,Appreciation,0.9962098269530587,0.0037901730469408475
M0015,9,1,Appreciation,0.997283617841649,0.0027163821583519364
M0015,10,1,Appreciation,0.7241017488334919,0.2758982511665069
M0015,11,1,Appreciation,0.6866159111431747,0.31338408885682695
M0015,12,1,Appreciation,0.7806057090361946,0.21939429096380664
M0015,13,1,Appreciation,0.9961806246526858,0.0038193753473147124
M0015,14,1,Appreciation,0.9926452529003311,0.007354747099667379
M0015,15,1,Appreciation,0.862730424457958,0.13726957554204322
M0015,16,2,Aversion,0.18343284823778452,0.8165671517622168
M0015,17,2,Aversion,0.04538841487101614,0.9546115851289835
M0015,18,1,Appreciation,0.5657669952871365,0.4342330047128644
M0015,19,2,Aversion,0.15238915646871123,0.8476108435312881
M0015,20,2,Aversion,0.12907167138973494,0.8709283286102657
M0015,21,2,Aversion,0.03726010524154092,0.9627398947584607
M0015,22,2,Aversion,0.15103510092859523,0.8489648990714043
M0015,23,1,Appreciation,0.8243667016900357,0.1756332983099631
M0015,24,2,Aversion,0.34677272247285523,0.6532272775271449
M0015,25,2,Aversion,0.07387161700978065,0.9261283829902183
M0015,26,1,Appreciation,0.7597207729972769,0.24027922700272164
M0016,2,2,Aversion,0.29586831476770287,0.7041316852322983
M0016,3,1,Appreciation,0.8333632707743587,0.16663672922564265
M0016,4,1,Appreciation,0.6408362044674503,0.35916379553254846
M0016,5,1,Appreciation,0.6010348322155239,0.3989651677844759
M0016,6,1,Appreciation,0.8995629894546817,0.10043701054531708
M0016,7,1,Appreciation,0.9957071676389468,0.004292832361051891
M0016,8,1,Appreciation,0.6669151749963712,0.3330848250036304
M0016,9,1,Appreciation,0.8241203689054196,0.1758796310945806
M0016,10,2,Aversion,0.08915037895275262,0.9108496210472462
M0016,11,1,Appreciation,0.8195771965733165,0.1804228034266828
M0016,12,1,Appreciation,0.8308931798623452,0.1691068201376531
M0016,13,1,Appreciation,0.8032885112442524,0.19671148875574598
M0016,14,1,Appreciation,0.9998824681162579,0.0001175318837418095
M0016,15,2,Aversion,0.14241082996434454,0.8575891700356559
M0016,16,2,Aversion,0.4561475328640394,0.5438524671359621
M0016,17,2,Aversion,0.14087238685053896,0.8591276131494598
M0016,18,2,Aversion,0.1985732241485738,0.8014267758514274
M0016,19,2,Aversion,0.17626625073375138,0.823733749266248
M0016,20,2,Aversion,0.00564651235578644,0.9943534876442126
M0016,21,2,Aversion,0.008166321213089512,0.991833678786912
M0016,22,2,Aversion,0.007233662520601511,0.992766337479399
M0016,23,1,Appreciation,0.9218290083042985,0.07817099169570053
M0016,24,2,Aversion,0.047394753477907954,0.9526052465220924
M0016,25,2,Aversion,0.23312279990889054,0.7668772000911113
M0016,26,2,Aversion,0.23681793086034666,0.763182069139653
M0017,2,1,Appreciation,0.6237832613560981,0.37621673864390026
M0017,3,2,Aversion,0.4014827494489004,0.5985172505511004
M0017,4,1,Appreciation,0.6504048948034836,0.34959510519651715
M0017,5,1,Appreciation,0.6843144682726797,0.31568553172732133
M0017,6,1,Appreciation,0.8650568121113097,0.1349431878886886
M0017,7,1,Appreciation,0.8578390156605605,0.14216098433944088
M0017,8,1,Appreciation,0.8357994701513265,0.164200529848672
M0017,9,1,Appreciation,0.896571033747681,0.10342896625231954
M0017,10,1,Appreciation,0.9944437102111858,0.005556289788814127
M0017,11,1,Appreciation,0.9793196921169641,0.020680307883036188
M0017,12,2,Aversion,0.0581467481462907,0.9418532518537103
M0017,13,1,Appreciation,0.997737444267436,0.0022625557325626194
M0017,14,1,Appreciation,0.9027786931315,0.09722130686849936
M0017,15,2,Aversion,0.3606125036362488,0.6393874963637521
M0017,16,2,Aversion,0.06789550496434495,0.9321044950356542
M0017,17,1,Appreciation,0.9973446038270292,0.0026553961729719753
M0017,18,2,Aversion,0.44461417345018744,0.5553858265498139
M0017,19,2,Aversion,0.07333711101851315,0.926662888981488
M0017,20,2,Aversion,0.07716772114963066,0.9228322788503703
M0017,21,2,Aversion,0.13005184107279383,0.8699481589272073
M0017,22,1,Appreciation,0.9779305506781565,0.022069449321842214
M0017,23,2,Aversion,0.0012697869395491778,0.9987302130604507
M0017,24,2,Aversion,0.048684943919339765,0.9513150560806607
M0017,25,2,Aversion,0.10227217323342948,0.89772782676657
M0017,26,1,Appreciation,0.7879325156105733,0.212067484389427
M0018,2,2,Aversion,0.4083764445628786,0.5916235554371199
M0018,3,1,Appreciation,0.9986239964543782,0.0013760035456232662
M0018,4,2,Aversion,0.49971187225534636,0.5002881277446527
M0018,5,1,Appreciation,0.9717051140763857,0.0282948859236158
M0018,6,1,Appreciation,0.9926870093650346,0.0073129906349646365
M0018,7,2,Aversion,0.489884291834599,0.5101157081654023
M0018,8,2,Aversion,0.3027289947952075,0.6972710052047917
M0018,9,2,Aversion,0.24439069067109062,0.75560930932891
M0018,10,2,Aversion,0.22414882414401313,0.775851175855987
M0018,11,1,Appreciation,0.9883857993959749,0.011614200604024813
M0018,12,1,Appreciation,0.7801547817163835,0.21984521828361797
M0018,13,1,Appreciation,0.9977836987213589,0.002216301278642502
M0018,14,2,Aversion,0.034061328302077316,0.9659386716979219
M0018,15,2,Aversion,0.165068133346632,0.8349318666533669
M0018,16,2,Aversion,0.04249627044545267,0.957503729554547
M0018,17,2,Aversion,0.003400276340096322,0.9965997236599045
M0018,18,2,Aversion,0.06360880688519563,0.9363911931148041
M0018,19,1,Appreciation,0.9493912789897244,0.05060872101027393
M0018,20,1,Appreciation,0.9680912606873143,0.031908739312684925
M0018,21,1,Appreciation,0.6559277263069744,0.34407227369302595
M0018,22,2,Aversion,0.08306233103797757,0.9169376689620241
M0018,23,2,Aversion,0.1427159599964822,0.857284040003518
M0018,24,2,Aversion,0.07403286117518387,0.9259671388248174
M0018,25,2,Aversion,0.07789129941749531,0.9221087005825036
M0018,26,2,Aversion,0.050587598331648886,0.9494124016683507
M0019,2,1,Appreciation,0.8210090866791611,0.1789909133208383
M0019,3,2,Aversion,0.29112353348452963,0.7088764665154695
M0019,4,1,Appreciation,0.7315656922507124,0.26843430774928767
M0019,5,1,Appreciation,0.8897241732168524,0.11027582678314607
M0019,6,1,Appreciation,0.8431627624402729,0.15683723755972542
M0019,7,2,Aversion,0.0341184537869045,0.9658815462130957
M0019,8,1,Appreciation,0.5987291288249678,0.4012708711750318
M0019,9,2,Aversion,0.3276445795141374,0.672355420485864
M0019,10,1,Appreciation,0.6163156634785505,0.3836843365214492
M0019,11,2,Aversion,0.29345279323465506,0.7065472067653442
M0019,12,2,Aversion,0.05361935251452924,0.946380647485471
M0019,13,2,Aversion,0.16276159854186084,0.837238401458138
M0019,14,1,Appreciation,0.9791806211057078,0.020819378894293163
M0019,15,2,Aversion,0.3262452018352268,0.6737547981647728
M0019,16,2,Aversion,0.39704857897667567,0.6029514210233237
M0019,17,2,Aversion,0.046301858382058636,0.953698141617941
M0019,18,1,Appreciation,0.9739813329979365,0.0260186670020634
M0019,19,2,Aversion,0.3455337178375252,0.6544662821624736
M0019,20,2,Aversion,0.060192406176379026,0.9398075938236221
M0019,21,2,Aversion,0.04906922923766315,0.9509307707623352
M0019,22,2,Aversion,0.4162972306054355,0.5837027693945646
M0019,23,2,Aversion,0.2890172921893728,0.7109827078106289
M0019,24,1,Appreciation,0.6773133472154939,0.3226866527845065
M0019,25,2,Aversion,0.10633053356616672,0.8936694664338324
M0019,26,2,Aversion,0.07632983926032873,0.9236701607396705
M0020,2,1,Appreciation,0.54837352429939,0.4516264757006114
M0020,3,1,Appreciation,0.9859539331552084,0.014046066844790052
M0020,4,1,Appreciation,0.8715341639911608,0.1284658360088397
M0020,5,1,Appreciation,0.954826200678338,0.04517379932166034
M0020,6,1,Appreciation,0.9393851745375115,0.06061482546248869
M0020,7,1,Appreciation,0.6947733750073452,0.30522662499265496
M0020,8,2,Aversion,0.07322087195760103,0.9267791280423983
M0020,9,2,Aversion,0.38865973456165703,0.6113402654383439
M0020,10,1,Appreciation,0.5056215957431621,0.49437840425683677
M0020,11,2,Aversion,0.15086701384108986,0.8491329861589086
M0020,12,1,Appreciation,0.7191377971113098,0.2808622028886888
M0020,13,2,Aversion,0.0417182243916729,0.9582817756083262
M0020,14,1,Appreciation,0.8835188618653514,0.11648113813464887
M0020,15,2,Aversion,0.15891126932677413,0.8410887306732263
M0020,16,2,Aversion,0.16124268172992376,0.8387573182700745
M0020,17,1,Appreciation,0.9861284361082776,0.01387156389172388
M0020,18,2,Aversion,0.21680874449235318,0.7831912555076483
M0020,19,2,Aversion,0.0475983031515385,0.9524016968484625
M0020,20,1,Appreciation,0.9294578936362815,0.07054210636371772
M0020,21,2,Aversion,0.11157702005203914,0.8884229799479596
M0020,22,1,Appreciation,0.8416698611292538,0.15833013887074515
M0020,23,2,Aversion,0.087356819808209,0.9126431801917896
M0020,24,2,Aversion,0.06158028567017867,0.938419714329821
M0020,25,2,Aversion,0.23217161336153994,0.7678283866384593
M0020,26,2,Aversion,0.11326248435947488,0.8867375156405264
M0021,2,2,Aversion,0.42381615243456766,0.5761838475654318
M0021,3,1,Appreciation,0.7273784484937537,0.27262155150624473
M0021,4,1,Appreciation,0.5218237204968321,0.4781762795031678
M0021,5,1,Appreciation,0.8777825239916331,0.12221747600836717
M0021,6,1,Appreciation,0.9004874854065483,0.09951251459345067
M0021,7,1,Appreciation,0.9868817497538737,0.013118250246127719
M0021,8,1,Appreciation,0.9290838536556477,0.07091614634435346
M0021,9,2,Aversion,0.07239036115800414,0.9276096388419973
M0021,10,2,Aversion,0.28614094730654155,0.7138590526934581
M0021,11,2,Aversion,0.2006019393608483,0.7993980606391533
M0021,12,2,Aversion,0.11081512854561018,0.8891848714543906
M0021,13,1,Appreciation,0.774822973770447,0.22517702622955482
M0021,14,1,Appreciation,0.9389746827529966,0.061025317247005106
M0021,15,1,Appreciation,0.8783722759461909,0.12162772405380745
M0021,16,1,Appreciation,0.9317543223408694,0.06824567765913186
M0021,17,1,Appreciation,0.9933476554757916,0.006652344524207524
M0021,18,2,Aversion,0.04787361769208671,0.952126382307912
M0021,19,2,Aversion,0.09989390355741305,0.9001060964425869
M0021,20,1,Appreciation,0.650652005254058,0.3493479947459438
M0021,21,2,Aversion,0.20372666453383084,0.7962733354661677
M0021,22,2,Aversion,0.09829977658259612,0.901700223417405
M0021,23,1,Appreciation,0.7761446541257264,0.2238553458742723
M0021,24,2,Aversion,0.08645610949476137,0.913543890505239
M0021,25,1,Appreciation,0.5441391961996659,0.45586080380033467
M0021,26,2,Aversion,0.18802936598204734,0.8119706340179536
M0022,2,1,Appreciation,0.8175427461957371,0.18245725380426414
M0022,3,1,Appreciation,0.9864028439838503,0.013597156016149595
M0022,4,1,Appreciation,0.9566831634368226,0.043316836563176996
M0022,5,2,Aversion,0.15642169081168142,0.8435783091883188
M0022,6,2,Aversion,0.28705550845697164,0.7129444915430285
M0022,7,1,Appreciation,0.9998388538436151,0.00016114615638643503
M0022,8,1,Appreciation,0.859209646736068,0.14079035326393266
M0022,9,2,Aversion,0.11252072255313197,0.8874792774468697
M0022,10,1,Appreciation,0.9956419952807495,0.004358004719248953
M0022,11,1,Appreciation,0.9981653719482261,0.0018346280517733174
M0022,12,1,Appreciation,0.9509187027155732,0.04908129728442602
M0022,13,1,Appreciation,0.9894146485509946,0.01058535144900459
M0022,14,2,Aversion,0.12614033865979316,0.8738596613402064
M0022,15,2,Aversion,0.019108848778605338,0.9808911512213945
M0022,16,1,Appreciation,0.9336113606360397,0.06638863936396011
M0022,17,1,Appreciation,0.647406109626998,0.3525938903730031
M0022,18,1,Appreciation,0.7496587356473747,0.2503412643526263
M0022,19,2,Aversion,0.39904252113117017,0.6009574788688307
M0022,20,2,Aversion,0.0687308437058616,0.9312691562941401
M0022,21,2,Aversion,0.027836701396898426,0.9721632986031027
M0022,22,2,Aversion,0.10453833981242358,0.8954616601875747
M0022,23,2,Aversion,0.39773491504953346,0.6022650849504669
M0022,24,2,Aversion,0.06107216586100347,0.9389278341389975
M0022,25,2,Aversion,0.00861191326914804,0.9913880867308532
M0022,26,2,Aversion,0.2341443901369241,0.7658556098630759
M0023,2,1,Appreciation,0.514827755714721,0.4851722442852794
M0023,3,2,Aversion,0.4534535448836766,0.5465464551163237
M0023,4,2,Aversion,0.4373486594035382,0.5626513405964635
M0023,5,1,Appreciation,0.9804889272130374,0.019511072786963166
M0023,6,1,Appreciation,0.7078795328001992,0.292120467199802
M0023,7,1,Appreciation,0.9849288445670785,0.015071155432920681
M0023,8,2,Aversion,0.3544950413684221,0.6455049586315765
M0023,9,1,Appreciation,0.9693609476557635,0.03063905234423795
M0023,10,2,Aversion,0.05831542829181085,0.9416845717081909
M0023,11,1,Appreciation,0.7627304012948264,0.23726959870517259
M0023,12,1,Appreciation,0.9995193435930129,0.00048065640698763515
M0023,13,1,Appreciation,0.9838664063881253,0.01613359361187612
M0023,14,2,Aversion,0.20564863585687926,0.7943513641431196
M0023,15,2,Aversion,0.24173056498874282,0.758269435011258
M0023,16,2,Aversion,0.3493383549390686,0.6506616450609317
M0023,17,1,Appreciation,0.8929778156663548,0.10702218433364669
M0023,18,2,Aversion,0.04122783746269198,0.9587721625373067
M0023,19,2,Aversion,0.11509440069582298,0.8849055993041778
M0023,20,2,Aversion,0.3621847037196114,0.6378152962803881
M0023,21,2,Aversion,0.043569716186183945,0.9564302838138176
M0023,22,2,Aversion,0.13919638069585505,0.8608036193041462
M0023,23,2,Aversion,0.01130739292180606,0.9886926070781935
M0023,24,2,Aversion,0.09208631411795822,0.9079136858820427
M0023,25,2,Aversion,0.4282013578809095,0.5717986421190895
M0023,26,2,Aversion,0.14372586774237206,0.8562741322576295
M0024,2,1,Appreciation,0.7450201182371162,0.2549798817628831
M0024,3,2,Aversion,0.3047629012087322,0.6952370987912674
M0024,4,1,Appreciation,0.7078595471235005,0.2921404528765006
M0024,5,1,Appreciation,0.9277529365352033,0.07224706346479606
M0024,6,1,Appreciation,0.9733446869411689,0.026655313058829313
M0024,7,1,Appreciation,0.9692351239330614,0.030764876066939163
M0024,8,1,Appreciation,0.7952417327414181,0.2047582672585808
M0024,9,2,Aversion,0.4855018979161272,0.5144981020838737
M0024,10,2,Aversion,0.2320214061460408,0.7679785938539606
M0024,11,2,Aversion,0.12621429950046162,0.8737857004995376
M0024,12,2,Aversion,0.03153057829045737,0.9684694217095425
M0024,13,2,Aversion,0.05171410184526363,0.948285898154737
M0024,14,1,Appreciation,0.8394632037932904,0.16053679620670847
M0024,15,2,Aversion,0.12794707585813797,0.8720529241418633
M0024,16,2,Aversion,0.4531298894549948,0.5468701105450052
M0024,17,2,Aversion,0.17679340642859276,0.8232065935714065
M0024,18,2,Aversion,0.09160215875887304,0.9083978412411263
M0024,19,1,Appreciation,0.9206563156667005,0.07934368433330033
M0024,20,2,Aversion,0.00815116986068982,0.9918488301393118
M0024,21,2,Aversion,0.010265578200407128,0.989734421799593
M0024,22,2,Aversion,0.08978484065412287,0.9102151593458776
M0024,23,2,Aversion,0.046502138702109286,0.9534978612978893
M0024,24,2,Aversion,0.025327480688760583,0.9746725193112389
M0024,25,2,Aversion,0.0175072071350297,0.9824927928649698
M0024,26,2,Aversion,0.004354051869931544,0.9956459481300675
M0025,2,2,Aversion,0.4737937711600745,0.526206228839927
M0025,3,1,Appreciation,0.9895182606236284,0.010481739376371474
M0025,4,1,Appreciation,0.9988605149485644,0.0011394850514372427
M0025,5,2,Aversion,0.35900720064110436,0.6409927993588956
M0025,6,1,Appreciation,0.8783294461537188,0.12167055384627959
M0025,7,1,Appreciation,0.998512104780369,0.001487895219631841
M0025,8,1,Appreciation,0.9885012432541156,0.011498756745882752
M0025,9,1,Appreciation,0.8778127326597011,0.1221872673402982
M0025,10,2,Aversion,0.20293561412624767,0.797064385873752
M0025,11,2,Aversion,0.2291385486625334,0.7708614513374683
M0025,12,1,Appreciation,0.9168087973088767,0.08319120269112376
M0025,13,2,Aversion,0.37832733152742576,0.621672668472574
M0025,14,1,Appreciation,0.5937924514194384,0.4062075485805612
M0025,15,2,Aversion,0.036262412350522216,0.963737587649477
M0025,16,1,Appreciation,0.6867060706176215,0.31329392938237993
M0025,17,1,Appreciation,0.587327504817373,0.412672495182628
M0025,18,1,Appreciation,0.7564602070821205,0.2435397929178811
M0025,19,2,Aversion,0.2524066197887763,0.7475933802112235
M0025,20,2,Aversion,0.11603729553091373,0.8839627044690863
M0025,21,1,Appreciation,0.7548208268957233,0.24517917310427562
M0025,22,2,Aversion,0.07944259438104832,0.9205574056189532
M0025,23,2,Aversion,0.10810607077337249,0.8918939292266257
M0025,24,2,Aversion,0.3508708259180244,0.6491291740819763
M0025,25,2,Aversion,0.48774073687272573,0.5122592631272734
M0025,26,2,Aversion,0.06908628577817684,0.9309137142218223
M0026,2,1,Appreciation,0.6293021168532195,0.37069788314678126
M0026,3,1,Appreciation,0.7640502504997831,0.2359497495002181
M0026,4,1,Appreciation,0.698624954711528,0.3013750452884717
M0026,5,2,Aversion,0.46807038873364587,0.5319296112663535
M0026,6,1,Appreciation,0.9794388157405952,0.020561184259404373
M0026,7,1,Appreciation,0.5159218743671589,0.4840781256328402
M0026,8,1,Appreciation,0.9738915096809729,0.026108490319026532
M0026,9,2,Aversion,0.1705117519123743,0.8294882480876242
M0026,10,2,Aversion,0.22294771598524393,0.7770522840147547
M0026,11,2,Aversion,0.18088023042657045,0.8191197695734299
M0026,12,2,Aversion,0.028215936767465186,0.9717840632325365
M0026,13,1,Appreciation,0.9479179444892809,0.05208205551071744
M0026,14,1,Appreciation,0.5947420185932882,0.4052579814067117
M0026,15,1,Appreciation,0.5514612870982194,0.44853871290177993
M0026,16,2,Aversion,0.11950307463347348,0.8804969253665272
M0026,17,1,Appreciation,0.5443071370398387,0.45569286296016176
M0026,18,2,Aversion,0.029954512432913184,0.9700454875670885
M0026,19,1,Appreciation,0.6342879419997607,0.3657120580002397
M0026,20,1,Appreciation,0.7021985404991933,0.2978014595008074
M0026,21,1,Appreciation,0.9023770148979623,0.09762298510203642
M0026,22,2,Aversion,0.26091220587670255,0.7390877941232987
M0026,23,2,Aversion,0.4139033262320324,0.5860966737679678
M0026,24,2,Aversion,0.020062321570082805,0.9799376784299181
M0026,25,2,Aversion,0.04208086852594394,0.957919131474055
M0026,26,2,Aversion,0.006141662908063197,0.993858337091938
M0027,2,1,Appreciation,0.8805056127068406,0.11949438729315918
M0027,3,1,Appreciation,0.8277313795729633,0.17226862042703797
M0027,4,1,Appreciation,0.9999429823542437,5.70176457557653e-05
M0027,5,1,Appreciation,0.9329163628886787,0.06708363711132251
M0027,6,1,Appreciation,0.9383629227344995,0.0616370772655015
M0027,7,2,Aversion,0.4075976518778237,0.5924023481221748
M0027,8,2,Aversion,0.29459994255451305,0.7054000574454862
M0027,9,2,Aversion,0.02740596550217142,0.9725940344978273
M0027,10,2,Aversion,0.03951097312021039,0.9604890268797905
M0027,11,1,Appreciation,0.5145001107018947,0.4854998892981039
M0027,12,1,Appreciation,0.9399925927402881,0.060007407259713486
M0027,13,2,Aversion,0.022466122075435163,0.9775338779245654
M0027,14,1,Appreciation,0.8233628440084548,0.17663715599154386
M0027,15,1,Appreciation,0.5137947062329609,0.48620529376703836
M0027,16,1,Appreciation,0.6805441158847289,0.3194558841152721
M0027,17,2,Aversion,0.11660233646268996,0.8833976635373086
M0027,18,2,Aversion,0.16044203227067436,0.8395579677293262
M0027,19,1,Appreciation,0.9434602568724215,0.05653974312757775
M0027,20,2,Aversion,0.0025794515810161497,0.997420548418983
M0027,21,2,Aversion,0.08851126072108716,0.9114887392789123
M0027,22,2,Aversion,0.07050509752726163,0.9294949024727382
M0027,23,2,Aversion,0.42115476138544994,0.5788452386145504
M0027,24,2,Aversion,0.08547752354539899,0.9145224764546013
M0027,25,2,Aversion,0.20837554718246537,0.7916244528175345
M0027,26,2,Aversion,0.008967638391509013,0.9910323616084898
M0028,2,2,Aversion,0.18514022848071957,0.8148597715192808
M0028,3,2,Aversion,0.36878929184377507,0.6312107081562245
M0028,4,1,Appreciation,0.9996753775705143,0.00032462242948465807
M0028,5,1,Appreciation,0.9097979671151931,0.09020203288480812
M0028,6,2,Aversion,0.2146503535946799,0.7853496464053211
M0028,7,2,Aversion,0.40475926410092333,0.5952407358990782
M0028,8,1,Appreciation,0.5928468358436213,0.4071531641563778
M0028,9,1,Appreciation,0.5414731133210167,0.4585268866789832
M0028,10,2,Aversion,0.09236473600254805,0.9076352639974519
M0028,11,1,Appreciation,0.5562648282921384,0.44373517170786125
M0028,12,1,Appreciation,0.9989719261443317,0.0010280738556679016
M0028,13,2,Aversion,0.48524982720955834,0.5147501727904417
M0028,14,2,Aversion,0.02203847606677223,0.9779615239332278
M0028,15,1,Appreciation,0.8341285077304806,0.1658714922695195
M0028,16,2,Aversion,0.08682494103321037,0.9131750589667891
M0028,17,1,Appreciation,0.5280888860915844,0.4719111139084145
M0028,18,1,Appreciation,0.8500529897417975,0.14994701025820323
M0028,19,2,Aversion,0.00883891071375521,0.9911610892862442
M0028,20,2,Aversion,0.07473809649765642,0.9252619035023422
M0028,21,2,Aversion,0.04773408296361856,0.9522659170363825
M0028,22,2,Aversion,0.09540891740061451,0.9045910825993868
M0028,23,2,Aversion,0.118772886303895,0.881227113696104
M0028,24,2,Aversion,0.04263735102441744,0.9573626489755817
M0028,25,1,Appreciation,0.7645866324856992,0.23541336751430195
M0028,26,2,Aversion,0.020967866891507064,0.9790321331084942
M0029,2,1,Appreciation,0.9826160750007726,0.017383924999225718
M0029,3,1,Appreciation,0.8161732802767321,0.18382671972326906
M0029,4,1,Appreciation,0.9995986727585935,0.00040132724140573843
M0029,5,1,Appreciation,0.9995704631354542,0.0004295368645473507
M0029,6,1,Appreciation,0.709967998262349,0.2900320017376517
M0029,7,1,Appreciation,0.6048453502580672,0.3951546497419333
M0029,8,2,Aversion,0.15010324792362753,0.8498967520763719
M0029,9,2,Aversion,0.08511154611059432,0.9148884538894053
M0029,10,1,Appreciation,0.6361287335186675,0.3638712664813337
M0029,11,1,Appreciation,0.9997935459654546,0.00020645403454576245
M0029,12,2,Aversion,0.3213464328881431,0.6786535671118582
M0029,13,1,Appreciation,0.7442451481209148,0.25575485187908653
M0029,14,1,Appreciation,0.9249004462327254,0.07509955376727555
M0029,15,2,Aversion,0.13319581751126885,0.8668041824887313
M0029,16,2,Aversion,0.0509148959573013,0.9490851040426976
M0029,17,2,Aversion,0.2309710422045512,0.7690289577954483
M0029,18,1,Appreciation,0.6631108591876103,0.33688914081238963
M0029,19,2,Aversion,0.21370712839423253,0.7862928716057662
M0029,20,2,Aversion,0.2649359578072809,0.7350640421927186
M0029,21,1,Appreciation,0.8159358576116421,0.18406414238835886
M0029,22,2,Aversion,0.09279530508352431,0.9072046949164763
M0029,23,2,Aversion,0.11618781979991363,0.8838121802000861
M0029,24,2,Aversion,0.044829780658927045,0.9551702193410742
M0029,25,1,Appreciation,0.5497547688167076,0.4502452311832936
M0029,26,2,Aversion,0.042947114816887684,0.9570528851831132
M0030,2,1,Appreciation,0.8957939158224991,0.10420608417750031
M0030,3,1,Appreciation,0.7593403565398743,0.24065964346012517
M0030,4,1,Appreciation,0.9446444284122226,0.05535557158777778
M0030,5,1,Appreciation,0.9927839036738859,0.007216096326114085
M0030,6,1,Appreciation,0.7683171095184392,0.23168289048156007
M0030,7,1,Appreciation,0.9461622975582779,0.05383770244172198
M0030,8,1,Appreciation,0.5662822403039526,0.433717759696047
M0030,9,1,Appreciation,0.960470965449851,0.039529034550149916
M0030,10,1,Appreciation,0.9617471404598397,0.03825285954015982
M0030,11,1,Appreciation,0.9647122561988839,0.03528774380111626
M0030,12,1,Appreciation,0.7136719555898255,0.28632804441017395
M0030,13,1,Appreciation,0.5052520625388072,0.4947479374611936
M0030,14,2,Aversion,0.43502455337798285,0.5649754466220165
M0030,15,2,Aversion,0.1080974054265839,0.8919025945734153
M0030,16,1,Appreciation,0.5736763760319157,0.426323623968085
M0030,17,1,Appreciation,0.6579656497156474,0.34203435028435336
M0030,18,2,Aversion,0.09513281332395845,0.904867186676041
M0030,19,2,Aversion,0.12875349938338085,0.871246500616619
M0030,20,2,Aversion,0.17342995201886047,0.8265700479811393
M0030,21,2,Aversion,0.12525474650170298,0.8747452534982965
M0030,22,2,Aversion,0.4891912738215792,0.5108087261784205
M0030,23,2,Aversion,0.013182904069330141,0.986817095930669
M0030,24,2,Aversion,0.41743624232053184,0.5825637576794679
M0030,25,2,Aversion,0.24332818053940014,0.7566718194606004
M0030,26,2,Aversion,0.22139549918155665,0.7786045008184429
M0031,2,1,Appreciation,0.9217578023650319,0.07824219763496838
M0031,3,1,Appreciation,0.7956046896610677,0.2043953103389333
M0031,4,1,Appreciation,0.9811230330774747,0.01887696692252399
M0031,5,1,Appreciation,0.9963831163155465,0.0036168836844523845
M0031,6,1,Appreciation,0.6408528228520379,0.359147177147961
M0031,7,1,Appreciation,0.8671660962385481,0.13283390376145018
M0031,8,1,Appreciation,0.9755196497230476,0.0244803502769519
M0031,9,2,Aversion,0.23610970601612946,0.7638902939838697
M0031,10,2,Aversion,0.1654974805698925,0.8345025194301063
M0031,11,1,Appreciation,0.988800132665166,0.011199867334833866
M0031,12,2,Aversion,0.10969828491890506,0.8903017150810967
M0031,13,1,Appreciation,0.9997326910314216,0.00026730896857994754
M0031,14,2,Aversion,0.4836016165306025,0.5163983834693991
M0031,15,2,Aversion,0.29586014822743073,0.7041398517725698
M0031,16,1,Appreciation,0.8343965935965696,0.16560340640343077
M0031,17,2,Aversion,0.38144557905414284,0.6185544209458574
M0031,18,2,Aversion,0.17182172250797323,0.8281782774920255
M0031,19,2,Aversion,0.05906913458647054,0.9409308654135281
M0031,20,2,Aversion,0.07329415098282976,0.9267058490171713
M0031,21,2,Aversion,0.33755916752596676,0.662440832474032
M0031,22,2,Aversion,0.0893195542208228,0.9106804457791755
M0031,23,2,Aversion,0.40979347017567136,0.5902065298243294
M0031,24,2,Aversion,0.0998254518262791,0.9001745481737199
M0031,25,1,Appreciation,0.9278447030883065,0.07215529691169369
M0031,26,2,Aversion,0.14643008447099304,0.8535699155290059
M0032,2,1,Appreciation,0.8001058603738682,0.1998941396261335
M0032,3,1,Appreciation,0.9964163496350549,0.0035836503649446095
M0032,4,1,Appreciation,0.9505422555300458,0.04945774446995331
M0032,5,1,Appreciation,0.9996842375106978,0.00031576248930097
M0032,6,1,Appreciation,0.8112481353804514,0.18875186461954874
M0032,7,1,Appreciation,0.8110878444207,0.18891215557930144
M0032,8,2,Aversion,0.0540729450998884,0.9459270549001106
M0032,9,2,Aversion,0.15604960946147917,0.8439503905385192
M0032,10,1,Appreciation,0.9384224801097828,0.061577519890218264
M0032,11,1,Appreciation,0.9956562334411042,0.004343766558895538
M0032,12,2,Aversion,0.09155494141604237,0.908445058583958
M0032,13,1,Appreciation,0.5167711918972434,0.48322880810275626
M0032,14,1,Appreciation,0.7810284875939794,0.21897151240601972
M0032,15,2,Aversion,0.46565850854583074,0.5343414914541693
M0032,16,1,Appreciation,0.885194569243174,0.11480543075682476
M0032,17,1,Appreciation,0.5716073485903711,0.42839265140963007
M0032,18,1,Appreciation,0.595565490768896,0.40443450923110486
M0032,19,2,Aversion,0.18783345735825496,0.8121665426417445
M0032,20,2,Aversion,0.2287986064727604,0.771201393527238
M0032,21,1,Appreciation,0.9753383689927765,0.024661631007222413
M0032,22,2,Aversion,0.029329522510536155,0.9706704774894627
M0032,23,2,Aversion,0.05355985717643211,0.9464401428235677
M0032,24,2,Aversion,0.15118937104164923,0.848810628958352
M0032,25,2,Aversion,0.0050336065965643296,0.9949663934034348
M0032,26,1,Appreciation,0.5827852167337725,0.4172147832662292
M0033,2,1,Appreciation,0.8505888614244645,0.14941113857553565
M0033,3,2,Aversion,0.11340681789959688,0.8865931821004037
M0033,4,1,Appreciation,0.9931745911187005,0.006825408881300158
M0033,5,1,Appreciation,0.9274522598116457,0.07254774018835418
M0033,6,1,Appreciation,0.9173722286889995,0.08262777131099901
M0033,7,1,Appreciation,0.9859702382126206,0.014029761787379328
M0033,8,2,Aversion,0.4702645431242251,0.5297354568757736
M0033,9,2,Aversion,0.0667609770297148,0.9332390229702857
M0033,10,2,Aversion,0.04344374285783786,0.956556257142161
M0033,11,1,Appreciation,0.9492127451816627,0.050787254818338276
M0033,12,1,Appreciation,0.7161878104171482,0.2838121895828501
M0033,13,1,Appreciation,0.9484142991504522,0.05158570084954686
M0033,14,2,Aversion,0.22862656392682962,0.7713734360731712
M0033,15,1,Appreciation,0.9377856399682748,0.06221436003172546
M0033,16,1,Appreciation,0.5510570321582324,0.44894296784176885
M0033,17,2,Aversion,0.21067434018439757,0.7893256598156042
M0033,18,2,Aversion,0.3506624760443569,0.6493375239556421
M0033,19,2,Aversion,0.3550683936537676,0.6449316063462309
M0033,20,1,Appreciation,0.9508217944199903,0.04917820558000993
M0033,21,2,Aversion,0.17388239566969985,0.826117604330299
M0033,22,2,Aversion,0.06716811151769107,0.9328318884823088
M0033,23,1,Appreciation,0.8170979853200601,0.1829020146799397
M0033,24,2,Aversion,0.06573063112664754,0.9342693688733512
M0033,25,2,Aversion,0.2850624990377301,0.7149375009622687
M0033,26,2,Aversion,0.4751834249972832,0.5248165750027177
M0034,2,2,Aversion,0.4941132636022202,0.50588673639778
M0034,3,1,Appreciation,0.875576812329953,0.12442318767004798
M0034,4,1,Appreciation,0.8253711350842615,0.17462886491573906
M0034,5,1,Appreciation,0.999942354331942,5.7645668058091846e-05
M0034,6,1,Appreciation,0.9903092839825037,0.009690716017496775
M0034,7,1,Appreciation,0.8830936904395109,0.11690630956048799
M0034,8,2,Aversion,0.16138672910626983,0.8386132708937309
M0034,9,2,Aversion,0.4147035294009107,0.5852964705990876
M0034,10,1,Appreciation,0.9702738879459611,0.02972611205403741
M0034,11,1,Appreciation,0.5502018740602476,0.4497981259397537
M0034,12,2,Aversion,0.3055308474282094,0.6944691525717894
M0034,13,2,Aversion,0.10789064559924526,0.8921093544007553
M0034,14,2,Aversion,0.4024757103908438,0.5975242896091579
M0034,15,2,Aversion,0.0978963278165781,0.9021036721834224
M0034,16,1,Appreciation,0.7312071149139374,0.2687928850860635
M0034,17,2,Aversion,0.30263368313688727,0.6973663168631132
M0034,18,2,Aversion,0.43151006951087945,0.5684899304891213
M0034,19,2,Aversion,0.2882785217820173,0.7117214782179839
M0034,20,1,Appreciation,0.6170441926323276,0.38295580736767376
M0034,21,2,Aversion,0.20953258184291218,0.7904674181570863
M0034,22,2,Aversion,0.0710213622489959,0.9289786377510041
M0034,23,2,Aversion,0.44561694951587083,0.5543830504841282
M0034,24,2,Aversion,0.009376521769089138,0.9906234782309112
M0034,25,1,Appreciation,0.6265696436832248,0.37343035631677657
M0034,26,2,Aversion,0.3014530740940915,0.6985469259059072
M0035,2,2,Aversion,0.277783896086256,0.7222161039137446
M0035,3,1,Appreciation,0.9214916128970848,0.07850838710291493
M0035,4,1,Appreciation,0.9998458904642592,0.00015410953574012068
M0035,5,1,Appreciation,0.9913321448415878,0.008667855158412167
M0035,6,1,Appreciation,0.5630072119298383,0.43699278807016045
M0035,7,1,Appreciation,0.9999535476178639,4.645238213574062e-05
M0035,8,1,Appreciation,0.8789300918273748,0.12106990817262443
M0035,9,1,Appreciation,0.9277238128956629,0.07227618710433813
M0035,10,2,Aversion,0.07854696415881897,0.9214530358411815
M0035,11,2,Aversion,0.3554362624744353,0.6445637375255664
M0035,12,2,Aversion,0.005749540528778645,0.9942504594712208
M0035,13,2,Aversion,0.41306203846985445,0.5869379615301461
M0035,14,1,Appreciation,0.5613316264918711,0.43866837350812815
M0035,15,2,Aversion,0.08182402784297257,0.918175972157026
M0035,16,2,Aversion,0.0034114658688281676,0.9965885341311705
M0035,17,2,Aversion,0.16421506017864393,0.8357849398213555
M0035,18,2,Aversion,0.13610179638583897,0.8638982036141596
M0035,19,1,Appreciation,0.8112358241754636,0.1887641758245365
M0035,20,1,Appreciation,0.98964771301684,0.010352286983158715
M0035,21,2,Aversion,0.006821257726914956,0.9931787422730854
M0035,22,2,Aversion,0.4096522110771321,0.5903477889228672
M0035,23,2,Aversion,0.04433079786900996,0.9556692021309904
M0035,24,2,Aversion,0.4129481140166832,0.587051885983315
M0035,25,2,Aversion,0.19847554927210218,0.8015244507278984
M0035,26,2,Aversion,0.21001403200281327,0.7899859679971868
M0036,2,2,Aversion,0.06258784310126084,0.9374121568987387
M0036,3,2,Aversion,0.16746689597840161,0.8325331040215967
M0036,4,1,Appreciation,0.9318814590056188,0.06811854099438236
M0036,5,2,Aversion,0.2073640293130836,0.7926359706869174
M0036,6,1,Appreciation,0.7245524512488117,0.2754475487511874
M0036,7,1,Appreciation,0.6862111742371407,0.3137888257628595
M0036,8,1,Appreciation,0.9998749377025584,0.00012506229744332952
M0036,9,2,Aversion,0.34884821917797265,0.6511517808220256
M0036,10,2,Aversion,0.12398309138657786,0.8760169086134229
M0036,11,1,Appreciation,0.9983034002899699,0.0016965997100298826
M0036,12,2,Aversion,0.09064597344081529,0.9093540265591835
M0036,13,2,Aversion,0.03539994032635439,0.964600059673644
M0036,14,2,Aversion,0.3279055177887862,0.6720944822112137
M0036,15,2,Aversion,0.2845652877755758,0.7154347122244243
M0036,16,2,Aversion,0.057785589662593215,0.9422144103374055
M0036,17,1,Appreciation,0.9995133391730048,0.00048666082699348626
M0036,18,2,Aversion,0.35345608918133825,0.6465439108186632
M0036,19,2,Aversion,0.07996963554042909,0.9200303644595719
M0036,20,2,Aversion,0.0438119331642607,0.956188066835739
M0036,21,2,Aversion,0.07850515387714281,0.9214948461228585
M0036,22,2,Aversion,0.07135256519735533,0.9286474348026458
M0036,23,2,Aversion,0.10729620770131562,0.8927037922986835
M0036,24,2,Aversion,0.005121996411460819,0.9948780035885376
M0036,25,2,Aversion,0.029097185114879315,0.9709028148851224
M0036,26,2,Aversion,0.013611732918252819,0.9863882670817465
M0037,2,1,Appreciation,0.8842989841581473,0.11570101584185319
M0037,3,2,Aversion,0.16144725787939376,0.8385527421206066
M0037,4,1,Appreciation,0.9991551425366005,0.0008448574634009172
M0037,5,1,Appreciation,0.9997643261679406,0.00023567383205974713
M0037,6,1,Appreciation,0.9427133387119663,0.05728666128803536
M0037,7,1,Appreciation,0.9939546901484745,0.0060453098515251625
M0037,8,1,Appreciation,0.9545925517911016,0.04540744820889969
M0037,9,1,Appreciation,0.9997163417746971,0.00028365822530301447
M0037,10,1,Appreciation,0.8226660604846942,0.1773339395153068
M0037,11,1,Appreciation,0.9722648842692577,0.027735115730743297
M0037,12,1,Appreciation,0.997041112689139,0.0029588873108607606
M0037,13,2,Aversion,0.16383890224397699,0.8361610977560228
M0037,14,2,Aversion,0.04663835795613512,0.9533616420438645
M0037,15,2,Aversion,0.15001425594620113,0.8499857440537991
M0037,16,2,Aversion,0.09611824477986908,0.9038817552201295
M0037,17,2,Aversion,0.31789993408201456,0.6821000659179851
M0037,18,2,Aversion,0.019930429619953248,0.9800695703800479
M0037,19,1,Appreciation,0.853041625806536,0.1469583741934658
M0037,20,2,Aversion,0.04376035119234448,0.9562396488076568
M0037,21,2,Aversion,0.2099929969883539,0.7900070030116458
M0037,22,2,Aversion,0.003050268240904316,0.996949731759096
M0037,23,2,Aversion,0.18948692774869233,0.8105130722513085
M0037,24,2,Aversion,0.3778597294485819,0.6221402705514177
M0037,25,2,Aversion,0.09847057284400214,0.9015294271559982
M0037,26,2,Aversion,0.03850638515769469,0.9614936148423062
M0038,2,1,Appreciation,0.7769044325296975,0.22309556747030215
M0038,3,1,Appreciation,0.5404063826139325,0.4595936173860657
M0038,4,1,Appreciation,0.9875225279236624,0.01247747207633859
M0038,5,1,Appreciation,0.9413009297180501,0.05869907028194991
M0038,6,1,Appreciation,0.9785625707928787,0.021437429207120287
M0038,7,1,Appreciation,0.9556852298745481,0.044314770125451895
M0038,8,2,Aversion,0.46825005739008113,0.5317499426099189
M0038,9,2,Aversion,0.3203324120398178,0.6796675879601837
M0038,10,2,Aversion,0.09362388182433816,0.9063761181756606
M0038,11,1,Appreciation,0.9628222336170602,0.03717776638293964
M0038,12,1,Appreciation,0.5165047473126207,0.4834952526873785
M0038,13,1,Appreciation,0.8747258426155914,0.12527415738440734
M0038,14,2,Aversion,0.0063313917221603,0.9936686082778396
M0038,15,1,Appreciation,0.9700683691577849,0.02993163084221618
M0038,16,2,Aversion,0.022377750904573335,0.977622249095426
M0038,17,2,Aversion,0.042286908618578506,0.95771309138142
M0038,18,1,Appreciation,0.7730629126566774,0.2269370873433244
M0038,19,1,Appreciation,0.742188343258589,0.2578116567414093
M0038,20,1,Appreciation,0.6958761877485522,0.30412381225144813
M0038,21,2,Aversion,0.025886965039605598,0.974113034960393
M0038,22,1,Appreciation,0.5078585079758451,0.49214149202415614
M0038,23,1,Appreciation,0.9258582673055413,0.07414173269445828
M0038,24,2,Aversion,0.021934981357141583,0.9780650186428591
M0038,25,1,Appreciation,0.8420058757576868,0.1579941242423149
M0038,26,2,Aversion,0.006048610526236405,0.9939513894737652
M0039,2,1,Appreciation,0.9170418350913336,0.08295816490866623
M0039,3,1,Appreciation,0.9996415808055653,0.00035841919443423603
M0039,4,1,Appreciation,0.9975021178004645,0.002497882199536943
M0039,5,2,Aversion,0.3070736410866373,0.6929263589133624
M0039,6,2,Aversion,0.08596020565124124,0.9140397943487604
M0039,7,1,Appreciation,0.7671731424062546,0.23282685759374377
M0039,8,1,Appreciation,0.9416317665931718,0.058368233406827494
M0039,9,1,Appreciation,0.6332082055658008,0.36679179443419746
M0039,10,1,Appreciation,0.625490299412896,0.37450970058710475
M0039,11,2,Aversion,0.15991514400160153,0.8400848559983983
M0039,12,1,Appreciation,0.6828590521918891,0.31714094780810953
M0039,13,1,Appreciation,0.9998423162983374,0.00015768370166298288
M0039,14,2,Aversion,0.032529629241817216,0.9674703707581833
M0039,15,2,Aversion,0.0018255980776939271,0.9981744019223048
M0039,16,2,Aversion,0.43744177374239773,0.5625582262576005
M0039,17,2,Aversion,0.4510627490866714,0.548937250913329
M0039,18,2,Aversion,0.14969228634907356,0.850307713650928
M0039,19,1,Appreciation,0.999875585095985,0.00012441490401580876
M0039,20,2,Aversion,0.020610823737710886,0.9793891762622888
M0039,21,2,Aversion,0.051792297289077534,0.9482077027109215
M0039,22,2,Aversion,0.025307340839069836,0.9746926591609314
M0039,23,2,Aversion,0.01752573636092535,0.9824742636390744
M0039,24,2,Aversion,0.10325315947048494,0.8967468405295156
M0039,25,2,Aversion,0.010827789889249675,0.989172210110751
M0039,26,2,Aversion,0.027774464811731875,0.9722255351882688
M0040,2,1,Appreciation,0.7239343741101598,0.27606562588984346
M0040,3,1,Appreciation,0.8600904092503263,0.13990959074967294
M0040,4,1,Appreciation,0.5956180356225618,0.40438196437744
M0040,5,1,Appreciation,0.975420586391371,0.02457941360862917
M0040,6,1,Appreciation,0.8745064115571859,0.12549358844281472
M0040,7,1,Appreciation,0.9642967537715061,0.03570324622849197
M0040,8,1,Appreciation,0.5470634550503521,0.4529365449496513
M0040,9,1,Appreciation,0.978471384131231,0.02152861586877085
M0040,10,2,Aversion,0.14189523531821463,0.8581047646817853
M0040,11,2,Aversion,0.45644834161168935,0.5435516583883092
M0040,12,2,Aversion,0.025437856681637658,0.974562143318363
M0040,13,2,Aversion,0.05767028923998022,0.9423297107600209
M0040,14,1,Appreciation,0.9557022554098784,0.04429774459012408
M0040,15,2,Aversion,0.004446581492288321,0.9955534185077087
M0040,16,2,Aversion,0.09303053031832209,0.9069694696816804
M0040,17,1,Appreciation,0.8675313836653159,0.13246861633468604
M0040,18,1,Appreciation,0.9028836953976802,0.09711630460232225
M0040,19,2,Aversion,0.20493582693019846,0.7950641730698037
M0040,20,1,Appreciation,0.999999969535843,3.046415957880331e-08
M0040,21,2,Aversion,0.0010201027165359384,0.9989798972834654
M0040,22,2,Aversion,0.04970103286096651,0.9502989671390306
M0040,23,2,Aversion,0.014852470892448219,0.9851475291075508
M0040,24,2,Aversion,0.4971516193431614,0.5028483806568362
M0040,25,2,Aversion,0.022671654324992623,0.9773283456750096
M0040,26,2,Aversion,0.029198933193399345,0.9708010668066036
M0041,2,1,Appreciation,0.997196751242339,0.002803248757662319
M0041,3,1,Appreciation,0.5868017968150988,0.4131982031848994
M0041,4,1,Appreciation,0.9442578137892496,0.055742186210749146
M0041,5,1,Appreciation,0.8887686310907252,0.11123136890927475
M0041,6,1,Appreciation,0.8091057631084205,0.19089423689157975
M0041,7,1,Appreciation,0.9692767791957939,0.030723220804205437
M0041,8,1,Appreciation,0.9848555534097648,0.015144446590236395
M0041,9,2,Aversion,0.3279261190755087,0.6720738809244899
M0041,10,2,Aversion,0.187601018753741,0.8123989812462583
M0041,11,2,Aversion,0.16095546936540983,0.8390445306345894
M0041,12,1,Appreciation,0.8630816171371275,0.1369183828628736
M0041,13,1,Appreciation,0.9739620253152564,0.02603797468474185
M0041,14,2,Aversion,0.3514920410589727,0.6485079589410282
M0041,15,1,Appreciation,0.8895698244815642,0.11043017551843473
M0041,16,2,Aversion,0.06681795013569103,0.9331820498643106
M0041,17,2,Aversion,0.009252868764857274,0.9907471312351411
M0041,18,1,Appreciation,0.7058085092876005,0.29419149071239825
M0041,19,2,Aversion,0.4599124085066096,0.5400875914933903
M0041,20,2,Aversion,0.06692161255761696,0.933078387442383
M0041,21,1,Appreciation,0.983500446685777,0.01649955331422335
M0041,22,2,Aversion,0.30872887271577176,0.6912711272842278
M0041,23,2,Aversion,0.05417955871536304,0.9458204412846379
M0041,24,1,Appreciation,0.5093902203534735,0.49060977964652563
M0041,25,2,Aversion,0.051246556105200326,0.9487534438947994
M0041,26,1,Appreciation,0.8088966350164769,0.19110336498352312
M0042,2,1,Appreciation,0.9990940519289694,0.0009059480710318914
M0042,3,1,Appreciation,0.8744187618075531,0.1255812381924482
M0042,4,2,Aversion,0.34535144024404496,0.6546485597559534
M0042,5,1,Appreciation,0.9987897279451048,0.0012102720548957818
M0042,6,1,Appreciation,0.9889744127042229,0.01102558729577633
M0042,7,1,Appreciation,0.9782152601747,0.021784739825300756
M0042,8,2,Aversion,0.34783269444206905,0.6521673055579317
M0042,9,2,Aversion,0.30197961462020656,0.6980203853797945
M0042,10,2,Aversion,0.17972547302183575,0.8202745269781646
M0042,11,2,Aversion,0.015917135910635368,0.9840828640893651
M0042,12,2,Aversion,0.10465804377624309,0.8953419562237566
M0042,13,1,Appreciation,0.9090164221573556,0.09098357784264366
M0042,14,1,Appreciation,0.9219305271731831,0.07806947282681734
M0042,15,2,Aversion,0.23193574248822885,0.7680642575117729
M0042,16,1,Appreciation,0.8214126141904782,0.178587385809522
M0042,17,1,Appreciation,0.8828488734326086,0.11715112656739005
M0042,18,1,Appreciation,0.7676869036286986,0.23231309637130032
M0042,19,2,Aversion,0.27161019787226476,0.7283898021277344
M0042,20,1,Appreciation,0.9851279976428243,0.014872002357176216
M0042,21,2,Aversion,0.3101675038474268,0.6898324961525718
M0042,22,2,Aversion,0.08219541744741364,0.9178045825525848
M0042,23,1,Appreciation,0.9106344424645934,0.08936555753540777
M0042,24,2,Aversion,0.03502767890561602,0.9649723210943857
M0042,25,2,Aversion,0.011630059128789455,0.9883699408712102
M0042,26,1,Appreciation,0.8372850305053726,0.16271496949462652
M0043,2,1,Appreciation,0.8528938501663581,0.14710614983364081
M0043,3,2,Aversion,0.4724672592366694,0.5275327407633313
M0043,4,2,Aversion,0.2328475012802873,0.7671524987197141
M0043,5,1,Appreciation,0.708756062343037,0.291243937656963
M0043,6,1,Appreciation,0.8314768259793711,0.16852317402062963
M0043,7,1,Appreciation,0.9275427551323923,0.07245724486760909
M0043,8,1,Appreciation,0.9111863348309748,0.08881366516902536
M0043,9,2,Aversion,0.17454770006037326,0.8254522999396265
M0043,10,1,Appreciation,0.9981458851172813,0.001854114882717192
M0043,11,1,Appreciation,0.9228025129776531,0.07719748702234831
M0043,12,1,Appreciation,0.6288421714267258,0.37115782857327406
M0043,13,2,Aversion,0.007875643998078611,0.9921243560019228
M0043,14,2,Aversion,0.36257827821308536,0.6374217217869161
M0043,15,1,Appreciation,0.852045658554725,0.14795434144527408
M0043,16,1,Appreciation,0.8092017232050849,0.19079827679491443
M0043,17,2,Aversion,0.005166052013657976,0.9948339479863414
M0043,18,1,Appreciation,0.9683343829664102,0.03166561703358831
M0043,19,2,Aversion,0.048462898974410494,0.9515371010255909
M0043,20,1,Appreciation,0.7076400506196824,0.2923599493803176
M0043,21,2,Aversion,0.3381275748706248,0.6618724251293735
M0043,22,2,Aversion,0.014934722734542358,0.9850652772654584
M0043,23,1,Appreciation,0.5833857587768472,0.416614241223153
M0043,24,2,Aversion,0.3001058854652852,0.6998941145347162
M0043,25,2,Aversion,0.012349827387097554,0.9876501726129031
M0043,26,2,Aversion,0.06828817751917916,0.9317118224808225
M0044,2,1,Appreciation,0.6853520759474083,0.314647924052591
M0044,3,1,Appreciation,0.6803332485831841,0.3196667514168173
M0044,4,1,Appreciation,0.847198264035162,0.15280173596483976
M0044,5,1,Appreciation,0.9999996047200739,3.95279926243368e-07
M0044,6,1,Appreciation,0.9603443845822914,0.03965561541770823
M0044,7,1,Appreciation,0.9784761098974581,0.02152389010254169
M0044,8,2,Aversion,0.292890661610451,0.707109338389549
M0044,9,1,Appreciation,0.9898426421691964,0.010157357830804407
M0044,10,2,Aversion,0.09819840778509334,0.9018015922149065
M0044,11,2,Aversion,0.21856130448720126,0.7814386955127983
M0044,12,2,Aversion,0.2302792125156022,0.7697207874843988
M0044,13,2,Aversion,0.23160460102039007,0.76839539897961
M0044,14,1,Appreciation,0.9994244555277947,0.0005755444722070689
M0044,15,1,Appreciation,0.9921192358052234,0.00788076419477593
M0044,16,1,Appreciation,0.9980219845173014,0.001978015482697835
M0044,17,1,Appreciation,0.7608656369425391,0.23913436305746144
M0044,18,2,Aversion,0.07747330725553322,0.9225266927444663
M0044,19,1,Appreciation,0.998140160761447,0.0018598392385531933
M0044,20,2,Aversion,0.12529554179572144,0.8747044582042801
M0044,21,2,Aversion,0.007208815651630354,0.9927911843483698
M0044,22,2,Aversion,0.036687481659365535,0.9633125183406335
M0044,23,2,Aversion,0.013363083775825336,0.986636916224174
M0044,24,2,Aversion,0.011969811809049557,0.9880301881909505
M0044,25,2,Aversion,0.008650157631362523,0.9913498423686387
M0044,26,2,Aversion,0.48329123485161857,0.5167087651483817
M0045,2,1,Appreciation,0.9501748595964787,0.049825140403521415
M0045,3,1,Appreciation,0.8334818507387155,0.16651814926128436
M0045,4,1,Appreciation,0.9284991019347713,0.07150089806522775
M0045,5,1,Appreciation,0.9967778247471962,0.0032221752528047262
M0045,6,1,Appreciation,0.9069762075172328,0.0930237924827674
M0045,7,1,Appreciation,0.9748856865957262,0.025114313404274075
M0045,8,2,Aversion,0.44710283446539456,0.5528971655346068
M0045,9,2,Aversion,0.28510355810259624,0.7148964418974029
M0045,10,1,Appreciation,0.8152929771733529,0.18470702282664705
M0045,11,2,Aversion,0.3107940210869357,0.6892059789130658
M0045,12,2,Aversion,0.3736008984295792,0.6263991015704209
M0045,13,1,Appreciation,0.9970967080314833,0.0029032919685169473
M0045,14,1,Appreciation,0.7275915278491467,0.27240847215085207
M0045,15,2,Aversion,0.21462589202739873,0.7853741079725995
M0045,16,1,Appreciation,0.6233431075598885,0.3766568924401109
M0045,17,2,Aversion,0.25925122159009967,0.7407487784099002
M0045,18,2,Aversion,0.11077634782192396,0.8892236521780774
M0045,19,2,Aversion,0.45460344430956556,0.5453965556904352
M0045,20,2,Aversion,0.132521482611273,0.8674785173887268
M0045,21,2,Aversion,0.04250057359078092,0.9574994264092178
M0045,22,2,Aversion,0.02509080555942652,0.9749091944405739
M0045,23,2,Aversion,0.010943360464670565,0.9890566395353305
M0045,24,2,Aversion,0.2623542602727886,0.7376457397272106
M0045,25,2,Aversion,0.14944506997705964,0.8505549300229415
M0045,26,2,Aversion,0.2675487614867461,0.7324512385132523
M0046,2,1,Appreciation,0.5952305324523441,0.4047694675476562
M0046,3,1,Appreciation,0.9802621530289806,0.01973784697101988
M0046,4,1,Appreciation,0.9975106694684668,0.002489330531533833
M0046,5,1,Appreciation,0.99828824079514,0.0017117592048584839
M0046,6,1,Appreciation,0.9973896954618843,0.002610304538114724
M0046,7,1,Appreciation,0.9967449531092099,0.0032550468907890256
M0046,8,1,Appreciation,0.6638385389692499,0.3361614610307501
M0046,9,1,Appreciation,0.5289380344831961,0.47106196551680496
M0046,10,2,Aversion,0.1300420074437971,0.8699579925562032
M0046,11,2,Aversion,0.4813473672913047,0.5186526327086959
M0046,12,1,Appreciation,0.7663867008470224,0.23361329915297926
M0046,13,1,Appreciation,0.9995488905386347,0.00045110946136663966
M0046,14,2,Aversion,0.07732528700198682,0.9226747129980136
M0046,15,1,Appreciation,0.5885473474608779,0.4114526525391228
M0046,16,2,Aversion,0.0412784053369523,0.958721594663048
M0046,17,2,Aversion,0.023239766950280252,0.9767602330497197
M0046,18,1,Appreciation,0.5457511035417001,0.45424889645829997
M0046,19,1,Appreciation,0.8500314049471333,0.14996859505286836
M0046,20,2,Aversion,0.09168563906481618,0.908314360935183
M0046,21,2,Aversion,0.0786064586063135,0.9213935413936857
M0046,22,1,Appreciation,0.9464856660328356,0.053514333967165754
M0046,23,2,Aversion,0.03570142955971605,0.9642985704402839
M0046,24,2,Aversion,0.15984242586115885,0.8401575741388413
M0046,25,2,Aversion,0.07428719969904458,0.9257128003009538
M0046,26,2,Aversion,0.0120144803261454,0.9879855196738538
M0047,2,1,Appreciation,0.9751169871905188,0.024883012809482644
M0047,3,1,Appreciation,0.9837983441366591,0.016201655863340266
M0047,4,1,Appreciation,0.7076926045911043,0.29230739540889455
M0047,5,2,Aversion,0.4552305243481135,0.5447694756518858
M0047,6,1,Appreciation,0.8597512562602286,0.1402487437397729
M0047,7,1,Appreciation,0.979314224125523,0.020685775874477973
M0047,8,1,Appreciation,0.5920417968321698,0.4079582031678282
M0047,9,2,Aversion,0.012450889147469352,0.9875491108525304
M0047,10,1,Appreciation,0.9984742570234896,0.0015257429765088842
M0047,11,1,Appreciation,0.9545266050347794,0.04547339496521995
M0047,12,1,Appreciation,0.9932233482013936,0.006776651798607878
M0047,13,1,Appreciation,0.9863802271486486,0.01361977285135218
M0047,14,2,Aversion,0.14068546958472897,0.8593145304152695
M0047,15,1,Appreciation,0.9617271287555288,0.038272871244471596
M0047,16,2,Aversion,0.1268209151537393,0.8731790848462603
M0047,17,2,Aversion,0.014593397065890131,0.9854066029341082
M0047,18,2,Aversion,0.11490960096632798,0.885090399033672
M0047,19,2,Aversion,0.13038457730809638,0.8696154226919025
M0047,20,2,Aversion,0.4092575788785861,0.5907424211214153
M0047,21,2,Aversion,0.3178500204135875,0.6821499795864129
M0047,22,2,Aversion,0.0209574978813375,0.9790425021186611
M0047,23,2,Aversion,0.21534766409263817,0.7846523359073635
M0047,24,2,Aversion,0.29935025767126655,0.700649742328733
M0047,25,2,Aversion,0.0973143230197942,0.9026856769802059
M0047,26,2,Aversion,0.20808954726320336,0.7919104527367982
M0048,2,2,Aversion,0.029716229898816005,0.9702837701011838
M0048,3,1,Appreciation,0.9219158315123244,0.07808416848767602
M0048,4,1,Appreciation,0.8129794947165874,0.1870205052834124
M0048,5,2,Aversion,0.28013900208728837,0.7198609979127107
M0048,6,1,Appreciation,0.9913619113744266,0.008638088625574861
M0048,7,1,Appreciation,0.9949945811533967,0.0050054188466032825
M0048,8,2,Aversion,0.4719257201649655,0.5280742798350362
M0048,9,2,Aversion,0.017400655366199495,0.9825993446337994
M0048,10,2,Aversion,0.010208800592241357,0.9897911994077582
M0048,11,1,Appreciation,0.6167084451204748,0.3832915548795254
M0048,12,1,Appreciation,0.8963414677865488,0.10365853221345027
M0048,13,2,Aversion,0.0829005862027923,0.9170994137972092
M0048,14,1,Appreciation,0.9809641274337292,0.019035872566272274
M0048,15,2,Aversion,0.2880767246540001,0.7119232753459989
M0048,16,1,Appreciation,0.7031919979745243,0.29680800202547597
M0048,17,2,Aversion,0.15331994266705112,0.8466800573329472
M0048,18,2,Aversion,0.010777396406089655,0.9892226035939117
M0048,19,2,Aversion,0.14101312623696544,0.8589868737630342
M0048,20,2,Aversion,0.04603420631291773,0.953965793687084
M0048,21,2,Aversion,0.02100490810502961,0.9789950918949701
M0048,22,2,Aversion,0.00343155156810008,0.996568448431901
M0048,23,1,Appreciation,0.9201500497283632,0.07984995027163538
M0048,24,2,Aversion,0.030419375441337704,0.9695806245586626
M0048,25,2,Aversion,0.08434207188465218,0.9156579281153464
M0048,26,2,Aversion,0.28865697796144,0.7113430220385617
M0049,2,1,Appreciation,0.9980645638675343,0.0019354361324672054
M0049,3,1,Appreciation,0.8042340781439362,0.19576592185606487
M0049,4,2,Aversion,0.38719577813383105,0.6128042218661705
M0049,5,1,Appreciation,0.8289549567914428,0.1710450432085555
M0049,6,1,Appreciation,0.9989085244910109,0.001091475508989842
M0049,7,1,Appreciation,0.9792096913850258,0.020790308614973652
M0049,8,2,Aversion,0.19672238496208586,0.8032776150379148
M0049,9,1,Appreciation,0.7752764736981642,0.22472352630183412
M0049,10,2,Aversion,0.4921356026577554,0.5078643973422441
M0049,11,2,Aversion,0.3687094794682518,0.6312905205317488
M0049,12,1,Appreciation,0.5815081989257791,0.4184918010742226
M0049,13,1,Appreciation,0.5453665434589231,0.45463345654107795
M0049,14,1,Appreciation,0.9249474850944136,0.07505251490558486
M0049,15,2,Aversion,0.06245393936629243,0.937546060633709
M0049,16,1,Appreciation,0.7973084569927369,0.2026915430072632
M0049,17,2,Aversion,0.3288628730710612,0.6711371269289392
M0049,18,2,Aversion,0.011527663090787031,0.9884723369092122
M0049,19,2,Aversion,0.38152749329482805,0.618472506705173
M0049,20,2,Aversion,0.41643259265547533,0.5835674073445241
M0049,21,2,Aversion,0.04264830971180464,0.9573516902881941
M0049,22,2,Aversion,0.04279124204148382,0.9572087579585166
M0049,23,1,Appreciation,0.940040818045605,0.0599591819543934
M0049,24,2,Aversion,0.16447986684513716,0.8355201331548633
M0049,25,2,Aversion,0.4424454328673865,0.5575545671326136
M0049,26,2,Aversion,0.04507828691504593,0.9549217130849529
M0050,2,1,Appreciation,0.999935170952177,6.482904782182881e-05
M0050,3,1,Appreciation,0.9999942362052661,5.763794736905499e-06
M0050,4,1,Appreciation,0.9455748655496807,0.05442513445031585
M0050,5,1,Appreciation,0.9999981974014436,1.8025985576674428e-06
M0050,6,1,Appreciation,0.6107015657647294,0.389298434235267
M0050,7,1,Appreciation,0.6009986101562439,0.399001389843756
M0050,8,2,Aversion,0.4787333583849435,0.5212666416150588
M0050,9,1,Appreciation,0.9841311057056233,0.015868894294374145
M0050,10,1,Appreciation,0.6385726444497951,0.3614273555502034
M0050,11,1,Appreciation,0.859291348723488,0.14070865127651253
M0050,12,2,Aversion,0.08641355405018582,0.9135864459498171
M0050,13,1,Appreciation,0.7018708695047702,0.29812913049523077
M0050,14,2,Aversion,0.360935112410857,0.6390648875891435
M0050,15,1,Appreciation,0.778248656578049,0.2217513434219517
M0050,16,2,Aversion,0.2211395273725313,0.7788604726274706
M0050,17,1,Appreciation,0.9913667147862604,0.008633285213741742
M0050,18,1,Appreciation,0.5675626878786696,0.4324373121213303
M0050,19,2,Aversion,0.06739934993040844,0.9326006500695937
M0050,20,2,Aversion,0.4481134446723312,0.5518865553276713
M0050,21,2,Aversion,0.19689628355417804,0.8031037164458209
M0050,22,2,Aversion,0.03498848876285116,0.965011511237147
M0050,23,2,Aversion,0.17850278280112367,0.8214972171988798
M0050,24,2,Aversion,0.10176314775192387,0.8982368522480755
M0050,25,2,Aversion,0.06221501262248789,0.9377849873775124
M0050,26,2,Aversion,0.024173444397829355,0.9758265556021729
M0051,2,1,Appreciation,0.9281594605205811,0.07184053947941835
M0051,3,1,Appreciation,0.8960068050488047,0.10399319495119642
M0051,4,1,Appreciation,0.9998349466875086,0.0001650533124931558
M0051,5,1,Appreciation,0.9812336994484738,0.018766300551525873
M0051,6,1,Appreciation,0.9692180048883553,0.0307819951116445
M0051,7,1,Appreciation,0.9088605072478245,0.09113949275217507
M0051,8,2,Aversion,0.2703335613912534,0.7296664386087471
M0051,9,1,Appreciation,0.8552754482587235,0.14472455174127574
M0051,10,1,Appreciation,0.9447411199021141,0.055258880097885744
M0051,11,1,Appreciation,0.5652522879795856,0.43474771202041396
M0051,12,1,Appreciation,0.9983045823607831,0.0016954176392186364
M0051,13,1,Appreciation,0.9747168565759197,0.02528314342408129
M0051,14,1,Appreciation,0.6529983616479567,0.3470016383520451
M0051,15,1,Appreciation,0.9999615916412649,3.8408358735694595e-05
M0051,16,2,Aversion,0.16877616590584477,0.8312238340941546
M0051,17,2,Aversion,0.05741771121649923,0.9425822887834999
M0051,18,2,Aversion,0.017715434968867128,0.9822845650311324
M0051,19,1,Appreciation,0.9398820653660251,0.06011793463397438
M0051,20,1,Appreciation,0.8398792493697047,0.16012075063029457
M0051,21,2,Aversion,0.010353600981327813,0.9896463990186724
M0051,22,1,Appreciation,0.8512276213975024,0.14877237860249937
M0051,23,2,Aversion,0.00460274993979619,0.9953972500602033
M0051,24,2,Aversion,0.03774804918530972,0.9622519508146907
M0051,25,2,Aversion,0.10729877713725555,0.8927012228627428
M0051,26,2,Aversion,0.07359807948523135,0.9264019205147693
M0052,2,1,Appreciation,0.67989417126649,0.3201058287335095
M0052,3,1,Appreciation,0.9973503650875729,0.0026496349124274137
M0052,4,1,Appreciation,0.9493888296744809,0.05061117032551788
M0052,5,2,Aversion,0.25722346517147454,0.7427765348285266
M0052,6,1,Appreciation,0.9658266793269303,0.034173320673069545
M0052,7,2,Aversion,0.36542848516573845,0.6345715148342617
M0052,8,1,Appreciation,0.787118251308367,0.21288174869163148
M0052,9,1,Appreciation,0.5424619420361826,0.4575380579638176
M0052,10,2,Aversion,0.03697420089211544,0.9630257991078858
M0052,11,2,Aversion,0.46732946075392473,0.5326705392460752
M0052,12,1,Appreciation,0.9968338507487686,0.003166149251233032
M0052,13,1,Appreciation,0.9944116499370137,0.0055883500629865576
M0052,14,1,Appreciation,0.9999730740629516,2.6925937049654817e-05
M0052,15,1,Appreciation,0.7007153386216197,0.2992846613783792
M0052,16,1,Appreciation,0.9936719127701982,0.0063280872298024675
M0052,17,1,Appreciation,0.5253683496580259,0.47463165034197274
M0052,18,2,Aversion,0.1644469497978502,0.8355530502021501
M0052,19,2,Aversion,0.09886523221886159,0.9011347677811393
M0052,20,2,Aversion,0.11644759072052822,0.8835524092794713
M0052,21,2,Aversion,0.14183533791339675,0.858164662086605
M0052,22,2,Aversion,0.047945353107175535,0.9520546468928234
M0052,23,2,Aversion,0.010107977539007034,0.989892022460992
M0052,24,2,Aversion,0.26450588004217856,0.7354941199578199
M0052,25,2,Aversion,0.0016663336568615373,0.9983336663431392
M0052,26,2,Aversion,0.006903998392541204,0.9930960016074579
M0053,2,1,Appreciation,0.9594439221616711,0.040556077838328736
M0053,3,2,Aversion,0.3540865642443712,0.6459134357556283
M0053,4,1,Appreciation,0.8390987384662836,0.16090126153371473
M0053,5,1,Appreciation,0.6865019506267991,0.3134980493732004
M0053,6,1,Appreciation,0.979163168779325,0.020836831220674406
M0053,7,1,Appreciation,0.9982854718706097,0.0017145281293885627
M0053,8,1,Appreciation,0.5691737345788236,0.43082626542117497
M0053,9,2,Aversion,0.42525655631072795,0.5747434436892704
M0053,10,1,Appreciation,0.9881164014890754,0.011883598510925863
M0053,11,1,Appreciation,0.7850045174979496,0.21499548250205186
M0053,12,2,Aversion,0.3527236228295069,0.6472763771704942
M0053,13,1,Appreciation,0.9716525637801208,0.028347436219879514
M0053,14,2,Aversion,0.09721424234878426,0.9027857576512164
M0053,15,1,Appreciation,0.5562751571593477,0.44372484284065167
M0053,16,2,Aversion,0.12386275797113418,0.8761372420288669
M0053,17,1,Appreciation,0.7336246119216298,0.26637538807837
M0053,18,2,Aversion,0.2105306478383631,0.7894693521616377
M0053,19,1,Appreciation,0.5680761628190788,0.4319238371809219
M0053,20,1,Appreciation,0.6016332889947648,0.3983667110052359
M0053,21,2,Aversion,0.005519069491722596,0.9944809305082764
M0053,22,2,Aversion,0.20996764231385706,0.7900323576861414
M0053,23,2,Aversion,0.006494128049333328,0.9935058719506654
M0053,24,1,Appreciation,0.6831980840733032,0.31680191592669654
M0053,25,1,Appreciation,0.5688000424620678,0.4311999575379318
M0053,26,2,Aversion,0.10268396712149114,0.8973160328785103
M0054,2,2,Aversion,0.07076094951786169,0.92923905048214
M0054,3,2,Aversion,0.08301661501128986,0.9169833849887075
M0054,4,1,Appreciation,0.9999960696424355,3.9303575657470574e-06
M0054,5,1,Appreciation,0.5317971618590773,0.46820283814092417
M0054,6,2,Aversion,0.04206331801993819,0.9579366819800633
M0054,7,1,Appreciation,0.6274433101176539,0.372556689882346
M0054,8,1,Appreciation,0.8837146534089194,0.1162853465910791
M0054,9,2,Aversion,0.004585812805202985,0.9954141871948002
M0054,10,1,Appreciation,0.7415705843534245,0.2584294156465741
M0054,11,2,Aversion,0.049255867159357404,0.9507441328406442
M0054,12,1,Appreciation,0.9999239875955166,7.601240448131922e-05
M0054,13,2,Aversion,0.4811772224403054,0.5188227775596957
M0054,14,1,Appreciation,0.8126313194071386,0.18736868059286332
M0054,15,1,Appreciation,0.5064015552051396,0.4935984447948612
M0054,16,1,Appreciation,0.828573944494206,0.17142605550579157
M0054,17,2,Aversion,0.003926064543632288,0.9960739354563698
M0054,18,2,Aversion,0.0161586217341534,0.9838413782658432
M0054,19,1,Appreciation,0.5531797660137905,0.4468202339862121
M0054,20,1,Appreciation,0.934291463512266,0.06570853648773105
M0054,21,2,Aversion,0.10000153766553926,0.8999984623344601
M0054,22,2,Aversion,0.34989446976821775,0.6501055302317834
M0054,23,2,Aversion,0.17154261684453015,0.8284573831554671
M0054,24,2,Aversion,0.2709940017382351,0.7290059982617623
M0054,25,2,Aversion,0.010531678012906078,0.9894683219870936
M0054,26,2,Aversion,0.46160643693604775,0.5383935630639539
M0055,2,1,Appreciation,0.97365698245152,0.026343017548481652
M0055,3,1,Appreciation,0.9473019540836878,0.052698045916310644
M0055,4,1,Appreciation,0.9998729496183953,0.00012705038160450965
M0055,5,1,Appreciation,0.9635250390092476,0.03647496099075172
M0055,6,2,Aversion,0.2194289884297002,0.7805710115703007
M0055,7,1,Appreciation,0.8611069811673926,0.1388930188326075
M0055,8,2,Aversion,0.1163931311508718,0.8836068688491289
M0055,9,2,Aversion,0.47755324143691413,0.522446758563085
M0055,10,1,Appreciation,0.8629137760571091,0.13708622394289116
M0055,11,1,Appreciation,0.9092991045628382,0.09070089543716119
M0055,12,2,Aversion,0.09349018048566544,0.9065098195143347
M0055,13,1,Appreciation,0.5690772034157479,0.43092279658425237
M0055,14,2,Aversion,0.24597213095500664,0.7540278690449925
M0055,15,1,Appreciation,0.9705243468293058,0.02947565317069298
M0055,16,1,Appreciation,0.9798714097020766,0.02012859029792241
M0055,17,2,Aversion,0.48836965313325376,0.5116303468667468
M0055,18,2,Aversion,0.45066254372487646,0.5493374562751222
M0055,19,1,Appreciation,0.9894315707245137,0.0105684292754848
M0055,20,1,Appreciation,0.7558758157863519,0.24412418421364948
M0055,21,2,Aversion,0.06831674056766358,0.9316832594323371
M0055,22,2,Aversion,0.39813155636576464,0.6018684436342344
M0055,23,2,Aversion,0.18289908070300018,0.8171009192969981
M0055,24,2,Aversion,0.026474611324550795,0.9735253886754477
M0055,25,2,Aversion,0.05418051369815136,0.9458194863018502
M0055,26,2,Aversion,0.11847309370138667,0.8815269062986134
M0056,2,1,Appreciation,0.9817341739560664,0.018265826043932915
M0056,3,1,Appreciation,0.9937036897023523,0.006296310297645942
M0056,4,1,Appreciation,0.9988777839959518,0.0011222160040485845
M0056,5,1,Appreciation,0.995390123854688,0.004609876145313771
M0056,6,1,Appreciation,0.9998061018226192,0.00019389817737981179
M0056,7,1,Appreciation,0.8680505202493222,0.131949479750677
M0056,8,1,Appreciation,0.8339172295447842,0.16608277045521672
M0056,9,2,Aversion,0.027461465853792354,0.972538534146209
M0056,10,1,Appreciation,0.7634474005487932,0.23655259945120624
M0056,11,1,Appreciation,0.8902477538456588,0.10975224615434082
M0056,12,1,Appreciation,0.9367287183171918,0.06327128168280778
M0056,13,1,Appreciation,0.81278189346754,0.18721810653245832
M0056,14,2,Aversion,0.1756868510259933,0.8243131489740081
M0056,15,2,Aversion,0.33669631176593734,0.6633036882340632
M0056,16,1,Appreciation,0.7674292386464256,0.23257076135357346
M0056,17,2,Aversion,0.27466705596537966,0.7253329440346201
M0056,18,2,Aversion,0.16885069497884886,0.8311493050211499
M0056,19,2,Aversion,0.05136289233123552,0.9486371076687632
M0056,20,2,Aversion,0.07665442054116682,0.923345579458834
M0056,21,2,Aversion,0.024740091945848388,0.9752599080541529
M0056,22,1,Appreciation,0.9882760475184934,0.011723952481505633
M0056,23,2,Aversion,0.07918457507057347,0.920815424929427
M0056,24,1,Appreciation,0.6306534601536294,0.3693465398463714
M0056,25,2,Aversion,0.044215185948727795,0.9557848140512714
M0056,26,2,Aversion,0.07683404758290471,0.9231659524170954
M0057,2,2,Aversion,0.2687230487179677,0.731276951282031
M0057,3,1,Appreciation,0.9511122809196078,0.04888771908039082
M0057,4,1,Appreciation,0.9159711022157551,0.08402889778424569
M0057,5,2,Aversion,0.26051788489761235,0.7394821151023862
M0057,6,1,Appreciation,0.9804511691041636,0.019548830895835128
M0057,7,2,Aversion,0.3781682744659151,0.6218317255340845
M0057,8,1,Appreciation,0.9732327249150646,0.026767275084933855
M0057,9,1,Appreciation,0.7132513039956454,0.28674869600435476
M0057,10,1,Appreciation,0.8646350359431062,0.13536496405689263
M0057,11,1,Appreciation,0.953584000062034,0.046415999937965566
M0057,12,1,Appreciation,0.9974178542020969,0.0025821457979018237
M0057,13,1,Appreciation,0.7417969319771632,0.2582030680228366
M0057,14,2,Aversion,0.4949119591677945,0.5050880408322037
M0057,15,2,Aversion,0.059002207945034524,0.9409977920549663
M0057,16,1,Appreciation,0.5093478972974714,0.4906521027025273
M0057,17,1,Appreciation,0.844878328670521,0.15512167132947985
M0057,18,2,Aversion,0.07241020421312769,0.9275897957868735
M0057,19,2,Aversion,0.09721909660581628,0.9027809033941832
M0057,20,2,Aversion,0.4456077940805394,0.5543922059194591
M0057,21,2,Aversion,0.017624991567003215,0.9823750084329966
M0057,22,2,Aversion,0.2463692614951636,0.7536307385048362
M0057,23,1,Appreciation,0.5599977040528132,0.44000229594718787
M0057,24,2,Aversion,0.011370644469485549,0.988629355530515
M0057,25,1,Appreciation,0.6640435447562415,0.335956455243757
M0057,26,2,Aversion,0.007896861742118183,0.9921031382578805
M0058,2,2,Aversion,0.47641337650304794,0.5235866234969505
M0058,3,2,Aversion,0.012565356711377961,0.9874346432886222
M0058,4,1,Appreciation,0.9403690576788136,0.05963094232118716
M0058,5,1,Appreciation,0.9937233119384938,0.006276688061505409
M0058,6,1,Appreciation,0.5935254913871966,0.4064745086128026
M0058,7,1,Appreciation,0.942678105057726,0.05732189494227258
M0058,8,1,Appreciation,0.9767566145016856,0.023243385498314752
M0058,9,1,Appreciation,0.9051345257037421,0.09486547429625913
M0058,10,1,Appreciation,0.5022951461986704,0.4977048538013301
M0058,11,1,Appreciation,0.5364077031759013,0.4635922968240996
M0058,12,2,Aversion,0.4962388988457838,0.5037611011542148
M0058,13,2,Aversion,0.29377953325376277,0.7062204667462386
M0058,14,2,Aversion,0.36358129814175005,0.636418701858251
M0058,15,2,Aversion,0.1540526968237472,0.8459473031762514
M0058,16,1,Appreciation,0.9868554506386863,0.013144549361314288
M0058,17,1,Appreciation,0.6968127045526727,0.3031872954473281
M0058,18,2,Aversion,0.17232081256828038,0.8276791874317189
M0058,19,1,Appreciation,0.7722768284813939,0.22772317151860655
M0058,20,2,Aversion,0.01999122762029208,0.9800087723797096
M0058,21,2,Aversion,0.01246651439981138,0.9875334856001883
M0058,22,1,Appreciation,0.908697448353404,0.09130255164659455
M0058,23,2,Aversion,0.2721569589735117,0.7278430410264899
M0058,24,2,Aversion,0.08057929486452203,0.9194207051354792
M0058,25,1,Appreciation,0.9109526528753098,0.0890473471246908
M0058,26,2,Aversion,0.42970329092602144,0.5702967090739793
M0059,2,1,Appreciation,0.7997918950036899,0.2002081049963092
M0059,3,1,Appreciation,0.9263252262678237,0.07367477373217748
M0059,4,1,Appreciation,0.5006535815314775,0.4993464184685216
M0059,5,1,Appreciation,0.9679383554109346,0.03206164458906487
M0059,6,1,Appreciation,0.9964927428517474,0.003507257148251407
M0059,7,1,Appreciation,0.9997854943869631,0.0002145056130383808
M0059,8,1,Appreciation,0.5646636519566213,0.4353363480433779
M0059,9,2,Aversion,0.042110583896382385,0.9578894161036178
M0059,10,2,Aversion,0.09921887272000701,0.9007811272799936
M0059,11,1,Appreciation,0.9969491714879547,0.003050828512044249
M0059,12,2,Aversion,0.4362423077285157,0.5637576922714858
M0059,13,1,Appreciation,0.9898361803717337,0.010163819628265852
M0059,14,2,Aversion,0.1303159427442485,0.8696840572557517
M0059,15,2,Aversion,0.021560318770094105,0.978439681229906
M0059,16,2,Aversion,0.0026303769796290426,0.9973696230203705
M0059,17,1,Appreciation,0.7609118427192118,0.23908815728078728
M0059,18,2,Aversion,0.16119202999241944,0.8388079700075803
M0059,19,2,Aversion,0.077944658422311,0.9220553415776883
M0059,20,1,Appreciation,0.8151081268718458,0.18489187312815517
M0059,21,2,Aversion,0.014702148473151577,0.9852978515268471
M0059,22,2,Aversion,0.010668285639678927,0.9893317143603213
M0059,23,2,Aversion,0.45743613007214884,0.5425638699278511
M0059,24,1,Appreciation,0.5798126800437153,0.4201873199562847
M0059,25,2,Aversion,0.05100143006426268,0.9489985699357382
M0059,26,2,Aversion,0.05814972902761306,0.941850270972387
M0060,2,1,Appreciation,0.9087297257541157,0.091270274245886
M0060,3,1,Appreciation,0.6488229355220992,0.3511770644779019
M0060,4,1,Appreciation,0.999867042773264,0.00013295722673600753
M0060,5,1,Appreciation,0.9886277547565204,0.011372245243480671
M0060,6,1,Appreciation,0.9999226090289117,7.739097108830518e-05
M0060,7,1,Appreciation,0.9274589076230765,0.07254109237692181
M0060,8,1,Appreciation,0.7829428460304494,0.21705715396955105
M0060,9,1,Appreciation,0.9070727976299823,0.09292720237001735
M0060,10,1,Appreciation,0.8356280903540143,0.16437190964598575
M0060,11,2,Aversion,0.42617715430593206,0.5738228456940666
M0060,12,1,Appreciation,0.7343275465501111,0.26567245344988993
M0060,13,1,Appreciation,0.599270942582936,0.4007290574170643
M0060,14,1,Appreciation,0.9465299695326286,0.053470030467370845
M0060,15,2,Aversion,0.3231110763035395,0.6768889236964618
M0060,16,2,Aversion,0.47124350037094803,0.5287564996290529
M0060,17,2,Aversion,0.026940573679147373,0.9730594263208515
M0060,18,1,Appreciation,0.9847714639964847,0.015228536003516162
M0060,19,2,Aversion,0.16266376860328,0.8373362313967202
M0060,20,2,Aversion,0.16844573532760657,0.8315542646723936
M0060,21,2,Aversion,0.41380531289026473,0.586194687109735
M0060,22,2,Aversion,0.02188387017624574,0.9781161298237543
M0060,23,2,Aversion,0.0005532841262898933,0.9994467158737089
M0060,24,2,Aversion,0.426330254032174,0.5736697459678258
M0060,25,2,Aversion,0.09939694688143187,0.900603053118567
M0060,26,1,Appreciation,0.5523929474734305,0.447607052526568
M0061,2,1,Appreciation,0.5913620004331771,0.40863799956682373
M0061,3,2,Aversion,0.3864255456937105,0.6135744543062901
M0061,4,2,Aversion,0.09430721691325396,0.9056927830867477
M0061,5,1,Appreciation,0.9993538920151416,0.0006461079848596595
M0061,6,2,Aversion,0.3527995495325185,0.6472004504674816
M0061,7,2,Aversion,0.34569075821886597,0.6543092417811324
M0061,8,1,Appreciation,0.8793840311394447,0.12061596886055424
M0061,9,1,Appreciation,0.7787750603103976,0.22122493968960077
M0061,10,1,Appreciation,0.9687120651466163,0.0312879348533822
M0061,11,1,Appreciation,0.7121805266471511,0.28781947335284747
M0061,12,1,Appreciation,0.9987929649389582,0.0012070350610424055
M0061,13,2,Aversion,0.13543274497338043,0.8645672550266206
M0061,14,1,Appreciation,0.9717685309617085,0.028231469038290855
M0061,15,2,Aversion,0.20754133948761258,0.7924586605123872
M0061,16,1,Appreciation,0.9639544250648762,0.03604557493512484
M0061,17,2,Aversion,0.020047646738132145,0.9799523532618687
M0061,18,1,Appreciation,0.5542652186816285,0.44573478131837063
M0061,19,2,Aversion,0.15326584898848758,0.8467341510115112
M0061,20,1,Appreciation,0.9276293274295455,0.07237067257045599
M0061,21,2,Aversion,0.007461557030655278,0.9925384429693459
M0061,22,2,Aversion,0.005667036893844757,0.9943329631061546
M0061,23,2,Aversion,0.12087210162661295,0.8791278983733873
M0061,24,2,Aversion,0.05235405019623329,0.9476459498037656
M0061,25,1,Appreciation,0.6211861197389175,0.3788138802610817
M0061,26,2,Aversion,0.4453134490841585,0.5546865509158423
M0062,2,1,Appreciation,0.6463288739013928,0.35367112609860707
M0062,3,1,Appreciation,0.9302586551558069,0.06974134484419417
M0062,4,1,Appreciation,0.9664344734755463,0.03356552652445194
M0062,5,1,Appreciation,0.9249858104664899,0.07501418953350915
M0062,6,1,Appreciation,0.9385204319092574,0.061479568090742356
M0062,7,1,Appreciation,0.9609649304242589,0.039035069575740086
M0062,8,2,Aversion,0.3700305121903094,0.6299694878096903
M0062,9,2,Aversion,0.4709670447778884,0.52903295522211
M0062,10,2,Aversion,0.15733360027009327,0.8426663997299079
M0062,11,1,Appreciation,0.9081908765850826,0.09180912341491733
M0062,12,2,Aversion,0.3269245581574775,0.673075441842522
M0062,13,2,Aversion,0.47322513934765975,0.526774860652341
M0062,14,2,Aversion,0.09536515883087125,0.9046348411691286
M0062,15,1,Appreciation,0.5315818937830491,0.4684181062169499
M0062,16,1,Appreciation,0.8133004644887042,0.1866995355112966
M0062,17,2,Aversion,0.018350374895029217,0.9816496251049713
M0062,18,1,Appreciation,0.999246367892849,0.0007536321071524768
M0062,19,1,Appreciation,0.5248096854506089,0.4751903145493916
M0062,20,2,Aversion,0.12777061242611618,0.872229387573883
M0062,21,2,Aversion,0.26691075158067235,0.7330892484193289
M0062,22,2,Aversion,0.06781706116413055,0.9321829388358704
M0062,23,1,Appreciation,0.6521268210776234,0.3478731789223754
M0062,24,2,Aversion,0.022926853940012277,0.9770731460599871
M0062,25,2,Aversion,0.045801276751346695,0.9541987232486537
M0062,26,2,Aversion,0.06865607294928908,0.9313439270507116
M0063,2,1,Appreciation,0.8150965078327169,0.18490349216728644
M0063,3,1,Appreciation,0.6684422058587616,0.3315577941412392
M0063,4,1,Appreciation,0.7811346063863841,0.21886539361361299
M0063,5,2,Aversion,0.13918052343870965,0.860819476561288
M0063,6,2,Aversion,0.08100087969949532,0.918999120300503
M0063,7,1,Appreciation,0.8756486442895187,0.12435135571047808
M0063,8,2,Aversion,0.42751909131455845,0.5724809086854428
M0063,9,2,Aversion,0.2685573228844871,0.7314426771155127
M0063,10,2,Aversion,0.12013691854581376,0.8798630814541867
M0063,11,2,Aversion,0.15106129917102723,0.8489387008289756
M0063,12,2,Aversion,0.07533470294515661,0.9246652970548428
M0063,13,2,Aversion,0.002673446890151782,0.9973265531098453
M0063,14,2,Aversion,0.1252400657174901,0.8747599342825088
M0063,15,2,Aversion,0.15254986020307387,0.8474501397969241
M0063,16,2,Aversion,0.1408720695649528,0.8591279304350462
M0063,17,1,Appreciation,0.7670502803835443,0.23294971961645586
M0063,18,1,Appreciation,0.9988161159467321,0.001183884053265127
M0063,19,1,Appreciation,0.8302524142549798,0.16974758574501678
M0063,20,2,Aversion,0.09826717699228321,0.9017328230077203
M0063,21,2,Aversion,0.05392066350401797,0.9460793364959785
M0063,22,2,Aversion,0.003832921926217336,0.996167078073782
M0063,23,2,Aversion,0.09352674810940771,0.9064732518905945
M0063,24,2,Aversion,0.01694944676299838,0.9830505532370045
M0063,25,2,Aversion,0.09789140956310767,0.9021085904368951
M0063,26,2,Aversion,0.006978752383473546,0.9930212476165288
M0064,2,1,Appreciation,0.9437145438993196,0.05628545610068031
M0064,3,1,Appreciation,0.9999905146763639,9.485323636018116e-06
M0064,4,1,Appreciation,0.594021088566876,0.40597891143312365
M0064,5,1,Appreciation,0.6117762631156968,0.38822373688430395
M0064,6,1,Appreciation,0.9233640088670393,0.07663599113295988
M0064,7,1,Appreciation,0.9968476055955912,0.0031523944044082254
M0064,8,1,Appreciation,0.9582940290451677,0.041705970954831945
M0064,9,1,Appreciation,0.8425806485003755,0.15741935149962274
M0064,10,1,Appreciation,0.8636466058736844,0.1363533941263152
M0064,11,1,Appreciation,0.5808094778164036,0.41919052218359804
M0064,12,1,Appreciation,0.8930063234764021,0.10699367652359618
M0064,13,2,Aversion,0.20920995277877535,0.7907900472212239
M0064,14,1,Appreciation,0.668537522436126,0.33146247756387454
M0064,15,1,Appreciation,0.7069777876179683,0.2930222123820334
M0064,16,1,Appreciation,0.6775376459275869,0.32246235407241136
M0064,17,1,Appreciation,0.8752959187217476,0.12470408127825347
M0064,18,2,Aversion,0.1504701470435057,0.8495298529564961
M0064,19,2,Aversion,0.42217836982486895,0.5778216301751303
M0064,20,1,Appreciation,0.5528114439729168,0.44718855602708163
M0064,21,1,Appreciation,0.7613364036433198,0.23866359635668166
M0064,22,1,Appreciation,0.507338639402491,0.4926613605975073
M0064,23,2,Aversion,0.1466791829010856,0.853320817098914
M0064,24,1,Appreciation,0.5994787311140486,0.4005212688859497
M0064,25,1,Appreciation,0.7739203883652248,0.22607961163477483
M0064,26,2,Aversion,0.11737737107841269,0.8826226289215887
M0065,2,1,Appreciation,0.9999804494712125,1.955052878590647e-05
M0065,3,2,Aversion,0.10881763238844278,0.8911823676115572
M0065,4,1,Appreciation,0.9536057339992163,0.04639426600078241
M0065,5,2,Aversion,0.1583505305298173,0.8416494694701839
M0065,6,2,Aversion,0.36714054367794136,0.632859456322058
M0065,7,1,Appreciation,0.9702272993750826,0.029772700624919126
M0065,8,1,Appreciation,0.9999408378156919,5.916218430677316e-05
M0065,9,1,Appreciation,0.9009916116212315,0.0990083883787681
M0065,10,1,Appreciation,0.5916168337589456,0.4083831662410562
M0065,11,1,Appreciation,0.9602549305716682,0.03974506942833339
M0065,12,2,Aversion,0.09189176775907835,0.9081082322409233
M0065,13,1,Appreciation,0.9252425046971309,0.07475749530286802
M0065,14,1,Appreciation,0.5668599353519074,0.4331400646480915
M0065,15,2,Aversion,0.12047532494717157,0.8795246750528287
M0065,16,1,Appreciation,0.661238215838618,0.33876178416138103
M0065,17,2,Aversion,0.006462939653190365,0.9935370603468088
M0065,18,2,Aversion,0.04277581664643167,0.9572241833535686
M0065,19,2,Aversion,0.18689781283622925,0.81310218716377
M0065,20,1,Appreciation,0.6661348334404661,0.33386516655953424
M0065,21,1,Appreciation,0.730190851147353,0.2698091488526457
M0065,22,2,Aversion,0.04651819507203566,0.9534818049279645
M0065,23,2,Aversion,0.02089503064713052,0.9791049693528706
M0065,24,2,Aversion,0.0507081129655947,0.9492918870344057
M0065,25,2,Aversion,0.02112726900795165,0.9788727309920466
M0065,26,2,Aversion,0.01032142679757721,0.989678573202423
M0066,2,1,Appreciation,0.8557658868602598,0.1442341131397392
M0066,3,1,Appreciation,0.9866978621772995,0.013302137822701114
M0066,4,1,Appreciation,0.7504199569388237,0.24958004306117798
M0066,5,1,Appreciation,0.6659715480275574,0.3340284519724423
M0066,6,1,Appreciation,0.9919546613855444,0.008045338614456384
M0066,7,1,Appreciation,0.9689315888658232,0.031068411134176438
M0066,8,1,Appreciation,0.9241760991583674,0.07582390084163407
M0066,9,1,Appreciation,0.9944360748192679,0.005563925180731406
M0066,10,1,Appreciation,0.8953080168041772,0.10469198319582325
M0066,11,1,Appreciation,0.8590830442955915,0.14091695570440918
M0066,12,1,Appreciation,0.9558095106829537,0.04419048931704607
M0066,13,1,Appreciation,0.9106651528910977,0.08933484710890144
M0066,14,1,Appreciation,0.9989078540589087,0.0010921459410922656
M0066,15,2,Aversion,0.31401188950695563,0.6859881104930434
M0066,16,2,Aversion,0.47041494891066166,0.52958505108934
M0066,17,1,Appreciation,0.908694021447556,0.09130597855244511
M0066,18,1,Appreciation,0.8453882206500942,0.15461177934990722
M0066,19,2,Aversion,0.26701611322260815,0.7329838867773913
M0066,20,2,Aversion,0.13867310119128193,0.861326898808719
M0066,21,2,Aversion,0.13818616931162298,0.8618138306883784
M0066,22,2,Aversion,0.028424944000300652,0.9715750559996978
M0066,23,1,Appreciation,0.6412279421495928,0.35877205785040656
M0066,24,2,Aversion,0.04560192759842756,0.9543980724015719
M0066,25,2,Aversion,0.019587194318396138,0.9804128056816026
M0066,26,2,Aversion,0.05021063922575658,0.9497893607742419
M0067,2,2,Aversion,0.4908611219937934,0.5091388780062048
M0067,3,1,Appreciation,0.8994277253980771,0.10057227460192208
M0067,4,1,Appreciation,0.9998881749463789,0.00011182505361965596
M0067,5,1,Appreciation,0.9999408329331275,5.9167066873512774e-05
M0067,6,1,Appreciation,0.890409032251796,0.10959096774820484
M0067,7,1,Appreciation,0.9591035659308784,0.04089643406912228
M0067,8,1,Appreciation,0.5298582818814517,0.47014171811854877
M0067,9,2,Aversion,0.3890771924002009,0.6109228075998001
M0067,10,2,Aversion,0.4659681189685079,0.5340318810314938
M0067,11,1,Appreciation,0.5545364842946603,0.44546351570534054
M0067,12,1,Appreciation,0.5310493822755759,0.4689506177244242
M0067,13,2,Aversion,0.1766804335828729,0.8233195664171268
M0067,14,2,Aversion,0.08966483292624386,0.9103351670737565
M0067,15,2,Aversion,0.04030003807349369,0.9596999619265063
M0067,16,2,Aversion,0.08448965372127117,0.9155103462787271
M0067,17,2,Aversion,0.04913093505113001,0.9508690649488699
M0067,18,1,Appreciation,0.556622147170373,0.44337785282962816
M0067,19,1,Appreciation,0.8842977858820971,0.11570221411790392
M0067,20,2,Aversion,0.015096508591826818,0.9849034914081746
M0067,21,2,Aversion,0.01602049047663217,0.9839795095233664
M0067,22,2,Aversion,0.042535074113731315,0.9574649258862677
M0067,23,1,Appreciation,0.6213085167005847,0.3786914832994165
M0067,24,2,Aversion,0.027791163603452882,0.9722088363965485
M0067,25,2,Aversion,0.003504816807332419,0.9964951831926682
M0067,26,2,Aversion,0.49590623183912264,0.5040937681608761
M0068,2,2,Aversion,0.48284378632401437,0.517156213675984
M0068,3,2,Aversion,0.3971544406945056,0.6028455593054951
M0068,4,1,Appreciation,0.9467688871716885,0.0532311128283104
M0068,5,2,Aversion,0.17624585378403715,0.8237541462159614
M0068,6,1,Appreciation,0.8002022745295686,0.19979772547043118
M0068,7,1,Appreciation,0.99239224869256,0.007607751307441411
M0068,8,1,Appreciation,0.6180511269083222,0.3819488730916792
M0068,9,1,Appreciation,0.7961102514060454,0.20388974859395512
M0068,10,1,Appreciation,0.9797485036600829,0.020251496339916953
M0068,11,2,Aversion,0.09422384999198836,0.9057761500080117
M0068,12,1,Appreciation,0.9388775307666599,0.06112246923333959
M0068,13,2,Aversion,0.2378158710767896,0.7621841289232122
M0068,14,1,Appreciation,0.5290537106688877,0.470946289331111
M0068,15,1,Appreciation,0.9997034574849477,0.00029654251505350387
M0068,16,2,Aversion,0.02836533618736093,0.9716346638126392
M0068,17,2,Aversion,0.278589994812937,0.7214100051870647
M0068,18,2,Aversion,0.04352690616703034,0.9564730938329703
M0068,19,2,Aversion,0.37561938585761834,0.6243806141423803
M0068,20,1,Appreciation,0.5345937162611266,0.4654062837388718
M0068,21,2,Aversion,0.04611981562452357,0.953880184375477
M0068,22,2,Aversion,0.02040133838389892,0.9795986616161002
M0068,23,2,Aversion,0.049094491972880405,0.950905508027118
M0068,24,2,Aversion,0.19885962418886816,0.8011403758111316
M0068,25,2,Aversion,0.025763132102215657,0.9742368678977826
M0068,26,2,Aversion,0.0239698898082976,0.9760301101917026
M0069,2,1,Appreciation,0.5158332855431985,0.4841667144568001
M0069,3,2,Aversion,0.41271626487747776,0.5872837351225207
M0069,4,1,Appreciation,0.7908939283895764,0.209106071610425
M0069,5,1,Appreciation,0.8675713939789499,0.13242860602104928
M0069,6,2,Aversion,0.4793209267452909,0.5206790732547087
M0069,7,1,Appreciation,0.9941069328553135,0.005893067144686478
M0069,8,2,Aversion,0.03871849455402117,0.9612815054459789
M0069,9,1,Appreciation,0.690866908679899,0.30913309132010086
M0069,10,1,Appreciation,0.995968925163148,0.004031074836850356
M0069,11,2,Aversion,0.29213319925325426,0.7078668007467461
M0069,12,1,Appreciation,0.5327028794880243,0.4672971205119757
M0069,13,2,Aversion,0.23223644855834275,0.7677635514416583
M0069,14,2,Aversion,0.025002057049813696,0.974997942950186
M0069,15,2,Aversion,0.41942767801822234,0.5805723219817789
M0069,16,2,Aversion,0.10467919954404009,0.8953208004559599
M0069,17,1,Appreciation,0.6664483633022418,0.333551636697758
M0069,18,2,Aversion,0.24209286783339234,0.7579071321666091
M0069,19,2,Aversion,0.07622768428879932,0.9237723157112022
M0069,20,1,Appreciation,0.648245670638112,0.35175432936188655
M0069,21,2,Aversion,0.2555926078938491,0.7444073921061516
M0069,22,2,Aversion,0.038847805853258144,0.9611521941467434
M0069,23,2,Aversion,0.08313057255919604,0.9168694274408044
M0069,24,2,Aversion,0.057568496548826904,0.9424315034511727
M0069,25,2,Aversion,0.12501356963837287,0.8749864303616256
M0069,26,1,Appreciation,0.5326283816678282,0.4673716183321725
M0070,2,1,Appreciation,0.994453438848337,0.005546561151664298
M0070,3,1,Appreciation,0.891188274540917,0.10881172545908381
M0070,4,1,Appreciation,0.8663486592826257,0.13365134071737278
M0070,5,1,Appreciation,0.998867500418413,0.0011324995815854518
M0070,6,1,Appreciation,0.8395723627114113,0.16042763728859025
M0070,7,2,Aversion,0.36867092705621135,0.6313290729437889
M0070,8,1,Appreciation,0.8278433264370268,0.1721566735629746
M0070,9,1,Appreciation,0.7738550933159867,0.22614490668401502
M0070,10,1,Appreciation,0.978071417707073,0.02192858229292596
M0070,11,2,Aversion,0.41347620559475556,0.5865237944052442
M0070,12,1,Appreciation,0.6498188765342185,0.3501811234657827
M0070,13,1,Appreciation,0.70127116370468,0.29872883629532
M0070,14,2,Aversion,0.24711568988642724,0.7528843101135719
M0070,15,2,Aversion,0.3046770074387845,0.6953229925612141
M0070,16,2,Aversion,0.03348856068132162,0.9665114393186788
M0070,17,1,Appreciation,0.9603588917826034,0.03964110821739811
M0070,18,1,Appreciation,0.9834753756290481,0.01652462437095032
M0070,19,1,Appreciation,0.9466767182535271,0.05332328174647361
M0070,20,2,Aversion,0.033196492602588626,0.9668035073974119
M0070,21,2,Aversion,0.001724053949616537,0.9982759460503852
M0070,22,2,Aversion,0.07598189079627278,0.9240181092037284
M0070,23,2,Aversion,0.14751953794950406,0.8524804620504948
M0070,24,2,Aversion,0.04765383689885842,0.9523461631011424
M0070,25,2,Aversion,0.01879622696966633,0.981203773030335
M0070,26,2,Aversion,0.011502369909991216,0.9884976300900085
M0071,2,2,Aversion,0.2826694303791841,0.7173305696208147
M0071,3,1,Appreciation,0.7471588804676504,0.2528411195323494
M0071,4,1,Appreciation,0.9986725314204499,0.0013274685795502564
M0071,5,1,Appreciation,0.9998008619065293,0.00019913809347208626
M0071,6,1,Appreciation,0.7537211987260745,0.24627880127392535
M0071,7,2,Aversion,0.4143853576825821,0.585614642317418
M0071,8,2,Aversion,0.2607440724389727,0.7392559275610278
M0071,9,1,Appreciation,0.7930375642701233,0.2069624357298777
M0071,10,2,Aversion,0.3545158432256444,0.6454841567743553
M0071,11,1,Appreciation,0.8561278789956202,0.14387212100437857
M0071,12,1,Appreciation,0.972343180883382,0.027656819116618
M0071,13,1,Appreciation,0.7610788922721073,0.23892110772789266
M0071,14,1,Appreciation,0.7076348890043823,0.292365110995618
M0071,15,1,Appreciation,0.5232047128152624,0.4767952871847378
M0071,16,2,Aversion,0.049300509814469415,0.9506994901855299
M0071,17,2,Aversion,0.026255471315631697,0.9737445286843668
M0071,18,2,Aversion,0.10643154434981637,0.8935684556501834
M0071,19,2,Aversion,0.0073866735872492525,0.9926133264127511
M0071,20,1,Appreciation,0.9068123858568456,0.09318761414315482
M0071,21,2,Aversion,0.005607479431058279,0.9943925205689422
M0071,22,1,Appreciation,0.5756356794892493,0.42436432051075174
M0071,23,2,Aversion,0.04091396669632655,0.9590860333036753
M0071,24,2,Aversion,0.03911259766233222,0.9608874023376691
M0071,25,2,Aversion,0.4328475915914109,0.5671524084085878
M0071,26,2,Aversion,0.02932733749486481,0.9706726625051361
M0072,2,1,Appreciation,0.8779893341549895,0.12201066584501197
M0072,3,1,Appreciation,0.962216759052006,0.03778324094799373
M0072,4,1,Appreciation,0.8319258238723698,0.16807417612763093
M0072,5,1,Appreciation,0.9367879129775698,0.06321208702243093
M0072,6,1,Appreciation,0.9953408637307838,0.004659136269217604
M0072,7,2,Aversion,0.1426745141754332,0.8573254858245686
M0072,8,2,Aversion,0.3036783997361889,0.6963216002638114
M0072,9,1,Appreciation,0.9981486771589384,0.00185132284105995
M0072,10,2,Aversion,0.4215202984515195,0.5784797015484822
M0072,11,2,Aversion,0.49925183880291585,0.5007481611970858
M0072,12,1,Appreciation,0.5732002600722539,0.426799739927747
M0072,13,2,Aversion,0.4070125365467949,0.5929874634532039
M0072,14,2,Aversion,0.24535945561315167,0.754640544386847
M0072,15,2,Aversion,0.43923425600128035,0.5607657439987196
M0072,16,2,Aversion,0.33705192929105054,0.6629480707089489
M0072,17,1,Appreciation,0.7776074143721943,0.22239258562780695
M0072,18,2,Aversion,0.37151273226145465,0.628487267738544
M0072,19,1,Appreciation,0.9745228532004148,0.025477146799585345
M0072,20,2,Aversion,0.010601608007676927,0.9893983919923219
M0072,21,2,Aversion,0.27154916806087276,0.7284508319391257
M0072,22,1,Appreciation,0.9435201188662757,0.05647988113372539
M0072,23,2,Aversion,0.07498769865442896,0.9250123013455727
M0072,24,2,Aversion,0.208217036675296,0.7917829633247045
M0072,25,2,Aversion,0.050891202711703394,0.9491087972882954
M0072,26,2,Aversion,0.005831160389036778,0.9941688396109643
M0073,2,2,Aversion,0.4145251301121939,0.5854748698878054
M0073,3,1,Appreciation,0.840474356285505,0.15952564371449487
M0073,4,1,Appreciation,0.9198251152936542,0.08017488470634632
M0073,5,1,Appreciation,0.8822803945876078,0.11771960541239253
M0073,6,1,Appreciation,0.9907106538512965,0.009289346148702844
M0073,7,2,Aversion,0.4058864849576745,0.5941135150423241
M0073,8,2,Aversion,0.39772616849166903,0.6022738315083316
M0073,9,2,Aversion,0.28072518551545306,0.719274814484547
M0073,10,1,Appreciation,0.7681824400785536,0.23181755992144598
M0073,11,2,Aversion,0.0633839542397527,0.9366160457602485
M0073,12,2,Aversion,0.39208177470209293,0.6079182252979082
M0073,13,1,Appreciation,0.6856231770844625,0.31437682291553903
M0073,14,1,Appreciation,0.7413177978713682,0.2586822021286335
M0073,15,2,Aversion,0.21460188240501707,0.7853981175949841
M0073,16,2,Aversion,0.12183920773365067,0.8781607922663495
M0073,17,1,Appreciation,0.9627072101608237,0.03729278983917533
M0073,18,1,Appreciation,0.6149098548018137,0.38509014519818463
M0073,19,1,Appreciation,0.6599019451743622,0.3400980548256365
M0073,20,2,Aversion,0.45970133420514087,0.540298665794859
M0073,21,2,Aversion,0.32938515096556653,0.6706148490344332
M0073,22,2,Aversion,0.0022411914503832064,0.997758808549618
M0073,23,2,Aversion,0.002211123808632408,0.9977888761913659
M0073,24,2,Aversion,0.014705084173129728,0.98529491582687
M0073,25,2,Aversion,0.112707451313745,0.8872925486862557
M0073,26,2,Aversion,0.04458513815960206,0.9554148618403974
M0074,2,1,Appreciation,0.5011230755383735,0.4988769244616275
M0074,3,2,Aversion,0.2816248560054911,0.7183751439945106
M0074,4,1,Appreciation,0.9224674061943343,0.07753259380566557
M0074,5,1,Appreciation,0.9905110312461118,0.009488968753888638
M0074,6,2,Aversion,0.1350788166609733,0.8649211833390279
M0074,7,1,Appreciation,0.9903240390028393,0.009675960997161673
M0074,8,2,Aversion,0.22639250987534992,0.7736074901246501
M0074,9,1,Appreciation,0.5162837117770503,0.4837162882229495
M0074,10,2,Aversion,0.48908509467493233,0.5109149053250672
M0074,11,1,Appreciation,0.8078584803277918,0.1921415196722069
M0074,12,1,Appreciation,0.9859559072371012,0.014044092762897756
M0074,13,2,Aversion,0.20333708784996474,0.7966629121500348
M0074,14,2,Aversion,0.24326342607512624,0.7567365739248729
M0074,15,1,Appreciation,0.5982947915246182,0.4017052084753827
M0074,16,2,Aversion,0.1169445777402817,0.8830554222597177
M0074,17,2,Aversion,0.057578793028899955,0.9424212069711017
M0074,18,2,Aversion,0.10303011109858846,0.8969698889014106
M0074,19,1,Appreciation,0.9731625367755294,0.026837463224469685
M0074,20,1,Appreciation,0.7779507024798661,0.22204929752013494
M0074,21,2,Aversion,0.09109318155404318,0.9089068184459559
M0074,22,2,Aversion,0.11702508675475756,0.8829749132452411
M0074,23,2,Aversion,0.2116891043509884,0.7883108956490117
M0074,24,2,Aversion,0.4313237272434545,0.5686762727565464
M0074,25,2,Aversion,0.03639454758653835,0.9636054524134632
M0074,26,2,Aversion,0.05859015338123435,0.9414098466187647
M0075,2,1,Appreciation,0.8812400937247274,0.11875990627527352
M0075,3,1,Appreciation,0.95707179747547,0.04292820252452897
M0075,4,1,Appreciation,0.9582811370275003,0.04171886297250084
M0075,5,1,Appreciation,0.9006793309448744,0.09932066905512424
M0075,6,1,Appreciation,0.999899897611188,0.00010010238881230266
M0075,7,1,Appreciation,0.8839533936626637,0.11604660633733747
M0075,8,2,Aversion,0.17817768194973535,0.8218223180502637
M0075,9,1,Appreciation,0.978996482576035,0.02100351742396455
M0075,10,2,Aversion,0.22991021701701042,0.7700897829829907
M0075,11,1,Appreciation,0.8546813309573362,0.14531866904266516
M0075,12,2,Aversion,0.1167543714419492,0.8832456285580513
M0075,13,1,Appreciation,0.8739663525506904,0.12603364744931034
M0075,14,2,Aversion,0.1884561306774104,0.8115438693225908
M0075,15,2,Aversion,0.4410862093111387,0.5589137906888628
M0075,16,2,Aversion,0.22119791812948106,0.7788020818705198
M0075,17,2,Aversion,0.1921806876345176,0.8078193123654821
M0075,18,2,Aversion,0.14075663304340627,0.8592433669565944
M0075,19,1,Appreciation,0.8591016298598688,0.14089837014013265
M0075,20,1,Appreciation,0.8484215126202769,0.15157848737972351
M0075,21,2,Aversion,0.2133165505168553,0.7866834494831463
M0075,22,1,Appreciation,0.6399066034274632,0.36009339657253786
M0075,23,2,Aversion,0.269690360231987,0.7303096397680143
M0075,24,2,Aversion,0.11243440578420315,0.8875655942157976
M0075,25,1,Appreciation,0.5109508571321859,0.48904914286781337
M0075,26,2,Aversion,0.01557619374703464,0.984423806252965
M0076,2,1,Appreciation,0.9947594297409313,0.005240570259068806
M0076,3,1,Appreciation,0.649033635773988,0.3509663642260123
M0076,4,1,Appreciation,0.751521631104612,0.24847836889538716
M0076,5,2,Aversion,0.14060487085937812,0.8593951291406228
M0076,6,2,Aversion,0.13696124655935116,0.86303875344065
M0076,7,1,Appreciation,0.9563407657589609,0.04365923424103926
M0076,8,1,Appreciation,0.8804572330956968,0.11954276690430249
M0076,9,2,Aversion,0.20930858648949568,0.7906914135105036
M0076,10,1,Appreciation,0.5990993501821823,0.400900649817818
M0076,11,2,Aversion,0.1592855312613428,0.8407144687386585
M0076,12,2,Aversion,0.06394184360162147,0.9360581563983771
M0076,13,1,Appreciation,0.6405620945581219,0.3594379054418765
M0076,14,2,Aversion,0.0139486292901939,0.9860513707098061
M0076,15,2,Aversion,0.08028925072418944,0.9197107492758098
M0076,16,2,Aversion,0.037548660827754515,0.9624513391722446
M0076,17,2,Aversion,0.22587690458793974,0.7741230954120604
M0076,18,1,Appreciation,0.9995035999247133,0.000496400075286908
M0076,19,2,Aversion,0.04801410945648971,0.9519858905435111
M0076,20,2,Aversion,0.33565372128630083,0.6643462787136976
M0076,21,2,Aversion,0.28548831249427137,0.7145116875057284
M0076,22,2,Aversion,0.04807390699134552,0.9519260930086547
M0076,23,1,Appreciation,0.9910306968258289,0.008969303174171921
M0076,24,2,Aversion,0.04062320124875323,0.9593767987512468
M0076,25,2,Aversion,0.017530071582832103,0.9824699284171688
M0076,26,2,Aversion,0.0057821111986639875,0.994217888801335
M0077,2,1,Appreciation,0.8068303627957815,0.19316963720421737
M0077,3,2,Aversion,0.4108602791451036,0.589139720854895
M0077,4,1,Appreciation,0.9867681858779959,0.01323181412200542
M0077,5,2,Aversion,0.41911573117812473,0.5808842688218767
M0077,6,1,Appreciation,0.9797821347248793,0.020217865275122156
M0077,7,2,Aversion,0.3655685405864515,0.6344314594135472
M0077,8,2,Aversion,0.24691714355299935,0.7530828564470018
M0077,9,2,Aversion,0.09773837105061366,0.9022616289493871
M0077,10,2,Aversion,0.12192889517596235,0.8780711048240373
M0077,11,2,Aversion,0.08686026435040847,0.9131397356495918
M0077,12,1,Appreciation,0.6723274939633294,0.3276725060366697
M0077,13,2,Aversion,0.4978583724137538,0.5021416275862449
M0077,14,2,Aversion,0.017908636011493794,0.9820913639885063
M0077,15,2,Aversion,0.04715750305347558,0.9528424969465251
M0077,16,2,Aversion,0.06289271331797196,0.9371072866820264
M0077,17,1,Appreciation,0.7442361585530374,0.2557638414469621
M0077,18,1,Appreciation,0.8527932105852011,0.14720678941480006
M0077,19,1,Appreciation,0.7727533247902777,0.22724667520972186
M0077,20,2,Aversion,0.17658318158838432,0.8234168184116164
M0077,21,2,Aversion,0.3524091328924423,0.6475908671075561
M0077,22,2,Aversion,0.27623421821565425,0.7237657817843449
M0077,23,2,Aversion,0.0224033307378051,0.9775966692621963
M0077,24,2,Aversion,0.05278386026937636,0.9472161397306221
M0077,25,2,Aversion,0.08583636615948831,0.9141636338405117
M0077,26,2,Aversion,0.09888883518936174,0.9011111648106381
M0078,2,2,Aversion,0.45252661227237706,0.5474733877276242
M0078,3,1,Appreciation,0.9999077580406623,9.224195933754114e-05
M0078,4,1,Appreciation,0.9116560224115884,0.08834397758841143
M0078,5,1,Appreciation,0.995888334826475,0.004111665173524732
M0078,6,1,Appreciation,0.999998049437595,1.950562405090937e-06
M0078,7,1,Appreciation,0.956159650706216,0.04384034929378546
M0078,8,1,Appreciation,0.9586806894903878,0.041319310509611795
M0078,9,1,Appreciation,0.950565840095139,0.049434159904861184
M0078,10,1,Appreciation,0.9984735459858186,0.0015264540141809201
M0078,11,1,Appreciation,0.9060585201977207,0.09394147980228028
M0078,12,1,Appreciation,0.872304314405379,0.12769568559462244
M0078,13,2,Aversion,0.01179728979130255,0.9882027102086961
M0078,14,1,Appreciation,0.9745687081784044,0.025431291821595224
M0078,15,2,Aversion,0.31942768331067745,0.6805723166893217
M0078,16,1,Appreciation,0.9368054195922141,0.06319458040778703
M0078,17,1,Appreciation,0.951569618816196,0.04843038118380509
M0078,18,2,Aversion,0.0449716826490789,0.9550283173509222
M0078,19,2,Aversion,0.4486360944648548,0.5513639055351454
M0078,20,2,Aversion,0.3183471747341118,0.681652825265888
M0078,21,1,Appreciation,0.8870947645389647,0.11290523546103663
M0078,22,2,Aversion,0.004906828633101813,0.9950931713668986
M0078,23,1,Appreciation,0.836231996278238,0.16376800372176104
M0078,24,2,Aversion,0.13911952552904533,0.8608804744709558
M0078,25,1,Appreciation,0.9497488657066275,0.05025113429337141
M0078,26,2,Aversion,0.26495159238803256,0.7350484076119675
M0079,2,1,Appreciation,0.995109088442474,0.004890911557526934
M0079,3,1,Appreciation,0.9999015054033654,9.8494596635059e-05
M0079,4,2,Aversion,0.360541317017337,0.6394586829826634
M0079,5,1,Appreciation,0.9615666711196277,0.03843332888037392
M0079,6,2,Aversion,0.41102263040997944,0.5889773695900201
M0079,7,2,Aversion,0.14905162374787784,0.850948376252123
M0079,8,1,Appreciation,0.9388859107119335,0.06111408928806684
M0079,9,1,Appreciation,0.5465316912871037,0.4534683087128948
M0079,10,1,Appreciation,0.5376762693794019,0.4623237306205966
M0079,11,1,Appreciation,0.9882337582805449,0.011766241719455528
M0079,12,2,Aversion,0.24156343991294885,0.7584365600870503
M0079,13,1,Appreciation,0.563922036713757,0.4360779632862442
M0079,14,2,Aversion,0.2866003919793865,0.7133996080206149
M0079,15,1,Appreciation,0.6903730059419237,0.3096269940580776
M0079,16,2,Aversion,0.3533759822983731,0.6466240177016279
M0079,17,2,Aversion,0.11679680385209879,0.8832031961479007
M0079,18,2,Aversion,0.05539107799984639,0.9446089220001551
M0079,19,2,Aversion,0.05212505921764303,0.9478749407823567
M0079,20,1,Appreciation,0.9369168141922802,0.06308318580772022
M0079,21,1,Appreciation,0.7237135404894987,0.2762864595104998
M0079,22,2,Aversion,0.0027713220799032213,0.9972286779200983
M0079,23,2,Aversion,0.13337871888220407,0.8666212811177946
M0079,24,1,Appreciation,0.5927793603651443,0.4072206396348548
M0079,25,2,Aversion,0.029354393146312743,0.9706456068536874
M0079,26,2,Aversion,0.15382341084914247,0.8461765891508591
M0080,2,1,Appreciation,0.9637591757761802,0.036240824223819475
M0080,3,1,Appreciation,0.9789974113301841,0.021002588669816528
M0080,4,1,Appreciation,0.9893151145757199,0.010684885424280107
M0080,5,1,Appreciation,0.9868035918977606,0.013196408102238733
M0080,6,1,Appreciation,0.848152726210318,0.15184727378968113
M0080,7,1,Appreciation,0.6875425737553224,0.31245742624467693
M0080,8,1,Appreciation,0.9334980148017289,0.06650198519827138
M0080,9,2,Aversion,0.10567430712209533,0.8943256928779052
M0080,10,1,Appreciation,0.9977812232552097,0.0022187767447899103
M0080,11,2,Aversion,0.21926779959079787,0.7807322004092023
M0080,12,1,Appreciation,0.5749312527974249,0.4250687472025743
M0080,13,1,Appreciation,0.7582763826629612,0.24172361733703876
M0080,14,1,Appreciation,0.9735725025691622,0.026427497430838442
M0080,15,2,Aversion,0.011569727217765757,0.9884302727822336
M0080,16,2,Aversion,0.2579299780131056,0.7420700219868943
M0080,17,2,Aversion,0.31809092086785756,0.6819090791321433
M0080,18,1,Appreciation,0.9671991992276219,0.03280080077237811
M0080,19,2,Aversion,0.2221216478449059,0.7778783521550944
M0080,20,2,Aversion,0.1391789874088055,0.8608210125911947
M0080,21,2,Aversion,0.020558255162366628,0.9794417448376337
M0080,22,2,Aversion,0.20224253858409905,0.7977574614159015
M0080,23,2,Aversion,0.27601897792591285,0.7239810220740877
M0080,24,2,Aversion,0.23124750778259728,0.7687524922174019
M0080,25,1,Appreciation,0.5321902177315407,0.4678097822684588
M0080,26,2,Aversion,0.07280287029974972,0.9271971297002505
M0081,2,2,Aversion,0.43682695506605357,0.5631730449339478
M0081,3,1,Appreciation,0.5152995773311341,0.48470042266886604
M0081,4,1,Appreciation,0.993800063701088,0.006199936298913296
M0081,5,1,Appreciation,0.9352238835306513,0.06477611646935023
M0081,6,1,Appreciation,0.9653709824539752,0.03462901754602456
M0081,7,1,Appreciation,0.7658635229336226,0.23413647706637641
M0081,8,1,Appreciation,0.6502146511987906,0.349785348801208
M0081,9,2,Aversion,0.24965650826210814,0.7503434917378916
M0081,10,1,Appreciation,0.7533756042622837,0.24662439573771636
M0081,11,1,Appreciation,0.7485156082094611,0.25148439179053866
M0081,12,2,Aversion,0.140420902637934,0.8595790973620663
M0081,13,2,Aversion,0.09706221884187996,0.9029377811581191
M0081,14,1,Appreciation,0.6708991827252677,0.32910081727473334
M0081,15,2,Aversion,0.4662904146167036,0.5337095853832962
M0081,16,1,Appreciation,0.6187924414525564,0.3812075585474434
M0081,17,2,Aversion,0.17465085817498263,0.8253491418250191
M0081,18,2,Aversion,0.46496117165765477,0.5350388283423467
M0081,19,2,Aversion,0.009361726068433558,0.9906382739315651
M0081,20,1,Appreciation,0.9895071263280298,0.010492873671968595
M0081,21,1,Appreciation,0.5982432514742848,0.40175674852571536
M0081,22,1,Appreciation,0.6461074135437379,0.3538925864562606
M0081,23,2,Aversion,0.06600071439633118,0.9339992856036683
M0081,24,2,Aversion,0.028630768506188713,0.9713692314938097
M0081,25,2,Aversion,0.21964382410073793,0.7803561758992624
M0081,26,1,Appreciation,0.5075812359218792,0.49241876407812035
M0082,2,1,Appreciation,0.9931014796271463,0.006898520372854032
M0082,3,1,Appreciation,0.7659796960985805,0.2340203039014178
M0082,4,1,Appreciation,0.7245483473837538,0.27545165261624743
M0082,5,1,Appreciation,0.9976888880321116,0.0023111119678878482
M0082,6,1,Appreciation,0.9523590112165196,0.047640988783481414
M0082,7,1,Appreciation,0.8748018908922294,0.12519810910777057
M0082,8,1,Appreciation,0.6622775686887443,0.3377224313112543
M0082,9,2,Aversion,0.18880678943936782,0.8111932105606314
M0082,10,1,Appreciation,0.9999999795420715,2.0457926754447048e-08
M0082,11,1,Appreciation,0.994054131788648,0.005945868211350847
M0082,12,2,Aversion,0.14687949697764655,0.853120503022353
M0082,13,2,Aversion,0.13652488801001078,0.8634751119899886
M0082,14,2,Aversion,0.008836837722073653,0.9911631622779249
M0082,15,1,Appreciation,0.9991041540097758,0.0008958459902243032
M0082,16,1,Appreciation,0.6446717392975809,0.35532826070241974
M0082,17,1,Appreciation,0.8730356151992532,0.1269643848007453
M0082,18,2,Aversion,0.02418219399389007,0.9758178060061086
M0082,19,1,Appreciation,0.5992509592971561,0.40074904070284206
M0082,20,1,Appreciation,0.873154103042323,0.12684589695767776
M0082,21,2,Aversion,0.15236137591055404,0.8476386240894452
M0082,22,2,Aversion,0.2393121128644743,0.7606878871355249
M0082,23,1,Appreciation,0.7639137671120731,0.23608623288792607
M0082,24,2,Aversion,0.17736918236995322,0.8226308176300464
M0082,25,2,Aversion,0.15318885667959325,0.8468111433204067
M0082,26,2,Aversion,0.047976526201308836,0.952023473798691
M0083,2,1,Appreciation,0.9797690763872454,0.020230923612756295
M0083,3,1,Appreciation,0.7757859958825609,0.22421400411743753
M0083,4,2,Aversion,0.1244270965360245,0.8755729034639751
M0083,5,1,Appreciation,0.5706474414053276,0.42935255859467397
M0083,6,2,Aversion,0.4520715725237222,0.5479284274762795
M0083,7,1,Appreciation,0.9676311049691404,0.032368895030858436
M0083,8,1,Appreciation,0.9475467281219543,0.05245327187804652
M0083,9,2,Aversion,0.2869221585746456,0.7130778414253528
M0083,10,2,Aversion,0.20161849929222897,0.7983815007077723
M0083,11,2,Aversion,0.3947470061253645,0.6052529938746344
M0083,12,1,Appreciation,0.6817558915398848,0.31824410846011636
M0083,13,1,Appreciation,0.9543546248832632,0.0456453751167371
M0083,14,2,Aversion,0.30857537626199216,0.6914246237380062
M0083,15,2,Aversion,0.4094410985153081,0.5905589014846913
M0083,16,1,Appreciation,0.6165177848229608,0.3834822151770399
M0083,17,2,Aversion,0.10954378733377211,0.8904562126662292
M0083,18,1,Appreciation,0.9818586401620323,0.018141359837966244
M0083,19,1,Appreciation,0.6286620437224774,0.3713379562775241
M0083,20,1,Appreciation,0.5074259124787205,0.49257408752127985
M0083,21,1,Appreciation,0.5384778694678908,0.4615221305321097
M0083,22,2,Aversion,0.049220896122940644,0.9507791038770584
M0083,23,2,Aversion,0.34192778945038016,0.6580722105496183
M0083,24,2,Aversion,0.14226806758210012,0.8577319324178986
M0083,25,2,Aversion,0.19534322768573636,0.8046567723142619
M0083,26,2,Aversion,0.16531175228736242,0.8346882477126373
M0084,2,1,Appreciation,0.6717752310134025,0.32822476898659736
M0084,3,2,Aversion,0.2948087419487576,0.7051912580512407
M0084,4,1,Appreciation,0.6427896758327419,0.35721032416725784
M0084,5,1,Appreciation,0.995406995837226,0.004593004162774037
M0084,6,1,Appreciation,0.9668236449810811,0.03317635501892066
M0084,7,1,Appreciation,0.9586281489628135,0.04137185103718705
M0084,8,1,Appreciation,0.7917021765756325,0.20829782342436626
M0084,9,1,Appreciation,0.8129448670920496,0.18705513290794973
M0084,10,1,Appreciation,0.9790329110400303,0.020967088959969186
M0084,11,1,Appreciation,0.9999243438700024,7.565612999752319e-05
M0084,12,1,Appreciation,0.8588373705481017,0.14116262945189725
M0084,13,1,Appreciation,0.7383109663634092,0.2616890336365893
M0084,14,2,Aversion,0.20610998345932421,0.793890016540676
M0084,15,2,Aversion,0.41473020051943255,0.5852697994805666
M0084,16,2,Aversion,0.11598850585466998,0.88401149414533
M0084,17,2,Aversion,0.17464150488517236,0.8253584951148283
M0084,18,1,Appreciation,0.536415447795686,0.46358455220431516
M0084,19,2,Aversion,0.49461035772185996,0.5053896422781409
M0084,20,2,Aversion,0.1291434152452275,0.8708565847547732
M0084,21,2,Aversion,0.43039646595979,0.5696035340402101
M0084,22,2,Aversion,0.07562286557781225,0.9243771344221888
M0084,23,2,Aversion,0.129775458219796,0.8702245417802031
M0084,24,2,Aversion,0.044517379727071274,0.95548262027293
M0084,25,1,Appreciation,0.9891362298591192,0.010863770140881218
M0084,26,2,Aversion,0.06465522020153153,0.9353447797984676
M0085,2,2,Aversion,0.18934817813054966,0.810651821869452
M0085,3,1,Appreciation,0.9840075484389468,0.015992451561054572
M0085,4,1,Appreciation,0.9793190027884834,0.020680997211515804
M0085,5,1,Appreciation,0.9978805494040762,0.0021194505959240147
M0085,6,1,Appreciation,0.5725804078143161,0.4274195921856822
M0085,7,1,Appreciation,0.9999250972796663,7.49027203320285e-05
M0085,8,1,Appreciation,0.9962578558852001,0.003742144114798328
M0085,9,2,Aversion,0.009190291047262971,0.9908097089527373
M0085,10,1,Appreciation,0.9315632872933758,0.06843671270662245
M0085,11,1,Appreciation,0.9930741274466229,0.006925872553378383
M0085,12,2,Aversion,0.2768355480047174,0.723164451995283
M0085,13,2,Aversion,0.018463240017214545,0.981536759982785
M0085,14,2,Aversion,0.14013267278116653,0.8598673272188329
M0085,15,2,Aversion,0.4888313184754417,0.5111686815245573
M0085,16,2,Aversion,0.002358351508030103,0.9976416484919706
M0085,17,1,Appreciation,0.8554457189714766,0.14455428102852494
M0085,18,2,Aversion,0.3959023646196869,0.604097635380314
M0085,19,1,Appreciation,0.601968122887498,0.39803187711250076
M0085,20,2,Aversion,0.04146850883798242,0.9585314911620163
M0085,21,2,Aversion,0.4825791982417159,0.5174208017582844
M0085,22,2,Aversion,0.07430610816495883,0.925693891835041
M0085,23,2,Aversion,0.07216218128639978,0.9278378187136007
M0085,24,2,Aversion,0.03279820390715957,0.9672017960928393
M0085,25,2,Aversion,0.03793843522060757,0.9620615647793929
M0085,26,2,Aversion,0.016980655414841606,0.9830193445851585
M0086,2,1,Appreciation,0.9999956785683475,4.321431652866602e-06
M0086,3,1,Appreciation,0.9661158032425979,0.033884196757402285
M0086,4,1,Appreciation,0.9999701950355325,2.980496446761753e-05
M0086,5,1,Appreciation,0.9999636128437164,3.638715628397556e-05
M0086,6,1,Appreciation,0.9973345062080061,0.002665493791993518
M0086,7,1,Appreciation,0.9999613873023265,3.861269767372575e-05
M0086,8,1,Appreciation,0.7207516094962398,0.27924839050375877
M0086,9,2,Aversion,0.3835712000235087,0.616428799976493
M0086,10,1,Appreciation,0.9938651488235066,0.006134851176494585
M0086,11,1,Appreciation,0.9645582300901255,0.035441769909875985
M0086,12,2,Aversion,0.11067840788044933,0.8893215921195496
M0086,13,1,Appreciation,0.608041132692611,0.3919588673073878
M0086,14,1,Appreciation,0.7344072004623592,0.265592799537641
M0086,15,1,Appreciation,0.8921813368354653,0.10781866316453377
M0086,16,2,Aversion,0.21487087257996637,0.7851291274200332
M0086,17,2,Aversion,0.19011121839608663,0.8098887816039123
M0086,18,1,Appreciation,0.6607707270342187,0.33922927296578287
M0086,19,1,Appreciation,0.6049406256529781,0.39505937434702165
M0086,20,1,Appreciation,0.9588080364275149,0.04119196357248648
M0086,21,2,Aversion,0.050572319076710115,0.9494276809232903
M0086,22,2,Aversion,0.06516838037904513,0.9348316196209535
M0086,23,2,Aversion,0.16147131268325546,0.8385286873167453
M0086,24,2,Aversion,0.14886910050712573,0.8511308994928728
M0086,25,2,Aversion,0.1844432859973666,0.815556714002633
M0086,26,2,Aversion,0.03824951558714493,0.9617504844128556
M0087,2,1,Appreciation,0.7886754053586776,0.21132459464132156
M0087,3,1,Appreciation,0.9999043167131699,9.568328682857673e-05
M0087,4,1,Appreciation,0.74074960721022,0.2592503927897804
M0087,5,1,Appreciation,0.8535974246416603,0.14640257535834067
M0087,6,1,Appreciation,0.929825557175444,0.07017444282455484
M0087,7,1,Appreciation,0.8632956103102972,0.1367043896897015
M0087,8,1,Appreciation,0.9924221371532227,0.007577862846776394
M0087,9,1,Appreciation,0.6165281542276004,0.3834718457724003
M0087,10,1,Appreciation,0.737855232695354,0.26214476730464525
M0087,11,2,Aversion,0.24215238203314554,0.7578476179668544
M0087,12,1,Appreciation,0.9607256859871252,0.03927431401287378
M0087,13,1,Appreciation,0.7766818711915543,0.2233181288084472
M0087,14,1,Appreciation,0.9533478300292524,0.04665216997074652
M0087,15,2,Aversion,0.018996206548608948,0.9810037934513908
M0087,16,2,Aversion,0.02484733562010733,0.9751526643798919
M0087,17,1,Appreciation,0.533621855916803,0.4663781440831973
M0087,18,2,Aversion,0.38344673812172836,0.6165532618782706
M0087,19,2,Aversion,0.3912310954280829,0.6087689045719185
M0087,20,1,Appreciation,0.5858602156516193,0.41413978434838195
M0087,21,1,Appreciation,0.8472624586098064,0.15273754139019236
M0087,22,2,Aversion,0.12762459817707664,0.8723754018229235
M0087,23,2,Aversion,0.16658727094829617,0.8334127290517038
M0087,24,2,Aversion,0.11262842176421343,0.8873715782357876
M0087,25,1,Appreciation,0.977810640682276,0.022189359317725765
M0087,26,2,Aversion,0.033732173806322804,0.9662678261936758
M0088,2,1,Appreciation,0.5486679751759186,0.45133202482408297
M0088,3,1,Appreciation,0.99406154449037,0.005938455509630378
M0088,4,1,Appreciation,0.826529625853127,0.17347037414687208
M0088,5,2,Aversion,0.1271539730907954,0.8728460269092055
M0088,6,1,Appreciation,0.7826602052163827,0.21733979478361753
M0088,7,1,Appreciation,0.6555971799020948,0.3444028200979054
M0088,8,1,Appreciation,0.6099855616785367,0.39001443832146443
M0088,9,1,Appreciation,0.7658209790639944,0.23417902093600496
M0088,10,2,Aversion,0.276962631909451,0.7230373680905494
M0088,11,2,Aversion,0.3986181298646847,0.6013818701353136
M0088,12,1,Appreciation,0.9847547637421284,0.015245236257870652
M0088,13,2,Aversion,0.24607749243328084,0.753922507566718
M0088,14,1,Appreciation,0.6383450284351087,0.3616549715648914
M0088,15,2,Aversion,0.49996331488209544,0.5000366851179039
M0088,16,1,Appreciation,0.7699040373070102,0.23009596269298896
M0088,17,2,Aversion,0.12238278476268477,0.8776172152373163
M0088,18,2,Aversion,0.23623436668985076,0.7637656333101476
M0088,19,2,Aversion,0.44652394058211853,0.5534760594178798
M0088,20,1,Appreciation,0.9825706447278224,0.017429355272176768
M0088,21,2,Aversion,0.16527825250586656,0.8347217474941327
M0088,22,2,Aversion,0.30225209410112674,0.6977479058988729
M0088,23,2,Aversion,0.128953403326283,0.8710465966737158
M0088,24,2,Aversion,0.3701504385490795,0.629849561450919
M0088,25,1,Appreciation,0.8459980297447393,0.1540019702552592
M0088,26,2,Aversion,0.09846617271193571,0.9015338272880629
M0089,2,1,Appreciation,0.5348872263559582,0.46511277364404136
M0089,3,2,Aversion,0.34069449119248757,0.6593055088075117
M0089,4,1,Appreciation,0.9832140364791919,0.01678596352080797
M0089,5,1,Appreciation,0.9882523822555672,0.011747617744432953
M0089,6,1,Appreciation,0.9971548161630914,0.0028451838369077213
M0089,7,1,Appreciation,0.8250418875084007,0.1749581124915986
M0089,8,2,Aversion,0.2688021186993127,0.7311978813006875
M0089,9,2,Aversion,0.4124202286872134,0.5875797713127873
M0089,10,1,Appreciation,0.9969514561826639,0.003048543817336768
M0089,11,2,Aversion,0.2900782632266258,0.7099217367733743
M0089,12,2,Aversion,0.33195563458845734,0.668044365411543
M0089,13,2,Aversion,0.3397667813560743,0.6602332186439249
M0089,14,1,Appreciation,0.6843648705435137,0.31563512945648564
M0089,15,2,Aversion,0.0221301161995002,0.9778698838005002
M0089,16,2,Aversion,0.22074329379457783,0.7792567062054214
M0089,17,2,Aversion,0.041200627053650414,0.9587993729463502
M0089,18,2,Aversion,0.3705810703793072,0.6294189296206929
M0089,19,1,Appreciation,0.5804146324495805,0.4195853675504198
M0089,20,2,Aversion,0.11096056077651896,0.8890394392234803
M0089,21,2,Aversion,0.11100137282565337,0.8889986271743471
M0089,22,2,Aversion,0.10261247469315161,0.8973875253068488
M0089,23,2,Aversion,0.13400505272342927,0.8659949472765708
M0089,24,2,Aversion,0.1843206729151582,0.8156793270848427
M0089,25,2,Aversion,0.13649331625059974,0.8635066837494
M0089,26,2,Aversion,0.01864287690146348,0.9813571230985374
M0090,2,1,Appreciation,0.9503802048864607,0.049619795113538506
M0090,3,1,Appreciation,0.8500119256821824,0.14998807431781772
M0090,4,1,Appreciation,0.6899190293163986,0.3100809706836027
M0090,5,1,Appreciation,0.7935639151281426,0.20643608487185702
M0090,6,1,Appreciation,0.9913295470650069,0.008670452934993906
M0090,7,1,Appreciation,0.9761873823131659,0.023812617686835565
M0090,8,1,Appreciation,0.8577739051384006,0.14222609486160037
M0090,9,1,Appreciation,0.9273227366562811,0.07267726334372017
M0090,10,1,Appreciation,0.6095543357150721,0.39044566428492866
M0090,11,1,Appreciation,0.9880684042566789,0.011931595743320188
M0090,12,1,Appreciation,0.6463961389287582,0.35360386107124303
M0090,13,1,Appreciation,0.9867556984214894,0.013244301578511523
M0090,14,1,Appreciation,0.9647379828569297,0.03526201714307179
M0090,15,2,Aversion,0.013816883401730427,0.986183116598271
M0090,16,1,Appreciation,0.810918846315953,0.18908115368404868
M0090,17,2,Aversion,0.3169735817861025,0.6830264182138959
M0090,18,2,Aversion,0.1509952906268133,0.8490047093731856
M0090,19,1,Appreciation,0.6475887566229357,0.35241124337706514
M0090,20,2,Aversion,0.11634052963796715,0.8836594703620311
M0090,21,2,Aversion,0.34272524071466764,0.6572747592853307
M0090,22,2,Aversion,0.031664707244806474,0.9683352927551953
M0090,23,2,Aversion,0.26545904400505493,0.7345409559949455
M0090,24,2,Aversion,0.03469700264766447,0.9653029973523349
M0090,25,1,Appreciation,0.6167118967539857,0.3832881032460139
M0090,26,2,Aversion,0.016624825082065038,0.9833751749179341
M0091,2,1,Appreciation,0.5446997890667801,0.4553002109332196
M0091,3,1,Appreciation,0.5840126532784814,0.415987346721519
M0091,4,1,Appreciation,0.5981841614543042,0.4018158385456947
M0091,5,1,Appreciation,0.7819427360175051,0.21805726398249387
M0091,6,1,Appreciation,0.8178004138372627,0.18219958616273615
M0091,7,1,Appreciation,0.9814227269375964,0.018577273062404257
M0091,8,1,Appreciation,0.978688945496989,0.021311054503011878
M0091,9,1,Appreciation,0.5466652369881714,0.4533347630118296
M0091,10,2,Aversion,0.2558570686947525,0.7441429313052484
M0091,11,1,Appreciation,0.7999546288614146,0.20004537113858412
M0091,12,2,Aversion,0.4662252394199424,0.5337747605800577
M0091,13,1,Appreciation,0.511186022872148,0.48881397712785146
M0091,14,2,Aversion,0.07511183636848612,0.924888163631515
M0091,15,2,Aversion,0.35911188809443156,0.6408881119055673
M0091,16,2,Aversion,0.11373299986906286,0.8862670001309388
M0091,17,1,Appreciation,0.9838706280379559,0.016129371962044444
M0091,18,2,Aversion,0.43134145346830305,0.5686585465316958
M0091,19,1,Appreciation,0.6911131160659957,0.3088868839340027
M0091,20,1,Appreciation,0.8309175845827828,0.16908241541721714
M0091,21,2,Aversion,0.17091312112120127,0.8290868788787984
M0091,22,2,Aversion,0.35823098985651697,0.641769010143482
M0091,23,2,Aversion,0.0682308171715405,0.9317691828284602
M0091,24,2,Aversion,0.04658657115150566,0.9534134288484944
M0091,25,1,Appreciation,0.926915262484831,0.07308473751516824
M0091,26,2,Aversion,0.0752724022203394,0.9247275977796596
M0092,2,1,Appreciation,0.5576732008157144,0.442326799184284
M0092,3,1,Appreciation,0.5691400000085204,0.4308599999914793
M0092,4,1,Appreciation,0.9624790183605619,0.037520981639439385
M0092,5,1,Appreciation,0.6132597232413245,0.38674027675867395
M0092,6,1,Appreciation,0.884903643031042,0.11509635696895798
M0092,7,1,Appreciation,0.8628279208928212,0.13717207910717893
M0092,8,1,Appreciation,0.5371423075416446,0.4628576924583537
M0092,9,2,Aversion,0.17248258113788797,0.8275174188621137
M0092,10,2,Aversion,0.10101224586755964,0.898987754132442
M0092,11,2,Aversion,0.059232309853920743,0.9407676901460782
M0092,12,1,Appreciation,0.7905095364934687,0.2094904635065327
M0092,13,2,Aversion,0.24829945459183464,0.7517005454081647
M0092,14,2,Aversion,0.4414778271844252,0.5585221728155754
M0092,15,1,Appreciation,0.6117298145963546,0.388270185403647
M0092,16,2,Aversion,0.13893934694808,0.8610606530519194
M0092,17,2,Aversion,0.11182992218995788,0.8881700778100421
M0092,18,1,Appreciation,0.7295900067897462,0.27040999321025305
M0092,19,2,Aversion,0.02857960539741466,0.9714203946025844
M0092,20,2,Aversion,0.011893213741840894,0.9881067862581585
M0092,21,2,Aversion,0.006254842983916212,0.9937451570160827
M0092,22,2,Aversion,0.2807605409038887,0.7192394590961101
M0092,23,2,Aversion,0.02125737964442043,0.978742620355581
M0092,24,2,Aversion,0.001601961963205413,0.9983980380367942
M0092,25,1,Appreciation,0.8540692893858358,0.145930710614163
M0092,26,2,Aversion,0.024662854976356244,0.9753371450236433
M0093,2,1,Appreciation,0.7701691420490054,0.22983085795099578
M0093,3,2,Aversion,0.14023067214819512,0.8597693278518038
M0093,4,1,Appreciation,0.9387315019095666,0.06126849809043431
M0093,5,1,Appreciation,0.523158909224146,0.4768410907758547
M0093,6,1,Appreciation,0.9922727198852699,0.0077272801147295804
M0093,7,1,Appreciation,0.9524566882177656,0.04754331178223388
M0093,8,1,Appreciation,0.6984496684442701,0.3015503315557303
M0093,9,2,Aversion,0.017792595825241612,0.98220740417476
M0093,10,2,Aversion,0.019755278539455946,0.9802447214605436
M0093,11,2,Aversion,0.024730692151430516,0.9752693078485701
M0093,12,1,Appreciation,0.9925809590770832,0.007419040922915631
M0093,13,2,Aversion,0.14734111570095654,0.8526588842990428
M0093,14,1,Appreciation,0.9953161769610196,0.004683823038981666
M0093,15,1,Appreciation,0.982814004308717,0.017185995691282947
M0093,16,1,Appreciation,0.6977928416085925,0.302207158391406
M0093,17,2,Aversion,0.24864237533051886,0.7513576246694796
M0093,18,2,Aversion,0.11701011769856093,0.8829898823014374
M0093,19,2,Aversion,0.023415126220602895,0.9765848737793986
M0093,20,2,Aversion,0.05717605800248863,0.94282394199751
M0093,21,2,Aversion,0.26495182329048445,0.7350481767095173
M0093,22,2,Aversion,0.01476497467943155,0.9852350253205671
M0093,23,2,Aversion,0.19875871884969,0.801241281150311
M0093,24,2,Aversion,0.20196831444829774,0.7980316855517026
M0093,25,2,Aversion,0.2538345533226434,0.7461654466773558
M0093,26,2,Aversion,0.09434240138841708,0.905657598611582
M0094,2,1,Appreciation,0.9689026528924062,0.031097347107595028
M0094,3,2,Aversion,0.15234480480563575,0.8476551951943635
M0094,4,1,Appreciation,0.6997883135267636,0.3002116864732381
M0094,5,2,Aversion,0.2096203059441233,0.7903796940558767
M0094,6,1,Appreciation,0.8430889305661663,0.15691106943383493
M0094,7,1,Appreciation,0.8071912552630043,0.1928087447369974
M0094,8,2,Aversion,0.3359429712582416,0.6640570287417592
M0094,9,1,Appreciation,0.7215646580295298,0.27843534197046965
M0094,10,1,Appreciation,0.99969216893258,0.00030783106742027715
M0094,11,2,Aversion,0.4669642476161232,0.533035752383875
M0094,12,2,Aversion,0.37043530169014954,0.6295646983098514
M0094,13,2,Aversion,0.2056802119664355,0.7943197880335656
M0094,14,2,Aversion,0.18430472530329178,0.8156952746967066
M0094,15,2,Aversion,0.0436714154908574,0.9563285845091428
M0094,16,1,Appreciation,0.7888166253428388,0.21118337465716058
M0094,17,1,Appreciation,0.8207962807017923,0.1792037192982089
M0094,18,2,Aversion,0.022897984662922567,0.9771020153370763
M0094,19,1,Appreciation,0.9765410481482417,0.02345895185175709
M0094,20,2,Aversion,0.11637434593457813,0.8836256540654209
M0094,21,2,Aversion,0.02145346240141153,0.9785465375985878
M0094,22,2,Aversion,0.0005394769564731927,0.9994605230435257
M0094,23,2,Aversion,0.03519464382132604,0.9648053561786722
M0094,24,2,Aversion,0.05334149764724179,0.9466585023527594
M0094,25,2,Aversion,0.06348790604922955,0.9365120939507701
M0094,26,2,Aversion,0.050681567340148094,0.9493184326598534
M0095,2,1,Appreciation,0.50276000443117,0.4972399955688308
M0095,3,1,Appreciation,0.9212274244131339,0.07877257558686575
M0095,4,1,Appreciation,0.973853873898888,0.026146126101112326
M0095,5,1,Appreciation,0.9998230970983075,0.0001769029016909872
M0095,6,1,Appreciation,0.8941354309814727,0.10586456901852828
M0095,7,1,Appreciation,0.9971299581175418,0.002870041882456689
M0095,8,1,Appreciation,0.550138618193708,0.4498613818062914
M0095,9,2,Aversion,0.1380256515211683,0.86197434847883
M0095,10,2,Aversion,0.4450666241963046,0.5549333758036953
M0095,11,1,Appreciation,0.9184720099272973,0.08152799007270131
M0095,12,2,Aversion,0.0019470810397311047,0.9980529189602685
M0095,13,2,Aversion,0.19937098131455283,0.8006290186854486
M0095,14,1,Appreciation,0.9711302770439807,0.02886972295601826
M0095,15,2,Aversion,0.01747448798974811,0.9825255120102526
M0095,16,2,Aversion,0.04066103987752011,0.9593389601224801
M0095,17,2,Aversion,0.1389632041405144,0.8610367958594871
M0095,18,1,Appreciation,0.8245636122986694,0.17543638770133205
M0095,19,2,Aversion,0.2361027407821768,0.763897259217823
M0095,20,2,Aversion,0.43063899366550973,0.5693610063344896
M0095,21,2,Aversion,0.04856346056369815,0.9514365394363004
M0095,22,1,Appreciation,0.6512405127891626,0.34875948721083583
M0095,23,2,Aversion,0.01628387894195357,0.9837161210580454
M0095,24,2,Aversion,0.021346958382736186,0.9786530416172626
M0095,25,2,Aversion,0.009388424723783066,0.9906115752762173
M0095,26,2,Aversion,0.0965976764151253,0.9034023235848759
M0096,2,2,Aversion,0.20654092284062994,0.7934590771593684
M0096,3,1,Appreciation,0.92403652307656,0.07596347692343886
M0096,4,1,Appreciation,0.6457050945089601,0.35429490549104165
M0096,5,2,Aversion,0.4569554094473982,0.5430445905526001
M0096,6,1,Appreciation,0.9987006768292894,0.0012993231707122083
M0096,7,1,Appreciation,0.9985670494332235,0.001432950566778122
M0096,8,1,Appreciation,0.5706091755112231,0.429390824488778
M0096,9,1,Appreciation,0.9917776758136616,0.008222324186338918
M0096,10,1,Appreciation,0.7317931059081517,0.26820689409184706
M0096,11,2,Aversion,0.13001197867675035,0.8699880213232503
M0096,12,2,Aversion,0.4411481251214817,0.5588518748785177
M0096,13,1,Appreciation,0.9986116785799167,0.001388321420082612
M0096,14,2,Aversion,0.2621984375451734,0.7378015624548274
M0096,15,2,Aversion,0.2993385494163997,0.7006614505835999
M0096,16,1,Appreciation,0.9740517254265976,0.0259482745734034
M0096,17,1,Appreciation,0.5394373221698753,0.460562677830124
M0096,18,2,Aversion,0.40961026476590706,0.5903897352340937
M0096,19,2,Aversion,0.28662848424019566,0.7133715157598053
M0096,20,2,Aversion,0.05788161135598883,0.9421183886440103
M0096,21,2,Aversion,0.29485199458568356,0.7051480054143154
M0096,22,2,Aversion,0.053243726462515205,0.9467562735374851
M0096,23,2,Aversion,0.3546225250673445,0.645377474932656
M0096,24,2,Aversion,0.31922932875189525,0.6807706712481053
M0096,25,2,Aversion,0.14601396739475078,0.853986032605249
M0096,26,2,Aversion,0.15970373202731927,0.8402962679726816
M0097,2,1,Appreciation,0.9930075399898863,0.006992460010113029
M0097,3,1,Appreciation,0.7032487337888035,0.29675126621119735
M0097,4,1,Appreciation,0.959342866588075,0.04065713341192519
M0097,5,1,Appreciation,0.9846883489129671,0.015311651087031976
M0097,6,2,Aversion,0.06551131134186497,0.9344886886581364
M0097,7,1,Appreciation,0.9999779616845693,2.20383154302918e-05
M0097,8,1,Appreciation,0.9939990678092308,0.006000932190768951
M0097,9,1,Appreciation,0.9974620548245906,0.002537945175408913
M0097,10,1,Appreciation,0.9979834135243916,0.0020165864756094003
M0097,11,1,Appreciation,0.5898492114240461,0.4101507885759532
M0097,12,1,Appreciation,0.9985940489727159,0.0014059510272826843
M0097,13,1,Appreciation,0.998912258927442,0.0010877410725580524
M0097,14,2,Aversion,0.230843188583948,0.7691568114160535
M0097,15,2,Aversion,0.04663560849309545,0.953364391506903
M0097,16,2,Aversion,0.1337627729165674,0.8662372270834309
M0097,17,1,Appreciation,0.9736028232275035,0.02639717677249556
M0097,18,1,Appreciation,0.9878556452507777,0.012144354749222125
M0097,19,1,Appreciation,0.6644571438339492,0.3355428561660494
M0097,20,1,Appreciation,0.8613676009175366,0.13863239908246358
M0097,21,2,Aversion,0.006694500760862295,0.9933054992391367
M0097,22,1,Appreciation,0.9842950371333716,0.01570496286662978
M0097,23,2,Aversion,0.36296573066252635,0.637034269337475
M0097,24,2,Aversion,0.047661442435459604,0.9523385575645416
M0097,25,2,Aversion,0.05555340436431304,0.9444465956356874
M0097,26,2,Aversion,0.0587565236526299,0.9412434763473706
M0098,2,1,Appreciation,0.5092865016499206,0.49071349835007877
M0098,3,1,Appreciation,0.9999752170625789,2.4782937421617393e-05
M0098,4,1,Appreciation,0.9998975116298174,0.0001024883701824824
M0098,5,1,Appreciation,0.8061087550215642,0.1938912449784374
M0098,6,1,Appreciation,0.9927621005497956,0.007237899450204559
M0098,7,1,Appreciation,0.9983382867508893,0.0016617132491098812
M0098,8,1,Appreciation,0.5618426054269281,0.43815739457307284
M0098,9,2,Aversion,0.2678484664743718,0.7321515335256276
M0098,10,1,Appreciation,0.9343994419893369,0.06560055801066368
M0098,11,1,Appreciation,0.7211164085187082,0.27888359148129327
M0098,12,1,Appreciation,0.8292012835695987,0.17079871643040065
M0098,13,1,Appreciation,0.8400284810475669,0.15997151895243142
M0098,14,1,Appreciation,0.9968720361385255,0.003127963861473935
M0098,15,2,Aversion,0.00827792356713018,0.9917220764328704
M0098,16,1,Appreciation,0.9711620329214598,0.028837967078540017
M0098,17,2,Aversion,0.42878688903048184,0.5712131109695177
M0098,18,2,Aversion,0.015141485696932617,0.984858514303066
M0098,19,2,Aversion,0.014638987911129386,0.9853610120888721
M0098,20,1,Appreciation,0.9122678454758195,0.08773215452418098
M0098,21,2,Aversion,0.019124913834127826,0.9808750861658706
M0098,22,2,Aversion,0.2164322327844476,0.7835677672155521
M0098,23,2,Aversion,0.06232322977038577,0.937676770229613
M0098,24,2,Aversion,0.14478381342453667,0.8552161865754636
M0098,25,2,Aversion,0.055930846854667766,0.9440691531453319
M0098,26,2,Aversion,0.03824978051369521,0.9617502194863056
M0099,2,1,Appreciation,0.5138008203824733,0.4861991796175278
M0099,3,1,Appreciation,0.830810264469949,0.16918973553005226
M0099,4,1,Appreciation,0.6899432635273979,0.31005673647260257
M0099,5,2,Aversion,0.23461245885490378,0.765387541145095
M0099,6,2,Aversion,0.3481719539751596,0.6518280460248395
M0099,7,1,Appreciation,0.864299740245172,0.13570025975482927
M0099,8,2,Aversion,0.07175393546098838,0.9282460645390115
M0099,9,1,Appreciation,0.8359067731401193,0.16409322685988065
M0099,10,2,Aversion,0.02927635295242382,0.9707236470475772
M0099,11,1,Appreciation,0.9237565799112316,0.07624342008876947
M0099,12,2,Aversion,0.43661847068463155,0.5633815293153673
M0099,13,2,Aversion,0.49343449267362677,0.5065655073263731
M0099,14,2,Aversion,0.22411277622891718,0.7758872237710843
M0099,15,2,Aversion,0.06612467764453214,0.9338753223554669
M0099,16,1,Appreciation,0.5359225328648722,0.4640774671351285
M0099,17,2,Aversion,0.10671505701402054,0.8932849429859783
M0099,18,2,Aversion,0.16760267336477694,0.8323973266352239
M0099,19,2,Aversion,0.2506433485943573,0.7493566514056434
M0099,20,2,Aversion,0.3104717915248626,0.6895282084751374
M0099,21,2,Aversion,0.15470518976304723,0.8452948102369537
M0099,22,2,Aversion,0.20650872825773073,0.7934912717422691
M0099,23,2,Aversion,0.12193945806367211,0.8780605419363274
M0099,24,2,Aversion,0.014132077840666996,0.9858679221593314
M0099,25,2,Aversion,0.3644047986216155,0.6355952013783851
M0099,26,2,Aversion,0.03981618137389555,0.9601838186261059
M0100,2,1,Appreciation,0.878189886584413,0.12181011341558744
M0100,3,1,Appreciation,0.8737221682163548,0.1262778317836463
M0100,4,1,Appreciation,0.9974136906371012,0.0025863093628979406
M0100,5,1,Appreciation,0.8694714527830001,0.13052854721700113
M0100,6,1,Appreciation,0.9792838425162071,0.020716157483793886
M0100,7,1,Appreciation,0.9778644193628032,0.022135580637197345
M0100,8,1,Appreciation,0.7621582012430254,0.23784179875697606
M0100,9,2,Aversion,0.1815037798017021,0.8184962201982964
M0100,10,1,Appreciation,0.9625341144779425,0.03746588552205636
M0100,11,1,Appreciation,0.8342556742618545,0.1657443257381462
M0100,12,1,Appreciation,0.725994193310091,0.2740058066899086
M0100,13,2,Aversion,0.1924823667425161,0.8075176332574846
M0100,14,2,Aversion,0.3203917960735171,0.6796082039264835
M0100,15,2,Aversion,0.15090798769129982,0.8490920123087009
M0100,16,1,Appreciation,0.6821377078545465,0.31786229214545175
M0100,17,2,Aversion,0.07701116519797399,0.9229888348020246
M0100,18,1,Appreciation,0.9643249992411513,0.03567500075884825
M0100,19,2,Aversion,0.39203985903925465,0.6079601409607461
M0100,20,2,Aversion,0.1276104985416368,0.872389501458363
M0100,21,2,Aversion,0.010725577002953844,0.9892744229970449
M0100,22,1,Appreciation,0.5100235071045573,0.4899764928954409
M0100,23,2,Aversion,0.06002074448717852,0.9399792555128227
M0100,24,2,Aversion,0.04123014874135179,0.9587698512586467
M0100,25,2,Aversion,0.43430564942312383,0.5656943505768778
M0100,26,2,Aversion,0.05654054019026589,0.9434594598097341
M0101,2,2,Aversion,0.3365265146156658,0.6634734853843324
M0101,3,1,Appreciation,0.9895987174427376,0.010401282557261613
M0101,4,1,Appreciation,0.9690909163259951,0.03090908367400351
M0101,5,1,Appreciation,0.9982419978279423,0.001758002172056317
M0101,6,1,Appreciation,0.999182764977654,0.0008172350223446817
M0101,7,1,Appreciation,0.9788672215877138,0.021132778412286696
M0101,8,1,Appreciation,0.9995694731497344,0.0004305268502650866
M0101,9,1,Appreciation,0.9723113678667727,0.027688632133228083
M0101,10,2,Aversion,0.07117242058667494,0.9288275794133237
M0101,11,1,Appreciation,0.9415364206108193,0.058463579389182056
M0101,12,1,Appreciation,0.538121101166108,0.46187889883389327
M0101,13,2,Aversion,0.33596767929205834,0.6640323207079417
M0101,14,2,Aversion,0.27105137188860573,0.7289486281113925
M0101,15,1,Appreciation,0.9676100669862653,0.03238993301373333
M0101,16,2,Aversion,0.0932171489546748,0.9067828510453249
M0101,17,2,Aversion,0.08396947343233876,0.9160305265676603
M0101,18,2,Aversion,0.2213838752798846,0.7786161247201143
M0101,19,1,Appreciation,0.5297610404341067,0.4702389595658925
M0101,20,2,Aversion,0.004773374097892375,0.9952266259021081
M0101,21,2,Aversion,0.08683820700911886,0.9131617929908814
M0101,22,2,Aversion,0.03206620599232696,0.9679337940076734
M0101,23,1,Appreciation,0.8977168783743786,0.10228312162562073
M0101,24,2,Aversion,0.10021546469575084,0.8997845353042482
M0101,25,2,Aversion,0.00979873280602908,0.9902012671939726
M0101,26,2,Aversion,0.3957085138140905,0.6042914861859089
M0102,2,2,Aversion,0.012053787902062185,0.9879462120979369
M0102,3,2,Aversion,0.15917731380870456,0.840822686191296
M0102,4,1,Appreciation,0.99729099800064,0.0027090019993595903
M0102,5,1,Appreciation,0.9868769657004554,0.013123034299545828
M0102,6,1,Appreciation,0.9988996147779644,0.001100385222034857
M0102,7,1,Appreciation,0.8210132762399761,0.17898672376002353
M0102,8,2,Aversion,0.13601837475233536,0.8639816252476631
M0102,9,1,Appreciation,0.8664995199178654,0.13350048008213436
M0102,10,1,Appreciation,0.9514641920615212,0.04853580793847808
M0102,11,2,Aversion,0.4878881714197702,0.5121118285802295
M0102,12,1,Appreciation,0.6688039199301423,0.33119608006985807
M0102,13,1,Appreciation,0.8689316887020746,0.13106831129792415
M0102,14,1,Appreciation,0.6692908340401081,0.330709165959893
M0102,15,2,Aversion,0.3573162346595503,0.6426837653404499
M0102,16,2,Aversion,0.09651897370834388,0.9034810262916573
M0102,17,1,Appreciation,0.9831741247625552,0.01682587523744492
M0102,18,2,Aversion,0.09401540833000474,0.9059845916699935
M0102,19,2,Aversion,0.4539446281136843,0.546055371886315
M0102,20,1,Appreciation,0.6351300222210344,0.36486997777896524
M0102,21,2,Aversion,0.18742610544626528,0.8125738945537337
M0102,22,1,Appreciation,0.5979763134950684,0.4020236865049322
M0102,23,2,Aversion,0.061076688732358816,0.9389233112676417
M0102,24,1,Appreciation,0.9218041224394063,0.07819587756059213
M0102,25,1,Appreciation,0.9925713096340247,0.007428690365974221
M0102,26,2,Aversion,0.3339277118224649,0.6660722881775366
M0103,2,1,Appreciation,0.6892539168254077,0.31074608317459157
M0103,3,1,Appreciation,0.9915185530682799,0.008481446931720751
M0103,4,1,Appreciation,0.9998700695746912,0.0001299304253090596
M0103,5,1,Appreciation,0.9420865022433655,0.057913497756633146
M0103,6,1,Appreciation,0.9672405770747785,0.03275942292522039
M0103,7,1,Appreciation,0.8059623563266525,0.19403764367334803
M0103,8,1,Appreciation,0.9887035354515249,0.011296464548476638
M0103,9,1,Appreciation,0.86735889392135,0.13264110607864932
M0103,10,1,Appreciation,0.9710966965287537,0.028903303471246866
M0103,11,1,Appreciation,0.9094836770732008,0.09051632292679979
M0103,12,2,Aversion,0.2858353654711169,0.7141646345288823
M0103,13,2,Aversion,0.10005230210516156,0.8999476978948369
M0103,14,1,Appreciation,0.8247825601858688,0.17521743981413263
M0103,15,2,Aversion,0.021857400786590254,0.9781425992134083
M0103,16,2,Aversion,0.16113283399443026,0.8388671660055699
M0103,17,2,Aversion,0.029520547504313353,0.9704794524956863
M0103,18,2,Aversion,0.030515430921584406,0.9694845690784168
M0103,19,1,Appreciation,0.8208928536253051,0.17910714637469474
M0103,20,1,Appreciation,0.8506759687146699,0.14932403128533084
M0103,21,1,Appreciation,0.6223468689921119,0.3776531310078876
M0103,22,2,Aversion,0.12000956501119141,0.8799904349888099
M0103,23,2,Aversion,0.4139374865194166,0.5860625134805846
M0103,24,2,Aversion,0.47074223121485653,0.5292577687851437
M0103,25,2,Aversion,0.0015966527288800597,0.9984033472711193
M0103,26,2,Aversion,0.3299491055293566,0.6700508944706443
M0104,2,1,Appreciation,0.9996988609245987,0.00030113907540040745
M0104,3,1,Appreciation,0.9110671928874378,0.0889328071125609
M0104,4,1,Appreciation,0.9354407140970273,0.06455928590297115
M0104,5,1,Appreciation,0.8172407613953645,0.18275923860463522
M0104,6,1,Appreciation,0.9796349441159171,0.020365055884081475
M0104,7,1,Appreciation,0.933666741089363,0.06633325891063574
M0104,8,1,Appreciation,0.8785491466371371,0.12145085336286283
M0104,9,1,Appreciation,0.9762578836371006,0.023742116362899482
M0104,10,1,Appreciation,0.9634302679678802,0.036569732032118656
M0104,11,2,Aversion,0.41360693306939667,0.5863930669306041
M0104,12,2,Aversion,0.15609524839921476,0.8439047516007844
M0104,13,2,Aversion,0.06444881248277402,0.9355511875172262
M0104,14,1,Appreciation,0.8901057496443351,0.10989425035566537
M0104,15,1,Appreciation,0.8359426088323308,0.16405739116767093
M0104,16,1,Appreciation,0.9933003199350156,0.006699680064985904
M0104,17,2,Aversion,0.34651987560928477,0.6534801243907168
M0104,18,1,Appreciation,0.5618136374711823,0.4381863625288174
M0104,19,2,Aversion,0.07082556624952066,0.9291744337504808
M0104,20,2,Aversion,0.15841057196342404,0.8415894280365762
M0104,21,2,Aversion,0.2412165825362237,0.7587834174637761
M0104,22,1,Appreciation,0.9261743100341403,0.07382568996585853
M0104,23,2,Aversion,0.31332670845035465,0.6866732915496465
M0104,24,2,Aversion,0.18376047644518223,0.8162395235548184
M0104,25,2,Aversion,0.23908734561703737,0.760912654382962
M0104,26,2,Aversion,0.43748449214677343,0.5625155078532278
M0105,2,1,Appreciation,0.999488257919272,0.000511742080727135
M0105,3,1,Appreciation,0.9256681968104707,0.07433180318952966
M0105,4,1,Appreciation,0.9999769242263478,2.307577365300242e-05
M0105,5,1,Appreciation,0.998603790274532,0.0013962097254671898
M0105,6,1,Appreciation,0.699952385031164,0.30004761496883664
M0105,7,1,Appreciation,0.9994945791590574,0.0005054208409425763
M0105,8,1,Appreciation,0.5546995131052861,0.4453004868947136
M0105,9,2,Aversion,0.07781163864772707,0.9221883613522722
M0105,10,1,Appreciation,0.9707136690415636,0.02928633095843786
M0105,11,2,Aversion,0.01871956627742418,0.9812804337225761
M0105,12,2,Aversion,0.02609341060645233,0.9739065893935485
M0105,13,2,Aversion,0.1195664164144537,0.8804335835855446
M0105,14,2,Aversion,0.043616025526056854,0.9563839744739424
M0105,15,2,Aversion,0.05753437786323788,0.9424656221367612
M0105,16,2,Aversion,0.030456494882441055,0.9695435051175589
M0105,17,1,Appreciation,0.7891315943501599,0.2108684056498406
M0105,18,1,Appreciation,0.6550929904579358,0.3449070095420645
M0105,19,2,Aversion,0.2123970900354211,0.7876029099645795
M0105,20,1,Appreciation,0.7224684382791929,0.27753156172080745
M0105,21,2,Aversion,0.009685851945699904,0.9903141480543006
M0105,22,2,Aversion,0.10340104678171769,0.8965989532182812
M0105,23,2,Aversion,0.1945842460104271,0.8054157539895723
M0105,24,2,Aversion,0.07330717555139482,0.9266928244486068
M0105,25,2,Aversion,0.0011449311485088468,0.9988550688514899
M0105,26,1,Appreciation,0.8331851797525968,0.16681482024740402
M0106,2,1,Appreciation,0.871053481992444,0.12894651800755588
M0106,3,1,Appreciation,0.9995234089357253,0.0004765910642752267
M0106,4,1,Appreciation,0.9898816421778249,0.010118357822175374
M0106,5,1,Appreciation,0.84975284941417,0.15024715058582921
M0106,6,1,Appreciation,0.8523580781936342,0.1476419218063663
M0106,7,1,Appreciation,0.9983929357656037,0.0016070642343979165
M0106,8,1,Appreciation,0.9367466996528774,0.06325330034712302
M0106,9,1,Appreciation,0.8074689603192878,0.1925310396807131
M0106,10,1,Appreciation,0.7101389478348117,0.28986105216518715
M0106,11,2,Aversion,0.430058110946628,0.5699418890533725
M0106,12,1,Appreciation,0.8295582723108561,0.17044172768914445
M0106,13,1,Appreciation,0.9976584501091406,0.00234154989085896
M0106,14,1,Appreciation,0.541051755910508,0.4589482440894924
M0106,15,2,Aversion,0.08835274786306056,0.9116472521369382
M0106,16,2,Aversion,0.06496879612574648,0.9350312038742538
M0106,17,1,Appreciation,0.9756185430901567,0.02438145690984157
M0106,18,2,Aversion,0.048398073141060205,0.9516019268589413
M0106,19,1,Appreciation,0.7468483108864217,0.25315168911357727
M0106,20,2,Aversion,0.003226594153356751,0.9967734058466441
M0106,21,2,Aversion,0.010070087882996834,0.9899299121170022
M0106,22,2,Aversion,0.011425409409802021,0.9885745905901986
M0106,23,2,Aversion,0.26826707037660813,0.7317329296233923
M0106,24,2,Aversion,0.23197787729359426,0.7680221227064042
M0106,25,2,Aversion,0.042697667482643024,0.9573023325173559
M0106,26,2,Aversion,0.12362991858124214,0.8763700814187596
M0107,2,1,Appreciation,0.9446065830374846,0.05539341696251704
M0107,3,1,Appreciation,0.9574813133155902,0.042518686684409154
M0107,4,1,Appreciation,0.9527365278679446,0.04726347213205429
M0107,5,1,Appreciation,0.9947081310505577,0.005291868949443773
M0107,6,1,Appreciation,0.6746346965313064,0.32536530346869474
M0107,7,1,Appreciation,0.5495825041996444,0.4504174958003546
M0107,8,1,Appreciation,0.9263796954934862,0.07362030450651386
M0107,9,2,Aversion,0.4028654328254213,0.5971345671745784
M0107,10,1,Appreciation,0.964564519182887,0.03543548081711457
M0107,11,2,Aversion,0.3774588431886083,0.6225411568113908
M0107,12,2,Aversion,0.4656675088261083,0.5343324911738926
M0107,13,1,Appreciation,0.7104769097722162,0.2895230902277851
M0107,14,2,Aversion,0.010032682663391437,0.9899673173366068
M0107,15,2,Aversion,0.25321254688303646,0.7467874531169633
M0107,16,2,Aversion,0.0877709709848757,0.9122290290151245
M0107,17,2,Aversion,0.01433384752376101,0.985666152476238
M0107,18,2,Aversion,0.02014882569137581,0.9798511743086243
M0107,19,2,Aversion,0.17511378097324568,0.824886219026754
M0107,20,2,Aversion,0.2977399190213856,0.7022600809786134
M0107,21,1,Appreciation,0.756784333954971,0.24321566604503017
M0107,22,2,Aversion,0.20957736720538342,0.7904226327946181
M0107,23,1,Appreciation,0.9996814589227604,0.0003185410772386002
M0107,24,2,Aversion,0.013603778304652248,0.9863962216953481
M0107,25,2,Aversion,0.004590018364890951,0.9954099816351091
M0107,26,2,Aversion,0.07107758588610598,0.9289224141138943
M0108,2,1,Appreciation,0.8958653797914609,0.1041346202085394
M0108,3,2,Aversion,0.24895051250329261,0.7510494874967077
M0108,4,1,Appreciation,0.5449575520783755,0.4550424479216246
M0108,5,1,Appreciation,0.8423783781183726,0.1576216218816265
M0108,6,2,Aversion,0.26894683742989306,0.7310531625701053
M0108,7,2,Aversion,0.36563427777276886,0.6343657222272303
M0108,8,1,Appreciation,0.9444200500244475,0.055579949975551726
M0108,9,1,Appreciation,0.6894614187495816,0.31053858125042005
M0108,10,1,Appreciation,0.9886112030237051,0.011388796976294777
M0108,11,1,Appreciation,0.9660566035110182,0.03394339648898196
M0108,12,1,Appreciation,0.5720281689947663,0.42797183100523317
M0108,13,2,Aversion,0.18780939350222675,0.8121906064977719
M0108,14,2,Aversion,0.20394229986564927,0.7960577001343497
M0108,15,2,Aversion,0.4834619488233757,0.5165380511766243
M0108,16,1,Appreciation,0.9932753078402173,0.0067246921597838155
M0108,17,2,Aversion,0.26406074112664246,0.7359392588733592
M0108,18,1,Appreciation,0.5803249302621808,0.4196750697378199
M0108,19,1,Appreciation,0.7251535936334521,0.2748464063665467
M0108,20,2,Aversion,0.047840282355884584,0.9521597176441164
M0108,21,2,Aversion,0.40809742778237246,0.591902572217627
M0108,22,2,Aversion,0.0018915452057326513,0.9981084547942682
M0108,23,1,Appreciation,0.6148318313242944,0.385168168675704
M0108,24,1,Appreciation,0.5279243096882127,0.47207569031178753
M0108,25,1,Appreciation,0.6658072185433029,0.3341927814566969
M0108,26,1,Appreciation,0.5997346991483105,0.4002653008516889
M0109,2,1,Appreciation,0.9046610013578187,0.09533899864218139
M0109,3,1,Appreciation,0.9998504124723782,0.00014958752762068666
M0109,4,1,Appreciation,0.9996008367104439,0.00039916328955674437
M0109,5,1,Appreciation,0.9906275891434925,0.009372410856508443
M0109,6,1,Appreciation,0.7765478079279415,0.2234521920720576
M0109,7,1,Appreciation,0.9712086854947922,0.028791314505207083
M0109,8,1,Appreciation,0.899633930491295,0.10036606950870627
M0109,9,1,Appreciation,0.9692739925021655,0.03072600749783602
M0109,10,1,Appreciation,0.6734430344689588,0.326556965531041
M0109,11,2,Aversion,0.18862405776956032,0.8113759422304393
M0109,12,1,Appreciation,0.9027662537821722,0.09723374621782828
M0109,13,1,Appreciation,0.8387918028858794,0.1612081971141193
M0109,14,2,Aversion,0.46272289880154377,0.5372771011984575
M0109,15,2,Aversion,0.21602350963768582,0.7839764903623132
M0109,16,2,Aversion,0.08586217740845563,0.9141378225915427
M0109,17,2,Aversion,0.4438670438495944,0.5561329561504043
M0109,18,2,Aversion,0.21801595904560236,0.7819840409543962
M0109,19,2,Aversion,0.3638792860462621,0.6361207139537384
M0109,20,2,Aversion,0.25331410971523155,0.7466858902847671
M0109,21,2,Aversion,0.17142041447342907,0.8285795855265702
M0109,22,2,Aversion,0.25369470264051125,0.7463052973594879
M0109,23,2,Aversion,0.19813137225640376,0.8018686277435978
M0109,24,2,Aversion,0.14974110672699212,0.8502588932730092
M0109,25,1,Appreciation,0.9576386370680163,0.0423613629319844
M0109,26,2,Aversion,0.07717084403318775,0.9228291559668111
M0110,2,1,Appreciation,0.8863002803161304,0.11369971968387109
M0110,3,1,Appreciation,0.7522731701295697,0.24772682987042885
M0110,4,1,Appreciation,0.9846439537231687,0.01535604627683167
M0110,5,1,Appreciation,0.8976284537246232,0.10237154627537548
M0110,6,1,Appreciation,0.8239252756715728,0.17607472432842702
M0110,7,1,Appreciation,0.9367670034834766,0.06323299651652359
M0110,8,1,Appreciation,0.7564562219692196,0.24354377803078067
M0110,9,1,Appreciation,0.9948301912556432,0.0051698087443574495
M0110,10,1,Appreciation,0.7169505456117549,0.28304945438824564
M0110,11,1,Appreciation,0.9384412247967073,0.061558775203292324
M0110,12,1,Appreciation,0.7972898054443847,0.20271019455561645
M0110,13,1,Appreciation,0.7225305309034867,0.27746946909651443
M0110,14,1,Appreciation,0.9698769981750374,0.030123001824962314
M0110,15,2,Aversion,0.2753069190080977,0.7246930809919023
M0110,16,1,Appreciation,0.9980978218517464,0.0019021781482538352
M0110,17,2,Aversion,0.2745368804409148,0.7254631195590862
M0110,18,1,Appreciation,0.9966743751765712,0.003325624823429811
M0110,19,1,Appreciation,0.5397830322445512,0.4602169677554502
M0110,20,1,Appreciation,0.8705029733195829,0.12949702668041602
M0110,21,2,Aversion,0.10382282963223453,0.8961771703677665
M0110,22,2,Aversion,0.019156133722361912,0.9808438662776363
M0110,23,1,Appreciation,0.8189936905747512,0.18100630942524787
M0110,24,2,Aversion,0.025991359806055308,0.9740086401939452
M0110,25,1,Appreciation,0.8228363578162021,0.1771636421837992
M0110,26,1,Appreciation,0.5530178938263381,0.44698210617366113
M0111,2,1,Appreciation,0.6008061839801128,0.39919381601988746
M0111,3,2,Aversion,0.15087136997426456,0.8491286300257341
M0111,4,1,Appreciation,0.5521914011809139,0.44780859881908625
M0111,5,1,Appreciation,0.5715469017835808,0.42845309821641997
M0111,6,1,Appreciation,0.9369619596045421,0.0630380403954569
M0111,7,1,Appreciation,0.9960522045078983,0.003947795492101716
M0111,8,2,Aversion,0.10698659079827455,0.8930134092017258
M0111,9,1,Appreciation,0.7565992274417663,0.2434007725582346
M0111,10,1,Appreciation,0.8485583382515186,0.15144166174848026
M0111,11,2,Aversion,0.011445235249267539,0.988554764750732
M0111,12,2,Aversion,0.06541129918133771,0.9345887008186627
M0111,13,1,Appreciation,0.888436398224528,0.11156360177547205
M0111,14,2,Aversion,0.1279974142570588,0.8720025857429419
M0111,15,2,Aversion,0.08421560470009055,0.91578439529991
M0111,16,2,Aversion,0.30082668485737746,0.6991733151426239
M0111,17,2,Aversion,0.40233999432032,0.5976600056796806
M0111,18,2,Aversion,0.4152463618108114,0.5847536381891897
M0111,19,1,Appreciation,0.8008954556086434,0.19910454439135647
M0111,20,2,Aversion,0.03619922528448177,0.9638007747155165
M0111,21,2,Aversion,0.2735827092439692,0.7264172907560319
M0111,22,2,Aversion,0.022054281967299454,0.9779457180327021
M0111,23,2,Aversion,0.0538059190734547,0.946194080926547
M0111,24,2,Aversion,0.03782450736614853,0.9621754926338516
M0111,25,2,Aversion,0.10077973658574464,0.8992202634142554
M0111,26,2,Aversion,0.1522409384973847,0.8477590615026138
M0112,2,2,Aversion,0.09194888972580978,0.9080511102741916
M0112,3,2,Aversion,0.3077535360313702,0.6922464639686314
M0112,4,1,Appreciation,0.793356994759687,0.20664300524031143
M0112,5,1,Appreciation,0.8651166747244855,0.13488332527551572
M0112,6,1,Appreciation,0.999932290599812,6.770940018959418e-05
M0112,7,1,Appreciation,0.8287858500914539,0.17121414990854641
M0112,8,1,Appreciation,0.9849574149576262,0.015042585042373954
M0112,9,2,Aversion,0.32509148309505326,0.6749085169049451
M0112,10,1,Appreciation,0.74311792167428,0.25688207832572146
M0112,11,2,Aversion,0.28323952410673714,0.7167604758932611
M0112,12,1,Appreciation,0.5489151390029023,0.4510848609970976
M0112,13,1,Appreciation,0.8425499892057525,0.1574500107942486
M0112,14,2,Aversion,0.2816910473909665,0.7183089526090343
M0112,15,2,Aversion,0.23889178165356947,0.7611082183464288
M0112,16,2,Aversion,0.20657167284353187,0.7934283271564682
M0112,17,1,Appreciation,0.6474500527729511,0.35254994722704835
M0112,18,2,Aversion,0.19854681126537485,0.8014531887346235
M0112,19,2,Aversion,0.12184653739091958,0.8781534626090791
M0112,20,1,Appreciation,0.9414291535136615,0.058570846486338576
M0112,21,2,Aversion,0.11623380550851269,0.8837661944914866
M0112,22,1,Appreciation,0.5810442538292773,0.41895574617072395
M0112,23,2,Aversion,0.00859187406708258,0.9914081259329157
M0112,24,2,Aversion,0.08822698284209012,0.9117730171579104
M0112,25,2,Aversion,0.3111407911651001,0.6888592088349005
M0112,26,2,Aversion,0.2657244629839211,0.7342755370160792
M0113,2,1,Appreciation,0.9651618970175749,0.03483810298242646
M0113,3,1,Appreciation,0.9144111290152778,0.08558887098472344
M0113,4,2,Aversion,0.19588179532706293,0.8041182046729377
M0113,5,2,Aversion,0.030481731000323597,0.9695182689996752
M0113,6,2,Aversion,0.12979885859561902,0.870201141404381
M0113,7,1,Appreciation,0.6478797312111574,0.3521202687888437
M0113,8,1,Appreciation,0.8590400821847476,0.14095991781525222
M0113,9,2,Aversion,0.21620474048309982,0.7837952595169002
M0113,10,2,Aversion,0.052864989023506295,0.9471350109764942
M0113,11,1,Appreciation,0.6405638212220696,0.35943617877793155
M0113,12,2,Aversion,0.0058552898793576115,0.9941447101206424
M0113,13,1,Appreciation,0.9999931965852947,6.803414705407776e-06
M0113,14,1,Appreciation,0.6269879388127275,0.3730120611872716
M0113,15,1,Appreciation,0.9481482532137058,0.0518517467862932
M0113,16,2,Aversion,0.3060328489889291,0.6939671510110713
M0113,17,2,Aversion,0.03003795903386235,0.9699620409661394
M0113,18,1,Appreciation,0.6190855394750542,0.3809144605249459
M0113,19,2,Aversion,0.09433994569510722,0.9056600543048936
M0113,20,2,Aversion,0.03295663668500382,0.9670433633149953
M0113,21,2,Aversion,0.019771012013939115,0.980228987986061
M0113,22,2,Aversion,0.08407925436543207,0.9159207456345665
M0113,23,2,Aversion,0.19844466006601513,0.8015553399339843
M0113,24,2,Aversion,0.0400583383261376,0.9599416616738621
M0113,25,1,Appreciation,0.7299870651161408,0.2700129348838574
M0113,26,2,Aversion,0.05855755760158819,0.9414424423984131
M0114,2,1,Appreciation,0.5548825106967002,0.4451174893032996
M0114,3,1,Appreciation,0.7759608106614944,0.22403918933850467
M0114,4,1,Appreciation,0.8992148718658567,0.10078512813414418
M0114,5,1,Appreciation,0.9689894548893234,0.03101054511067501
M0114,6,1,Appreciation,0.8307717596594927,0.16922824034050687
M0114,7,2,Aversion,0.2939978215060914,0.7060021784939086
M0114,8,2,Aversion,0.06677786155076988,0.9332221384492301
M0114,9,2,Aversion,0.12129886941150417,0.8787011305884964
M0114,10,2,Aversion,0.08353444366229928,0.9164655563376994
M0114,11,1,Appreciation,0.9934623846249547,0.006537615375044823
M0114,12,1,Appreciation,0.9861745356367945,0.01382546436320635
M0114,13,1,Appreciation,0.699294923779838,0.3007050762201634
M0114,14,1,Appreciation,0.9178842989511106,0.0821157010488895
M0114,15,2,Aversion,0.2425817878177516,0.7574182121822481
M0114,16,1,Appreciation,0.9923217023079965,0.007678297692003444
M0114,17,2,Aversion,0.08649152552920802,0.9135084744707914
M0114,18,2,Aversion,0.26020117112831254,0.7397988288716861
M0114,19,1,Appreciation,0.624252987399242,0.37574701260075766
M0114,20,2,Aversion,0.3845315948999197,0.6154684051000816
M0114,21,2,Aversion,0.01640680866401249,0.9835931913359879
M0114,22,1,Appreciation,0.9656588669505659,0.034341133049433335
M0114,23,2,Aversion,0.003001824939459853,0.9969981750605416
M0114,24,1,Appreciation,0.6319927414030238,0.36800725859697575
M0114,25,2,Aversion,0.16313381020107845,0.83686618979892
M0114,26,2,Aversion,0.2158192340233341,0.7841807659766644
M0115,2,1,Appreciation,0.5489771093767152,0.4510228906232863
M0115,3,1,Appreciation,0.8635980800771029,0.13640191992289796
M0115,4,1,Appreciation,0.8502733309445617,0.14972666905543702
M0115,5,1,Appreciation,0.9949099582072168,0.005090041792783573
M0115,6,1,Appreciation,0.999959677373721,4.032262627803931e-05
M0115,7,1,Appreciation,0.9414556511573158,0.05854434884268592
M0115,8,2,Aversion,0.3283841678597835,0.6716158321402176
M0115,9,1,Appreciation,0.942850464285158,0.057149535714842534
M0115,10,1,Appreciation,0.9999918006850083,8.199314992225854e-06
M0115,11,1,Appreciation,0.6927841499011422,0.30721585009885705
M0115,12,1,Appreciation,0.8360866375914053,0.16391336240859525
M0115,13,1,Appreciation,0.9897480157966118,0.010251984203388343
M0115,14,1,Appreciation,0.7003993907853263,0.29960060921467274
M0115,15,1,Appreciation,0.7517096781206238,0.2482903218793758
M0115,16,2,Aversion,0.19836173469024393,0.8016382653097559
M0115,17,2,Aversion,0.2003406853239245,0.799659314676074
M0115,18,2,Aversion,0.4154314671506191,0.5845685328493807
M0115,19,2,Aversion,0.026161286263182103,0.9738387137368181
M0115,20,2,Aversion,0.30325143314265834,0.6967485668573423
M0115,21,2,Aversion,0.0778758560796304,0.9221241439203685
M0115,22,2,Aversion,0.08077709230139175,0.9192229076986086
M0115,23,2,Aversion,0.005285453815258297,0.9947145461847402
M0115,24,2,Aversion,0.23139416881698222,0.7686058311830168
M0115,25,2,Aversion,0.003306652160746366,0.9966933478392543
M0115,26,2,Aversion,0.14098681964669535,0.8590131803533033
M0116,2,1,Appreciation,0.7385444898205861,0.2614555101794123
M0116,3,1,Appreciation,0.9631705680857429,0.03682943191425833
M0116,4,1,Appreciation,0.9787273972226934,0.02127260277730516
M0116,5,1,Appreciation,0.9999995368866734,4.631133276865428e-07
M0116,6,1,Appreciation,0.576249463353111,0.42375053664689
M0116,7,1,Appreciation,0.995995074789396,0.004004925210604908
M0116,8,2,Aversion,0.3361437504671345,0.6638562495328649
M0116,9,2,Aversion,0.43090330030966767,0.569096699690331
M0116,10,1,Appreciation,0.5335181834589781,0.4664818165410205
M0116,11,2,Aversion,0.45495585351916773,0.5450441464808327
M0116,12,1,Appreciation,0.9179925697475181,0.08200743025248139
M0116,13,1,Appreciation,0.6210255600370974,0.3789744399629042
M0116,14,2,Aversion,0.15065473272008464,0.8493452672799158
M0116,15,2,Aversion,0.037675092361845186,0.9623249076381545
M0116,16,1,Appreciation,0.836061753512864,0.16393824648713493
M0116,17,2,Aversion,0.32269624674936287,0.6773037532506366
M0116,18,2,Aversion,0.44789352765774304,0.5521064723422572
M0116,19,1,Appreciation,0.952788464137975,0.04721153586202432
M0116,20,2,Aversion,0.0037181397634176824,0.9962818602365807
M0116,21,2,Aversion,0.12128788130443764,0.8787121186955638
M0116,22,2,Aversion,0.014910765998902951,0.9850892340010968
M0116,23,1,Appreciation,0.9226411783913306,0.07735882160866796
M0116,24,2,Aversion,0.012457443190962316,0.9875425568090385
M0116,25,2,Aversion,0.0013183798717637842,0.9986816201282347
M0116,26,2,Aversion,0.3741529801589874,0.6258470198410138
M0117,2,1,Appreciation,0.8672324290125937,0.13276757098740707
M0117,3,1,Appreciation,0.9546575226557485,0.045342477344250044
M0117,4,1,Appreciation,0.8411608992686295,0.1588391007313712
M0117,5,2,Aversion,0.42143228178110126,0.5785677182188995
M0117,6,2,Aversion,0.3645398280269463,0.6354601719730553
M0117,7,1,Appreciation,0.9976557443327261,0.0023442556672736104
M0117,8,1,Appreciation,0.8165574393797669,0.18344256062023337
M0117,9,1,Appreciation,0.865550930344345,0.13444906965565587
M0117,10,1,Appreciation,0.860433670817747,0.1395663291822546
M0117,11,1,Appreciation,0.7257238221053391,0.27427617789466
M0117,12,1,Appreciation,0.7236151513876656,0.27638484861233337
M0117,13,1,Appreciation,0.738679792518701,0.2613202074812993
M0117,14,2,Aversion,0.01332213100972674,0.9866778689902737
M0117,15,2,Aversion,0.3074157856409909,0.692584214359008
M0117,16,1,Appreciation,0.9853428222612168,0.014657177738784055
M0117,17,2,Aversion,0.047226164099671945,0.9527738359003266
M0117,18,2,Aversion,0.10594350071383543,0.8940564992861633
M0117,19,1,Appreciation,0.5434288194351633,0.4565711805648382
M0117,20,2,Aversion,0.15314250217916187,0.8468574978208374
M0117,21,2,Aversion,0.048941433761781776,0.951058566238217
M0117,22,1,Appreciation,0.9932876005978223,0.006712399402178078
M0117,23,2,Aversion,0.03370619638517036,0.9662938036148292
M0117,24,2,Aversion,0.010324492202119867,0.9896755077978817
M0117,25,2,Aversion,0.050441482783214586,0.9495585172167839
M0117,26,2,Aversion,0.47985386837227273,0.5201461316277262
M0118,2,1,Appreciation,0.8689347376955511,0.13106526230444956
M0118,3,1,Appreciation,0.9730145486751484,0.026985451324853298
M0118,4,1,Appreciation,0.8101936135402351,0.18980638645976536
M0118,5,1,Appreciation,0.5276158651427161,0.4723841348572823
M0118,6,2,Aversion,0.45348146207021806,0.5465185379297829
M0118,7,1,Appreciation,0.8302196321235739,0.16978036787642686
M0118,8,2,Aversion,0.06156738135049469,0.9384326186495044
M0118,9,2,Aversion,0.160900783885519,0.8390992161144794
M0118,10,1,Appreciation,0.7697018458771152,0.23029815412288496
M0118,11,1,Appreciation,0.9969470815569953,0.0030529184430034893
M0118,12,1,Appreciation,0.5435484050345967,0.4564515949654019
M0118,13,2,Aversion,0.0610798545187364,0.938920145481263
M0118,14,1,Appreciation,0.6353498386433308,0.3646501613566678
M0118,15,2,Aversion,0.3552914640770685,0.644708535922932
M0118,16,2,Aversion,0.04158973686933769,0.9584102631306615
M0118,17,2,Aversion,0.1140833001227424,0.8859166998772581
M0118,18,2,Aversion,0.4377215942762761,0.562278405723724
M0118,19,2,Aversion,0.01661705955598798,0.9833829404440122
M0118,20,1,Appreciation,0.5053342719765825,0.49466572802341763
M0118,21,2,Aversion,0.08044446971354845,0.9195555302864509
M0118,22,2,Aversion,0.09955026604347081,0.9004497339565309
M0118,23,2,Aversion,0.13076233172135343,0.8692376682786467
M0118,24,1,Appreciation,0.6618630956314062,0.33813690436859406
M0118,25,2,Aversion,0.025451237175196147,0.9745487628248027
M0118,26,2,Aversion,0.07720899746997478,0.9227910025300254
M0119,2,2,Aversion,0.3582376418921437,0.6417623581078566
M0119,3,1,Appreciation,0.8163731599857349,0.18362684001426405
M0119,4,1,Appreciation,0.6654425658654601,0.33455743413454136
M0119,5,1,Appreciation,0.5839451900399638,0.416054809960037
M0119,6,1,Appreciation,0.8287636452684717,0.17123635473152732
M0119,7,1,Appreciation,0.9851593036249842,0.014840696375015772
M0119,8,1,Appreciation,0.8633253963776525,0.13667460362234884
M0119,9,2,Aversion,0.39823282672314747,0.6017671732768538
M0119,10,2,Aversion,0.249469261804551,0.7505307381954481
M0119,11,2,Aversion,0.4541708134763037,0.5458291865236973
M0119,12,2,Aversion,0.016132900781630283,0.9838670992183696
M0119,13,2,Aversion,0.12300893263212234,0.876991067367876
M0119,14,1,Appreciation,0.9739788849887335,0.02602111501126499
M0119,15,1,Appreciation,0.5959306508564975,0.40406934914350373
M0119,16,1,Appreciation,0.5318547896463328,0.4681452103536656
M0119,17,2,Aversion,0.3584088068339217,0.6415911931660797
M0119,18,2,Aversion,0.42622329463645287,0.573776705363546
M0119,19,1,Appreciation,0.8269743668438059,0.17302563315619274
M0119,20,2,Aversion,0.032305518173992104,0.9676944818260066
M0119,21,2,Aversion,0.06224723038667377,0.9377527696133277
M0119,22,2,Aversion,0.03966966626306853,0.9603303337369332
M0119,23,2,Aversion,0.09761681365899369,0.9023831863410062
M0119,24,1,Appreciation,0.8585014751673277,0.14149852483267247
M0119,25,2,Aversion,0.02963649638976282,0.9703635036102386
M0119,26,2,Aversion,0.1908942787661042,0.8091057212338957
M0120,2,2,Aversion,0.369039577848942,0.6309604221510561
M0120,3,1,Appreciation,0.9997623727851694,0.00023762721482764514
M0120,4,2,Aversion,0.3368934792854464,0.6631065207145546
M0120,5,2,Aversion,0.032053398682085045,0.9679466013179161
M0120,6,1,Appreciation,0.9475682581440946,0.052431741855902866
M0120,7,1,Appreciation,0.8994841939053217,0.10051580609467899
M0120,8,1,Appreciation,0.6940111910173511,0.3059888089826484
M0120,9,1,Appreciation,0.95366525150096,0.046334748499041074
M0120,10,1,Appreciation,0.6957257163175996,0.3042742836823983
M0120,11,1,Appreciation,0.9967689418756286,0.0032310581243699147
M0120,12,2,Aversion,0.14339042015914763,0.856609579840855
M0120,13,2,Aversion,0.14132212509483477,0.8586778749051655
M0120,14,2,Aversion,0.3991773021354562,0.6008226978645415
M0120,15,1,Appreciation,0.9722111280950544,0.02778887190494607
M0120,16,1,Appreciation,0.6802719451019955,0.3197280548980076
M0120,17,2,Aversion,0.010315593982167698,0.9896844060178296
M0120,18,2,Aversion,0.2074441016847709,0.7925558983152269
M0120,19,1,Appreciation,0.5983944399477408,0.40160556005225967
M0120,20,1,Appreciation,0.9894704379248426,0.010529562075154876
M0120,21,2,Aversion,0.029962380255202228,0.9700376197447953
M0120,22,1,Appreciation,0.8234866276553624,0.17651337234463743
M0120,23,2,Aversion,0.2710026905331065,0.7289973094668946
M0120,24,2,Aversion,0.04935778762955496,0.9506422123704485
M0120,25,2,Aversion,0.3636132892449325,0.6363867107550691
M0120,26,1,Appreciation,0.957944508699352,0.04205549130064838
