manager_id,period_id,most_likely_state,most_likely_label,posterior_state_1,posterior_state_2,posterior_state_3
M0001,2,3,Appreciation,0.2963743381087425,1.9175100073161535e-07,0.7036254701402569
M0001,3,1,Transitionary,0.8954841692244292,0.10451582997497225,8.005985157876086e-10
M0001,4,1,Transitionary,0.9881376734198465,0.011835766133319377,2.6560446834277434e-05
M0001,5,1,Transitionary,0.9936928020027976,0.00030214199387516676,0.0060050560033269645
M0001,6,2,Aversion,0.06298309578263181,0.9370169013267479,2.8906202283133048e-09
M0001,7,3,Appreciation,0.014357344870068152,3.462479714998647e-10,0.9856426547836837
M0001,8,2,Aversion,0.06693084333328837,0.9330691546234802,2.043231592552218e-09
M0001,9,3,Appreciation,0.007120123551884964,5.100102117167993e-11,0.9928798763971141
M0001,10,1,Transitionary,0.9773226253579532,0.022671099908170008,6.274733876956961e-06
M0001,11,1,Transitionary,0.9388573019906838,1.2192387789080454e-05,0.061130505621526984
M0001,12,3,Appreciation,0.0032978759152900283,3.0255676079372195e-12,0.9967021240816842
M0001,13,3,Appreciation,0.48037747448709467,9.773258268875377e-07,0.5196215481870784
M0001,14,2,Aversion,0.12746439596407794,0.8725355863961711,1.7639750906609593e-08
M0001,15,2,Aversion,0.00039316646930524893,0.9996068335304638,2.309988111989567e-13
M0001,16,2,Aversion,0.022902788182189063,0.9770972115480158,2.697950615877704e-10
M0001,17,1,Transitionary,0.9983046022032802,0.00012688951896261893,0.0015685082777571755
M0001,18,3,Appreciation,0.16969751569861313,3.650863849604787e-08,0.8303024477927483
M0001,19,2,Aversion,0.015567020509484625,0.9844329794138021,7.671310822732763e-11
M0001,20,3,Appreciation,3.4428034752689516e-09,3.8217714869121374e-24,0.9999999965571966
M0001,21,1,Transitionary,0.9969674587026809,0.003020430764521186,1.2110532797699415e-05
M0001,22,3,Appreciation,0.08195019342362454,4.4587456839996907e-11,0.9180498065317881
M0001,23,2,Aversion,0.15224421703697705,0.8477557797054542,3.2575686489082535e-09
M0001,24,3,Appreciation,2.8443075322588324e-07,9.472727982961917e-23,0.9999997155692468
M0001,25,2,Aversion,0.45885967426107355,0.5411401711033572,1.5463556937543394e-07
M0001,26,1,Transitionary,0.9658334795118252,1.0582830909652662e-05,0.03415593765726519
M0002,2,1,Transitionary,0.9552343805195933,0.04476126572600103,4.353754405628685e-06
M0002,3,1,Transitionary,0.9917053857545932,0.008245089469284895,4.952477612176948e-05
M0002,4,1,Transitionary,0.9964675411321364,0.003432080595500758,0.00010037827236288358
M0002,5,1,Transitionary,0.993875893474989,0.006113210574769466,1.0895950241566888e-05
M0002,6,2,Aversion,0.14933744078397151,0.8506625462602483,1.295578029992845e-08
M0002,7,1,Transitionary,0.9722414993791112,0.00022031233150788322,0.0275381882893807
M0002,8,1,Transitionary,0.9338232120766974,0.06609297673703925,8.381118626330955e-05
M0002,9,1,Transitionary,0.8347361717099524,8.904238210467624e-06,0.165254924051837
M0002,10,1,Transitionary,0.7579773842440668,0.24201235978963986,1.0255966293383112e-05
M0002,11,3,Appreciation,1.384932433230412e-06,1.0918089981299984e-17,0.9999986150675666
M0002,12,1,Transitionary,0.9816970427149512,0.018268321962313608,3.463532273543724e-05
M0002,13,3,Appreciation,0.02982785738659294,6.0048985775519616e-09,0.9701721366085085
M0002,14,2,Aversion,0.1776121049477704,0.8223871052126579,7.898395714774776e-07
M0002,15,1,Transitionary,0.9933091740876676,2.3038255301238357e-06,0.0066885220868024
M0002,16,3,Appreciation,0.009286287382313232,3.5209726216182655e-10,0.9907137122655896
M0002,17,2,Aversion,0.03807989633065471,0.9619201032088629,4.604824841301026e-10
M0002,18,2,Aversion,0.0009744737132112919,0.9990255262114095,7.537914825487702e-11
M0002,19,3,Appreciation,0.003489740441728385,4.090980523632051e-11,0.9965102595173617
M0002,20,2,Aversion,4.817219718635813e-05,0.9999518278028056,7.925538509228018e-15
M0002,21,1,Transitionary,0.9994508365141231,7.291500720606401e-05,0.0004762484786710119
M0002,22,3,Appreciation,0.001539436702293638,8.843899014529026e-12,0.9984605632888627
M0002,23,1,Transitionary,0.9948007943959603,0.005095674633146652,0.00010353097089289415
M0002,24,1,Transitionary,0.9399682148393353,3.7544086766422354e-07,0.06003140971979696
M0002,25,3,Appreciation,6.466421384578027e-07,3.400300308221266e-19,0.9999993533578614
M0002,26,1,Transitionary,0.9953961127468359,0.0045534751628966575,5.041209026752039e-05
M0003,2,1,Transitionary,0.7332223614038401,0.2667722415578526,5.397038307343369e-06
M0003,3,3,Appreciation,0.020637460565412595,8.0720621160398e-10,0.9793625386273812
M0003,4,1,Transitionary,0.9975553995070808,0.0017458100195085042,0.0006987904734106714
M0003,5,3,Appreciation,0.00342218329218688,1.0715273113957692e-11,0.9965778166970979
M0003,6,1,Transitionary,0.9759306451175699,4.885858689953963e-06,0.024064469023740178
M0003,7,1,Transitionary,0.9031970853286759,0.09679607260526202,6.842066062059732e-06
M0003,8,1,Transitionary,0.9948525770937702,9.609713903719078e-07,0.005146461934839486
M0003,9,1,Transitionary,0.8946125801720194,0.10531618924466311,7.12305833175307e-05
M0003,10,3,Appreciation,0.0029380622076441887,2.1852414981711433e-11,0.9970619377705033
M0003,11,1,Transitionary,0.9960811381469973,0.00378064908985302,0.0001382127631497605
M0003,12,1,Transitionary,0.6659372297641606,1.2264331449593793e-06,0.3340615438026945
M0003,13,1,Transitionary,0.7476362797751469,2.56126342550822e-06,0.2523611589614276
M0003,14,1,Transitionary,0.9557971233556827,0.044010044923876404,0.00019283172044093285
M0003,15,3,Appreciation,0.08956368717441891,1.1124688028017095e-07,0.9104362015787009
M0003,16,1,Transitionary,0.9216728308126547,2.022202709206787e-05,0.0783069471602532
M0003,17,1,Transitionary,0.8248856872163055,0.17511105330373197,3.2594799625741497e-06
M0003,18,3,Appreciation,0.0002786563069865772,3.256950230839265e-13,0.9997213436926877
M0003,19,1,Transitionary,0.9955714724967488,0.001431674550124062,0.0029968529531271336
M0003,20,2,Aversion,0.008345591789070132,0.9916544073554189,8.555109773443259e-10
M0003,21,1,Transitionary,0.995785105066355,0.0042090216812672564,5.873252377771888e-06
M0003,22,3,Appreciation,0.10492017457796643,4.00036033338692e-07,0.8950794253860003
M0003,23,1,Transitionary,0.9964380073662562,0.0014921659376106254,0.002069826696133128
M0003,24,1,Transitionary,0.9733876968170352,0.026534382568877968,7.792061408683618e-05
M0003,25,2,Aversion,0.07190077140145261,0.9280990764801543,1.521183930533651e-07
M0003,26,1,Transitionary,0.7585167916567711,2.689596418054717e-05,0.24145631237904838
M0004,2,1,Transitionary,0.881172023687891,9.758135038238734e-05,0.11873039496172692
M0004,3,1,Transitionary,0.6328750692041935,0.3671202628148684,4.6679809382772315e-06
M0004,4,3,Appreciation,0.27695172128340256,7.914157486361912e-07,0.7230474873008486
M0004,5,1,Transitionary,0.7714390572789329,1.1585193246067845e-05,0.22854935752782082
M0004,6,1,Transitionary,0.9929662781696522,0.006556280083644297,0.00047744174670310473
M0004,7,1,Transitionary,0.7750099818019714,0.2249744317469352,1.558645109365748e-05
M0004,8,1,Transitionary,0.9619070859870803,0.037870222943419754,0.00022269106950010021
M0004,9,1,Transitionary,0.9934906412283052,0.0017749901052232723,0.0047343686664713105
M0004,10,3,Appreciation,0.45105409628354753,8.371184154696544e-06,0.5489375325322977
M0004,11,2,Aversion,0.0008645630452026686,0.9991354369477521,7.044946633716181e-12
M0004,12,2,Aversion,0.00931615724493693,0.9906838398543906,2.900672931077111e-09
M0004,13,1,Transitionary,0.6118864330191354,0.38810480095717725,8.766023687417213e-06
M0004,14,2,Aversion,2.3405849738567217e-05,0.9999765941502589,2.738078568444495e-15
M0004,15,2,Aversion,0.35513236629220185,0.6448625216146707,5.112093127112896e-06
M0004,16,2,Aversion,0.0022608086598721526,0.9977391912351761,1.0495170373138225e-10
M0004,17,1,Transitionary,0.9594342673679324,0.00013889020162192583,0.04042684243044549
M0004,18,1,Transitionary,0.941493891582329,0.05850572213947836,3.8627819268125854e-07
M0004,19,3,Appreciation,0.0012769534410996897,1.2613239441128194e-11,0.9987230465462873
M0004,20,2,Aversion,1.9254528427697625e-05,0.9999807454715723,1.8335102779442912e-16
M0004,21,1,Transitionary,0.9999801137526905,1.47579888915946e-05,5.128258418384299e-06
M0004,22,2,Aversion,0.020161264729858276,0.9798387307404807,4.529660624999453e-09
M0004,23,1,Transitionary,0.9994379144980571,0.0003743910277318863,0.0001876944742113626
M0004,24,1,Transitionary,0.9878664645732846,0.0003642523563643621,0.01176928307035109
M0004,25,1,Transitionary,0.9908933607594721,0.008772974954970845,0.0003336642855567203
M0004,26,2,Aversion,0.00032639871435520237,0.9996736012836336,2.0112134261681295e-12
M0005,2,1,Transitionary,0.9956902092632061,0.003992921903621297,0.0003168688331727517
M0005,3,1,Transitionary,0.9939641945497427,0.002091964683463216,0.0039438407667939665
M0005,4,2,Aversion,0.16811627497603768,0.8318835906112199,1.3441274244069263e-07
M0005,5,1,Transitionary,0.9384695800803193,3.4640842561201425e-05,0.06149577907711956
M0005,6,2,Aversion,0.10086182384308688,0.8991381686555072,7.501405579029546e-09
M0005,7,1,Transitionary,0.9858782388503232,0.013952084011259571,0.0001696771384171669
M0005,8,2,Aversion,0.007852112956987498,0.9921478869722494,7.0762971763849e-11
M0005,9,2,Aversion,0.01213040706354649,0.9878695915039052,1.4325481144966312e-09
M0005,10,1,Transitionary,0.975694287327505,0.024175872264534083,0.00012984040796135712
M0005,11,2,Aversion,0.0025570362631924795,0.9974429637003372,3.646989070430028e-11
M0005,12,1,Transitionary,0.8650986162432935,7.866801250622053e-05,0.13482271574419993
M0005,13,2,Aversion,4.262137604884661e-09,0.9999999957378627,5.746115312425926e-22
M0005,14,3,Appreciation,0.2017164481464389,4.403785487536758e-06,0.798279148068074
M0005,15,1,Transitionary,0.9870697182342546,0.001052522004527212,0.011877759761218472
M0005,16,2,Aversion,9.452907033212719e-07,0.9999990547092965,1.4851304672500511e-16
M0005,17,2,Aversion,0.00030639819448589456,0.9996936018045058,1.0079321499935364e-12
M0005,18,1,Transitionary,0.9803971300776105,0.019210347656098255,0.0003925222662911985
M0005,19,1,Transitionary,0.6728271476718841,4.685999394002513e-06,0.3271681663287216
M0005,20,1,Transitionary,0.9410472533513177,0.058930253497521706,2.2493151160345864e-05
M0005,21,2,Aversion,0.05306462225247661,0.9469353764063407,1.3411829070185034e-09
M0005,22,1,Transitionary,0.9959405639345374,0.0005247650529423695,0.0035346710125201634
M0005,23,1,Transitionary,0.9976773672246573,0.00219230529516637,0.00013032748017620174
M0005,24,1,Transitionary,0.8604194519091295,2.1483527471033818e-07,0.13958033325559585
M0005,25,3,Appreciation,0.11977825816458637,6.135009083568032e-08,0.8802216804853231
M0005,26,1,Transitionary,0.9922153066319235,0.007710289151536445,7.440421654015255e-05
M0006,2,2,Aversion,2.3734552865087018e-05,0.9999762654471329,1.6776099986740838e-15
M0006,3,1,Transitionary,0.990123284785526,4.432850611352565e-06,0.009872282363862287
M0006,4,2,Aversion,8.852619439941746e-05,0.9999114738055855,1.505519200526107e-14
M0006,5,2,Aversion,0.005794869431444036,0.994205125406099,5.162457098233708e-09
M0006,6,1,Transitionary,0.9888709133725645,0.011128833705005729,2.529224295681449e-07
M0006,7,3,Appreciation,0.04264831848437463,1.5933225532087682e-10,0.9573516813562936
M0006,8,1,Transitionary,0.8696304318425704,0.13033174480822202,3.7823349207389595e-05
M0006,9,2,Aversion,1.887790578228293e-05,0.9999811220942147,2.5425050312375773e-15
M0006,10,1,Transitionary,0.989050763096642,0.010948907506677904,3.293966797815508e-07
M0006,11,1,Transitionary,0.9971788882628019,0.0004002546878250938,0.0024208570493733576
M0006,12,2,Aversion,0.003187618553722196,0.9968123810930022,3.532757296722461e-10
M0006,13,2,Aversion,0.1698792305595522,0.8301207074975272,6.194292061154805e-08
M0006,14,2,Aversion,0.4011980544733606,0.5987966893863149,5.256140324945027e-06
M0006,15,2,Aversion,2.1089612170141446e-05,0.9999789103878187,1.110360937871559e-14
M0006,16,1,Transitionary,0.6487678203378358,0.35122252249103014,9.657171133679431e-06
M0006,17,1,Transitionary,0.6225799930130738,1.9212509733294074e-06,0.3774180857359529
M0006,18,2,Aversion,0.029717930187671396,0.9702820688474975,9.648313953073484e-10
M0006,19,2,Aversion,0.07462429996060621,0.9253756641900621,3.584933136879827e-08
M0006,20,1,Transitionary,0.8141045926371078,4.828153941055141e-05,0.18584712582348187
M0006,21,2,Aversion,0.0026028093822860593,0.9973971905536392,6.407466988297947e-11
M0006,22,1,Transitionary,0.966830915278772,0.03209533499872174,0.001073749722506049
M0006,23,2,Aversion,0.2252688062313531,0.7747310677571617,1.2601148493679958e-07
M0006,24,1,Transitionary,0.9113858767972896,2.157038445194906e-05,0.08859255281825835
M0006,25,3,Appreciation,9.63081094037113e-07,6.290599034779704e-18,0.9999990369189061
M0006,26,2,Aversion,0.10897276575529598,0.891027231155693,3.0890112870315296e-09
M0007,2,3,Appreciation,0.014660571621422364,2.5913326945331473e-10,0.9853394281194444
M0007,3,2,Aversion,0.23409800128972108,0.7659017905626548,2.081476235827742e-07
M0007,4,3,Appreciation,0.019882878682188573,2.9747305756582607e-09,0.9801171183430807
M0007,5,3,Appreciation,1.295070075705579e-05,8.328267918474434e-16,0.9999870492992421
M0007,6,3,Appreciation,0.0019810974177561884,6.832958115094468e-11,0.9980189025139146
M0007,7,1,Transitionary,0.9802849313713287,2.742003827069808e-07,0.019714794428288707
M0007,8,1,Transitionary,0.9967545226717176,0.0004895949501849988,0.0027558823780972313
M0007,9,3,Appreciation,1.2915297764828196e-05,4.799367219875238e-17,0.9999870847022351
M0007,10,1,Transitionary,0.9452599334473294,7.739133311049977e-05,0.05466267521956035
M0007,11,1,Transitionary,0.9859128474182955,0.013801165550145478,0.0002859870315592391
M0007,12,1,Transitionary,0.981444847815455,0.0001428743661705802,0.018412277818374765
M0007,13,1,Transitionary,0.9920604228286599,0.00780459770948096,0.0001349794618588801
M0007,14,3,Appreciation,0.0172757845572116,4.828255639414643e-10,0.9827242149599631
M0007,15,1,Transitionary,0.9957156397742651,0.00036133729168327924,0.003923022934051567
M0007,16,1,Transitionary,0.9828277013203667,0.017166183125795095,6.115553838488897e-06
M0007,17,3,Appreciation,0.36312842620106445,2.560647412525414e-07,0.6368713177341939
M0007,18,3,Appreciation,3.528161854836731e-05,4.888188651599512e-16,0.999964718381451
M0007,19,1,Transitionary,0.9986577820877067,0.0012489983035480225,9.321960874511099e-05
M0007,20,1,Transitionary,0.9904541076524017,0.009512904931190924,3.298741640749506e-05
M0007,21,3,Appreciation,0.004072811056597731,8.801817334564871e-12,0.9959271889346003
M0007,22,1,Transitionary,0.998384338256593,0.0014679270031224163,0.00014773474028496007
M0007,23,2,Aversion,1.3463968101359956e-05,0.9999865360318984,4.733323088184126e-16
M0007,24,1,Transitionary,0.9151033166315761,0.08480531529856927,9.13680698547758e-05
M0007,25,2,Aversion,0.02205046624219814,0.9779495334887232,2.690788866537945e-10
M0007,26,2,Aversion,0.3450336934097525,0.6549659997885239,3.068017240247268e-07
M0008,2,1,Transitionary,0.9970400013569455,0.0023582860894467276,0.000601712553607996
M0008,3,3,Appreciation,7.924876523662509e-07,9.815770013740082e-19,0.9999992075123472
M0008,4,1,Transitionary,0.9984083655940756,0.0004743555592963383,0.0011172788466275768
M0008,5,1,Transitionary,0.6630456295905166,1.698644779665779e-06,0.33695267176470384
M0008,6,2,Aversion,0.4315299181804416,0.5684699110833156,1.707362432648946e-07
M0008,7,2,Aversion,0.4525706027296887,0.5474290061871918,3.9108311998914243e-07
M0008,8,2,Aversion,0.11859228199352284,0.8814077179505783,5.5899587394270007e-11
M0008,9,1,Transitionary,0.9973729868555842,0.001872885402518494,0.0007541277418981452
M0008,10,1,Transitionary,0.9968733566958975,8.455115727322652e-06,0.0031181881883753566
M0008,11,1,Transitionary,0.9501957634746269,0.04979350405803036,1.0732467343096026e-05
M0008,12,1,Transitionary,0.9503758702579592,1.9267651213492084e-05,0.04960486209082813
M0008,13,1,Transitionary,0.5269374525498247,0.473061773913227,7.73536948636012e-07
M0008,14,2,Aversion,0.4497988321310132,0.5502002070505618,9.608184245307785e-07
M0008,15,2,Aversion,0.000994070414808394,0.9990059295824157,2.7759494260558397e-12
M0008,16,1,Transitionary,0.9561149846217315,0.04359153761984941,0.00029347775841883294
M0008,17,2,Aversion,0.03191150729126566,0.9680884832943986,9.414335297365273e-09
M0008,18,2,Aversion,5.519084420618893e-06,0.9999944809155764,2.190632074900236e-15
M0008,19,1,Transitionary,0.9448281041544054,0.055107314846187076,6.458099940765998e-05
M0008,20,3,Appreciation,0.0016857963326908942,4.460807886175257e-12,0.9983142036628492
M0008,21,1,Transitionary,0.5196319959613067,0.48036759689657044,4.071421220966045e-07
M0008,22,2,Aversion,7.78475101312644e-08,0.9999999221524897,1.2052483985244366e-20
M0008,23,2,Aversion,0.0010428825698917431,0.9989571174294353,6.728676746978746e-13
M0008,24,1,Transitionary,0.9767231414483573,3.1444269164016466e-05,0.023245414282479653
M0008,25,2,Aversion,3.599570167013681e-05,0.9999640042983294,2.3306632211453207e-16
M0008,26,2,Aversion,0.11515686137097603,0.8848431385134347,1.1558896069668751e-10
M0009,2,1,Transitionary,0.9710628747306459,0.00014330751645242124,0.028793817752900994
M0009,3,3,Appreciation,0.0646292678992665,1.584215358723076e-08,0.9353707162585803
M0009,4,2,Aversion,0.0024997948325065993,0.9975002051349913,3.250131451237279e-11
M0009,5,1,Transitionary,0.9675560093720541,0.030847736446329578,0.0015962541816168482
M0009,6,3,Appreciation,0.02028575752954176,4.879642150655708e-10,0.9797142419824932
M0009,7,2,Aversion,0.06652394268947563,0.9334760469706357,1.0339889222775938e-08
M0009,8,3,Appreciation,0.3364200726332221,3.8162646551759833e-07,0.6635795457403124
M0009,9,1,Transitionary,0.952368843221688,0.04758831844841269,4.283832989945291e-05
M0009,10,1,Transitionary,0.9919489615835778,0.007795201142077444,0.0002558372743442986
M0009,11,1,Transitionary,0.8004846490301961,0.1995128208166836,2.5301531200885646e-06
M0009,12,1,Transitionary,0.9880012439075684,3.274291328445841e-05,0.011966013179146943
M0009,13,2,Aversion,0.00011067926952996283,0.9998893207304692,5.63390010672194e-17
M0009,14,3,Appreciation,0.00013864940355641693,2.45206750804379e-13,0.9998613505961979
M0009,15,2,Aversion,0.3910401641875906,0.6089593351722664,5.00640143546586e-07
M0009,16,1,Transitionary,0.990500576340284,0.009401348709164571,9.807495055096621e-05
M0009,17,2,Aversion,0.0006604967675611172,0.9993395032306168,1.822109372278161e-12
M0009,18,1,Transitionary,0.9467876581126776,0.053167331295790314,4.501059153171369e-05
M0009,19,2,Aversion,0.0002831075975100735,0.999716892402085,4.044850358017803e-13
M0009,20,1,Transitionary,0.9553713200250864,6.5887841467375e-05,0.04456279213344572
M0009,21,1,Transitionary,0.9933019689196594,0.004569985622739954,0.002128045457599973
M0009,22,2,Aversion,4.6998315006963534e-05,0.9999530016849205,7.259551566610748e-14
M0009,23,2,Aversion,0.00015797885795512437,0.9998420211419725,7.179951325882846e-14
M0009,24,1,Transitionary,0.999533467964323,0.00043604273487597115,3.0489300800459176e-05
M0009,25,1,Transitionary,0.9887083056882668,0.011087959470671847,0.00020373484106063746
M0009,26,3,Appreciation,0.004802716758491266,1.0212146593628226e-11,0.9951972832312972
M0010,2,3,Appreciation,7.154299220139628e-05,4.1522143711585147e-14,0.9999284570077571
M0010,3,3,Appreciation,0.00037206161138638805,1.0737158073072042e-13,0.9996279383885062
M0010,4,2,Aversion,0.0008783001434359738,0.9991216998549538,1.6102664985731267e-12
M0010,5,3,Appreciation,0.0072476877478499235,2.000094954216588e-10,0.9927523120521405
M0010,6,3,Appreciation,0.1931551312713418,1.4588679030303924e-07,0.8068447228418679
M0010,7,2,Aversion,0.28737257129337157,0.7126272628756088,1.6583101959082521e-07
M0010,8,1,Transitionary,0.9723642486875633,5.556433839765904e-05,0.02758018697403905
M0010,9,3,Appreciation,0.0016307838784865047,2.592008241409481e-13,0.9983692161212543
M0010,10,2,Aversion,0.0008559137791567559,0.9991440862208419,1.3001415719674086e-15
M0010,11,3,Appreciation,1.270486104497956e-09,1.3863154763728153e-24,0.9999999987295138
M0010,12,2,Aversion,0.3968093373173514,0.6031902441285253,4.185541233388293e-07
M0010,13,1,Transitionary,0.8521780114687353,1.2453905500762487e-05,0.14780953462576402
M0010,14,2,Aversion,0.003232213301402387,0.9967677866521423,4.645531727271769e-11
M0010,15,2,Aversion,0.010160713653470686,0.989839286155802,1.9072739752386523e-10
M0010,16,1,Transitionary,0.9909067979069958,0.0002182926693457951,0.008874909423658487
M0010,17,1,Transitionary,0.9823563112370807,0.01523836117414988,0.0024053275887694777
M0010,18,1,Transitionary,0.7488062507769535,1.9059272400202843e-05,0.25117468995064623
M0010,19,2,Aversion,0.16481711923647555,0.8351828192608897,6.150263479017744e-08
M0010,20,3,Appreciation,0.36706397584288786,2.1758297476553807e-06,0.6329338483273645
M0010,21,1,Transitionary,0.9983936877222643,0.00022467063200820527,0.0013816416457274252
M0010,22,1,Transitionary,0.9954603938842311,0.004451020887874575,8.85852278943451e-05
M0010,23,1,Transitionary,0.9981013217146574,1.2027017838959695e-05,0.0018866512675036412
M0010,24,1,Transitionary,0.9988043513710126,0.0008452209714893405,0.0003504276574979573
M0010,25,3,Appreciation,0.008662131815665523,7.6473673343062e-12,0.9913378681766871
M0010,26,3,Appreciation,2.4138870836564682e-05,1.4140733497513617e-18,0.9999758611291635
M0011,2,1,Transitionary,0.9740600236037684,0.02580901020932886,0.00013096618690272262
M0011,3,3,Appreciation,0.009883521133429935,1.1049275150338334e-09,0.9901164777616425
M0011,4,1,Transitionary,0.9998718057727128,0.00010570128172492863,2.2492945562430357e-05
M0011,5,1,Transitionary,0.9946922214951516,0.004354207003273865,0.0009535715015746316
M0011,6,1,Transitionary,0.9821486145667396,5.4572570656355644e-05,0.017796812862603845
M0011,7,1,Transitionary,0.9724934727390454,0.027405901783551297,0.00010062547740344744
M0011,8,2,Aversion,0.3520231138159432,0.6479752095808379,1.6766032186885291e-06
M0011,9,1,Transitionary,0.5832601440808725,0.41672382215424286,1.603376488451039e-05
M0011,10,1,Transitionary,0.9875872595386369,0.0006119193756888156,0.01180082108567417
M0011,11,1,Transitionary,0.6669780162810889,9.14249262201625e-06,0.3330128412262891
M0011,12,3,Appreciation,0.028407730052769954,4.4143845865262474e-08,0.9715922258033843
M0011,13,3,Appreciation,0.07741094649308526,2.1669451337351122e-08,0.9225890318374633
M0011,14,2,Aversion,0.07775509848917157,0.9222448510962267,5.0414601843387245e-08
M0011,15,3,Appreciation,0.0006283660524563379,2.408999640116562e-11,0.9993716339234539
M0011,16,2,Aversion,7.83135397201057e-05,0.9999216864602734,6.547032623080233e-15
M0011,17,1,Transitionary,0.9782686495251615,0.0003897327924132073,0.021341617682425425
M0011,18,1,Transitionary,0.7306513466201954,0.26933839891951916,1.0254460285437793e-05
M0011,19,1,Transitionary,0.9896209653582968,0.009651840239893695,0.0007271944018095994
M0011,20,1,Transitionary,0.8270288667187317,0.17289482245064303,7.631083062543003e-05
M0011,21,1,Transitionary,0.9778046816473728,0.0003886136189982892,0.021806704733628918
M0011,22,1,Transitionary,0.6302005322490095,1.4154862930000234e-05,0.3697853128880606
M0011,23,1,Transitionary,0.9912867143823266,0.008711203518766102,2.0820989070619388e-06
M0011,24,1,Transitionary,0.8326342190015558,0.1673551654733892,1.0615525054960584e-05
M0011,25,3,Appreciation,0.0042131343884867145,6.239169536437696e-11,0.9957868655491217
M0011,26,1,Transitionary,0.966664232152722,0.031708076034489774,0.0016276918127881175
M0012,2,3,Appreciation,0.0024472917492881054,3.642939788423336e-11,0.9975527082142827
M0012,3,1,Transitionary,0.6837706445461009,0.3162269315162359,2.4239376622456474e-06
M0012,4,1,Transitionary,0.9920400042955304,0.006153761067492285,0.0018062346369767729
M0012,5,2,Aversion,0.13865860592701648,0.8613411168120806,2.772609019716445e-07
M0012,6,2,Aversion,0.008186831030633494,0.9918131672758347,1.6935313775301921e-09
M0012,7,3,Appreciation,0.017883688737564366,1.4486685418063962e-09,0.9821163098137674
M0012,8,1,Transitionary,0.5852347038014766,0.41475928892693903,6.007271585834781e-06
M0012,9,1,Transitionary,0.7490148810456096,1.9429842373348492e-06,0.2509831759701519
M0012,10,3,Appreciation,1.915910625816207e-13,6.085975296873272e-36,0.9999999999998082
M0012,11,1,Transitionary,0.9779325465116656,0.00016598330881011273,0.021901470179525772
M0012,12,1,Transitionary,0.9266499951817743,0.07333825276897125,1.1752049254788403e-05
M0012,13,1,Transitionary,0.9975026822385812,0.002337687724950796,0.0001596300364672879
M0012,14,1,Transitionary,0.9416993285009794,8.184124377005811e-05,0.05821883025525153
M0012,15,2,Aversion,0.05668721744767277,0.9433127825243955,2.793212570906648e-11
M0012,16,2,Aversion,0.08804147022537344,0.9119585239966054,5.77802196141488e-09
M0012,17,3,Appreciation,0.0006959642831307669,7.463093876414594e-12,0.9993040357094064
M0012,18,2,Aversion,0.3806880346324765,0.6193102624111153,1.7029564093948266e-06
M0012,19,2,Aversion,0.034429637377599034,0.9655703621825604,4.398403100028475e-10
M0012,20,3,Appreciation,6.622067235547404e-05,4.9752924626751486e-18,0.9999337793276449
M0012,21,1,Transitionary,0.7776726236208871,0.22232737576825334,6.108577941914337e-10
M0012,22,2,Aversion,0.0006110141613901646,0.9993889858380924,5.170421350134797e-13
M0012,23,1,Transitionary,0.9402873187020544,0.0597003863231794,1.2294974765451977e-05
M0012,24,2,Aversion,0.01949749673951654,0.9805025030029764,2.5750562617621606e-10
M0012,25,2,Aversion,6.291344943776374e-06,0.9999937086550565,4.3191591154895605e-19
M0012,26,1,Transitionary,0.8575068168751129,0.1424926976156968,4.855091889410343e-07
M0013,2,1,Transitionary,0.994392302932851,0.0053351519260879336,0.00027254514106124695
M0013,3,1,Transitionary,0.8893472389285388,1.746369099310594e-05,0.1106352973804678
M0013,4,1,Transitionary,0.958726065152859,0.00011427936560769612,0.0411596554815335
M0013,5,3,Appreciation,0.002402630063860884,7.207597536594453e-11,0.9975973698640633
M0013,6,1,Transitionary,0.9901072281395793,0.00011824310850212474,0.009774528751918607
M0013,7,1,Transitionary,0.9931141181262896,0.004013174055634378,0.002872707818075876
M0013,8,1,Transitionary,0.8510533247480885,2.9490232472050227e-05,0.14891718501943943
M0013,9,2,Aversion,0.018519054178929847,0.9814809440865928,1.7344778092024911e-09
M0013,10,3,Appreciation,3.638094367604926e-07,9.971920746977105e-17,0.9999996361905628
M0013,11,2,Aversion,0.0002910541944367802,0.9997089458051411,4.2241604086522475e-13
M0013,12,3,Appreciation,1.1472850377279378e-06,1.7365722910221835e-17,0.9999988527149624
M0013,13,1,Transitionary,0.6851039959982719,1.6905510237310649e-06,0.31489431345070484
M0013,14,2,Aversion,0.20030681338738898,0.7996928063133509,3.802992600279917e-07
M0013,15,1,Transitionary,0.9242188376956229,0.07567138944197987,0.00010977286239685807
M0013,16,1,Transitionary,0.8878795885957252,0.11210191953233793,1.8491871936712993e-05
M0013,17,1,Transitionary,0.7931917969230022,9.286648021846331e-06,0.20679891642897572
M0013,18,1,Transitionary,0.810480643059128,0.1895016524032122,1.7704537660046014e-05
M0013,19,1,Transitionary,0.5845791785627502,0.4154093041238263,1.1517313423873149e-05
M0013,20,1,Transitionary,0.9590224647783971,0.04072149862874937,0.000256036592853616
M0013,21,3,Appreciation,0.35997089266763654,1.9829329318517656e-07,0.6400289090390701
M0013,22,2,Aversion,0.22842279287500095,0.7715762676403009,9.394846986384825e-07
M0013,23,1,Transitionary,0.9337088961678158,0.06629097965920921,1.2417297455916647e-07
M0013,24,1,Transitionary,0.6320955538414872,1.4091324748721734e-05,0.3678903548337638
M0013,25,1,Transitionary,0.931060422367355,4.2304421062703855e-05,0.06889727321158201
M0013,26,1,Transitionary,0.9963366467567689,0.0013735959116622607,0.0022897573315692065
M0014,2,1,Transitionary,0.9814443328383065,0.01847023397510167,8.543318659273097e-05
M0014,3,1,Transitionary,0.5020528076524367,1.3557234748186614e-06,0.4979458366240886
M0014,4,1,Transitionary,0.9418888049796756,8.351936581758983e-08,0.058111111500958865
M0014,5,3,Appreciation,0.00016679709728200872,2.817790352467768e-13,0.9998332029024364
M0014,6,1,Transitionary,0.9913584505093775,0.004406279078703065,0.0042352704119197
M0014,7,2,Aversion,0.2424110875678231,0.7575885193248171,3.9310735933758324e-07
M0014,8,1,Transitionary,0.8229771888533077,0.1770048117514019,1.7999395290675994e-05
M0014,9,1,Transitionary,0.9514596078612675,4.664608138476607e-05,0.04849374605734697
M0014,10,2,Aversion,0.20036410019953943,0.7996357977295795,1.0207088060145983e-07
M0014,11,2,Aversion,0.40665451457917073,0.5933442308734918,1.254547337534691e-06
M0014,12,1,Transitionary,0.9968815854489993,0.0013306686164488157,0.0017877459345527348
M0014,13,1,Transitionary,0.9778271023989505,0.022046641317854783,0.00012625628319378344
M0014,14,3,Appreciation,0.07930781482414849,1.2530260334085844e-08,0.9206921726455904
M0014,15,1,Transitionary,0.983103760125107,0.016867008512256945,2.9231362636491072e-05
M0014,16,1,Transitionary,0.9961640575405104,3.5493013295822736e-05,0.0038004494461934923
M0014,17,2,Aversion,0.0008509693248595358,0.9991490306736072,1.5330294952087032e-12
M0014,18,2,Aversion,3.766988275985839e-06,0.9999962330117217,1.77852045244107e-15
M0014,19,1,Transitionary,0.8841557475012477,0.00021170368374459929,0.11563254881500706
M0014,20,3,Appreciation,3.7343023309721543e-06,1.641909757267064e-17,0.9999962656976699
M0014,21,1,Transitionary,0.7523196320429327,3.0404897056883046e-05,0.2476499630600096
M0014,22,1,Transitionary,0.6215149430849529,3.211933576421772e-06,0.37848184498147114
M0014,23,2,Aversion,0.3486496142022843,0.6513486002257874,1.7855719275929178e-06
M0014,24,2,Aversion,0.07324197346078619,0.9267580236259845,2.9132285670110427e-09
M0014,25,3,Appreciation,0.19616639871420108,7.017108070685179e-08,0.8038335311147181
M0014,26,3,Appreciation,0.004359954382313259,3.0859930697973775e-11,0.9956400455868273
M0015,2,1,Transitionary,0.9967624888644911,0.0008233667983879628,0.002414144337121528
M0015,3,3,Appreciation,0.01029483274018549,6.9617068098502525e-12,0.9897051672528528
M0015,4,1,Transitionary,0.922685942267956,2.810828626791993e-07,0.0773137766491809
M0015,5,1,Transitionary,0.930757965918702,4.2550239949747874e-05,0.06919948384134783
M0015,6,2,Aversion,8.64850841666449e-07,0.9999991351491576,7.323438913169648e-19
M0015,7,1,Transitionary,0.9949888371809628,0.0019304309919379685,0.003080731827098949
M0015,8,3,Appreciation,0.18426275126959765,5.465813351725972e-07,0.8157367021490677
M0015,9,3,Appreciation,2.1627650778820895e-07,4.4163109363982243e-20,0.9999997837234925
M0015,10,1,Transitionary,0.9695391185087832,7.141795004704492e-05,0.030389463541169413
M0015,11,1,Transitionary,0.9879226327813239,0.0005724327136490654,0.011504934505027846
M0015,12,1,Transitionary,0.9787403017213361,0.02119705266384158,6.264561482227411e-05
M0015,13,3,Appreciation,0.0004993083308127196,2.810823788565331e-14,0.9995006916691588
M0015,14,3,Appreciation,3.970791734310669e-10,2.2801352792850582e-26,0.9999999996029203
M0015,15,1,Transitionary,0.9751976870513119,9.357580307931585e-05,0.02470873714560904
M0015,16,3,Appreciation,0.002426464569222344,8.925900948330017e-12,0.9975735354218518
M0015,17,1,Transitionary,0.9930900774537568,0.0003240014172166027,0.006585921129027142
M0015,18,3,Appreciation,0.014940950084055575,5.456421274992345e-09,0.9850590444595237
M0015,19,1,Transitionary,0.9966328433214008,0.003365845301379841,1.31137721985966e-06
M0015,20,1,Transitionary,0.9943503088835298,0.003608960349194828,0.0020407307672748137
M0015,21,2,Aversion,0.47795480485717445,0.5220338401391583,1.1355003667788401e-05
M0015,22,1,Transitionary,0.9674080671601559,0.032179721963562474,0.00041221087628210085
M0015,23,1,Transitionary,0.8036732714827318,1.1302273039248294e-05,0.19631542624422915
M0015,24,1,Transitionary,0.9934798812853125,0.00022208455100707777,0.0062980341636808415
M0015,25,2,Aversion,0.18797553400935535,0.8120242221419899,2.4384865434175333e-07
M0015,26,3,Appreciation,0.014670959929395426,5.444837892673923e-09,0.9853290346257673
M0016,2,2,Aversion,3.217041316878585e-07,0.9999996782958684,4.5858285344011425e-20
M0016,3,1,Transitionary,0.6085242851621836,3.12197354323958e-06,0.3914725928642734
M0016,4,1,Transitionary,0.750042038719373,0.24995795639360674,4.887020396866864e-09
M0016,5,2,Aversion,0.08771855752690237,0.9122814402557484,2.2173493031693204e-09
M0016,6,3,Appreciation,0.296143170524264,8.128801004571117e-08,0.7038567481877259
M0016,7,3,Appreciation,0.14978139425712525,2.929345531939055e-08,0.8502185764494194
M0016,8,1,Transitionary,0.9971695772265694,5.197449320809394e-05,0.0027784482802225225
M0016,9,2,Aversion,0.388718370832405,0.6112811068487541,5.223188405875367e-07
M0016,10,1,Transitionary,0.7872739891813443,0.2126985276447059,2.7483173949787115e-05
M0016,11,1,Transitionary,0.9991814562744153,0.0001648718075471032,0.0006536719180375101
M0016,12,1,Transitionary,0.99515209048096,0.003745902404102078,0.0011020071149377493
M0016,13,3,Appreciation,0.0009169445076382565,1.6236471149425895e-11,0.9990830554761251
M0016,14,3,Appreciation,6.883676481772353e-06,3.4760267990627074e-15,0.9999931163235147
M0016,15,1,Transitionary,0.7752187575696893,0.22478116522869396,7.720161667302612e-08
M0016,16,1,Transitionary,0.9629737383367315,0.0368918688075898,0.00013439285567848073
M0016,17,2,Aversion,0.11558879569173716,0.8844110894732797,1.1483498309883519e-07
M0016,18,1,Transitionary,0.9955626863026382,0.00022635915079560317,0.004210954546565986
M0016,19,1,Transitionary,0.9090970719055531,9.006971089693762e-05,0.09081285838354973
M0016,20,2,Aversion,0.00039403988238329994,0.9996059601169648,6.517310354670405e-13
M0016,21,2,Aversion,0.0002031344974509264,0.9997968655024869,6.231171575098575e-14
M0016,22,1,Transitionary,0.9704940999859674,3.0717699779173814e-05,0.029475182314253313
M0016,23,1,Transitionary,0.5756380560413633,2.5163200872596402e-06,0.4243594276385497
M0016,24,1,Transitionary,0.9927117564319291,0.004543813763418439,0.002744429804652251
M0016,25,1,Transitionary,0.971700481904568,1.2526496453576599e-05,0.02828699159897839
M0016,26,3,Appreciation,0.04960953097421108,1.0200287840526757e-08,0.9503904588255012
M0017,2,1,Transitionary,0.999576562915532,1.0835363772306587e-06,0.0004223535480906464
M0017,3,1,Transitionary,0.9982135037238846,0.0012533352606747155,0.0005331610154407409
M0017,4,1,Transitionary,0.9489840478408104,2.287493536358862e-05,0.050993077223825886
M0017,5,1,Transitionary,0.7993546461262809,0.20063483378837413,1.0520085344932767e-05
M0017,6,3,Appreciation,0.01728254389025055,7.079986357842837e-10,0.9827174554017508
M0017,7,2,Aversion,0.3232037031927692,0.6767948867780134,1.4100292175436065e-06
M0017,8,2,Aversion,6.520121266780137e-06,0.9999934798787333,1.3912339351453212e-17
M0017,9,1,Transitionary,0.9918838350951859,0.008116027429092178,1.3747572192520866e-07
M0017,10,1,Transitionary,0.9993014117756454,9.54232637553238e-05,0.0006031649605993611
M0017,11,1,Transitionary,0.9873204540901386,4.805754012736671e-05,0.012631488369733912
M0017,12,2,Aversion,1.698863050564024e-08,0.9999999830113696,8.302911229908463e-24
M0017,13,1,Transitionary,0.9924544919855042,0.00024305995876886064,0.007302448055726912
M0017,14,1,Transitionary,0.9325632185082177,1.2779043644436124e-05,0.06742400244813786
M0017,15,2,Aversion,0.16423946588666932,0.8357604357709063,9.834242444246785e-08
M0017,16,1,Transitionary,0.8644077689780213,0.13558807469409614,4.156327882720859e-06
M0017,17,3,Appreciation,0.0018311279607465835,5.1072102606579805e-11,0.9981688719881812
M0017,18,1,Transitionary,0.9914169549496334,0.008264517272549132,0.0003185277778173207
M0017,19,2,Aversion,0.0001086857486522949,0.9998913142511423,2.0545944348707851e-13
M0017,20,2,Aversion,0.08524592834397544,0.9147540123155827,5.9340441717515143e-08
M0017,21,1,Transitionary,0.9981622781386801,0.0014472265831051289,0.00039049527821463566
M0017,22,3,Appreciation,0.05128509860329259,1.8888838705790387e-09,0.9487148995078234
M0017,23,2,Aversion,0.00046926152506878625,0.9995307384648494,1.0081762949884769e-11
M0017,24,1,Transitionary,0.9990055079504707,0.00010207402806187247,0.0008924180214673196
M0017,25,3,Appreciation,0.007989967193191365,1.0536861974381406e-10,0.9920100327014403
M0017,26,1,Transitionary,0.9232080411800258,0.07677407169099343,1.7887128980759965e-05
M0018,2,2,Aversion,0.051699708720057504,0.9483002841935164,7.086426001027673e-09
M0018,3,3,Appreciation,0.0010259134704188645,1.0159476790932351e-11,0.9989740865194214
M0018,4,2,Aversion,0.36637401946668724,0.6336239188301669,2.061703145874783e-06
M0018,5,1,Transitionary,0.990719823235156,0.002770472904235367,0.006509703860608535
M0018,6,1,Transitionary,0.9781529388397326,0.000142930520538052,0.02170413063972945
M0018,7,1,Transitionary,0.8969849293142608,0.10300187489910709,1.3195786632213073e-05
M0018,8,2,Aversion,0.014544162670544456,0.9854558367021253,6.273299860563663e-10
M0018,9,1,Transitionary,0.991045937642803,0.008833291960323371,0.00012077039687373251
M0018,10,1,Transitionary,0.9103858045305132,5.63334750028424e-05,0.0895578619944837
M0018,11,3,Appreciation,0.43767261655604794,5.8303226780382065e-06,0.562321553121274
M0018,12,1,Transitionary,0.9972679210020582,0.0010802955659846207,0.0016517834319572805
M0018,13,3,Appreciation,4.980203593182946e-05,1.4336068983207912e-14,0.9999501979640536
M0018,14,2,Aversion,0.00012795166968567436,0.9998720483302552,5.932422496858531e-14
M0018,15,1,Transitionary,0.9039709333093972,0.09602891424141374,1.5244918931964674e-07
M0018,16,2,Aversion,0.013337070718913891,0.9866629288875588,3.935274765362171e-10
M0018,17,2,Aversion,2.3404994100070848e-05,0.999976595005897,3.122340553716004e-15
M0018,18,2,Aversion,0.00954840723452757,0.9904515921753194,5.901529435510609e-10
M0018,19,3,Appreciation,0.053282060062004886,5.982625835329077e-09,0.9467179339553693
M0018,20,3,Appreciation,2.8869652388237034e-05,9.31113435393104e-16,0.9999711303476109
M0018,21,3,Appreciation,0.004119729955715981,1.7143741758578075e-11,0.9958802700271405
M0018,22,2,Aversion,0.39316845661887073,0.6068286687317304,2.8746493987762708e-06
M0018,23,1,Transitionary,0.9639886204338921,9.374200550420899e-06,0.03600200536555732
M0018,24,1,Transitionary,0.9621107499722309,1.364663748047186e-06,0.03788788536402112
M0018,25,3,Appreciation,0.0009980879133986006,4.762071993198754e-13,0.9990019120861254
M0018,26,1,Transitionary,0.9990952036863318,0.0007086237976549781,0.00019617251601335847
M0019,2,2,Aversion,0.010889193500418996,0.9891108064585877,4.099331809156837e-11
M0019,3,2,Aversion,1.6935764454656606e-05,0.999983064235545,2.8948611822060014e-16
M0019,4,1,Transitionary,0.9837667509492254,0.01622730413429372,5.944916480942061e-06
M0019,5,1,Transitionary,0.9925763092907559,1.3906517179678673e-05,0.0074097841920644746
M0019,6,1,Transitionary,0.6854917631056292,1.8132788944245883e-06,0.31450642361547626
M0019,7,2,Aversion,9.951385010521874e-05,0.9999004861498934,1.4877506385366388e-15
M0019,8,1,Transitionary,0.9890633639320296,0.010921906189321762,1.4729878648485862e-05
M0019,9,1,Transitionary,0.8602315952980222,0.13976258248386403,5.822218113784008e-06
M0019,10,1,Transitionary,0.7883170810393535,0.21168007091896474,2.8480416817092232e-06
M0019,11,1,Transitionary,0.6244203054725365,6.531930266112436e-07,0.37557904133443687
M0019,12,1,Transitionary,0.8761083223511003,0.12388895585459794,2.721794301738561e-06
M0019,13,2,Aversion,0.0004180906083112059,0.9995819093915163,1.724728105864981e-13
M0019,14,1,Transitionary,0.6968326041475623,6.233264186449049e-06,0.30316116258825143
M0019,15,1,Transitionary,0.5098691536877445,7.498122167368483e-08,0.490130771331034
M0019,16,1,Transitionary,0.999285852829709,0.00024100671288131771,0.0004731404574093909
M0019,17,2,Aversion,3.148540695645034e-05,0.9999685145930423,1.388605879841426e-15
M0019,18,3,Appreciation,2.162027929487844e-06,2.1962498487185384e-19,0.9999978379720703
M0019,19,1,Transitionary,0.9988347726639139,0.0006076273330610804,0.000557600003024872
M0019,20,1,Transitionary,0.7795677329116399,0.22043148465045956,7.824379006669524e-07
M0019,21,2,Aversion,0.06500336951729338,0.934996624736471,5.746235616950372e-09
M0019,22,1,Transitionary,0.969087206375961,0.030896701587866227,1.6092036172874955e-05
M0019,23,1,Transitionary,0.768077750479709,2.8175471568599977e-06,0.23191943197313414
M0019,24,3,Appreciation,0.23457238127557412,2.7255043074243343e-08,0.7654275914693828
M0019,25,1,Transitionary,0.671911654809812,0.32808807082904573,2.74361142159425e-07
M0019,26,1,Transitionary,0.9631398874968358,0.03684875810265456,1.135440050959108e-05
M0020,2,1,Transitionary,0.9989823577458746,0.00042522157218390577,0.0005924206819414224
M0020,3,3,Appreciation,3.864771944475043e-05,1.4305785023572552e-15,0.9999613522805538
M0020,4,3,Appreciation,0.006982215135185736,5.262581466779231e-11,0.9930177848121885
M0020,5,2,Aversion,0.0008803411871799536,0.9991196588127458,7.429681211425536e-14
M0020,6,1,Transitionary,0.952142245897235,0.0478159588390897,4.179526367528966e-05
M0020,7,1,Transitionary,0.8771265977437994,7.283488562331751e-06,0.12286611876763814
M0020,8,2,Aversion,0.11386065046194992,0.8861393359614208,1.3576629357691282e-08
M0020,9,1,Transitionary,0.9938571751153574,0.006030389790712309,0.00011243509393031816
M0020,10,1,Transitionary,0.5648079733853469,1.4716419095135083e-06,0.43519055497274356
M0020,11,1,Transitionary,0.883159579554195,0.11684041136381752,9.081987454603482e-09
M0020,12,2,Aversion,0.4850451538856918,0.5149545508155332,2.952987750750788e-07
M0020,13,2,Aversion,0.0008508237108228023,0.9991491762891279,4.92355567230178e-14
M0020,14,1,Transitionary,0.8903692113409796,1.3165950271371944e-05,0.109617622708749
M0020,15,2,Aversion,0.0005815774482920841,0.9994184225510404,6.674796571873991e-13
M0020,16,3,Appreciation,0.06699722041801208,3.772417610700352e-08,0.9330027418578117
M0020,17,3,Appreciation,1.9694440860815504e-06,5.913155226295965e-18,0.9999980305559139
M0020,18,1,Transitionary,0.5992837467697403,2.802815500973625e-07,0.4007159729487097
M0020,19,2,Aversion,0.09665496851124047,0.9033450142282289,1.72605307095566e-08
M0020,20,1,Transitionary,0.9880382474069221,0.0005836912505701623,0.011378061342507684
M0020,21,1,Transitionary,0.8502626940813893,0.14973730078500472,5.133605965834357e-09
M0020,22,3,Appreciation,5.073209584004324e-06,2.1983671103001363e-17,0.999994926790416
M0020,23,1,Transitionary,0.96293762845349,5.933279162608175e-06,0.037056438267347405
M0020,24,1,Transitionary,0.9526048345691134,7.991446359162924e-06,0.04738717398452748
M0020,25,1,Transitionary,0.9507478614230849,1.0304306941538036e-05,0.04924183426997359
M0020,26,3,Appreciation,8.749103498281549e-05,1.9283542107368414e-17,0.9999125089650172
M0021,2,2,Aversion,1.1654333734386694e-06,0.9999988345666265,1.0973310916838099e-18
M0021,3,1,Transitionary,0.9970849753812546,0.002222297789555094,0.0006927268291902296
M0021,4,1,Transitionary,0.9260008013221771,0.07398914509259158,1.0053585231209199e-05
M0021,5,1,Transitionary,0.9826721162013966,0.00010759163571234277,0.017220292162891115
M0021,6,3,Appreciation,0.3626520429566621,1.438735510621989e-06,0.6373465183078274
M0021,7,1,Transitionary,0.9103397102667472,0.0896375051247055,2.2784608547226534e-05
M0021,8,2,Aversion,0.41395685552053463,0.5860431430739448,1.405520675198786e-09
M0021,9,2,Aversion,0.0006263969088368619,0.9993736030909521,2.111206515879634e-13
M0021,10,1,Transitionary,0.699641590142079,0.3003583470099274,6.284799339206007e-08
M0021,11,1,Transitionary,0.9940629403036669,0.005692773784042736,0.00024428591229026553
M0021,12,1,Transitionary,0.5637470785379294,0.4362528757098212,4.575224938728927e-08
M0021,13,1,Transitionary,0.9816014883755715,1.0208008453055013e-05,0.018388303615975533
M0021,14,3,Appreciation,0.3401954864440242,5.931083184076441e-07,0.6598039204476575
M0021,15,3,Appreciation,0.05774693300022731,3.0978638854171854e-09,0.9422530639019088
M0021,16,3,Appreciation,0.03488040499669501,1.0865384950455488e-10,0.965119594894651
M0021,17,3,Appreciation,1.2609367869975532e-07,1.2998484469886154e-18,0.9999998739063214
M0021,18,1,Transitionary,0.9995209295450865,0.00037486327391814735,0.00010420718099524528
M0021,19,1,Transitionary,0.965559177206961,0.0344367441397739,4.078653265040475e-06
M0021,20,1,Transitionary,0.7976868451378528,4.844060646853014e-07,0.2023126704560826
M0021,21,1,Transitionary,0.9816236071991664,1.4679814967906852e-05,0.0183617129858656
M0021,22,3,Appreciation,0.001281857784806656,1.3068183155624612e-14,0.9987181422151803
M0021,23,1,Transitionary,0.9912885714466406,4.599886121864435e-05,0.00866542969214072
M0021,24,1,Transitionary,0.9916637771964076,0.008232591215282428,0.00010363158831003175
M0021,25,3,Appreciation,0.035973783762692606,2.6875702991377173e-09,0.964026213549737
M0021,26,1,Transitionary,0.7632861983188147,0.23671380118494587,4.962392912314879e-10
M0022,2,1,Transitionary,0.995509023489002,0.0036694531259306765,0.0008215233850677525
M0022,3,3,Appreciation,0.20552259042204818,2.7347833076937264e-07,0.7944771360996217
M0022,4,1,Transitionary,0.9947693886341137,0.0005991045766104501,0.004631506789275918
M0022,5,2,Aversion,0.0016186718332778986,0.9983813281496319,1.7090152726842366e-11
M0022,6,2,Aversion,0.07299283872389765,0.9270070757108759,8.556522585542982e-08
M0022,7,3,Appreciation,3.819265108579403e-06,1.4942156362193625e-15,0.9999961807348893
M0022,8,1,Transitionary,0.9956272795728349,0.0026655098046689044,0.0017072106224961057
M0022,9,1,Transitionary,0.9907748256578186,0.0014289846139560922,0.007796189728226143
M0022,10,3,Appreciation,0.01276245303037663,1.445653483990813e-09,0.987237545523969
M0022,11,3,Appreciation,9.150007083172475e-06,1.1029371039936999e-15,0.9999908499929155
M0022,12,1,Transitionary,0.8723538680882418,0.00011443788882054515,0.1275316940229383
M0022,13,3,Appreciation,0.05279288046425451,6.362485473583656e-09,0.9472071131732592
M0022,14,2,Aversion,0.08091535160610729,0.919084641320925,7.072966994451072e-09
M0022,15,2,Aversion,0.001002811062200288,0.9989971889377955,3.3257835668111512e-15
M0022,16,3,Appreciation,0.0020525703094779572,5.285148492261835e-11,0.9979474296376712
M0022,17,3,Appreciation,0.3227885725840628,2.942663919346326e-07,0.6772111331495451
M0022,18,1,Transitionary,0.5702050612880364,5.130464824597842e-06,0.42978980824713897
M0022,19,1,Transitionary,0.9080147501180883,0.09198390314893885,1.34673297228653e-06
M0022,20,2,Aversion,6.356203305000857e-05,0.9999364379669466,3.381392224272917e-15
M0022,21,2,Aversion,6.018242915434784e-05,0.9999398175708463,1.2797447035547644e-17
M0022,22,1,Transitionary,0.8381080698724581,0.1618815619460454,1.0368181497059652e-05
M0022,23,1,Transitionary,0.9830628812551483,0.0168058370233379,0.00013128172151292836
M0022,24,1,Transitionary,0.8441855760689041,1.8761687989953617e-05,0.1557956622431056
M0022,25,2,Aversion,4.570477791852464e-05,0.9999542952220812,3.1608242748631097e-17
M0022,26,3,Appreciation,0.018801234005676307,1.551776080235632e-09,0.9811987644425477
M0023,2,2,Aversion,0.00023449975308095441,0.999765500246819,1.0015030957241344e-13
M0023,3,2,Aversion,0.06506797978923537,0.9349320124964191,7.714345791579836e-09
M0023,4,2,Aversion,9.827069062117476e-06,0.9999901729309376,1.595623311776508e-18
M0023,5,1,Transitionary,0.9857040005321962,0.011574150146222283,0.0027218493215816174
M0023,6,2,Aversion,0.0008752217994755476,0.999124778200509,1.5709906978043702e-14
M0023,7,3,Appreciation,0.07642321457681601,1.706066950013235e-07,0.9235766148164886
M0023,8,2,Aversion,0.27200036042387354,0.7279992138703885,4.25705737871313e-07
M0023,9,3,Appreciation,1.4846919441873406e-06,1.8745313295784205e-16,0.9999985153080554
M0023,10,1,Transitionary,0.9533324494087627,0.04658653394334434,8.101664789341547e-05
M0023,11,1,Transitionary,0.9426640705538937,2.5137285890999737e-05,0.05731079216021562
M0023,12,3,Appreciation,1.1909325372900925e-09,8.648342038428686e-24,0.9999999988090673
M0023,13,3,Appreciation,0.02625984325509717,4.51222888182994e-09,0.9737401522326742
M0023,14,2,Aversion,0.022301644686529745,0.9776983534058225,1.9076476778679462e-09
M0023,15,3,Appreciation,0.1334526271713987,5.32042365806937e-07,0.8665468407862353
M0023,16,1,Transitionary,0.9969936644615319,0.0016552486731480512,0.0013510868653204087
M0023,17,1,Transitionary,0.9900257282288173,0.0004312272349022692,0.009543044536280776
M0023,18,1,Transitionary,0.6470295371601248,0.352968925857266,1.536982609351076e-06
M0023,19,2,Aversion,0.08329510520756958,0.9167048408452498,5.394718025094012e-08
M0023,20,2,Aversion,0.004133011604104453,0.9958669883953235,5.721502102790933e-13
M0023,21,1,Transitionary,0.9941588596664261,0.005574464372211713,0.0002666759613622834
M0023,22,1,Transitionary,0.8747244241579301,7.029583468792362e-06,0.12526854625860162
M0023,23,2,Aversion,0.000581531904712311,0.9994184680931288,2.159111235300968e-12
M0023,24,1,Transitionary,0.8657751666370409,1.1264936976444846e-05,0.13421356842598223
M0023,25,3,Appreciation,0.051649767424470826,5.681043716212853e-09,0.9483502268944857
M0023,26,1,Transitionary,0.952267392330274,4.159817585539681e-06,0.0477284478521409
M0024,2,1,Transitionary,0.9974926656681182,0.0005189696114285021,0.0019883647204533006
M0024,3,2,Aversion,0.3429364455519935,0.657063417748836,1.3669917049169363e-07
M0024,4,3,Appreciation,0.1544704570866822,2.801929582043266e-07,0.8455292627203596
M0024,5,3,Appreciation,0.08508415597249612,1.3881612684848102e-09,0.9149158426393427
M0024,6,3,Appreciation,7.202271121403918e-10,5.790801349458649e-27,0.9999999992797729
M0024,7,1,Transitionary,0.994167056083085,0.00572201965011313,0.00011092426680179607
M0024,8,1,Transitionary,0.9798185823117699,1.1437655671217702e-05,0.020169980032558894
M0024,9,2,Aversion,0.0009743981369698483,0.9990256018626182,4.1190253481467713e-13
M0024,10,1,Transitionary,0.9897556702702939,0.00021817232394269435,0.01002615740576351
M0024,11,2,Aversion,8.083430455400832e-06,0.9999919165695441,4.3000858627028947e-16
M0024,12,2,Aversion,0.0013279792535591665,0.9986720207394152,7.0256417830808205e-12
M0024,13,2,Aversion,0.23428113563103384,0.7657185829386408,2.8143032534749645e-07
M0024,14,1,Transitionary,0.9815038703635548,0.017354820232453588,0.0011413094039916885
M0024,15,1,Transitionary,0.9981693077555354,0.0013950887568418512,0.0004356034876227984
M0024,16,1,Transitionary,0.9773748664546643,8.088265418500088e-06,0.02261704527991724
M0024,17,1,Transitionary,0.8176605937387869,2.0707827796347407e-06,0.18233733547843345
M0024,18,2,Aversion,0.44526492850285965,0.5547315120011714,3.5594959688936106e-06
M0024,19,3,Appreciation,0.0008996957325879903,1.1096396654862756e-11,0.9991003042563156
M0024,20,1,Transitionary,0.9687091206598342,0.03010929771597803,0.0011815816241878211
M0024,21,2,Aversion,9.309150451946554e-08,0.9999999069084955,8.063822114802612e-22
M0024,22,2,Aversion,0.048259630849126774,0.9517403378815805,3.1269292658995e-08
M0024,23,1,Transitionary,0.9818426969826282,0.017871761892472846,0.00028554112489897256
M0024,24,1,Transitionary,0.9600089821982241,0.03994016008727713,5.085771449876234e-05
M0024,25,1,Transitionary,0.9828234499814947,0.0015026871358574255,0.01567386288264776
M0024,26,2,Aversion,0.044910242108825944,0.9550897072608462,5.063032785229869e-08
M0025,2,2,Aversion,0.14443239675419753,0.8555675696127133,3.363308907299099e-08
M0025,3,3,Appreciation,0.08905623501325349,8.949339071212343e-08,0.9109436754933559
M0025,4,1,Transitionary,0.9475225185297932,0.0001145656429276798,0.05236291582727906
M0025,5,1,Transitionary,0.987874451226198,0.0016401835827146694,0.010485365191087438
M0025,6,1,Transitionary,0.9708360665876904,0.028666357767021082,0.0004975756452885627
M0025,7,3,Appreciation,0.0010008194717257965,4.722653300055347e-11,0.9989991804810477
M0025,8,3,Appreciation,0.21724368814916326,1.5270494189814304e-07,0.7827561591458949
M0025,9,1,Transitionary,0.9571720522705239,0.00018350061475453638,0.04264444711472159
M0025,10,1,Transitionary,0.9923120074524656,0.007661262656341805,2.672989119251001e-05
M0025,11,2,Aversion,0.0004567926602070384,0.9995432073391787,6.142155366113977e-13
M0025,12,2,Aversion,0.2597661238412223,0.7402329375528903,9.3860588737794e-07
M0025,13,1,Transitionary,0.9291136203196455,0.07067681089434144,0.00020956878601308487
M0025,14,1,Transitionary,0.9981756082275549,3.1708472530059984e-05,0.0017926832999149898
M0025,15,2,Aversion,0.019506409814039036,0.9804935856495735,4.5363875928071066e-09
M0025,16,1,Transitionary,0.7224130002516743,3.9091814674468425e-06,0.2775830905668582
M0025,17,3,Appreciation,0.05860849100512866,1.1194662669293516e-08,0.9413914978002086
M0025,18,3,Appreciation,0.3876313331080385,2.829435311715592e-07,0.6123683839484302
M0025,19,1,Transitionary,0.9903589050345512,0.00963027245275706,1.0822512691644592e-05
M0025,20,3,Appreciation,1.2653892804029944e-12,1.199529177903007e-32,0.9999999999987346
M0025,21,3,Appreciation,0.0004431343281364897,2.5515146801717994e-13,0.9995568656716083
M0025,22,1,Transitionary,0.9981231393035058,0.00020793588821974056,0.0016689248082744838
M0025,23,1,Transitionary,0.9324638440906992,0.0675327812977029,3.3746115978422886e-06
M0025,24,1,Transitionary,0.9196143803966245,0.08037139665241586,1.4222950959548476e-05
M0025,25,3,Appreciation,0.004193369331680799,3.1187066735862492e-12,0.9958066306652005
M0025,26,2,Aversion,0.17925213316042835,0.8207478060799336,6.075963820328965e-08
M0026,2,1,Transitionary,0.6392648850439301,0.3607322443198492,2.8706362204521176e-06
M0026,3,1,Transitionary,0.8797087763926649,8.470226123866094e-06,0.12028275338121137
M0026,4,1,Transitionary,0.9947775140459679,0.005026117727042142,0.00019636822698987252
M0026,5,1,Transitionary,0.9244871179136431,0.07549116963131235,2.171245504418911e-05
M0026,6,1,Transitionary,0.9878420340211979,0.00011001669271670016,0.012047949286085805
M0026,7,1,Transitionary,0.9677581440318392,0.03222156040002319,2.0295568137752872e-05
M0026,8,3,Appreciation,0.022238424586821973,6.051992761050234e-10,0.9777615748079791
M0026,9,2,Aversion,0.00017177291617996812,0.9998282270836425,1.7747257990161154e-13
M0026,10,2,Aversion,0.0020618199223686436,0.9979381800732922,4.339357861058399e-12
M0026,11,1,Transitionary,0.9526670305090309,0.047310683458857306,2.2286032111480914e-05
M0026,12,2,Aversion,2.667762727067839e-06,0.9999973322372733,2.6002304409714507e-17
M0026,13,3,Appreciation,0.0006706235813255657,7.083372732614949e-12,0.9993293764115907
M0026,14,2,Aversion,2.2119198572314186e-06,0.9999977880801423,3.0347195565914986e-17
M0026,15,1,Transitionary,0.7022264586614422,3.8693667408331204e-07,0.2977731544018838
M0026,16,1,Transitionary,0.995058879294449,0.00016854931827295656,0.004772571387278218
M0026,17,1,Transitionary,0.9401967510068913,0.05980254011195103,7.088811577526597e-07
M0026,18,2,Aversion,0.007668037504529839,0.9923319622918944,2.0357577138830048e-10
M0026,19,3,Appreciation,2.2187611065145556e-05,3.12605384574803e-16,0.9999778123889349
M0026,20,1,Transitionary,0.9975621317929992,9.82634455239009e-05,0.002339604761476898
M0026,21,1,Transitionary,0.9977208476553346,0.0017996447638023048,0.0004795075808634178
M0026,22,1,Transitionary,0.9007995126069754,0.09916351411738743,3.697327563712139e-05
M0026,23,2,Aversion,0.00037520313829656317,0.9996247968616822,2.1124247606216298e-14
M0026,24,1,Transitionary,0.8984134138026532,0.10158204436994753,4.5418273994605854e-06
M0026,25,2,Aversion,0.03549578310987199,0.9645042152885653,1.6015626295695978e-09
M0026,26,2,Aversion,0.29189137098517354,0.7081084121910213,2.1682380475598044e-07
M0027,2,1,Transitionary,0.5488915392180637,1.2653458623053112e-06,0.45110719543607414
M0027,3,3,Appreciation,0.040692175990131405,1.2379750102462326e-09,0.9593078227718934
M0027,4,3,Appreciation,0.0029856384253112126,1.6244519050575968e-10,0.9970143614122432
M0027,5,1,Transitionary,0.7998888587482639,3.88835330779821e-06,0.2001072528984287
M0027,6,3,Appreciation,0.3333764803691778,2.455311512026451e-06,0.6666210643193101
M0027,7,1,Transitionary,0.9442384111086001,0.05565273012445168,0.00010885876694853579
M0027,8,1,Transitionary,0.9892367255335974,0.000458779350817308,0.01030449511558533
M0027,9,2,Aversion,0.0004443042517337407,0.9995556957411562,7.110504027202305e-12
M0027,10,2,Aversion,0.41564822634691045,0.5843496203382035,2.153314886093774e-06
M0027,11,1,Transitionary,0.9922630526799445,0.0025727697099603344,0.005164177610095021
M0027,12,3,Appreciation,0.007828163855023955,1.0496912977523591e-09,0.9921718350952844
M0027,13,2,Aversion,0.0003531566917507807,0.9996468433076227,6.262642432169208e-13
M0027,14,1,Transitionary,0.906675800856404,2.5083371063834793e-05,0.09329911577253189
M0027,15,1,Transitionary,0.9976130228074477,0.002381344057562148,5.633134990567416e-06
M0027,16,1,Transitionary,0.9991788251243345,0.0004326700825584703,0.00038850479310670625
M0027,17,2,Aversion,0.012192568468368888,0.9878074311683669,3.6326443368429174e-10
M0027,18,2,Aversion,0.38560445671826726,0.6143950430248425,5.002568898218774e-07
M0027,19,1,Transitionary,0.6571817418922385,0.34281298105582203,5.27705193917009e-06
M0027,20,2,Aversion,1.1246655734502701e-09,0.9999999988753343,1.3896395018772505e-23
M0027,21,1,Transitionary,0.722997462424206,2.521956097286667e-07,0.2770022853801843
M0027,22,1,Transitionary,0.9926078186582794,2.2307871162713065e-06,0.007389950554604002
M0027,23,3,Appreciation,9.134990460910262e-06,1.8494854815334463e-18,0.9999908650095394
M0027,24,1,Transitionary,0.9999639781054647,3.489290900995802e-05,1.1289855255572187e-06
M0027,25,1,Transitionary,0.6992750529325191,8.853429949669321e-07,0.30072406172448585
M0027,26,1,Transitionary,0.5001443957582715,0.4998554621343487,1.4210737967469037e-07
M0028,2,2,Aversion,0.07602816059556085,0.9239718199112451,1.949319404157877e-08
M0028,3,2,Aversion,0.011600280781426577,0.9883997170887221,2.1298513740755534e-09
M0028,4,3,Appreciation,0.006877153058540104,4.089213869849554e-10,0.9931228465325385
M0028,5,1,Transitionary,0.6602238627784507,0.3397742682389902,1.8689825591096062e-06
M0028,6,1,Transitionary,0.8374700529063137,0.16252068565770963,9.261435976603435e-06
M0028,7,1,Transitionary,0.9927645838357059,0.0023390267078719144,0.004896389456422172
M0028,8,1,Transitionary,0.7894622309232875,0.21052592727045336,1.1841806259066154e-05
M0028,9,1,Transitionary,0.8158673077293337,0.18413265882442642,3.3446239863878335e-08
M0028,10,2,Aversion,0.46133325587275953,0.5386658901284488,8.539987917948107e-07
M0028,11,1,Transitionary,0.6112322317652441,0.3887526126710678,1.5155563688128646e-05
M0028,12,1,Transitionary,0.7203026885722,0.27968888748907994,8.423938720024681e-06
M0028,13,1,Transitionary,0.927957691438165,8.75750197914057e-05,0.07195473354204358
M0028,14,2,Aversion,0.04723451566700943,0.9527654698097875,1.4523203138731487e-08
M0028,15,3,Appreciation,0.0005112567079456118,3.634719698103319e-12,0.9994887432884197
M0028,16,1,Transitionary,0.9628642462973146,0.037011406364819484,0.00012434733786597377
M0028,17,1,Transitionary,0.9500106153670368,0.00015230665252603362,0.04983707798043722
M0028,18,1,Transitionary,0.9988790021062737,0.0010797794364390985,4.1218457287346665e-05
M0028,19,2,Aversion,4.273446178906247e-05,0.9999572655382003,1.0676579152139062e-14
M0028,20,1,Transitionary,0.9676347267799896,0.03149530967250002,0.0008699635475103104
M0028,21,1,Transitionary,0.8911918914183513,0.10878752965708369,2.0578924564936847e-05
M0028,22,3,Appreciation,0.019810860880314356,2.7972540088156935e-10,0.9801891388399603
M0028,23,1,Transitionary,0.9642098546219612,0.035782144034230544,8.001343808335693e-06
M0028,24,2,Aversion,0.0029176890207524638,0.9970823109666771,1.2570359305391509e-11
M0028,25,1,Transitionary,0.9929486528052506,0.007003098083313964,4.8249111435385474e-05
M0028,26,1,Transitionary,0.8633996685056554,0.1365485524637748,5.177903056971982e-05
M0029,2,3,Appreciation,0.34546362532510955,1.0187435887101615e-06,0.6545353559313017
M0029,3,1,Transitionary,0.997129000237162,8.26566715179305e-06,0.0028627340956860255
M0029,4,1,Transitionary,0.870821170894485,1.5855327976570123e-06,0.12917724357271737
M0029,5,3,Appreciation,0.00978548162132256,4.297378022742037e-09,0.9902145140812992
M0029,6,1,Transitionary,0.9997339498456634,1.6470768737667232e-05,0.00024957938559870557
M0029,7,1,Transitionary,0.9919275368742737,0.006546795103313825,0.0015256680224123396
M0029,8,2,Aversion,0.32333878946114825,0.6766605800047082,6.305341437650642e-07
M0029,9,1,Transitionary,0.9896226678486232,0.010376299940183246,1.032211193675569e-06
M0029,10,2,Aversion,0.35583946580281084,0.6441602619172361,2.7227995331935306e-07
M0029,11,3,Appreciation,0.05208735514256981,6.969898327379789e-08,0.9479125751584471
M0029,12,3,Appreciation,0.0017395827370701793,3.4832124574378955e-13,0.9982604172625816
M0029,13,3,Appreciation,3.917844071436346e-05,9.312954486736442e-16,0.9999608215592846
M0029,14,3,Appreciation,2.4405492910217346e-05,1.618445490971856e-15,0.9999755945070883
M0029,15,2,Aversion,5.048389086897161e-05,0.999949516109128,2.8629652896634078e-15
M0029,16,2,Aversion,6.835495081049555e-06,0.9999931645049188,1.0677804011549891e-17
M0029,17,1,Transitionary,0.6835512370668194,0.3164475120762756,1.2508569052201022e-06
M0029,18,3,Appreciation,0.21681723850247273,1.6825289310576218e-07,0.7831825932446344
M0029,19,1,Transitionary,0.9867581121460122,3.534967372704222e-05,0.013206538180260989
M0029,20,3,Appreciation,0.12367141215702243,1.7662941278538147e-08,0.8763285701800361
M0029,21,3,Appreciation,2.402550753803144e-07,1.061927305704729e-21,0.9999997597449246
M0029,22,1,Transitionary,0.9965336093639715,0.0007655660350614621,0.0027008246009669087
M0029,23,2,Aversion,0.4418182437912525,0.5581749666067256,6.789602021954431e-06
M0029,24,1,Transitionary,0.9968286174582841,0.002216940565089509,0.0009544419766263922
M0029,25,1,Transitionary,0.881601370108606,3.5739622218795413e-06,0.1183950559291721
M0029,26,1,Transitionary,0.7202809952076492,0.2797179271025936,1.0776897573735429e-06
M0030,2,3,Appreciation,0.017340227097301236,1.1620160445657272e-10,0.9826597727864969
M0030,3,1,Transitionary,0.7099455693272989,1.3691506177415761e-06,0.29005306152208266
M0030,4,1,Transitionary,0.8494891470756609,6.941283646827097e-06,0.15050391164069135
M0030,5,3,Appreciation,7.248806786891727e-07,4.2781454059599995e-19,0.9999992751193216
M0030,6,1,Transitionary,0.959217842320916,4.032261468877453e-06,0.04077812541761432
M0030,7,1,Transitionary,0.9725405944825047,8.005979833870749e-05,0.02737934571915685
M0030,8,1,Transitionary,0.9489364941774535,1.782774957785232e-05,0.05104567807296871
M0030,9,3,Appreciation,0.003952946679357804,8.110866127071278e-12,0.9960470533125307
M0030,10,3,Appreciation,0.08361086538410689,2.8421202512355663e-08,0.9163891061946913
M0030,11,3,Appreciation,0.17722454615492136,3.2125510888546854e-07,0.8227751325899696
M0030,12,1,Transitionary,0.9919048639168209,0.00010505297448421837,0.007990083108694871
M0030,13,1,Transitionary,0.9877119647934437,0.012286964357585414,1.070848970774006e-06
M0030,14,1,Transitionary,0.9956567404018526,0.004291298245923053,5.1961352223812e-05
M0030,15,1,Transitionary,0.9917312148452654,6.403984645900398e-05,0.008204745308276272
M0030,16,1,Transitionary,0.998644391007907,9.576066520085588e-05,0.0012598483268923205
M0030,17,1,Transitionary,0.9969849665157858,0.00031720868349882126,0.002697824800715879
M0030,18,2,Aversion,0.00532171262850634,0.9946782873248301,4.666346519317763e-11
M0030,19,1,Transitionary,0.8968180800273866,0.10318190835728344,1.1615329285325883e-08
M0030,20,1,Transitionary,0.9984033157542539,8.072063615565927e-07,0.001595877039384025
M0030,21,1,Transitionary,0.9612914132087576,0.038702873274839227,5.713516403714315e-06
M0030,22,3,Appreciation,0.0024593150620618653,1.0304285422035658e-11,0.9975406849276344
M0030,23,1,Transitionary,0.6127325993454757,0.3872671385231662,2.621313583325722e-07
M0030,24,3,Appreciation,2.161838441166481e-05,7.706869022223997e-16,0.9999783816155867
M0030,25,1,Transitionary,0.9560907291864083,1.94150420379088e-06,0.04390732930938811
M0030,26,1,Transitionary,0.9911052543411314,0.008870644767839586,2.4100891029070117e-05
M0031,2,1,Transitionary,0.9908637803629953,0.008988890877609733,0.00014732875939532078
M0031,3,1,Transitionary,0.9958072019709681,0.002882265522239002,0.0013105325067924774
M0031,4,3,Appreciation,0.00036435853429745324,1.7776543047289173e-12,0.9996356414639251
M0031,5,1,Transitionary,0.624653177487468,4.24623945407178e-06,0.37534257627307754
M0031,6,2,Aversion,0.01698216695372516,0.9830178324987274,5.475474196158381e-10
M0031,7,1,Transitionary,0.9816323319039116,7.96783918117034e-07,0.018366871312170435
M0031,8,3,Appreciation,0.17132775805092693,2.3545315869580003e-07,0.8286720064959143
M0031,9,1,Transitionary,0.9843368802121814,0.015608762290924665,5.435749689377336e-05
M0031,10,2,Aversion,0.00456820266172524,0.9954317973370905,1.1842714998947526e-12
M0031,11,1,Transitionary,0.995924448105067,0.0002978742018326707,0.0037776776931002887
M0031,12,1,Transitionary,0.9958132110894635,0.0012216566772540708,0.0029651322332823827
M0031,13,3,Appreciation,0.00021855760289135753,1.4239256630522425e-12,0.9997814423956843
M0031,14,2,Aversion,0.12344165489558585,0.8765583345697623,1.0534651921981254e-08
M0031,15,1,Transitionary,0.6810188191600124,0.31897763420477526,3.5466352128016107e-06
M0031,16,3,Appreciation,0.4368223359461062,1.040050756443974e-06,0.563176624003137
M0031,17,2,Aversion,0.0899614181999145,0.9100385632677122,1.85323731056216e-08
M0031,18,1,Transitionary,0.9895396355579682,0.010141173906139764,0.0003191905358923449
M0031,19,2,Aversion,0.258561897839743,0.7414380591286853,4.3031571727436405e-08
M0031,20,2,Aversion,1.5127871787756266e-07,0.9999998487212823,1.4990450317158222e-20
M0031,21,1,Transitionary,0.9893654240688462,0.010520471266963712,0.00011410466419000226
M0031,22,1,Transitionary,0.9975852545300038,4.8943809320396814e-05,0.002365801660676149
M0031,23,3,Appreciation,0.4377392784893892,4.4738719305567454e-07,0.5622602741234177
M0031,24,1,Transitionary,0.968562327695792,0.03143330813458217,4.364169625378386e-06
M0031,25,3,Appreciation,0.0010067798385806847,9.047740779303114e-12,0.9989932201523711
M0031,26,1,Transitionary,0.9579972418606085,1.98917094958167e-06,0.042000768968441474
M0032,2,1,Transitionary,0.9858582011563484,9.544759892718387e-07,0.014140844367662447
M0032,3,1,Transitionary,0.997326710070277,0.0008232577346651687,0.0018500321950574517
M0032,4,3,Appreciation,0.0007830301741378578,7.871674509057294e-13,0.9992169698250751
M0032,5,3,Appreciation,0.07542677578152403,1.5036500268621253e-08,0.9245732091819764
M0032,6,2,Aversion,0.03587925745469988,0.9641207425433447,1.9551689372977263e-12
M0032,7,1,Transitionary,0.9978325369531607,0.0004187140186206653,0.001748749028218954
M0032,8,1,Transitionary,0.9482776628663262,0.05171698783488535,5.349298788891959e-06
M0032,9,1,Transitionary,0.7642440082050393,1.2789486022114287e-09,0.23575599051601162
M0032,10,3,Appreciation,2.2420613151417561e-10,2.5197983203035932e-26,0.9999999997757936
M0032,11,1,Transitionary,0.5057139820954873,4.859803878956555e-07,0.4942855319241251
M0032,12,1,Transitionary,0.9985006802487326,0.00030930791026308955,0.001190011841003421
M0032,13,1,Transitionary,0.843503031917184,4.787630298458686e-06,0.15649218045251717
M0032,14,1,Transitionary,0.998469693594753,0.0006122349400165772,0.0009180714652309291
M0032,15,1,Transitionary,0.897179705411712,1.2021716459370835e-07,0.1028201743711231
M0032,16,1,Transitionary,0.99606843304472,0.00037413582403012386,0.003557431131250068
M0032,17,2,Aversion,0.018092960987828414,0.9819070378538941,1.1582778803220627e-09
M0032,18,1,Transitionary,0.9998088170646227,1.4627445914695011e-05,0.0001765554894634411
M0032,19,3,Appreciation,0.061406221729772205,7.460044432097526e-09,0.9385937708101841
M0032,20,3,Appreciation,0.17186674059225235,2.2971815665266952e-08,0.8281332364359318
M0032,21,1,Transitionary,0.9935490534914492,2.2104094454140727e-05,0.006428842414097483
M0032,22,3,Appreciation,0.023716403267040956,4.7957043052123e-09,0.9762835919372541
M0032,23,1,Transitionary,0.6183244361287089,0.38167532472877097,2.391425196865909e-07
M0032,24,1,Transitionary,0.8616894092241758,0.13830401639512693,6.574380696968274e-06
M0032,25,2,Aversion,6.952603023521342e-06,0.9999930473969773,6.58705188982325e-17
M0032,26,3,Appreciation,0.008669926522035364,1.028696953750596e-10,0.9913300733750954
M0033,2,1,Transitionary,0.9240121528333713,6.606344655410593e-05,0.07592178372007466
M0033,3,2,Aversion,0.0005181486249922875,0.9994818513723712,2.6364618292176955e-12
M0033,4,3,Appreciation,0.3375850574088914,2.2407528773937156e-06,0.6624127018382312
M0033,5,1,Transitionary,0.8809538000618629,0.11901676985952987,2.9430078607355255e-05
M0033,6,1,Transitionary,0.9950572125062646,0.0030277703175036388,0.0019150171762320604
M0033,7,3,Appreciation,0.00012535452328262564,6.961811522903461e-13,0.9998746454760211
M0033,8,1,Transitionary,0.995073532034277,0.002045114185900964,0.0028813537798221397
M0033,9,2,Aversion,0.0071381835920862925,0.992861815917019,4.908949082104066e-10
M0033,10,2,Aversion,2.249684545593598e-06,0.9999977503154539,2.899251224278458e-16
M0033,11,1,Transitionary,0.826214566824027,9.209777322627114e-06,0.1737762233986505
M0033,12,1,Transitionary,0.8777319478790094,1.7011519708406464e-05,0.12225104060128227
M0033,13,1,Transitionary,0.5055755271152126,0.49442148390506113,2.9889797262144684e-06
M0033,14,1,Transitionary,0.7454821664907713,1.2549088759319449e-05,0.25450528442046927
M0033,15,1,Transitionary,0.9613432764247198,0.00017439150631464972,0.03848233206896571
M0033,16,1,Transitionary,0.9622190397769712,8.504333771343254e-05,0.037695916885315255
M0033,17,3,Appreciation,0.18870055737643163,3.6219892792412135e-08,0.8112994064036755
M0033,18,1,Transitionary,0.9997914375557814,1.1173371428866003e-05,0.00019738907278975552
M0033,19,1,Transitionary,0.9976427880546912,0.0014933605283831463,0.0008638514169258796
M0033,20,3,Appreciation,3.433290415417783e-07,4.358266715965187e-18,0.9999996566709582
M0033,21,3,Appreciation,0.0122283088114581,3.2540322521752556e-11,0.9877716911560017
M0033,22,3,Appreciation,8.814277722813246e-07,3.3177909632796345e-18,0.9999991185722278
M0033,23,3,Appreciation,0.0002552560005828282,5.917683103763042e-14,0.9997447439993579
M0033,24,1,Transitionary,0.9995714021993443,0.00011341140613383208,0.00031518639452194497
M0033,25,3,Appreciation,0.00010986832471452809,1.9838563594973236e-17,0.9998901316752856
M0033,26,3,Appreciation,0.000440203117884975,1.6655178391493615e-13,0.9995597968819485
M0034,2,1,Transitionary,0.9980375158803391,0.00013437706535662078,0.001828107054304419
M0034,3,1,Transitionary,0.6405556509024343,6.060507659207312e-07,0.3594437430467998
M0034,4,2,Aversion,5.5206940955817554e-08,0.999999944793059,1.4262423965683507e-20
M0034,5,3,Appreciation,3.9319722036584665e-08,5.0230442183122964e-20,0.9999999606802782
M0034,6,1,Transitionary,0.9942281971340109,0.00010412028050919134,0.005667682585479965
M0034,7,1,Transitionary,0.9973339771963315,0.0021255005010870805,0.0005405223025813032
M0034,8,2,Aversion,0.09808061000353609,0.901919378794683,1.1201781057879121e-08
M0034,9,1,Transitionary,0.8751139197967337,0.12487393343665497,1.2146766611210874e-05
M0034,10,1,Transitionary,0.9788329085213769,4.405421827215311e-05,0.021123037260350898
M0034,11,1,Transitionary,0.982678264935043,7.637803984796903e-06,0.017314097260972484
M0034,12,1,Transitionary,0.7300532460625391,0.269944723188787,2.0307486737812013e-06
M0034,13,2,Aversion,0.20430678576262723,0.795693194474833,1.9762539819557367e-08
M0034,14,1,Transitionary,0.9975604894433328,0.001845315595193665,0.0005941949614736031
M0034,15,2,Aversion,0.005461259522137954,0.9945387402854001,1.924620616277882e-10
M0034,16,3,Appreciation,2.110507011723855e-06,3.1028735744581534e-17,0.9999978894929882
M0034,17,1,Transitionary,0.9637482338347175,0.0362235357427795,2.823042250281311e-05
M0034,18,1,Transitionary,0.8526350456774765,0.14735557476978858,9.379552735112374e-06
M0034,19,1,Transitionary,0.5668826876259025,6.948124491707858e-07,0.4331166175616483
M0034,20,1,Transitionary,0.6271740216119984,1.0947311342366025e-07,0.37282586891488817
M0034,21,1,Transitionary,0.9884963401557628,1.656166646602174e-05,0.011487098177771033
M0034,22,3,Appreciation,0.001967555063972703,6.0712479845671165e-12,0.9980324449299561
M0034,23,3,Appreciation,0.008826821789256978,1.7710602907957864e-11,0.9911731781930325
M0034,24,2,Aversion,0.18380708132933965,0.8161927913667077,1.273039524680646e-07
M0034,25,3,Appreciation,0.0031236488069066623,2.1579969217528438e-11,0.9968763511715135
M0034,26,3,Appreciation,0.07846993290940911,2.2708487526720348e-08,0.9215300443821034
M0035,2,2,Aversion,0.1111383011568278,0.8888616595143012,3.9328870709401064e-08
M0035,3,2,Aversion,1.304533237580551e-05,0.999986954667623,6.691646486610579e-16
M0035,4,1,Transitionary,0.973188081183128,0.025999413405685942,0.0008125054111859129
M0035,5,1,Transitionary,0.9904533632395429,5.7675954527138556e-05,0.009488960805930776
M0035,6,1,Transitionary,0.9373777887374627,0.06245440541665518,0.00016780584588257894
M0035,7,3,Appreciation,0.00015829757093345734,6.819403576320752e-14,0.9998417024289975
M0035,8,1,Transitionary,0.991444675762057,0.003183341592501361,0.0053719826454422396
M0035,9,1,Transitionary,0.9883596597613198,0.011413044194058006,0.00022729604462282937
M0035,10,2,Aversion,0.00033317849737233673,0.9996668215024412,1.866926869967605e-13
M0035,11,1,Transitionary,0.7827356861190379,0.21725791625392657,6.3976270350897265e-06
M0035,12,2,Aversion,0.03576255562340268,0.9642374063401217,3.803647644388697e-08
M0035,13,1,Transitionary,0.9804492107515539,0.01924452805166027,0.0003062611967850556
M0035,14,1,Transitionary,0.9964866865887778,0.0030855978670645454,0.00042771554415827845
M0035,15,2,Aversion,0.002767789977500671,0.9972322099268328,9.566716649477486e-11
M0035,16,2,Aversion,1.820730306164429e-11,0.9999999999817923,2.2314760340847085e-28
M0035,17,2,Aversion,0.12290251594786074,0.8770974704846488,1.3567490314972794e-08
M0035,18,1,Transitionary,0.528479217007375,0.47151228832002723,8.494672598187351e-06
M0035,19,1,Transitionary,0.9862117460583092,0.012688624517856446,0.0010996294238343014
M0035,20,3,Appreciation,0.012612984702534809,3.374064006451501e-09,0.9873870119234011
M0035,21,1,Transitionary,0.6085152966101942,0.39146999966352924,1.4703726276087988e-05
M0035,22,1,Transitionary,0.9472032760160274,3.387938677443504e-05,0.052762844597198676
M0035,23,2,Aversion,0.04964070725219757,0.9503592788888867,1.385891510660478e-08
M0035,24,3,Appreciation,0.0030954468725359974,1.1728785791448634e-12,0.9969045531262912
M0035,25,3,Appreciation,0.0007974455592107474,1.4789687154878042e-16,0.9992025544407892
M0035,26,1,Transitionary,0.737168381067126,2.3375403137248435e-07,0.26283138517884336
M0036,2,2,Aversion,0.00014181915917416908,0.9998581808407851,4.081083539525537e-14
M0036,3,2,Aversion,0.03576150654860835,0.9642384450301932,4.8421198509871745e-08
M0036,4,3,Appreciation,0.0009284172351254305,2.231008788770365e-11,0.9990715827425645
M0036,5,2,Aversion,0.00016611062757270083,0.9998338893721979,2.293537449761611e-13
M0036,6,2,Aversion,0.0674302418206654,0.9325696965196022,6.165973246895519e-08
M0036,7,1,Transitionary,0.9961040568958195,0.0016573611768491213,0.0022385819273312924
M0036,8,3,Appreciation,7.361806732628609e-05,1.9409148339404727e-14,0.9999263819326543
M0036,9,2,Aversion,0.03067369434685571,0.9693263040093543,1.6437898847214082e-09
M0036,10,2,Aversion,0.0005273162828575165,0.9994726837004352,1.670735118538235e-11
M0036,11,3,Appreciation,0.004879664427434589,2.433842974765151e-10,0.9951203353291811
M0036,12,1,Transitionary,0.9872593185479757,0.010555518684918256,0.0021851627671062275
M0036,13,2,Aversion,0.018709622476780867,0.981290376466407,1.0568121504843406e-09
M0036,14,2,Aversion,0.003948624294511309,0.9960513756396678,6.582084868946224e-11
M0036,15,1,Transitionary,0.9861876865756187,0.0009647651029470658,0.01284754832143438
M0036,16,2,Aversion,0.0001964286554716861,0.9998035713441323,3.9603097277466376e-13
M0036,17,3,Appreciation,0.3104279601481767,1.991728863947546e-06,0.6895700481229595
M0036,18,1,Transitionary,0.9910423913948346,1.61149731678568e-05,0.008941493631997418
M0036,19,2,Aversion,0.1441839969029877,0.8558158331186233,1.6997838907939274e-07
M0036,20,1,Transitionary,0.9948788219976608,0.004216842448426789,0.0009043355539124068
M0036,21,2,Aversion,4.1270927438984805e-05,0.9999587290725517,9.466776095678351e-15
M0036,22,2,Aversion,0.017183740302115374,0.9828162589272494,7.706350188865102e-10
M0036,23,1,Transitionary,0.9970364752266512,0.002678158366962052,0.0002853664063865313
M0036,24,2,Aversion,0.00043712857229593385,0.9995628714224574,5.246551359564331e-12
M0036,25,1,Transitionary,0.9903890144938083,0.0010631559874680404,0.008547829518723687
M0036,26,1,Transitionary,0.9525532795491214,0.04737847721496203,6.824323591663175e-05
M0037,2,2,Aversion,0.25877294758418334,0.7412263649407497,6.874750668643703e-07
M0037,3,2,Aversion,0.00025038236458223956,0.9997496176343857,1.032102701827664e-12
M0037,4,3,Appreciation,0.07264549258577015,1.1707117478599836e-08,0.9273544957071125
M0037,5,3,Appreciation,0.018153280743898006,2.2809003546811534e-11,0.9818467192332931
M0037,6,1,Transitionary,0.9893027847284632,0.00987321774004372,0.0008239975314929141
M0037,7,1,Transitionary,0.9941705924873545,0.0024395646285426693,0.003389842884102619
M0037,8,1,Transitionary,0.9289043756215869,4.570283831138723e-05,0.07104992154010183
M0037,9,3,Appreciation,0.07449527331276641,1.3447583889838e-07,0.9255045922113947
M0037,10,1,Transitionary,0.9962707929816993,0.003403288752952464,0.00032591826534827847
M0037,11,1,Transitionary,0.9649519427123142,4.782398582688745e-05,0.03500023330185913
M0037,12,1,Transitionary,0.9689395542334774,2.5280709787359813e-05,0.031035165056735075
M0037,13,2,Aversion,0.323228888025009,0.676769867682717,1.2442922739408123e-06
M0037,14,2,Aversion,5.2706290071556456e-06,0.999994729370993,4.461505150517804e-19
M0037,15,2,Aversion,0.011377921878478066,0.9886220777198799,4.0164194155448333e-10
M0037,16,2,Aversion,0.0216792045577785,0.9783207861516833,9.290538243184243e-09
M0037,17,1,Transitionary,0.9947185598070349,0.0034183335649455755,0.0018631066280196346
M0037,18,1,Transitionary,0.7388189102708479,0.26115656352117106,2.452620798109255e-05
M0037,19,1,Transitionary,0.9809896160367262,0.0005025830839858369,0.018507800879288067
M0037,20,1,Transitionary,0.9816738214338571,0.00025522378038557794,0.018070954785757425
M0037,21,1,Transitionary,0.9982014626145426,0.0007027209305501962,0.0010958164549071414
M0037,22,1,Transitionary,0.8181745916169629,0.1808841383667387,0.0009412700162984703
M0037,23,1,Transitionary,0.9983853534641479,1.5341641216176697e-05,0.0015993048946359603
M0037,24,1,Transitionary,0.9937580401749012,0.0005113045448802029,0.005730655280218679
M0037,25,3,Appreciation,1.384810805543269e-05,2.637767376741666e-15,0.999986151891942
M0037,26,1,Transitionary,0.8524180508852712,0.1475692005006704,1.2748614058580826e-05
M0038,2,1,Transitionary,0.6428136022850284,8.735476691404902e-07,0.357185524167302
M0038,3,1,Transitionary,0.9743121137781153,0.00010207983418647968,0.025585806387697592
M0038,4,1,Transitionary,0.9866950064951079,0.00045628772644114817,0.012848705778451482
M0038,5,1,Transitionary,0.9445997028269559,3.522076839704894e-07,0.05539994496536008
M0038,6,1,Transitionary,0.9982229459516434,0.0007392863462153213,0.0010377677021419847
M0038,7,1,Transitionary,0.9343142086778589,1.751569816032796e-05,0.0656682756239809
M0038,8,1,Transitionary,0.991722177774272,0.007052220946944093,0.0012256012787830418
M0038,9,2,Aversion,0.1029189148271808,0.8970810457807487,3.9392070192325404e-08
M0038,10,2,Aversion,8.544852308845537e-12,0.9999999999914557,1.0035235289889363e-30
M0038,11,1,Transitionary,0.9625594960457858,0.037097612396952785,0.00034289155726129853
M0038,12,1,Transitionary,0.8944559022506053,0.10550047927173228,4.36184776629536e-05
M0038,13,1,Transitionary,0.6456220343362254,8.402734748145128e-06,0.3543695629290264
M0038,14,2,Aversion,2.1651143622679894e-06,0.9999978348856375,9.746032984821861e-17
M0038,15,1,Transitionary,0.5126435259445707,0.48734003259635134,1.6441459077773796e-05
M0038,16,2,Aversion,0.13056482405719425,0.8694350583799912,1.1756281477071689e-07
M0038,17,2,Aversion,0.11847830296298248,0.8815216650640411,3.1972976205519307e-08
M0038,18,2,Aversion,0.36897220898749594,0.631027577003459,2.140090457073307e-07
M0038,19,1,Transitionary,0.923339707115836,0.07664726247596863,1.3030408194564147e-05
M0038,20,1,Transitionary,0.8392611111184316,4.176958280597174e-06,0.16073471192328861
M0038,21,2,Aversion,0.06572265610887991,0.9342773211575078,2.273361197648968e-08
M0038,22,1,Transitionary,0.981872721702108,0.016543021488428733,0.0015842568094638825
M0038,23,3,Appreciation,0.028481536449736018,1.4914413417488364e-09,0.9715184620588226
M0038,24,2,Aversion,0.1650850488696399,0.8349083090659812,6.6420643785784495e-06
M0038,25,1,Transitionary,0.9967811918268933,0.0009905664741070915,0.0022282416989997124
M0038,26,2,Aversion,4.1095772474035907e-07,0.9999995890422745,1.6849751145776112e-18
M0039,2,1,Transitionary,0.9996639310414942,0.00023255320607327867,0.00010351575243239757
M0039,3,1,Transitionary,0.941718174802585,7.29676822542692e-05,0.058208857515160715
M0039,4,1,Transitionary,0.7555090360845007,1.5418673619806637e-08,0.2444909484968257
M0039,5,2,Aversion,0.008246734788756588,0.9917532651166181,9.462542440044913e-11
M0039,6,2,Aversion,0.009467176800166361,0.9905328195851916,3.6146420708536857e-09
M0039,7,1,Transitionary,0.9887261824040022,0.001092636839676861,0.010181180756321002
M0039,8,1,Transitionary,0.9917720682941904,0.008001982778990823,0.00022594892681890083
M0039,9,1,Transitionary,0.9205677864817045,0.07937186274859928,6.0350769696130816e-05
M0039,10,2,Aversion,0.4557475479068171,0.544251621419281,8.306739019153974e-07
M0039,11,2,Aversion,0.002914609707856784,0.9970853902304477,6.169557043537308e-11
M0039,12,2,Aversion,0.18766518742595142,0.8123346231732723,1.8940077636872638e-07
M0039,13,3,Appreciation,0.09807067970727547,3.71534926561367e-07,0.9019289487577978
M0039,14,2,Aversion,0.00012434901075835864,0.9998756509889031,3.386790907300835e-13
M0039,15,2,Aversion,1.0586652618930542e-06,0.9999989413347381,2.2244870770855155e-17
M0039,16,2,Aversion,0.32861898463535866,0.6713805483659923,4.669986489900745e-07
M0039,17,1,Transitionary,0.9906868123348869,0.006602173652852063,0.0027110140122610362
M0039,18,2,Aversion,0.0006393533015879089,0.9993606466917279,6.684236193367969e-12
M0039,19,3,Appreciation,0.0006479993886956928,8.394215074416585e-12,0.99935200060291
M0039,20,2,Aversion,0.0002988171134466132,0.9997011828850747,1.4786397318151567e-12
M0039,21,1,Transitionary,0.8947219892124225,0.10527434625719162,3.6645303857774117e-06
M0039,22,1,Transitionary,0.9669489461349868,0.032463498045438535,0.0005875558195745463
M0039,23,2,Aversion,0.3287554742396156,0.6712439379275281,5.878328562514073e-07
M0039,24,1,Transitionary,0.9392943054501497,0.06066612782468901,3.956672516133856e-05
M0039,25,2,Aversion,0.013408536588677437,0.9865914631659257,2.453969181222337e-10
M0039,26,1,Transitionary,0.8792270721092658,0.12077292570361875,2.1871153655530477e-09
M0040,2,1,Transitionary,0.9887158603832744,8.769092764988167e-05,0.011196448689076658
M0040,3,3,Appreciation,0.2861382476714525,1.264234879036842e-07,0.7138616259050583
M0040,4,1,Transitionary,0.8914588608596008,0.10853643111407942,4.7080263205301785e-06
M0040,5,3,Appreciation,0.1268163486045575,7.77669421774931e-09,0.8731836436187492
M0040,6,1,Transitionary,0.9910302350702188,0.008738012055283184,0.0002317528744986438
M0040,7,3,Appreciation,0.3913846229341487,3.5649869132565205e-07,0.6086150205671609
M0040,8,1,Transitionary,0.8916018039674314,2.2466817211517523e-05,0.10837572921535542
M0040,9,3,Appreciation,1.4744318375178413e-09,5.781775476546967e-24,0.999999998525567
M0040,10,1,Transitionary,0.991046490602845,0.008869553079574396,8.39563175805841e-05
M0040,11,1,Transitionary,0.9082359595464593,1.5634717673822462e-06,0.09176247698177181
M0040,12,2,Aversion,1.6109376426079777e-06,0.9999983890623562,7.52800636455531e-17
M0040,13,3,Appreciation,0.04621479460797957,1.4123987783190842e-07,0.9537850641521444
M0040,14,3,Appreciation,0.08443147671733986,5.714836623823607e-08,0.9155684661342944
M0040,15,2,Aversion,0.13696894406545998,0.8630310370394666,1.8895073688068588e-08
M0040,16,1,Transitionary,0.9101392157247474,0.08975776163913801,0.0001030226361156564
M0040,17,2,Aversion,0.022285775735161335,0.977714223572529,6.92310426570803e-10
M0040,18,3,Appreciation,0.22234658993322465,1.601607227354919e-09,0.7776534084651665
M0040,19,1,Transitionary,0.9764730767179267,0.0024324271111369005,0.021094496170935673
M0040,20,3,Appreciation,8.931830712689929e-06,2.337311167551749e-14,0.9999910681692646
M0040,21,2,Aversion,0.0001585368349472633,0.9998414631648693,1.818385361772789e-13
M0040,22,1,Transitionary,0.9432440871663317,0.05601793937182877,0.0007379734618403305
M0040,23,1,Transitionary,0.9912254027441632,0.002475272865904659,0.006299324389932577
M0040,24,1,Transitionary,0.8523688409391592,0.14760110981944485,3.0049241394452834e-05
M0040,25,2,Aversion,2.8573383456528805e-06,0.9999971426616555,2.115916605872301e-18
M0040,26,1,Transitionary,0.8199450250444054,0.1800192281660569,3.5746789537931e-05
M0041,2,1,Transitionary,0.933225047162621,0.06674491120906986,3.004162830903137e-05
M0041,3,1,Transitionary,0.995508566379037,0.001128704916814289,0.003362728704148502
M0041,4,3,Appreciation,0.07108927516471845,3.0557747731003003e-09,0.9289107217795066
M0041,5,3,Appreciation,0.03658327548062583,1.7507458361964894e-09,0.9634167227686281
M0041,6,1,Transitionary,0.9467255481453384,0.053257775115968256,1.6676738693691893e-05
M0041,7,1,Transitionary,0.8965815191129602,0.10338588871733545,3.259216970449511e-05
M0041,8,1,Transitionary,0.9994615820399607,4.952389846319841e-05,0.000488894061575916
M0041,9,1,Transitionary,0.995063756316013,0.004216260572842504,0.0007199831111441523
M0041,10,1,Transitionary,0.9330650324088284,0.06689609045746214,3.887713370945173e-05
M0041,11,2,Aversion,0.03719150511354642,0.9628084948695169,1.69364950709037e-11
M0041,12,3,Appreciation,0.0002808898723210232,1.1819706165045088e-12,0.9997191101264967
M0041,13,1,Transitionary,0.9989474890330002,0.00013943121739601043,0.0009130797496040415
M0041,14,1,Transitionary,0.9025600312523019,0.0973760651129887,6.390363470919837e-05
M0041,15,1,Transitionary,0.9534752040901547,9.139076677978149e-05,0.0464334051430655
M0041,16,1,Transitionary,0.6911091501268304,0.3088713469646556,1.950290851434805e-05
M0041,17,2,Aversion,6.21312443597081e-05,0.99993786875564,2.6844357941702e-16
M0041,18,2,Aversion,0.39477920378330933,0.6052190051785278,1.791038162489978e-06
M0041,19,1,Transitionary,0.9947625649355958,0.00045476419404930893,0.0047826708703553175
M0041,20,2,Aversion,0.02704952577050356,0.9729504732532985,9.76198221943817e-10
M0041,21,3,Appreciation,0.18066459638188134,1.6723258323843314e-08,0.81933538689486
M0041,22,1,Transitionary,0.9971507351771388,0.0007911752385258206,0.002058089584335377
M0041,23,2,Aversion,4.457883328312783e-06,0.9999955421166712,8.94066889877013e-17
M0041,24,1,Transitionary,0.8139877170663468,0.18600329166723956,8.991266413778844e-06
M0041,25,2,Aversion,0.37175250392903364,0.6282460357492438,1.4603217227797472e-06
M0041,26,3,Appreciation,0.17145881013743264,3.7977729051785084e-07,0.8285408100852767
M0042,2,3,Appreciation,0.004204306528791325,3.6490385103832904e-11,0.9957956934347181
M0042,3,1,Transitionary,0.9587414038709624,8.740700834443858e-09,0.04125858738833667
M0042,4,1,Transitionary,0.9954702450631296,0.000233630435937446,0.004296124500932746
M0042,5,1,Transitionary,0.9863663514977185,0.013522691831909144,0.00011095667037268183
M0042,6,3,Appreciation,0.13259270482441407,2.877841685867627e-08,0.8674072663971686
M0042,7,1,Transitionary,0.9724816934978481,0.027307359420954826,0.00021094708119746313
M0042,8,1,Transitionary,0.95791420286776,3.1687846032275355e-05,0.04205410928620776
M0042,9,3,Appreciation,0.025124625282215443,1.8306130718832563e-10,0.974875374534723
M0042,10,1,Transitionary,0.6165011780509337,0.38349657325992587,2.2486891406564604e-06
M0042,11,2,Aversion,0.01379852196895255,0.9862014759324101,2.0986376638918236e-09
M0042,12,2,Aversion,0.010268504565755607,0.989731494910984,5.232604289267047e-10
M0042,13,1,Transitionary,0.8686838559108628,6.269091959801756e-05,0.13125345316953896
M0042,14,1,Transitionary,0.9172542752562501,0.0827456574746992,6.726905034921251e-08
M0042,15,1,Transitionary,0.9919790428096388,0.0065710179052471925,0.0014499392851144326
M0042,16,3,Appreciation,0.10803740332263502,5.694262280363823e-08,0.8919625397347418
M0042,17,3,Appreciation,0.0003578596454874023,1.2392364003349036e-12,0.9996421403532733
M0042,18,1,Transitionary,0.9991833567768246,0.0008123111017385434,4.332121436491823e-06
M0042,19,3,Appreciation,0.027535439416914657,2.315981263254122e-09,0.9724645582671037
M0042,20,3,Appreciation,0.00013722286621869456,2.3889705030074233e-14,0.9998627771337578
M0042,21,1,Transitionary,0.9967307801522682,0.0012369965880072512,0.00203222325972431
M0042,22,1,Transitionary,0.8067827338528731,8.638514498056664e-06,0.19320862763262858
M0042,23,3,Appreciation,6.108390695099819e-05,1.870001907125017e-15,0.999938916093047
M0042,24,3,Appreciation,0.024845716132281495,6.06027803559906e-08,0.9751542232649378
M0042,25,1,Transitionary,0.9615894689964362,0.000762049561229081,0.0376484814423346
M0042,26,1,Transitionary,0.5527653501563008,5.47383760107566e-06,0.4472291760060977
M0043,2,1,Transitionary,0.9984830479712762,0.0009912591272441924,0.0005256929014804062
M0043,3,1,Transitionary,0.99980613283746,9.918507375453467e-05,9.468208878520362e-05
M0043,4,1,Transitionary,0.616373025373612,0.38362592344942836,1.0511769603437004e-06
M0043,5,2,Aversion,0.22062078846581085,0.7793792030706693,8.463520633251713e-09
M0043,6,1,Transitionary,0.7828759952208247,1.0870431984454257e-08,0.2171239939087438
M0043,7,1,Transitionary,0.9968208132743388,0.0027519101509792154,0.00042727657468213086
M0043,8,3,Appreciation,0.4365498615345476,1.0163700320500575e-07,0.5634500368284495
M0043,9,2,Aversion,5.925177694971103e-06,0.9999940748223057,1.308077086945505e-17
M0043,10,1,Transitionary,0.9935901082016128,0.0002793346568244375,0.006130557141563538
M0043,11,2,Aversion,0.0005582551351773861,0.999441744863972,8.506742072798354e-13
M0043,12,2,Aversion,0.042279450756604386,0.95772053055176,1.8691635282339635e-08
M0043,13,2,Aversion,0.00020175249461060053,0.9997982475043661,1.0238620990072734e-12
M0043,14,1,Transitionary,0.9592496744837453,2.591493736000325e-07,0.04075006636688144
M0043,15,1,Transitionary,0.9827981953526244,0.01708848482109651,0.00011331982627956532
M0043,16,1,Transitionary,0.889251440186435,1.3242922707084635e-06,0.1107472355212937
M0043,17,2,Aversion,1.5533244607312201e-10,0.9999999998446683,3.4101343792053384e-25
M0043,18,1,Transitionary,0.9976650520973026,0.0007894533323261207,0.0015454945703721468
M0043,19,3,Appreciation,0.22134665774382303,2.7963745178818507e-07,0.7786530626187259
M0043,20,1,Transitionary,0.9948132923540283,0.004137329561583238,0.0010493780843883508
M0043,21,1,Transitionary,0.993103678732745,0.006510728254741034,0.00038559301251421763
M0043,22,1,Transitionary,0.9955390335628436,0.003907760904253658,0.0005532055329025943
M0043,23,1,Transitionary,0.5406160650850911,7.752668336162506e-07,0.4593831596480755
M0043,24,1,Transitionary,0.9023831368298565,6.107279979813125e-05,0.0975557903703453
M0043,25,1,Transitionary,0.9399972842588841,0.05997399181342467,2.8723927691756102e-05
M0043,26,1,Transitionary,0.9971682803804479,0.0026533869641088784,0.0001783326554431266
M0044,2,3,Appreciation,0.006905358399605532,1.583390826168039e-11,0.9930946415845607
M0044,3,2,Aversion,4.504254476561775e-05,0.9999549574552318,2.9550420816436122e-15
M0044,4,3,Appreciation,0.3380150148210751,1.1796402119408177e-06,0.661983805538713
M0044,5,3,Appreciation,1.1546539938838306e-07,1.6216418156727026e-19,0.9999998845346005
M0044,6,3,Appreciation,0.4352791583849814,5.640302952400204e-07,0.5647202775847234
M0044,7,1,Transitionary,0.9920405194354425,0.007602426239887139,0.00035705432467060186
M0044,8,1,Transitionary,0.7724003814720474,0.22759044397526637,9.174552685913298e-06
M0044,9,3,Appreciation,0.0010982299907279283,8.000921166385561e-12,0.998901770001271
M0044,10,2,Aversion,0.16655674669721035,0.8334432450936518,8.209137799585148e-09
M0044,11,1,Transitionary,0.9656386494209591,0.00011837843461801586,0.03424297214442269
M0044,12,1,Transitionary,0.9428750347113802,0.057050096079178686,7.486920944072558e-05
M0044,13,1,Transitionary,0.9272110678997495,0.07278880692431841,1.2517593175077077e-07
M0044,14,3,Appreciation,0.043742985288679696,6.709752518448575e-09,0.9562570080015679
M0044,15,1,Transitionary,0.6668251645422195,1.689125108197326e-06,0.3331731463326724
M0044,16,1,Transitionary,0.6137926580564469,5.072660542157107e-06,0.3862022692830108
M0044,17,1,Transitionary,0.9810452256514574,0.00022973062418066593,0.018725043724361633
M0044,18,2,Aversion,0.048145768625798,0.9518542261037441,5.270457501971964e-09
M0044,19,3,Appreciation,0.009189250473801426,1.2715309157756815e-09,0.9908107482546676
M0044,20,1,Transitionary,0.9881387295639302,0.00010596130285376535,0.011755309133215834
M0044,21,2,Aversion,0.0017914705784758194,0.9982085294095288,1.1995673680284398e-11
M0044,22,1,Transitionary,0.9968665401091404,0.002044134164815263,0.0010893257260439376
M0044,23,1,Transitionary,0.9837325823767324,0.01610785468001794,0.00015956294325007486
M0044,24,2,Aversion,0.20021513310362202,0.7997845141744657,3.5272191178976753e-07
M0044,25,2,Aversion,0.028105755270444645,0.9718942426323935,2.0971618710283514e-09
M0044,26,1,Transitionary,0.9970416243836832,0.0012261516105737317,0.0017322240057433106
M0045,2,2,Aversion,0.03403316734547545,0.965966832137719,5.168055545906753e-10
M0045,3,2,Aversion,0.0017770160774657842,0.9982229839200228,2.511384212322652e-12
M0045,4,1,Transitionary,0.6364366274068027,6.040351425432669e-07,0.3635627685580546
M0045,5,3,Appreciation,0.06343039705120429,4.593393532458196e-09,0.9365695983554022
M0045,6,1,Transitionary,0.995588885231708,3.58684511973189e-05,0.004375246317094732
M0045,7,1,Transitionary,0.9907405279366873,0.009066694077072909,0.00019277798623969824
M0045,8,2,Aversion,0.11347033886440808,0.8865295940537342,6.708185774424297e-08
M0045,9,1,Transitionary,0.9515229505733663,0.04840729182629596,6.975760033772547e-05
M0045,10,2,Aversion,0.024383468907400247,0.9756165294463883,1.646211355487851e-09
M0045,11,2,Aversion,0.02572946473196733,0.974270534883887,3.8414564864933185e-10
M0045,12,3,Appreciation,0.04348566193567209,3.967729951879536e-09,0.9565143340965979
M0045,13,3,Appreciation,0.01541322140715976,7.215792768367272e-10,0.9845867778712609
M0045,14,2,Aversion,0.4642255694438462,0.5357742819318944,1.4862425946663136e-07
M0045,15,1,Transitionary,0.5032402496649078,6.204473088716799e-07,0.49675912988778337
M0045,16,1,Transitionary,0.9115336649210265,4.0896171690800834e-05,0.08842543890728269
M0045,17,2,Aversion,8.915919965615036e-06,0.9999910840800342,1.5607776380589737e-16
M0045,18,1,Transitionary,0.9945078297388837,0.004199462451367216,0.0012927078097490017
M0045,19,2,Aversion,0.0007398480207466029,0.9992601519770751,2.1783084893576766e-12
M0045,20,1,Transitionary,0.997722456570908,0.0013860460310658133,0.0008914973980262415
M0045,21,2,Aversion,0.0005979588712670241,0.9994020411279712,7.618585194002658e-13
M0045,22,2,Aversion,0.07996027764227395,0.9200397104334722,1.1924253899523365e-08
M0045,23,2,Aversion,0.0564431801938882,0.9435568198048302,1.2816782060088886e-12
M0045,24,1,Transitionary,0.9755267659568326,6.452873654842126e-05,0.02440870530661896
M0045,25,3,Appreciation,0.0007048189386797516,5.207814659050494e-13,0.9992951810607995
M0045,26,1,Transitionary,0.9936385980303067,0.00634678448068108,1.461748901217597e-05
M0046,2,2,Aversion,1.8077233072383434e-08,0.9999999819227671,2.0902761243164348e-24
M0046,3,1,Transitionary,0.6140687475013243,0.3859293702784598,1.882220216068785e-06
M0046,4,1,Transitionary,0.834316961531593,2.292491811672445e-05,0.16566011355029045
M0046,5,3,Appreciation,0.00717973038934237,1.9531996630897e-10,0.9928202694153375
M0046,6,2,Aversion,0.07654788156974072,0.9234521123449271,6.0853321093508404e-09
M0046,7,3,Appreciation,0.006273806516645707,2.4504167976777866e-10,0.9937261932383126
M0046,8,3,Appreciation,0.047424103888008384,1.1126735383774465e-09,0.9525758949993184
M0046,9,1,Transitionary,0.9960350225406115,0.00013661833224954032,0.003828359127138762
M0046,10,2,Aversion,0.001757046351459808,0.9982429536475441,9.96384280553625e-13
M0046,11,3,Appreciation,0.01677362153819029,2.2561967444020355e-10,0.98322637823619
M0046,12,2,Aversion,0.000809067700178838,0.9991909322916825,8.13888231603396e-12
M0046,13,3,Appreciation,0.0495445741973821,1.308265796868982e-07,0.9504552949760384
M0046,14,2,Aversion,0.34653474188277555,0.6534648899921739,3.6812505087687995e-07
M0046,15,2,Aversion,0.14583564286029213,0.8541642637936909,9.33460172539073e-08
M0046,16,1,Transitionary,0.7393469891180614,0.26064566086883767,7.35001310136873e-06
M0046,17,2,Aversion,0.06286822439526257,0.9371317386251757,3.697956172411979e-08
M0046,18,2,Aversion,0.03520838967438187,0.9647916074169663,2.908651888920101e-09
M0046,19,3,Appreciation,0.011705106197698743,7.387637913284269e-10,0.9882948930635373
M0046,20,1,Transitionary,0.995938904787252,0.0002306449629335631,0.003830450249814677
M0046,21,1,Transitionary,0.9959041557685951,6.900635395735539e-05,0.0040268378774471585
M0046,22,3,Appreciation,0.030900392875778643,9.59555767594404e-10,0.9690996061646654
M0046,23,1,Transitionary,0.5799387828158787,0.4200608410789398,3.7610518134527603e-07
M0046,24,1,Transitionary,0.9926018438388748,5.874244948046451e-05,0.007339413711644584
M0046,25,2,Aversion,0.03102896328847814,0.968971035987529,7.239930165191127e-10
M0046,26,2,Aversion,4.975432609959909e-06,0.99999502456739,4.753200723983095e-18
M0047,2,1,Transitionary,0.998569863778439,0.0008376997196986289,0.0005924365018620105
M0047,3,3,Appreciation,0.12103996044595232,3.627842926426805e-08,0.8789600032756181
M0047,4,2,Aversion,0.005525442985563589,0.994474557014388,4.799528423502172e-14
M0047,5,1,Transitionary,0.9538154971265905,8.122957338008811e-05,0.046103273300029696
M0047,6,3,Appreciation,3.5732763888366365e-06,1.5378421044840665e-17,0.9999964267236113
M0047,7,3,Appreciation,0.0005260624457698776,1.3280292097223977e-13,0.9994739375540971
M0047,8,2,Aversion,8.613794991323894e-06,0.9999913862050078,5.32872511715334e-16
M0047,9,2,Aversion,1.0623494485958345e-07,0.999999893765055,6.947606262812985e-20
M0047,10,3,Appreciation,0.0007147596725251798,2.2491469742602018e-11,0.9992852403049831
M0047,11,1,Transitionary,0.9932877074868229,0.0001261977435173594,0.006586094769659506
M0047,12,2,Aversion,0.4634452709753225,0.536553142433592,1.5865910850425356e-06
M0047,13,1,Transitionary,0.9803999059633549,0.0006014611630894813,0.018998632873555934
M0047,14,2,Aversion,0.3894385296803937,0.6105602132896666,1.2570299392566877e-06
M0047,15,3,Appreciation,0.15760397470833656,2.2017418244573536e-07,0.8423958051174811
M0047,16,2,Aversion,2.100356566560714e-05,0.9999789964343211,1.320476694307959e-14
M0047,17,2,Aversion,3.2137470557910787e-06,0.9999967862529442,1.8197510237958642e-16
M0047,18,1,Transitionary,0.9956836074867501,0.0031995086106226156,0.0011168839026276518
M0047,19,1,Transitionary,0.9609608566104638,4.094435984793124e-05,0.03899819902968864
M0047,20,3,Appreciation,0.01328619930432127,1.2824464463424625e-10,0.9867138005674344
M0047,21,2,Aversion,0.0001263038107895997,0.9998736961892025,7.53973822207425e-15
M0047,22,2,Aversion,0.027647324491755932,0.9723526699513552,5.556889072272688e-09
M0047,23,3,Appreciation,0.0053860422312425405,1.9312222211334025e-11,0.9946139577494453
M0047,24,1,Transitionary,0.8700616111120666,0.129937121918117,1.2669698166368742e-06
M0047,25,1,Transitionary,0.9654852414366982,0.00016170752555401491,0.03435305103774742
M0047,26,1,Transitionary,0.9954436916148217,0.0045319890343003275,2.431935087767002e-05
M0048,2,2,Aversion,4.824212448142359e-06,0.9999951757875518,5.571019765907901e-17
M0048,3,1,Transitionary,0.9813047931472765,0.0005012862371488306,0.018193920615574746
M0048,4,1,Transitionary,0.9919530396336856,0.007473517455053444,0.0005734429112608881
M0048,5,2,Aversion,0.07642867687465213,0.9235712973325962,2.579275156632163e-08
M0048,6,1,Transitionary,0.7384085440375344,1.1848851755217292e-05,0.26157960711071043
M0048,7,3,Appreciation,0.00029239916879347815,6.909742346006263e-14,0.9997076008311374
M0048,8,1,Transitionary,0.9969471655895233,0.0015807948661132867,0.001472039544363351
M0048,9,2,Aversion,0.006195338524705941,0.9938046613755538,9.974024172831317e-11
M0048,10,2,Aversion,4.566728180358034e-05,0.9999543327181506,4.5870150772195054e-14
M0048,11,2,Aversion,0.2979236520736851,0.7020748178404885,1.530085826324367e-06
M0048,12,3,Appreciation,5.67559943553494e-05,1.3933623111268886e-13,0.9999432440055053
M0048,13,1,Transitionary,0.9122349264026159,0.0877608396969848,4.233900399182647e-06
M0048,14,1,Transitionary,0.9499723094733618,0.00018192053492591993,0.049845769991712266
M0048,15,1,Transitionary,0.97277038556568,0.027224756284631398,4.858149688693416e-06
M0048,16,1,Transitionary,0.9978620524652997,0.00032164741166593544,0.001816300123034414
M0048,17,2,Aversion,0.47142857504389524,0.5285696975451476,1.7274109572093374e-06
M0048,18,2,Aversion,0.0001099398506688113,0.999890060147873,1.4582182115144125e-12
M0048,19,1,Transitionary,0.9884464477291887,0.00047246514644540727,0.011081087124365925
M0048,20,2,Aversion,0.00010139863718270965,0.9998986013628025,1.472425584681988e-14
M0048,21,1,Transitionary,0.9943312580242136,0.0033011050677556153,0.002367636908030724
M0048,22,2,Aversion,0.0007486061909429915,0.9992513938012798,7.777198178303372e-12
M0048,23,3,Appreciation,0.06825166128229038,2.255107966218222e-07,0.931748113206913
M0048,24,3,Appreciation,0.389705563374234,2.933406638290677e-07,0.6102941432851022
M0048,25,2,Aversion,0.14720584597348915,0.8527941405832871,1.3443223813222211e-08
M0048,26,3,Appreciation,0.3026910619878491,6.14758680631684e-07,0.6973083232534703
M0049,2,1,Transitionary,0.996960614382618,0.0024607533181875145,0.0005786322991945486
M0049,3,1,Transitionary,0.9628314360555156,0.03716458004695033,3.983897534134664e-06
M0049,4,1,Transitionary,0.9985416628880149,0.0007607977041167151,0.0006975394078683253
M0049,5,1,Transitionary,0.6941869831628227,0.30581161188061223,1.4049565650721397e-06
M0049,6,3,Appreciation,0.016743675546630664,2.920483959344628e-10,0.9832563241613209
M0049,7,1,Transitionary,0.9966160206938002,0.002238058001221915,0.0011459213049779188
M0049,8,1,Transitionary,0.9919552728918947,0.0011029047433212585,0.0069418223647840765
M0049,9,1,Transitionary,0.9482985228152502,4.463806552607377e-05,0.051656839119223794
M0049,10,3,Appreciation,4.3319906650643434e-05,4.189361223216467e-14,0.9999566800933075
M0049,11,2,Aversion,0.02562684673541177,0.9743731532433124,2.1275825095239563e-11
M0049,12,1,Transitionary,0.9941586942325354,9.226307591788223e-06,0.0058320794598727636
M0049,13,1,Transitionary,0.7536651165842141,0.24632355554276372,1.1327873022303363e-05
M0049,14,1,Transitionary,0.9821936298059716,0.01658068749935017,0.0012256826946782488
M0049,15,1,Transitionary,0.972408293983283,0.026932872511875837,0.000658833504841185
M0049,16,1,Transitionary,0.9939101718804216,0.00404035989476461,0.0020494682248137493
M0049,17,3,Appreciation,0.0013873073779027188,2.7458234710382117e-12,0.9986126926193515
M0049,18,2,Aversion,0.3273164183470236,0.672683249775718,3.3187725828891186e-07
M0049,19,1,Transitionary,0.995112704302505,0.004406223544001382,0.00048107215349365125
M0049,20,1,Transitionary,0.9793182020920699,0.020659495203431296,2.2302704498879993e-05
M0049,21,1,Transitionary,0.9872571302869382,0.012742855344353559,1.4368708284759853e-08
M0049,22,3,Appreciation,0.09112493621638264,1.0469930837876464e-10,0.9088750636789181
M0049,23,2,Aversion,9.76621118568902e-06,0.9999902337888144,8.198493490771282e-18
M0049,24,3,Appreciation,0.011395384812954268,4.9083605394932543e-11,0.9886046151379622
M0049,25,1,Transitionary,0.9972658209488775,3.403504094797996e-07,0.002733838700713059
M0049,26,1,Transitionary,0.9857182156280369,3.141350424185325e-05,0.014250370867721308
M0050,2,3,Appreciation,0.00016130530335578042,7.801985614190063e-14,0.9998386946965655
M0050,3,3,Appreciation,0.001794899302139157,1.9857034754101362e-10,0.9982051004992901
M0050,4,3,Appreciation,0.31876734049190053,5.095773179776841e-07,0.6812321499307811
M0050,5,3,Appreciation,1.3001807077861547e-13,6.570839425938248e-31,0.9999999999998703
M0050,6,2,Aversion,0.005958106711142915,0.9940418932094877,7.936939368738559e-11
M0050,7,1,Transitionary,0.9908459741422607,0.00035311968025082734,0.008800906177488282
M0050,8,2,Aversion,9.794422009390035e-06,0.999990205577991,3.266906672684129e-19
M0050,9,1,Transitionary,0.9963586985333132,0.003539798270202349,0.00010150319648511452
M0050,10,1,Transitionary,0.9952591309493259,0.00015209434265520347,0.0045887747080183925
M0050,11,3,Appreciation,0.0004962652838594457,4.639650882486374e-14,0.9995037347160934
M0050,12,1,Transitionary,0.9859914027037605,0.013990241439854485,1.835585638541136e-05
M0050,13,3,Appreciation,0.20677112892414426,6.525865464824882e-09,0.7932288645499905
M0050,14,1,Transitionary,0.9791966264405659,9.961594048023395e-06,0.020793411965385256
M0050,15,1,Transitionary,0.9970701373820815,0.00015998922520137074,0.00276987339271672
M0050,16,1,Transitionary,0.9991843417727653,0.0005516122733647439,0.00026404595386935565
M0050,17,1,Transitionary,0.9561137150519645,0.04387714713665265,9.137811383019848e-06
M0050,18,1,Transitionary,0.985878379329284,4.2321088367103975e-05,0.014079299582348338
M0050,19,1,Transitionary,0.9819934151824223,0.017978479228271144,2.810558930695546e-05
M0050,20,1,Transitionary,0.9812206425619939,0.018742469595952823,3.6887842053394e-05
M0050,21,1,Transitionary,0.9957535229391464,1.3659185749677878e-06,0.004245111142279039
M0050,22,1,Transitionary,0.9914860712306883,4.8360972938234946e-05,0.008465567796374106
M0050,23,2,Aversion,0.20993269044144602,0.7900673083250144,1.2335392766706602e-09
M0050,24,2,Aversion,0.0004958963632127563,0.9995041036364329,3.53738722566785e-13
M0050,25,2,Aversion,0.025385353712557897,0.9746146438714239,2.4160175754537348e-09
M0050,26,1,Transitionary,0.9666219153233753,0.03332217598848906,5.59086881356063e-05
M0051,2,3,Appreciation,0.006016714033798615,4.5420247247446134e-11,0.9939832859207811
M0051,3,1,Transitionary,0.9930585969405895,0.006604752594381709,0.00033665046502883334
M0051,4,3,Appreciation,1.3646429614019794e-05,1.5997419529133476e-16,0.9999863535703858
M0051,5,1,Transitionary,0.9374852020090401,2.2015611197644188e-05,0.06249278237976226
M0051,6,2,Aversion,0.0816482428859408,0.9183517465838188,1.053024038666465e-08
M0051,7,1,Transitionary,0.9624975260834616,0.037469994543214265,3.247937332411173e-05
M0051,8,2,Aversion,0.021529560701975693,0.9784704385140071,7.840171851718389e-10
M0051,9,1,Transitionary,0.9851845124222063,0.0012810222764395428,0.013534465301354137
M0051,10,1,Transitionary,0.9255210794832498,8.553627325872107e-05,0.07439338424349155
M0051,11,1,Transitionary,0.9486694471120499,0.05106170206697967,0.0002688508209702856
M0051,12,3,Appreciation,0.40560161673432704,2.1064740191190907e-07,0.5943981726182711
M0051,13,1,Transitionary,0.9256419147394862,0.07433115893087898,2.692632963475995e-05
M0051,14,1,Transitionary,0.9949131888298908,0.002070389894694494,0.0030164212754147817
M0051,15,3,Appreciation,3.018114306960185e-05,8.632700616094294e-15,0.9999698188569217
M0051,16,1,Transitionary,0.9780575671518611,0.00011351648838851765,0.021828916359750355
M0051,17,1,Transitionary,0.9860137654138738,0.013765481163482701,0.0002207534226435867
M0051,18,2,Aversion,0.15210442456494533,0.8478955685229453,6.912109299426702e-09
M0051,19,3,Appreciation,0.2266621864338612,4.776699208296754e-07,0.7733373358962179
M0051,20,3,Appreciation,0.38259134242688575,1.686546955052432e-06,0.6174069710261592
M0051,21,1,Transitionary,0.9929311904276183,0.004024284487122098,0.00304452508525948
M0051,22,1,Transitionary,0.9904266855318927,0.001043373567911909,0.008529940900195413
M0051,23,2,Aversion,0.0016391345329969291,0.9983608654573806,9.622542191606146e-12
M0051,24,2,Aversion,0.08504933384698672,0.9149506573239748,8.829038382990063e-09
M0051,25,3,Appreciation,7.915636501213991e-05,4.633178649881883e-15,0.9999208436349832
M0051,26,1,Transitionary,0.7637528672669074,2.5220509824468013e-10,0.23624713248088752
M0052,2,1,Transitionary,0.9939392681673893,0.0058947243082967974,0.00016600752431396033
M0052,3,3,Appreciation,0.18758068938591677,2.540399567327634e-07,0.8124190565741263
M0052,4,1,Transitionary,0.9890221349845167,0.00943723409957563,0.001540630915907837
M0052,5,2,Aversion,0.2408861278028758,0.7591128176394663,1.0545576581000504e-06
M0052,6,3,Appreciation,0.0044749552969173744,2.788037902797193e-10,0.9955250444242787
M0052,7,1,Transitionary,0.6440563269010955,7.331185082188943e-06,0.35593634191382245
M0052,8,1,Transitionary,0.9863965633722096,0.01326474047904665,0.00033869614874384866
M0052,9,1,Transitionary,0.9996244863207229,0.0003293323399260251,4.618133935094701e-05
M0052,10,2,Aversion,0.0027946896636786124,0.9972053103083235,2.799805349601112e-11
M0052,11,2,Aversion,0.0012069782632133223,0.9987930216525777,8.420893129035166e-11
M0052,12,1,Transitionary,0.9683711078945602,0.02941397564704303,0.002214916458397008
M0052,13,1,Transitionary,0.9844842097515266,0.0007188554581105356,0.01479693479036298
M0052,14,3,Appreciation,1.610122170133722e-07,3.9564674618297093e-19,0.9999998389877832
M0052,15,1,Transitionary,0.9112943917204739,4.3269001586196854e-05,0.08866233927793993
M0052,16,1,Transitionary,0.8979871077013472,4.465526947773101e-05,0.10196823702917533
M0052,17,1,Transitionary,0.9904137795584878,0.003952441484382809,0.00563377895712926
M0052,18,1,Transitionary,0.7867255492819406,0.21325181708956956,2.2633628489915264e-05
M0052,19,1,Transitionary,0.5349142582698732,0.4650792151144285,6.526615698329813e-06
M0052,20,1,Transitionary,0.998650088970058,0.0009817487825129411,0.0003681622474289378
M0052,21,1,Transitionary,0.9986670776807571,0.0011227355121340066,0.0002101868071089974
M0052,22,2,Aversion,0.4875187598473201,0.512478220344513,3.0198081669709374e-06
M0052,23,2,Aversion,2.948458773006333e-07,0.999999705154123,4.729447349200475e-19
M0052,24,1,Transitionary,0.9926005802518221,0.006050859712016033,0.0013485600361617207
M0052,25,2,Aversion,0.1100800497978013,0.8899197225094044,2.2769279409851223e-07
M0052,26,2,Aversion,5.0688219205555115e-05,0.9999493117807436,5.099249059332792e-14
M0053,2,1,Transitionary,0.900906534647271,2.261750740311793e-05,0.09907084784532587
M0053,3,2,Aversion,8.582698129720915e-06,0.9999914173018697,4.3821882184065005e-16
M0053,4,1,Transitionary,0.8391374132815537,0.16081403483494797,4.85518834986209e-05
M0053,5,2,Aversion,0.09759923445704279,0.9024007299261458,3.5616811462621546e-08
M0053,6,2,Aversion,0.10152301661260389,0.8984768933999525,8.998744363515938e-08
M0053,7,3,Appreciation,0.000329234828878427,1.943659909747966e-12,0.999670765169178
M0053,8,1,Transitionary,0.9978545307803272,0.0019058874122250965,0.00023958180744752125
M0053,9,1,Transitionary,0.8497562804783771,0.15022963383575236,1.4085685870688904e-05
M0053,10,1,Transitionary,0.9907618416468529,0.00010333091179531921,0.00913482744135182
M0053,11,1,Transitionary,0.9956378700264609,0.004231604041438504,0.00013052593210078494
M0053,12,1,Transitionary,0.995909574650323,0.0001481891193608662,0.003942236230316088
M0053,13,3,Appreciation,8.049006393656074e-05,2.1920318894732897e-15,0.9999195099360613
M0053,14,2,Aversion,0.020246707999346754,0.9797532867602629,5.2403902159401364e-09
M0053,15,1,Transitionary,0.6959231904121831,2.263439069027317e-06,0.30407454614874807
M0053,16,1,Transitionary,0.534048462326547,0.4659515317576665,5.915786439379667e-09
M0053,17,1,Transitionary,0.6778142017781285,0.32218462132357256,1.1768982989052858e-06
M0053,18,1,Transitionary,0.9940620391865649,1.2305006001550563e-06,0.005936730312834949
M0053,19,3,Appreciation,2.998578832835538e-06,1.6208830718458244e-17,0.999997001421167
M0053,20,1,Transitionary,0.9944618664308313,0.005419965204306703,0.00011816836486196125
M0053,21,2,Aversion,6.00527970541596e-06,0.9999939947202936,8.80153921304371e-16
M0053,22,1,Transitionary,0.982839084768226,0.015063807140914797,0.002097108090858992
M0053,23,2,Aversion,0.0684066942966575,0.9315932735213414,3.218200094645477e-08
M0053,24,3,Appreciation,0.14860791409099455,5.753013009268979e-07,0.8513915106077043
M0053,25,1,Transitionary,0.9952930328373413,0.0010960322887541758,0.0036109348739043743
M0053,26,1,Transitionary,0.9911876140441346,0.0003321486266551556,0.008480237329210497
M0054,2,2,Aversion,0.021503513009310336,0.9784964853828473,1.6078425483847064e-09
M0054,3,2,Aversion,0.00019009385137494535,0.9998099061458374,2.7872274528188354e-12
M0054,4,3,Appreciation,6.6316841279367914e-06,4.124781819468163e-16,0.9999933683158713
M0054,5,2,Aversion,0.00011625127864727833,0.9998837487213529,1.5154126299295187e-16
M0054,6,2,Aversion,0.00046817487467584485,0.9995318251206579,4.665930474585437e-12
M0054,7,2,Aversion,0.08038929140210593,0.9196106164084359,9.218945781420868e-08
M0054,8,3,Appreciation,0.1182259689944879,2.672182101487758e-07,0.8817737637873017
M0054,9,2,Aversion,0.002212183044145551,0.9977878168417127,1.1414162266558647e-10
M0054,10,1,Transitionary,0.6385935155701393,2.5666656313914414e-05,0.3613808177735469
M0054,11,2,Aversion,0.008360382882584557,0.9916396157856686,1.3317469346760219e-09
M0054,12,3,Appreciation,0.0003397872957913269,2.6361995711807914e-12,0.9996602127015728
M0054,13,2,Aversion,0.43806259229149536,0.5619364364046083,9.713038964468072e-07
M0054,14,1,Transitionary,0.8875885094844742,0.11218440480549731,0.0002270857100289675
M0054,15,1,Transitionary,0.985172715192632,7.794453088245223e-06,0.014819490354279746
M0054,16,1,Transitionary,0.9603006762211631,0.0395254261687074,0.0001738976101294826
M0054,17,1,Transitionary,0.871608765465897,0.12822024759279466,0.00017098694130811512
M0054,18,2,Aversion,4.158787255685304e-07,0.9999995841212742,5.628050921154395e-19
M0054,19,2,Aversion,0.2796921531971763,0.7203049273568315,2.9194459920511374e-06
M0054,20,3,Appreciation,0.0251689783735368,2.37231313351504e-09,0.9748310192541499
M0054,21,1,Transitionary,0.8431542163145112,4.4452738485099225e-07,0.15684533915810364
M0054,22,3,Appreciation,0.0056227319718252285,5.848785923983469e-11,0.9943772679696865
M0054,23,2,Aversion,0.11962226309539138,0.8803777323915062,4.513102272596675e-09
M0054,24,3,Appreciation,0.0003547328618835748,1.1603341410880188e-14,0.9996452671381051
M0054,25,2,Aversion,7.199889578929219e-05,0.9999280011042081,2.3650950047501546e-15
M0054,26,3,Appreciation,0.08397603852355277,8.846698049431886e-09,0.916023952629749
M0055,2,2,Aversion,0.009022814717358388,0.9909771852055264,7.711529146207228e-11
M0055,3,3,Appreciation,3.043017462908805e-07,7.206087581222449e-20,0.9999996956982538
M0055,4,1,Transitionary,0.7254330435298264,1.2008242906897732e-05,0.2745549482272668
M0055,5,2,Aversion,0.03922916373748271,0.9607708362328051,2.971220334712881e-11
M0055,6,2,Aversion,5.601603320099492e-05,0.9999439839667621,3.689541917401007e-14
M0055,7,1,Transitionary,0.9493212875337135,0.00010079700801445704,0.050577915458272074
M0055,8,1,Transitionary,0.9841859135044922,0.015138173790200061,0.0006759127053077091
M0055,9,1,Transitionary,0.9816372208519892,0.0006482423776344404,0.01771453677037639
M0055,10,1,Transitionary,0.9908350192218847,0.008677183247489608,0.00048779753062567756
M0055,11,1,Transitionary,0.993278174923365,0.005205980453759982,0.0015158446228750247
M0055,12,1,Transitionary,0.9680674826573855,0.0010583907389191997,0.030874126603695286
M0055,13,1,Transitionary,0.5930106675521813,0.40698416457672626,5.167871092378319e-06
M0055,14,2,Aversion,0.0357780808227491,0.9642218796784046,3.9498846317123635e-08
M0055,15,3,Appreciation,7.108503127863388e-06,1.607377769881013e-15,0.9999928914968705
M0055,16,1,Transitionary,0.9638758682859117,0.00018579891584898377,0.03593833279823936
M0055,17,1,Transitionary,0.99485291086576,0.004100292951615332,0.0010467961826247055
M0055,18,1,Transitionary,0.9655763138682839,0.03434950607110071,7.418006061541766e-05
M0055,19,3,Appreciation,0.3263618994595908,2.509816989266319e-07,0.6736378495587102
M0055,20,1,Transitionary,0.9172429571275911,0.00012664433823048014,0.08263039853417838
M0055,21,1,Transitionary,0.9653178627086877,0.0003065337135106892,0.03437560357780161
M0055,22,2,Aversion,0.1909884432081815,0.8090114049430357,1.5184878282811857e-07
M0055,23,2,Aversion,0.024808549639653028,0.9751914469315593,3.428787638200693e-09
M0055,24,1,Transitionary,0.9917572084092042,0.006839268285346448,0.001403523305449303
M0055,25,1,Transitionary,0.9412867780530537,0.05868296279500052,3.0259151945778648e-05
M0055,26,3,Appreciation,0.022454237912940912,3.0953586117443554e-10,0.9775457617775233
M0056,2,1,Transitionary,0.9884135715012793,0.0005549136059064198,0.011031514892814374
M0056,3,1,Transitionary,0.9724419953418484,0.0008836236592002029,0.026674380998951256
M0056,4,3,Appreciation,9.3439470962941e-06,8.11342598890862e-16,0.9999906560529032
M0056,5,3,Appreciation,0.018480768241012715,4.625376268502922e-09,0.981519227133611
M0056,6,3,Appreciation,0.0026516100416261916,1.1624581213897207e-10,0.9973483898421281
M0056,7,1,Transitionary,0.9694959366960486,0.030406274823398364,9.778848055260967e-05
M0056,8,1,Transitionary,0.8502130678043955,0.1497793209600478,7.611235556464442e-06
M0056,9,2,Aversion,2.1811683141655793e-07,0.9999997818831685,2.1283144042204503e-19
M0056,10,2,Aversion,2.3596191616455256e-05,0.9999764038083757,8.29263692003419e-15
M0056,11,1,Transitionary,0.6792653058706944,0.3207303685147088,4.325614596853026e-06
M0056,12,1,Transitionary,0.8860780298708543,9.39399037770992e-05,0.11382803022536905
M0056,13,1,Transitionary,0.9741154947805555,0.0256660388981887,0.00021846632125583439
M0056,14,2,Aversion,0.0013759114317788983,0.9986240885680014,2.2004980777949408e-13
M0056,15,2,Aversion,0.4920345458904242,0.5079600493413596,5.404768215905293e-06
M0056,16,1,Transitionary,0.9719358458211921,0.00020060532350311242,0.027863548855305068
M0056,17,1,Transitionary,0.983436489257244,0.0001608230309654593,0.016402687711790098
M0056,18,1,Transitionary,0.6809141992819681,0.31907342576701186,1.2374951019856014e-05
M0056,19,2,Aversion,0.00338085602843126,0.996619143915718,5.585074862145688e-11
M0056,20,2,Aversion,0.010423810542521143,0.989576187269211,2.188267749046262e-09
M0056,21,1,Transitionary,0.8230576107654124,0.17691517826398842,2.7210970599202558e-05
M0056,22,3,Appreciation,0.011725291142430773,2.1247646909528244e-09,0.9882747067328044
M0056,23,1,Transitionary,0.9984267198510708,3.227311219550913e-05,0.0015410070367335956
M0056,24,1,Transitionary,0.9417142216305099,0.00010751494501013812,0.05817826342448001
M0056,25,1,Transitionary,0.9831949379502549,0.0019063881818639434,0.01489867386788147
M0056,26,1,Transitionary,0.9880407005778633,0.010547311383612954,0.001411988038523889
M0057,2,2,Aversion,0.025743586587426263,0.9742564133445819,6.799179914711137e-11
M0057,3,1,Transitionary,0.9502057437176497,0.04977661596426756,1.7640318082946186e-05
M0057,4,1,Transitionary,0.5144553675952027,7.17287034150702e-07,0.48554391511776285
M0057,5,2,Aversion,0.18259506663193886,0.8174048970876885,3.6280372851512386e-08
M0057,6,3,Appreciation,2.1183070792058622e-10,3.358081959311422e-26,0.9999999997881694
M0057,7,1,Transitionary,0.9994419648142252,0.00029753618821844847,0.0002604989975567261
M0057,8,1,Transitionary,0.9958413895684017,1.3636629948582345e-05,0.004144973801649641
M0057,9,3,Appreciation,0.011007663612202161,1.3503204029246456e-12,0.9889923363864471
M0057,10,2,Aversion,0.03182612501720482,0.9681738749010247,8.17703316701399e-11
M0057,11,3,Appreciation,4.2168881699013286e-05,2.6925242876151485e-19,0.9999578311183006
M0057,12,3,Appreciation,0.000229287301645512,2.865607781609953e-13,0.9997707126980676
M0057,13,2,Aversion,0.04856632623952916,0.9514336737466411,1.382931518135124e-11
M0057,14,2,Aversion,0.011852630261270475,0.9881473696615847,7.714444384077877e-11
M0057,15,1,Transitionary,0.957184859480003,0.04276394700720735,5.119351278926829e-05
M0057,16,1,Transitionary,0.8934569049763678,3.187964372305187e-06,0.1065399070592595
M0057,17,1,Transitionary,0.9347719728530357,0.06522239483221844,5.632314745805533e-06
M0057,18,1,Transitionary,0.9626524892598881,0.037340465892307335,7.044847804176336e-06
M0057,19,1,Transitionary,0.9804832323064366,1.0986426078289539e-05,0.019505781267485325
M0057,20,1,Transitionary,0.7184089509961383,3.3415024261982945e-06,0.28158770750143514
M0057,21,2,Aversion,0.00024433185598956333,0.9997556681439761,3.4356203686317e-14
M0057,22,3,Appreciation,0.00989203751267116,4.782897213675981e-11,0.9901079624395001
M0057,23,1,Transitionary,0.7214441612966265,1.2995201325544942e-06,0.278554539183241
M0057,24,2,Aversion,0.006759608927936569,0.9932403909834172,8.864663849718582e-11
M0057,25,1,Transitionary,0.9970419049567157,0.0028901089577510995,6.798608553302068e-05
M0057,26,2,Aversion,0.0007649937865190947,0.99923500621168,1.800653145812097e-12
M0058,2,1,Transitionary,0.9791241367236955,4.095209988866767e-06,0.0208717680663153
M0058,3,2,Aversion,2.7015904155196684e-06,0.9999972984095844,1.457436466428451e-16
M0058,4,3,Appreciation,0.044206248794166784,8.216675860844385e-08,0.9557936690390745
M0058,5,3,Appreciation,0.025870726446983343,1.6188163955489316e-10,0.9741292733911349
M0058,6,1,Transitionary,0.8603470997249238,0.13964754096980708,5.359305268797561e-06
M0058,7,2,Aversion,0.014286590215319552,0.9857134094213702,3.633099765445719e-10
M0058,8,1,Transitionary,0.8392245848056942,0.1607739279488196,1.487245486171906e-06
M0058,9,3,Appreciation,0.16595717611960503,8.476513833414192e-09,0.8340428154038813
M0058,10,1,Transitionary,0.9759408282275224,0.024042557265155685,1.6614507321803843e-05
M0058,11,1,Transitionary,0.9945823797086876,0.005199186154270719,0.00021843413704161993
M0058,12,1,Transitionary,0.9967675912962136,0.0027669363858831954,0.00046547231790286227
M0058,13,1,Transitionary,0.9585477741706837,0.04145167319753142,5.526317848646266e-07
M0058,14,1,Transitionary,0.5569537417131659,0.4430450154484126,1.2428384217471207e-06
M0058,15,2,Aversion,0.07665503779341303,0.9233449383612456,2.3845341407006262e-08
M0058,16,3,Appreciation,1.71509273287075e-05,4.659144509101191e-16,0.999982849072671
M0058,17,1,Transitionary,0.9990090216934925,0.00036780867458554396,0.0006231696319218753
M0058,18,2,Aversion,1.2744349333273861e-05,0.9999872556506662,3.912074628533423e-16
M0058,19,1,Transitionary,0.8331989940175258,2.3765245169951706e-06,0.16679862945795687
M0058,20,2,Aversion,8.887333205217661e-12,0.9999999999911129,7.432858549152814e-30
M0058,21,2,Aversion,0.06035094126388394,0.9396490511087986,7.627316962961613e-09
M0058,22,3,Appreciation,5.252183174507085e-05,2.1712218703001115e-14,0.9999474781682335
M0058,23,1,Transitionary,0.9551925829099851,1.2373279728290192e-05,0.0447950438102868
M0058,24,1,Transitionary,0.9748749399199209,0.025108991398587882,1.606868149132939e-05
M0058,25,1,Transitionary,0.9996470586693963,0.0002658589168598927,8.708241374347643e-05
M0058,26,3,Appreciation,8.953730644148461e-07,3.2883725802547354e-18,0.9999991046269358
M0059,2,2,Aversion,0.053754890477462076,0.9462451051497816,4.372756420671713e-09
M0059,3,1,Transitionary,0.9543531277798109,0.04457148734493715,0.001075384875252168
M0059,4,2,Aversion,0.11540327828982315,0.8845963134902888,4.0821988839513246e-07
M0059,5,3,Appreciation,0.0022342523758718306,2.1900849713741094e-10,0.9977657474051194
M0059,6,3,Appreciation,0.04438359784305881,1.0939412316194311e-07,0.9556162927628182
M0059,7,3,Appreciation,0.0001462414379570198,1.209938256942264e-12,0.9998537585608327
M0059,8,1,Transitionary,0.9994987800077298,5.64524895953417e-06,0.0004955747433109009
M0059,9,2,Aversion,0.00013830396280150234,0.9998616960370449,1.5338493282805767e-13
M0059,10,1,Transitionary,0.7762472168352846,0.0002535146714526221,0.22349926849326296
M0059,11,3,Appreciation,0.00011075722561153977,2.0928928407611156e-13,0.9998892427741789
M0059,12,2,Aversion,0.34584164979794996,0.6541583475280927,2.6739575614813213e-09
M0059,13,3,Appreciation,0.03127530138166679,1.5088487061146043e-09,0.9687246971094841
M0059,14,2,Aversion,0.4330056860941464,0.5669931457690794,1.1681367744198576e-06
M0059,15,2,Aversion,0.001118669529966292,0.9988813304699729,6.074322298413584e-14
M0059,16,2,Aversion,6.81131464313959e-06,0.9999931886853514,5.382016075935332e-15
M0059,17,3,Appreciation,0.24260140837202815,1.550255295673856e-06,0.7573970413726766
M0059,18,1,Transitionary,0.9939899043966057,0.005850206242488121,0.0001598893609057946
M0059,19,2,Aversion,0.043081518066603604,0.9569184812703256,6.630704241553548e-10
M0059,20,3,Appreciation,0.009524264226475445,6.349876652139867e-09,0.9904757294236475
M0059,21,2,Aversion,0.0016509885644079689,0.998349011417751,1.784077951675957e-11
M0059,22,2,Aversion,0.022614207314396985,0.9773857861338227,6.551780278963493e-09
M0059,23,3,Appreciation,8.906018828113202e-05,7.100622617292083e-13,0.9999109398110084
M0059,24,1,Transitionary,0.9995692335026657,1.9565229424247903e-05,0.0004112012679096575
M0059,25,1,Transitionary,0.9946226327033211,0.00011385158366694791,0.005263515713011835
M0059,26,1,Transitionary,0.9498130341492894,1.5767248199013205e-05,0.05017119860251163
M0060,2,1,Transitionary,0.8262085473482313,1.6102977030982007e-05,0.17377534967473776
M0060,3,1,Transitionary,0.9936122074450037,0.0003590148046256278,0.0060287777503705954
M0060,4,1,Transitionary,0.9685752119326185,4.8413923310280315e-05,0.031376374144071115
M0060,5,3,Appreciation,7.15451128119525e-05,3.659614242966931e-13,0.9999284548868224
M0060,6,3,Appreciation,0.002435880766358708,1.4189271171603446e-11,0.9975641192194519
M0060,7,1,Transitionary,0.9483055140534172,9.24119483702846e-05,0.05160207399821235
M0060,8,3,Appreciation,0.06166377244800868,1.1297289120434895e-08,0.9383362162547021
M0060,9,1,Transitionary,0.8808572459534131,4.4472720897685755e-05,0.11909828132568917
M0060,10,1,Transitionary,0.9985153807307836,9.845667060950218e-05,0.0013861625986070815
M0060,11,2,Aversion,0.019306804533097244,0.9806931905803078,4.8865949594316086e-09
M0060,12,3,Appreciation,0.06291274680761329,1.0936268921828224e-07,0.9370871438296976
M0060,13,1,Transitionary,0.9044539918897708,0.09554079418288662,5.2139273423428e-06
M0060,14,3,Appreciation,2.937418476835682e-05,2.780176602643388e-18,0.9999706258152317
M0060,15,3,Appreciation,0.43241920042819776,9.346635489103341e-07,0.5675798649082533
M0060,16,2,Aversion,0.0323233580095493,0.9676766401133301,1.8771207369378678e-09
M0060,17,2,Aversion,0.46083165951065885,0.53916421393325,4.12655609096343e-06
M0060,18,3,Appreciation,0.0002606901251727451,5.561123960285363e-13,0.9997393098742711
M0060,19,1,Transitionary,0.9903358003625975,0.009628442640513712,3.5756996888631636e-05
M0060,20,2,Aversion,0.02785140276770822,0.9721485879367253,9.295566636117905e-09
M0060,21,2,Aversion,3.333729558560151e-06,0.9999966662704414,3.38231102637868e-17
M0060,22,2,Aversion,0.0002732086705193415,0.9997267913291648,3.15890399453954e-13
M0060,23,2,Aversion,8.557717926031975e-05,0.9999144228202314,5.084049599112223e-13
M0060,24,2,Aversion,0.1957755006129984,0.804223834019971,6.653670308264638e-07
M0060,25,1,Transitionary,0.910371440986752,0.00010370617511454992,0.08952485283813336
M0060,26,1,Transitionary,0.9461060959258351,0.05382675776705726,6.714630710758907e-05
M0061,2,1,Transitionary,0.7726130212042908,1.865841919764668e-05,0.22736832037651158
M0061,3,2,Aversion,0.0015884918945234861,0.9984115080982974,7.179165800930474e-12
M0061,4,2,Aversion,3.673620297981192e-05,0.9999632637970167,3.4083876504028206e-15
M0061,5,3,Appreciation,0.020992832457528064,6.561737513973563e-09,0.9790071609807344
M0061,6,1,Transitionary,0.9971360980517092,0.0010819849175354428,0.0017819170307553456
M0061,7,1,Transitionary,0.9860173868001832,0.01373290232844605,0.0002497108713706361
M0061,8,1,Transitionary,0.9959092997906448,0.00016444778498144093,0.003926252424373698
M0061,9,1,Transitionary,0.9792683583891107,1.829509680377571e-05,0.020713346514085462
M0061,10,1,Transitionary,0.7247000937870693,0.2752998073089149,9.890401576889615e-08
M0061,11,3,Appreciation,0.4705200063998535,4.816528908920881e-07,0.5294795119472557
M0061,12,3,Appreciation,0.34662346461202315,1.0628428998516342e-07,0.6533764291036869
M0061,13,1,Transitionary,0.7484265878575812,0.2515676897668214,5.722375597293953e-06
M0061,14,3,Appreciation,0.030932179823538807,1.116942802160281e-09,0.9690678190595184
M0061,15,1,Transitionary,0.5268518190104368,3.4496129548233717e-07,0.4731478360282679
M0061,16,3,Appreciation,0.3314855982305662,5.166410635949354e-07,0.6685138851283702
M0061,17,1,Transitionary,0.6567893067431895,0.3432085875651562,2.1056916542435474e-06
M0061,18,3,Appreciation,2.4071376566846946e-05,3.7657973518589527e-17,0.9999759286234331
M0061,19,1,Transitionary,0.8939424022628738,0.10604435624911379,1.324148801242061e-05
M0061,20,1,Transitionary,0.7440914767924205,2.28515557979173e-06,0.25590623805199963
M0061,21,2,Aversion,0.14876486825680738,0.8512351022230202,2.952017238886409e-08
M0061,22,2,Aversion,0.00041412689423883143,0.9995858731057605,6.487947730981248e-16
M0061,23,1,Transitionary,0.9969821375459264,0.0021364665462341044,0.0008813959078395845
M0061,24,1,Transitionary,0.97828175097105,5.955701856362213e-06,0.021712293327093693
M0061,25,1,Transitionary,0.9977191018652705,0.0020150284806104393,0.0002658696541190877
M0061,26,3,Appreciation,0.10601235904297188,2.887118291571348e-08,0.8939876120858452
M0062,2,3,Appreciation,0.3942615158052555,5.515508409663359e-07,0.6057379326439032
M0062,3,3,Appreciation,0.3560093628230024,4.2202569420201553e-07,0.6439902151513044
M0062,4,1,Transitionary,0.9993398198576029,5.141929176203657e-06,0.0006550382132203263
M0062,5,1,Transitionary,0.7930772698476569,8.468554756961316e-07,0.20692188329686778
M0062,6,1,Transitionary,0.9827767057666309,0.017192478565558604,3.08156678110541e-05
M0062,7,1,Transitionary,0.7917905241723948,0.20820869026274544,7.855648604414393e-07
M0062,8,3,Appreciation,0.10884744400873719,2.552528152093545e-09,0.8911525534387346
M0062,9,1,Transitionary,0.7725040767759477,0.2274938207108106,2.10251324128262e-06
M0062,10,2,Aversion,1.7296056575742932e-09,0.9999999982703951,1.907632409894382e-25
M0062,11,3,Appreciation,0.00026804915440964747,8.740817027648643e-13,0.999731950844716
M0062,12,1,Transitionary,0.6061198494521163,3.088108316945143e-06,0.3938770624395675
M0062,13,2,Aversion,0.14221483028627002,0.8577850036607851,1.6605294568073425e-07
M0062,14,2,Aversion,0.00014144358060559224,0.9998585564188665,5.276297747197902e-13
M0062,15,3,Appreciation,0.31049127467488846,1.442605447165227e-06,0.6895072827196651
M0062,16,2,Aversion,0.012013032872618212,0.9879869663592121,7.681695525407222e-10
M0062,17,1,Transitionary,0.5524390203121317,2.6166720712179135e-06,0.4475583630157977
M0062,18,3,Appreciation,0.1326618360037873,2.9537791500147835e-08,0.8673381344584212
M0062,19,1,Transitionary,0.9960056879700374,8.637154133893546e-05,0.003907940488623455
M0062,20,3,Appreciation,0.0006138399080730932,1.329657566415725e-13,0.9993861600917935
M0062,21,1,Transitionary,0.9951343987105223,3.0035592234378e-05,0.004835565697243446
M0062,22,1,Transitionary,0.9972211794026465,0.0021915823501937144,0.0005872382471592908
M0062,23,3,Appreciation,0.027905436993328172,1.3957865442866057e-09,0.9720945616108856
M0062,24,2,Aversion,0.49203607927867404,0.5079638755741961,4.514712910491976e-08
M0062,25,1,Transitionary,0.9959841700957598,5.648098618389463e-07,0.004015265094377557
M0062,26,2,Aversion,6.0313439415367255e-09,0.9999999939686557,7.082475357993595e-24
M0063,2,3,Appreciation,0.012087883193057359,5.469250572417025e-11,0.9879121167522504
M0063,3,1,Transitionary,0.7865347477549595,7.655593600945941e-07,0.2134644866856809
M0063,4,2,Aversion,3.500295298406428e-07,0.9999996499704702,8.159667969486994e-20
M0063,5,1,Transitionary,0.973788199006101,0.026199107730217566,1.26932636810776e-05
M0063,6,2,Aversion,0.02107381888080653,0.9789261806376451,4.815489276181937e-10
M0063,7,3,Appreciation,0.3101665933496376,3.9437638893187885e-07,0.6898330122739735
M0063,8,3,Appreciation,0.2828486433395496,1.696054303434404e-07,0.7171511870550208
M0063,9,1,Transitionary,0.8317534007712006,0.1682459255011433,6.737276553224352e-07
M0063,10,1,Transitionary,0.8562238513768953,0.14377178668819504,4.361934909180694e-06
M0063,11,2,Aversion,0.000813323800678953,0.9991866761985557,7.650433103895767e-13
M0063,12,2,Aversion,0.004220037281789901,0.9957799626342155,8.399391020253848e-11
M0063,13,2,Aversion,0.02802467912428911,0.9719753079169815,1.295872918838314e-08
M0063,14,2,Aversion,0.016199241758568565,0.9838007575633676,6.780633074831909e-10
M0063,15,3,Appreciation,0.0034873455982242893,1.4876780104837663e-10,0.9965126542530082
M0063,16,2,Aversion,0.1368930682092518,0.8631069254951951,6.295553957348911e-09
M0063,17,3,Appreciation,5.786453906072491e-10,1.728899027489238e-25,0.9999999994213553
M0063,18,3,Appreciation,4.9131645781402143e-08,3.2036083327777045e-21,0.9999999508683549
M0063,19,3,Appreciation,0.05173982573557653,7.465075212343016e-09,0.9482601667993482
M0063,20,1,Transitionary,0.556789513717444,0.4432073440809952,3.142201560247562e-06
M0063,21,1,Transitionary,0.9886623221818258,0.011211059687515902,0.00012661813065825746
M0063,22,2,Aversion,0.0073455707092934175,0.9926544287444394,5.462672534537447e-10
M0063,23,1,Transitionary,0.9241641177991273,0.07581348130321221,2.2400897659994773e-05
M0063,24,2,Aversion,0.10690353256703453,0.8930964574731003,9.959864877247985e-09
M0063,25,1,Transitionary,0.9999152364427881,1.3357187407206227e-05,7.140636980422487e-05
M0063,26,2,Aversion,0.002186798746418779,0.9978132011747136,7.886759701959147e-11
M0064,2,1,Transitionary,0.5565589986745927,0.44344005940066644,9.419247409613405e-07
M0064,3,3,Appreciation,0.00024698807878929894,9.285897782519005e-14,0.9997530119211178
M0064,4,1,Transitionary,0.9632935677161556,0.0366994618198487,6.970463996111356e-06
M0064,5,1,Transitionary,0.9962079572420126,0.0002381309493963989,0.003553911808591047
M0064,6,1,Transitionary,0.8157031275486755,7.646708605654306e-06,0.1842892257427189
M0064,7,1,Transitionary,0.9934180105768741,0.00021714647977812542,0.006364842943348146
M0064,8,3,Appreciation,0.023184194733479,1.1298312548088014e-10,0.9768158051535376
M0064,9,1,Transitionary,0.9942063409143493,0.0008035716837823441,0.004990087401868057
M0064,10,3,Appreciation,0.011003842531351291,6.306153848388875e-10,0.988996156838033
M0064,11,1,Transitionary,0.988969207175965,0.010757857675226292,0.0002729351488089366
M0064,12,1,Transitionary,0.8208227122501491,2.2016424205499117e-07,0.17917706758560892
M0064,13,1,Transitionary,0.9854629103913051,0.014531762204816407,5.327403878345325e-06
M0064,14,3,Appreciation,0.003588194076932402,8.418196643092907e-13,0.9964118059222258
M0064,15,1,Transitionary,0.6695113392283902,1.7821543992170405e-06,0.3304868786172103
M0064,16,1,Transitionary,0.9191093466537588,7.602305135241844e-06,0.08088305104110599
M0064,17,3,Appreciation,1.0624192887885691e-07,6.405806720117282e-20,0.9999998937580713
M0064,18,2,Aversion,0.006676754753933085,0.9933232451665989,7.946775861976762e-11
M0064,19,1,Transitionary,0.9980205464031005,0.0008126932095220167,0.0011667603873770924
M0064,20,1,Transitionary,0.9917402961740875,0.0006355294409647103,0.007624174384948036
M0064,21,1,Transitionary,0.9689535392284183,1.070010873477823e-05,0.031035760662847123
M0064,22,3,Appreciation,0.3360287393682146,2.897900614366851e-08,0.6639712316527788
M0064,23,1,Transitionary,0.995930100322927,0.0007961318705408597,0.0032737678065319006
M0064,24,1,Transitionary,0.9929603114820793,7.589680950336919e-06,0.007032098836970604
M0064,25,1,Transitionary,0.5845275743000341,0.41547136147943353,1.0642205321207692e-06
M0064,26,1,Transitionary,0.6374776341464214,0.362521879744499,4.861090799215737e-07
M0065,2,1,Transitionary,0.997536553413671,0.0015490311127914227,0.0009144154735381394
M0065,3,2,Aversion,0.08124827328085102,0.9187516839149215,4.280422677613644e-08
M0065,4,3,Appreciation,1.5920360869067593e-05,1.0105868194348325e-15,0.99998407963913
M0065,5,1,Transitionary,0.9692108068589356,0.0303164935887551,0.0004726995523088989
M0065,6,2,Aversion,0.022737763153305352,0.9772622368325522,1.4141763575149193e-11
M0065,7,1,Transitionary,0.9738364680102397,8.543472088577059e-05,0.026078097268874605
M0065,8,3,Appreciation,0.015686491592317223,8.435296939708505e-09,0.9843134999723852
M0065,9,1,Transitionary,0.9998565973938198,0.00011288442784641278,3.051817833330085e-05
M0065,10,2,Aversion,0.00012008853238909417,0.9998799114675692,4.115965440804128e-14
M0065,11,3,Appreciation,2.1588579880016008e-05,2.3014849575523848e-14,0.9999784114200967
M0065,12,2,Aversion,0.2975002055063777,0.7024997628883587,3.160526411354748e-08
M0065,13,1,Transitionary,0.9946774622315455,0.0044138010191006076,0.0009087367493542742
M0065,14,1,Transitionary,0.8522289532727931,0.14776780938063513,3.2373465714050198e-06
M0065,15,1,Transitionary,0.9508861739086307,0.04910467415205426,9.151939314345946e-06
M0065,16,3,Appreciation,1.557969686684098e-05,1.2688957593739569e-17,0.9999844203031327
M0065,17,2,Aversion,3.7068580777710567e-09,0.9999999962931412,4.429247495758266e-23
M0065,18,2,Aversion,0.30833172056387975,0.6916678482785379,4.311575820535778e-07
M0065,19,1,Transitionary,0.9371954105708321,1.5339333190225352e-05,0.062789250095978
M0065,20,1,Transitionary,0.8867133083094008,0.1132820345047249,4.657185874779225e-06
M0065,21,3,Appreciation,0.04156920069996628,3.5679567268101375e-09,0.9584307957320772
M0065,22,1,Transitionary,0.9969451869346008,0.001028450613082812,0.0020263624523162607
M0065,23,2,Aversion,0.0005194010927831229,0.9994805989068417,3.751242213557792e-13
M0065,24,1,Transitionary,0.9389598237410497,0.06104012046671136,5.5792238236233867e-08
M0065,25,2,Aversion,3.90787168694355e-05,0.9999609212831182,1.3212042718728799e-14
M0065,26,1,Transitionary,0.9510952606187332,0.048866387590091674,3.835179117584102e-05
M0066,2,1,Transitionary,0.9273753591755222,0.07262053621973732,4.104604740612111e-06
M0066,3,2,Aversion,0.39105668240532,0.6089430899283682,2.2766631141806408e-07
M0066,4,1,Transitionary,0.9903467412711346,0.009556346483559588,9.691224530581003e-05
M0066,5,2,Aversion,0.09599269414211646,0.9040072472889739,5.856890947042525e-08
M0066,6,3,Appreciation,0.0014359350709753367,1.1293262108708115e-10,0.998564064816092
M0066,7,1,Transitionary,0.9712802194033039,7.09913869435101e-05,0.02864878920975239
M0066,8,1,Transitionary,0.5628157176862587,1.1978647438095307e-06,0.4371830844489978
M0066,9,2,Aversion,0.016656354888445496,0.9833436300833376,1.5028217071197156e-08
M0066,10,3,Appreciation,0.01420033801752615,1.2659342028738023e-09,0.9857996607165396
M0066,11,3,Appreciation,0.44169056109675175,1.4794170830030157e-06,0.5583079594861653
M0066,12,3,Appreciation,4.052623055034007e-09,2.1640118400645244e-22,0.9999999959473769
M0066,13,1,Transitionary,0.9872638037602754,0.00030456960261332884,0.012431626637111249
M0066,14,3,Appreciation,0.00636963555598216,1.2250459794946621e-10,0.9936303643215131
M0066,15,2,Aversion,0.00012383637560727125,0.9998761636243922,2.3541671531290526e-16
M0066,16,3,Appreciation,0.43974504280803833,6.37912028156618e-07,0.5602543192799335
M0066,17,1,Transitionary,0.7990572625078165,3.133916866065774e-06,0.20093960357531784
M0066,18,3,Appreciation,0.047572240553344095,2.9916209911165044e-10,0.9524277591474938
M0066,19,3,Appreciation,0.15544153894352206,2.4271639850791765e-09,0.8445584586293137
M0066,20,3,Appreciation,1.8806130622147714e-05,6.447144638115482e-16,0.9999811938693769
M0066,21,1,Transitionary,0.9949150489766875,0.0002091088153146258,0.004875842207997619
M0066,22,1,Transitionary,0.9993095488723289,0.0006486341548479621,4.181697282317052e-05
M0066,23,3,Appreciation,0.23657021689169197,1.6868517109276822e-06,0.7634280962565975
M0066,24,1,Transitionary,0.976515256619409,0.02346529443897205,1.944894161905542e-05
M0066,25,2,Aversion,0.005381996995883028,0.9946180029585079,4.560876285516978e-11
M0066,26,1,Transitionary,0.9961672674881958,0.0008028723583805268,0.003029860153423208
M0067,2,1,Transitionary,0.8647204203487558,0.13527190347168916,7.67617955335842e-06
M0067,3,1,Transitionary,0.9971694398823816,1.9150997017915226e-05,0.002811409120600447
M0067,4,3,Appreciation,0.016738577154164734,1.8748055568628718e-09,0.9832614209710292
M0067,5,3,Appreciation,0.0007744371270231869,2.3524663396019917e-11,0.9992255628494536
M0067,6,1,Transitionary,0.5046893460898125,0.4953077418032219,2.912106965818428e-06
M0067,7,1,Transitionary,0.8575517072358451,0.14242449655340605,2.3796210749323487e-05
M0067,8,1,Transitionary,0.9331777352010828,0.0003842672494626511,0.06643799754945597
M0067,9,1,Transitionary,0.9855377510892258,1.676945572182957e-06,0.014460571965202377
M0067,10,2,Aversion,1.9358889910583805e-05,0.9999806411100863,1.7613911812447698e-15
M0067,11,2,Aversion,0.34522575335511063,0.6547735791599039,6.674849864478953e-07
M0067,12,2,Aversion,0.0003176091083277042,0.99968239089167,3.4154035073071653e-15
M0067,13,1,Transitionary,0.6829004683354267,0.3170942711741844,5.260490389903197e-06
M0067,14,2,Aversion,0.26480178020343703,0.7351972879231903,9.318733710879473e-07
M0067,15,1,Transitionary,0.9983433867488268,0.0007288985579568789,0.0009277146932179307
M0067,16,1,Transitionary,0.9828924802444705,0.016931896605760364,0.00017562314976788144
M0067,17,1,Transitionary,0.9811239888476865,0.017753624688221184,0.0011223864640917374
M0067,18,1,Transitionary,0.9601608748679317,0.00010048182019144966,0.039738643311876605
M0067,19,3,Appreciation,0.17657798032404115,1.8567572808293519e-07,0.8234218340002292
M0067,20,2,Aversion,0.15977925427807732,0.8402206477549996,9.796692288710205e-08
M0067,21,2,Aversion,0.0005518839904990985,0.9994481160058224,3.6795674517920985e-12
M0067,22,2,Aversion,9.575388520520692e-05,0.9999042461147922,2.6043937670575033e-15
M0067,23,1,Transitionary,0.8441691010048604,0.15583039214628555,5.06848852919135e-07
M0067,24,3,Appreciation,0.007642013656946852,3.181336563494952e-11,0.9923579863112393
M0067,25,2,Aversion,1.1340063899384845e-15,1.0,9.003716823877033e-38
M0067,26,3,Appreciation,0.028193203420720195,3.0026780376352606e-10,0.9718067962790116
M0068,2,1,Transitionary,0.9747846340213743,0.0002713052428680778,0.024944060735757813
M0068,3,2,Aversion,2.336438814270868e-05,0.9999766356118106,4.6813867132103344e-14
M0068,4,2,Aversion,0.0012396015425509268,0.9987603983832164,7.423251755501302e-11
M0068,5,2,Aversion,0.0001486270263629744,0.9998513729735333,1.0369077170911754e-13
M0068,6,2,Aversion,0.342882145305935,0.6571177826019056,7.209215927538125e-08
M0068,7,1,Transitionary,0.9960340421827836,0.00042301465251458136,0.003542943164701973
M0068,8,3,Appreciation,0.09759206645962554,3.9921849132298016e-08,0.9024078936185255
M0068,9,2,Aversion,0.48095413154552813,0.5190446181211342,1.2503333377894985e-06
M0068,10,3,Appreciation,2.5324738597027194e-05,2.903976802962009e-15,0.9999746752614003
M0068,11,1,Transitionary,0.9669895996936189,0.03298357401592133,2.6826290459793103e-05
M0068,12,1,Transitionary,0.9933084489582019,0.0003802208426105925,0.006311330199187518
M0068,13,1,Transitionary,0.8145438988932316,0.1854482423299667,7.858776801477445e-06
M0068,14,1,Transitionary,0.9933889584635233,0.001018428502068724,0.005592613034408033
M0068,15,3,Appreciation,0.0003756251733948142,1.0723387736221505e-12,0.9996243748255328
M0068,16,1,Transitionary,0.9977266299522217,0.00012811664427712623,0.00214525340350118
M0068,17,1,Transitionary,0.9975874558049168,0.0015157771899283472,0.0008967670051550512
M0068,18,2,Aversion,0.0005155871855734074,0.9994844128129939,1.4325093232407413e-12
M0068,19,1,Transitionary,0.9398129753704423,3.456010479415741e-05,0.060152464524763485
M0068,20,2,Aversion,0.14799665713845186,0.8520033214695282,2.139201987001937e-08
M0068,21,1,Transitionary,0.9888099889369124,0.01114373019233026,4.6280870757340666e-05
M0068,22,2,Aversion,0.04080434849427116,0.9591956459491601,5.556568932855675e-09
M0068,23,1,Transitionary,0.9999180347225948,2.7836406217135886e-05,5.41288711879854e-05
M0068,24,1,Transitionary,0.9149078646489909,6.953732808243238e-06,0.08508518161820088
M0068,25,1,Transitionary,0.9558473823504835,0.04414062131223314,1.1996337283218607e-05
M0068,26,2,Aversion,0.00016396373107848498,0.9998360362687111,2.1055806206626078e-13
M0069,2,2,Aversion,0.06919257227029568,0.9308074244854326,3.2442718198166995e-09
M0069,3,1,Transitionary,0.5681403165260667,0.43185834162609144,1.3418478421661615e-06
M0069,4,1,Transitionary,0.9985460085507795,0.0005611340254236117,0.0008928574237970602
M0069,5,3,Appreciation,0.30700303302698334,8.302210184948512e-08,0.6929968839509145
M0069,6,2,Aversion,0.0451925729567131,0.9548074252905602,1.7527268557495064e-09
M0069,7,1,Transitionary,0.977470636573789,0.022443364261405134,8.599916480550117e-05
M0069,8,2,Aversion,4.111602993761613e-05,0.9999588839700564,5.9424356981644425e-15
M0069,9,3,Appreciation,0.001165779859418184,8.013793830718327e-13,0.9988342201397803
M0069,10,3,Appreciation,0.0022388714398349674,9.351132212009168e-13,0.9977611285592297
M0069,11,2,Aversion,0.0006752845225387177,0.9993247154773492,1.119863297441387e-13
M0069,12,3,Appreciation,0.034696685665564386,3.0709086932130568e-09,0.9653033112635265
M0069,13,2,Aversion,0.08911807338090068,0.9108819264982596,1.2083942615038494e-10
M0069,14,2,Aversion,2.0560137517653026e-05,0.9999794398624724,9.989212806402715e-15
M0069,15,1,Transitionary,0.9868827536703176,0.013080867140873866,3.63791888085258e-05
M0069,16,2,Aversion,0.000724057385089044,0.9992759426010375,1.3873085907003944e-11
M0069,17,2,Aversion,0.005310227189911467,0.9946897728094725,6.159933799223257e-13
M0069,18,1,Transitionary,0.5256236259275539,0.47437394960329937,2.4244691469940308e-06
M0069,19,2,Aversion,0.0013237015639882943,0.9986762984314246,4.586939429863772e-12
M0069,20,3,Appreciation,0.0014844201996738289,9.195576110736207e-12,0.9985155797911303
M0069,21,1,Transitionary,0.9672141859464688,4.630231307262544e-06,0.03278118382222411
M0069,22,2,Aversion,0.0010300747725627121,0.9989699252118959,1.55409739082371e-11
M0069,23,1,Transitionary,0.9971226232778448,0.000978178890748047,0.0018991978314071899
M0069,24,1,Transitionary,0.9891458383648737,0.010710888991204934,0.0001432726439211053
M0069,25,3,Appreciation,3.401696869056905e-05,2.138913403858086e-15,0.9999659830313071
M0069,26,1,Transitionary,0.8433205760338859,1.4253710189912736e-06,0.15667799859509474
M0070,2,1,Transitionary,0.8689400296758062,4.4160250991971106e-09,0.13105996590816854
M0070,3,1,Transitionary,0.8267441035342479,0.17325371622989297,2.18023585893901e-06
M0070,4,2,Aversion,0.02672634371035858,0.9732736559630168,3.2662492350440505e-10
M0070,5,1,Transitionary,0.9967444900924526,0.0007019960412784601,0.0025535138662693357
M0070,6,1,Transitionary,0.9871700844177761,0.01280397180059482,2.5943781629181117e-05
M0070,7,2,Aversion,3.545988676581717e-05,0.9999645401132327,1.2634637926893956e-15
M0070,8,2,Aversion,0.10855559158677273,0.8914442609855947,1.4742763292997826e-07
M0070,9,1,Transitionary,0.9985329313311312,0.0005400873299913875,0.0009269813388775262
M0070,10,1,Transitionary,0.977337035985529,0.0005539716247851395,0.02210899238968564
M0070,11,2,Aversion,0.06611066542480318,0.9338893343087518,2.6644516920103156e-10
M0070,12,3,Appreciation,0.003776287308567083,7.659148463876891e-11,0.9962237126148413
M0070,13,1,Transitionary,0.8736436722848918,7.075072880959513e-07,0.12635562020781985
M0070,14,1,Transitionary,0.9263082208316428,0.07366939281988309,2.238634847438673e-05
M0070,15,1,Transitionary,0.9902742363936513,0.00965039488384228,7.536872250623679e-05
M0070,16,2,Aversion,0.00015546951046423524,0.9998445304895235,1.1978018691792248e-14
M0070,17,2,Aversion,0.03754356227107821,0.9624564248267876,1.2902133995829663e-08
M0070,18,1,Transitionary,0.8243940041433119,7.170717622098999e-05,0.1755342886804673
M0070,19,3,Appreciation,0.002266685716662212,2.3964261135250705e-10,0.9977333140436949
M0070,20,2,Aversion,0.0030829120035469984,0.9969170875560647,4.4038813736699726e-10
M0070,21,2,Aversion,1.0156400770241359e-06,0.9999989843599228,3.0272484041262885e-18
M0070,22,1,Transitionary,0.7781990748024074,2.4419102141542045e-05,0.22177650609545077
M0070,23,2,Aversion,2.1751124748239237e-05,0.9999782488752514,3.239804453662669e-17
M0070,24,2,Aversion,0.005112005358444843,0.9948879945158685,1.256870799802213e-10
M0070,25,1,Transitionary,0.9186680491371034,0.00040385818762775767,0.08092809267526857
M0070,26,2,Aversion,0.00014585213433205373,0.9998541478656457,2.211195602382911e-14
M0071,2,2,Aversion,0.00043594791647383005,0.9995640520834309,9.50645566120701e-14
M0071,3,1,Transitionary,0.9906000690947421,0.003040940204824777,0.006358990700433336
M0071,4,3,Appreciation,3.57684962893913e-06,2.752645253687215e-17,0.999996423150371
M0071,5,3,Appreciation,8.99515178776307e-05,4.643772073378987e-14,0.9999100484820759
M0071,6,1,Transitionary,0.9981084673359543,0.0010664845374871508,0.0008250481265584402
M0071,7,2,Aversion,1.4312375483606907e-05,0.9999856876245162,1.8224121137104292e-16
M0071,8,1,Transitionary,0.9906317232864966,0.009312247406645683,5.602930685778226e-05
M0071,9,2,Aversion,0.003716204296645177,0.9962837957019681,1.3865597978290188e-12
M0071,10,1,Transitionary,0.9053962468313517,3.809300852665149e-05,0.09456566016012173
M0071,11,3,Appreciation,0.0020828699751812697,3.2445363740957455e-12,0.9979171300215742
M0071,12,1,Transitionary,0.9698362667126054,0.030083708556389036,8.002473100561598e-05
M0071,13,1,Transitionary,0.9938587191716691,0.0009506672565910118,0.005190613571739665
M0071,14,1,Transitionary,0.9984780167305021,0.00010841565859076315,0.0014135676109072026
M0071,15,2,Aversion,0.3076785648948421,0.6923213529149205,8.219023764984925e-08
M0071,16,1,Transitionary,0.7261862557475987,0.27379931030003696,1.4433952364518606e-05
M0071,17,2,Aversion,0.15838585592885296,0.8416140871103763,5.696077075424684e-08
M0071,18,1,Transitionary,0.9907766793307471,0.00884669957428307,0.00037662109497000256
M0071,19,1,Transitionary,0.99566010549891,0.0022710670237513805,0.0020688274773384132
M0071,20,3,Appreciation,0.0019341882834557895,3.9682704150073985e-11,0.9980658116768614
M0071,21,2,Aversion,0.2854013606579193,0.7145985096016186,1.2974046210096903e-07
M0071,22,1,Transitionary,0.9234945950082434,1.8198555094746736e-05,0.07648720643666192
M0071,23,1,Transitionary,0.9745950717085116,0.0006191206459222899,0.024785807645565996
M0071,24,3,Appreciation,0.33447197840082815,2.4716141468692187e-05,0.6655033054577034
M0071,25,1,Transitionary,0.9887744542867944,0.0003088260517900521,0.010916719661415442
M0071,26,1,Transitionary,0.9801879353610551,0.01955651294588762,0.0002555516930574596
M0072,2,3,Appreciation,0.01733272614228879,9.829555194766705e-10,0.9826672728747559
M0072,3,3,Appreciation,0.2462359709336757,4.296610015069434e-08,0.7537639861002241
M0072,4,1,Transitionary,0.9722497123430849,0.027569266798952385,0.0001810208579627791
M0072,5,1,Transitionary,0.9827362709506439,1.7973863639669673e-05,0.017245755185716662
M0072,6,1,Transitionary,0.9932937246330601,0.00034812711150200657,0.006358148255437865
M0072,7,2,Aversion,0.3643337177952975,0.6356661717466232,1.104580792639104e-07
M0072,8,1,Transitionary,0.923058649274226,1.7876789408101332e-08,0.07694133284898468
M0072,9,1,Transitionary,0.9879365258159444,0.011984480580651423,7.899360340412442e-05
M0072,10,1,Transitionary,0.970854956686981,4.162459694958041e-06,0.02914088085332416
M0072,11,2,Aversion,0.004711011548329787,0.9952889884052849,4.6385193219244905e-11
M0072,12,1,Transitionary,0.8349378541876696,0.16506211861934206,2.7192988471584393e-08
M0072,13,1,Transitionary,0.9713388143950527,0.00014033214920900868,0.028520853455738182
M0072,14,1,Transitionary,0.9970000185521126,0.0001785915175239627,0.0028213899303634834
M0072,15,1,Transitionary,0.997118558072131,0.001036890092633352,0.0018445518352355008
M0072,16,3,Appreciation,0.0024750156840928246,1.0282345820954809e-11,0.9975249843056248
M0072,17,3,Appreciation,0.10622813746452979,3.3362337548673517e-09,0.8937718591992365
M0072,18,3,Appreciation,0.00013254275408534943,1.7859633222911804e-15,0.999867457245913
M0072,19,3,Appreciation,0.00012457298082861756,2.475238800140172e-15,0.9998754270191689
M0072,20,2,Aversion,2.0905611221653147e-06,0.9999979094388779,7.206656838150688e-18
M0072,21,1,Transitionary,0.9961627594579147,0.00019354786558710137,0.003643692676498382
M0072,22,1,Transitionary,0.9950271461190325,0.004704969247526943,0.0002678846334405402
M0072,23,1,Transitionary,0.9403939389559045,1.4124133097948975e-05,0.05959193691099737
M0072,24,1,Transitionary,0.8349503640174134,1.2235095012652482e-05,0.16503740088757402
M0072,25,3,Appreciation,0.1585954847162997,2.5806290211203627e-07,0.8414042572207984
M0072,26,2,Aversion,0.11578819886597198,0.8842109197502451,8.813837828073636e-07
M0073,2,1,Transitionary,0.998829418288076,0.0010344002586157764,0.00013618145330817705
M0073,3,3,Appreciation,0.13389897004696674,3.747673095627705e-09,0.8661010262053601
M0073,4,3,Appreciation,0.000659013163548834,3.998322781851676e-14,0.9993409868364113
M0073,5,2,Aversion,8.053258137984912e-05,0.9999194674186199,2.0169741667398865e-16
M0073,6,3,Appreciation,0.00017737074821447913,3.08962030873208e-14,0.9998226292517547
M0073,7,1,Transitionary,0.9981141385604312,0.001812383354741937,7.34780848269206e-05
M0073,8,2,Aversion,0.00039615584461579595,0.9996038441546407,7.435173093798008e-13
M0073,9,1,Transitionary,0.9913684758703847,0.00863003199650657,1.4921331087290797e-06
M0073,10,1,Transitionary,0.998889956350945,0.00029279006842039486,0.0008172535806346549
M0073,11,2,Aversion,0.01634022177340725,0.9836597779663826,2.602101095445874e-10
M0073,12,3,Appreciation,0.03732295421103555,6.021701362862364e-09,0.962677039767263
M0073,13,3,Appreciation,0.0385188901003203,1.8949590725073652e-09,0.9614811080047205
M0073,14,1,Transitionary,0.9884703585157641,0.011472014672749224,5.7626811486667e-05
M0073,15,1,Transitionary,0.9899882664316919,0.00012786341389439717,0.009883870154413705
M0073,16,1,Transitionary,0.8386300296032031,0.1613643007565836,5.669640213418274e-06
M0073,17,3,Appreciation,4.1830135017064536e-05,2.0700903339680394e-15,0.9999581698649808
M0073,18,1,Transitionary,0.9899752121214647,0.00015248902952320895,0.009872298849012247
M0073,19,3,Appreciation,0.18058087469793943,1.0969997072123283e-08,0.8194191143320635
M0073,20,1,Transitionary,0.75290919347107,0.24708413232599183,6.67420293816871e-06
M0073,21,1,Transitionary,0.9274119590841875,9.855309194659564e-05,0.07248948782386597
M0073,22,2,Aversion,0.35133055629412346,0.6486672019575211,2.2417483553189573e-06
M0073,23,2,Aversion,0.0037083795092675417,0.9962916197286998,7.620326661947015e-10
M0073,24,1,Transitionary,0.6615999124491937,0.3384000780365837,9.51422258418307e-09
M0073,25,2,Aversion,0.0013132769094345571,0.9986867230738325,1.6732853594116348e-11
M0073,26,3,Appreciation,0.04748754479009434,4.0775125253356425e-08,0.9525124144347805
M0074,2,3,Appreciation,0.12011649124956965,3.162254156209398e-08,0.8798834771278892
M0074,3,2,Aversion,0.06935291688341794,0.9306470823306326,7.859490492717801e-10
M0074,4,1,Transitionary,0.6723770330282852,0.32759513783068045,2.782914103450411e-05
M0074,5,1,Transitionary,0.841789750531437,1.7514765930146158e-07,0.15821007432090367
M0074,6,2,Aversion,0.020014514150911742,0.9799854816555911,4.193497054735294e-09
M0074,7,1,Transitionary,0.8848771135243657,0.0002059327082367809,0.11491695376739748
M0074,8,1,Transitionary,0.9879035205287231,0.0007070051334991387,0.011389474337777617
M0074,9,1,Transitionary,0.8153314921560237,4.911498811164149e-05,0.18461939285586462
M0074,10,1,Transitionary,0.9951290845829804,0.002603235663130694,0.002267679753888467
M0074,11,1,Transitionary,0.9914896741183075,0.007403608697282425,0.0011067171844104055
M0074,12,2,Aversion,0.09177470738980886,0.9082252919443559,6.658354764124985e-10
M0074,13,2,Aversion,1.077180545653655e-05,0.9999892281945431,3.796910351001358e-16
M0074,14,1,Transitionary,0.9403245455313046,0.059675430812332286,2.3656362816362255e-08
M0074,15,3,Appreciation,0.024193874905302396,4.960192390533029e-10,0.9758061245986787
M0074,16,1,Transitionary,0.9898954377501611,0.00011418219442207187,0.009990380055417173
M0074,17,1,Transitionary,0.9449443554541096,0.05499117888955043,6.446565633959029e-05
M0074,18,1,Transitionary,0.9937190889056137,0.006223837576137562,5.7073518248417996e-05
M0074,19,3,Appreciation,8.06625404918331e-08,4.1670075122828576e-21,0.9999999193374599
M0074,20,3,Appreciation,5.871026826182783e-06,4.2542253895257625e-19,0.9999941289731739
M0074,21,1,Transitionary,0.9530057810813357,8.448146855496658e-07,0.04699337410397908
M0074,22,2,Aversion,0.014205979400596508,0.9857940205074621,9.194123425889984e-11
M0074,23,3,Appreciation,0.0007337292732498356,3.1924937150911174e-13,0.9992662707264309
M0074,24,1,Transitionary,0.9962344961329592,0.002064446518637947,0.0017010573484025503
M0074,25,2,Aversion,0.4602188398666309,0.5397810442059978,1.159273713611268e-07
M0074,26,2,Aversion,1.2449941127206844e-05,0.9999875500588717,9.428424043137028e-16
M0075,2,1,Transitionary,0.9972384323931148,0.00042032738704642943,0.002341240219838699
M0075,3,3,Appreciation,1.4496395495783146e-06,2.7438505332772996e-18,0.9999985503604505
M0075,4,1,Transitionary,0.9960877488267099,0.003863790529036238,4.846064425379834e-05
M0075,5,3,Appreciation,0.11905713257895313,1.3618874410365923e-09,0.8809428660591594
M0075,6,3,Appreciation,0.03894433767216519,1.6423358181958346e-09,0.9610556606854991
M0075,7,3,Appreciation,5.967493536347082e-05,5.515457675410211e-15,0.9999403250646309
M0075,8,2,Aversion,0.01233954434690172,0.9876604553502301,3.028682616333295e-10
M0075,9,3,Appreciation,0.3433704452812548,2.7837238949252016e-06,0.6566267709948502
M0075,10,1,Transitionary,0.5500471482342516,3.692246337235355e-08,0.44995281484328514
M0075,11,3,Appreciation,0.0007897592918928599,2.2549254657188686e-13,0.9992102407078816
M0075,12,2,Aversion,1.6534354745638358e-06,0.9999983465645255,5.391938980043248e-19
M0075,13,3,Appreciation,0.2562624338513414,5.570874816131993e-07,0.7437370090611769
M0075,14,1,Transitionary,0.9996829788557301,0.0002702942289155755,4.6726915354211576e-05
M0075,15,3,Appreciation,0.011832782996581352,6.38130105951482e-13,0.9881672170027805
M0075,16,3,Appreciation,3.0209767362648987e-05,4.5881842439554225e-16,0.9999697902326369
M0075,17,1,Transitionary,0.8732847399083677,6.032324077543906e-07,0.12671465685922448
M0075,18,1,Transitionary,0.9871610901525247,5.2705176895464505e-06,0.012833639329785703
M0075,19,1,Transitionary,0.956742696494419,0.04325037833788976,6.925167691154846e-06
M0075,20,3,Appreciation,0.14958168992744067,5.43078437838571e-09,0.8504183046417748
M0075,21,3,Appreciation,0.03460604942227374,1.1479039597804055e-09,0.9653939494298224
M0075,22,3,Appreciation,0.007741875770454781,8.958021018278369e-12,0.9922581242205872
M0075,23,1,Transitionary,0.9980536772483456,3.103059148019832e-05,0.0019152921601741726
M0075,24,1,Transitionary,0.9981967056456478,0.0017122611202563505,9.103323409577625e-05
M0075,25,3,Appreciation,0.008891204046911587,4.3341873356039135e-11,0.9911087959097465
M0075,26,1,Transitionary,0.9881049239405488,0.011881769866608029,1.3306192843165989e-05
M0076,2,3,Appreciation,0.08123508131294216,3.481597984832918e-08,0.918764883871078
M0076,3,1,Transitionary,0.9977763287776559,0.0019924625782344546,0.00023120864410971074
M0076,4,1,Transitionary,0.9798769067526353,2.9803672757044984e-05,0.02009328957460774
M0076,5,2,Aversion,0.00048817962566428047,0.9995118203740518,2.8383344722150167e-13
M0076,6,2,Aversion,0.18110774456793277,0.8188921971990195,5.8233047744469024e-08
M0076,7,2,Aversion,1.461133679759912e-05,0.9999853886632024,2.545796491676967e-17
M0076,8,1,Transitionary,0.9537113365728606,0.04616046052558376,0.00012820290155572572
M0076,9,2,Aversion,1.2109728306985301e-05,0.999987890271693,7.17821235642941e-18
M0076,10,1,Transitionary,0.5268863049743853,0.47308812326237837,2.557176323628685e-05
M0076,11,2,Aversion,0.3018071996279872,0.6981927897193309,1.0652682028364795e-08
M0076,12,2,Aversion,0.00517758234061294,0.9948224174331761,2.2621093512810708e-10
M0076,13,1,Transitionary,0.9018338514154557,0.00017984221376383705,0.09798630637078053
M0076,14,2,Aversion,4.7423419625242536e-05,0.9999525765803654,9.366111634651839e-15
M0076,15,2,Aversion,0.3229791876699389,0.677019297680913,1.5146491481253965e-06
M0076,16,1,Transitionary,0.5785940950997261,0.4214058568980961,4.800217763670167e-08
M0076,17,3,Appreciation,0.061539959809546116,1.2120159553592049e-08,0.9384600280702943
M0076,18,3,Appreciation,0.0011825689795976835,2.5331146565269185e-12,0.9988174310178692
M0076,19,1,Transitionary,0.9377198880313505,0.06226145866628705,1.8653302362499793e-05
M0076,20,1,Transitionary,0.9888109265457036,0.011157607886507142,3.146556778926203e-05
M0076,21,3,Appreciation,0.3159492739077433,1.4817711161585052e-07,0.6840505779151451
M0076,22,2,Aversion,0.021798813173205204,0.9782011847229916,2.1038032867670495e-09
M0076,23,3,Appreciation,0.269966689327529,8.952801370323206e-07,0.7300324153923341
M0076,24,1,Transitionary,0.9965143703633906,0.0009923745252881206,0.002493255111321321
M0076,25,1,Transitionary,0.5914603281226314,0.4085378891846646,1.7826927040048227e-06
M0076,26,2,Aversion,1.5829130395660868e-06,0.9999984170869604,1.4070767260370216e-17
M0077,2,3,Appreciation,0.15299079962837275,5.657277357035395e-07,0.8470086346438915
M0077,3,1,Transitionary,0.9822770033256434,8.651290076778834e-05,0.017636483773588785
M0077,4,3,Appreciation,0.2075292779845527,8.547685478929859e-08,0.7924706365385925
M0077,5,2,Aversion,0.0006655652996656663,0.9993344346944575,5.876847435030871e-12
M0077,6,3,Appreciation,0.0676663740120067,1.5073103331344376e-07,0.93233347525696
M0077,7,2,Aversion,0.36940718164641984,0.6305910175029266,1.8008506535573445e-06
M0077,8,2,Aversion,0.00013491400278285696,0.9998650859967357,4.81402637828998e-13
M0077,9,2,Aversion,0.020331933386780174,0.9796680599398789,6.673340849923778e-09
M0077,10,2,Aversion,0.327163970485564,0.6728333344289728,2.695085463200355e-06
M0077,11,2,Aversion,0.0015839918445105204,0.9984160080869159,6.857363472439258e-11
M0077,12,1,Transitionary,0.9950267662281873,0.0032692398538288975,0.0017039939179838363
M0077,13,1,Transitionary,0.7777401904108077,9.27793318472537e-07,0.22225888179587383
M0077,14,2,Aversion,0.26493159031954167,0.7350669715402286,1.4381402296869827e-06
M0077,15,2,Aversion,0.1281122965189717,0.8718876666808686,3.680015966463182e-08
M0077,16,2,Aversion,9.278515391426671e-08,0.9999999072148461,4.283721265331005e-22
M0077,17,1,Transitionary,0.8550056177457291,0.14493613450506038,5.8247749210459304e-05
M0077,18,3,Appreciation,1.698653140790728e-07,5.721563592899148e-21,0.999999830134686
M0077,19,3,Appreciation,0.0010204974005896437,1.432872737710711e-12,0.9989795025979775
M0077,20,1,Transitionary,0.9912358196103266,0.00019847446118096418,0.008565705928492458
M0077,21,3,Appreciation,0.015159096546927677,2.116782346929407e-09,0.98484090133629
M0077,22,2,Aversion,8.537448599126536e-06,0.9999914625514008,5.367281190551734e-19
M0077,23,2,Aversion,0.03408897930451789,0.9659109860655853,3.462989678407348e-08
M0077,24,2,Aversion,0.07695859986521326,0.9230413790300651,2.110472156811774e-08
M0077,25,1,Transitionary,0.99985329058395,0.0001404236731789311,6.285742871017911e-06
M0077,26,1,Transitionary,0.8404835847967043,9.915933992700625e-07,0.15951542360989643
M0078,2,1,Transitionary,0.9523537071650963,8.877567261640723e-06,0.04763741526764216
M0078,3,3,Appreciation,0.004724808268180366,6.485497120494664e-11,0.9952751916669647
M0078,4,1,Transitionary,0.9997829128747355,5.462495830943904e-06,0.00021162462943351095
M0078,5,3,Appreciation,0.0019619157910520063,4.4416245455030075e-11,0.9980380841645318
M0078,6,3,Appreciation,2.4015316712693346e-05,1.3565143850315904e-15,0.999975984683286
M0078,7,3,Appreciation,0.45215654458215765,2.2972309821248627e-07,0.5478432256947442
M0078,8,1,Transitionary,0.9205295711878598,0.0794634855448499,6.943267290234842e-06
M0078,9,3,Appreciation,0.35335578711551785,2.3759081434087593e-07,0.6466439752936678
M0078,10,3,Appreciation,0.23081708803248818,3.722276973045899e-08,0.7691828747447421
M0078,11,1,Transitionary,0.9200621281801641,1.4052812609029316e-05,0.07992381900722688
M0078,12,2,Aversion,0.03238512919379553,0.9676148680862671,2.7199373133846273e-09
M0078,13,2,Aversion,0.00021070716372442424,0.9997892928343837,1.8918442804631533e-12
M0078,14,1,Transitionary,0.9527094324475867,0.00010075709141717679,0.04718981046099614
M0078,15,1,Transitionary,0.9960394945305412,0.0022500038833133344,0.0017105015861454739
M0078,16,1,Transitionary,0.9764481616340839,0.00012012598876935119,0.023431712377146856
M0078,17,3,Appreciation,0.005144122973683588,4.6164048468011194e-11,0.9948558769801524
M0078,18,1,Transitionary,0.9897992299225199,0.006391845628298457,0.003808924449181596
M0078,19,1,Transitionary,0.9826304267066495,9.508839659537219e-05,0.017274484896755118
M0078,20,1,Transitionary,0.5511128475859122,3.250225175848151e-06,0.44888390218891194
M0078,21,3,Appreciation,0.001385846695694437,2.2184325300255163e-11,0.9986141532821212
M0078,22,2,Aversion,0.0035123300011690394,0.9964876699922965,6.534465689723855e-12
M0078,23,3,Appreciation,0.22291067860807423,6.339495651013377e-07,0.7770886874423607
M0078,24,1,Transitionary,0.9996979613300252,0.00015795804259814282,0.00014408062737674158
M0078,25,3,Appreciation,0.0016880303761398264,3.8744393907829646e-11,0.9983119695851158
M0078,26,1,Transitionary,0.9998819493734108,1.4673450476402803e-05,0.00010337717611281889
M0079,2,3,Appreciation,0.014872858192669399,2.2724915624191163e-11,0.985127141784606
M0079,3,1,Transitionary,0.9969965418655596,0.00023850415132101828,0.0027649539831193725
M0079,4,2,Aversion,0.15221353726793974,0.8477863715079264,9.122413431257929e-08
M0079,5,1,Transitionary,0.8934314006279218,6.732431423048646e-05,0.1065012750578477
M0079,6,1,Transitionary,0.913977297230393,0.08587227706139892,0.0001504257082076156
M0079,7,1,Transitionary,0.9810566634591614,0.0188414866042435,0.00010184993659463488
M0079,8,1,Transitionary,0.9796705168079837,0.00012293755946169617,0.02020654563255424
M0079,9,1,Transitionary,0.9896156852272591,0.010110317316617627,0.0002739974561234999
M0079,10,1,Transitionary,0.9402101996815639,0.059689807277235996,9.99930412003558e-05
M0079,11,3,Appreciation,0.03437799325500146,2.0993743145967282e-08,0.9656219857512558
M0079,12,2,Aversion,9.63645293698195e-09,0.9999999903635466,4.736954121574945e-24
M0079,13,1,Transitionary,0.7396498711839687,0.2603444630730352,5.665742995822238e-06
M0079,14,3,Appreciation,0.0005841112956711598,1.9337834321315044e-11,0.9994158886849906
M0079,15,1,Transitionary,0.9990540225355358,0.000669530976480653,0.00027644648798346225
M0079,16,1,Transitionary,0.7885417938873194,0.21145743365491596,7.724577649416387e-07
M0079,17,2,Aversion,0.017443720532120146,0.9825562793248264,1.4305302304827732e-10
M0079,18,2,Aversion,0.21657355917319185,0.7834263904040695,5.042273852381339e-08
M0079,19,1,Transitionary,0.9973033884140055,0.002183622102367959,0.000512989483626448
M0079,20,3,Appreciation,0.012918433436633356,2.0738653144013848e-10,0.9870815663559801
M0079,21,3,Appreciation,0.014805599505941328,2.5879441657595603e-11,0.9851944004681794
M0079,22,2,Aversion,3.35147362345794e-09,0.9999999966485262,3.404497806982224e-24
M0079,23,1,Transitionary,0.9974747375482722,0.002323479662538795,0.0002017827891889566
M0079,24,3,Appreciation,0.006280226743614254,1.0590403654517863e-10,0.9937197731504817
M0079,25,1,Transitionary,0.9987437946881478,0.0006303880183398676,0.0006258172935126768
M0079,26,1,Transitionary,0.5083019007316335,2.450072482431501e-07,0.49169785426111806
M0080,2,1,Transitionary,0.9952861738038499,0.004509320229564669,0.00020450596658614422
M0080,3,3,Appreciation,0.0007155113379853151,1.027874085966866e-12,0.9992844886609872
M0080,4,3,Appreciation,0.1857742891954396,1.3698006729790217e-08,0.8142256971065533
M0080,5,3,Appreciation,0.10326482622940761,4.189386081498415e-08,0.8967351318767315
M0080,6,2,Aversion,0.11212000974673592,0.8878799634286981,2.682456572867864e-08
M0080,7,1,Transitionary,0.9857070131446167,0.014218075486212319,7.491136917077936e-05
M0080,8,3,Appreciation,0.45347319432922273,5.002351298062348e-07,0.5465263054356483
M0080,9,2,Aversion,0.0019404758832240565,0.9980595240732154,4.356006231497195e-11
M0080,10,3,Appreciation,0.015310381210776854,4.3551096873024444e-09,0.9846896144341126
M0080,11,1,Transitionary,0.9977365461176197,0.0008901172216752917,0.0013733366607054933
M0080,12,1,Transitionary,0.9985478394846729,0.00023125162849042282,0.0012209088868369502
M0080,13,2,Aversion,0.0489021357586961,0.9510978478184507,1.642285305374634e-08
M0080,14,3,Appreciation,0.1956890999597357,1.2537007216718208e-07,0.8043107746701915
M0080,15,2,Aversion,0.0803187838432044,0.9196812025267824,1.3630013430550428e-08
M0080,16,3,Appreciation,0.009670508847620118,6.514646903824836e-10,0.990329490500915
M0080,17,1,Transitionary,0.9525009087607516,0.04747116135703625,2.792988221213635e-05
M0080,18,1,Transitionary,0.9918879363751772,0.00019280593908675575,0.007919257685735894
M0080,19,3,Appreciation,0.26278868160640134,2.1967387263896163e-06,0.7372091216548723
M0080,20,1,Transitionary,0.9667334569741005,0.03313199820328496,0.00013454482261368486
M0080,21,1,Transitionary,0.9901616640649099,0.00939840309585624,0.00043993283923400095
M0080,22,1,Transitionary,0.9950239387980534,0.000339839799163732,0.004636221402782603
M0080,23,1,Transitionary,0.9999708318681203,7.759318178699698e-06,2.1408813700748893e-05
M0080,24,1,Transitionary,0.6446515280932814,1.9936152298888247e-08,0.3553484519705661
M0080,25,1,Transitionary,0.9568873710720444,7.412461604469106e-05,0.043038504311910745
M0080,26,1,Transitionary,0.9981631216175264,0.00046900764846042535,0.0013678707340139134
M0081,2,1,Transitionary,0.9737198832691545,1.9982118506066328e-05,0.026260134612340048
M0081,3,2,Aversion,8.511455734176848e-07,0.9999991488544263,1.7110772420173968e-17
M0081,4,3,Appreciation,0.3773777357265041,2.749186387162132e-07,0.622621989354857
M0081,5,1,Transitionary,0.9964367197138695,0.002853422872604007,0.0007098574135259311
M0081,6,1,Transitionary,0.9811615687032461,0.018795726376120585,4.270492063382686e-05
M0081,7,1,Transitionary,0.9856066893137023,0.00024393885003923168,0.014149371836258523
M0081,8,2,Aversion,0.0004170492831846124,0.9995829507145003,2.315486486757467e-12
M0081,9,1,Transitionary,0.9935319311243266,0.0018155594366956592,0.004652509438977495
M0081,10,1,Transitionary,0.9842304143151276,0.015246725896745403,0.0005228597881267629
M0081,11,2,Aversion,0.052283723030275654,0.9477162766217541,3.4797076105804953e-10
M0081,12,2,Aversion,0.09049484825564251,0.9095049381116544,2.136327035770762e-07
M0081,13,1,Transitionary,0.6820255828703381,0.3179227500628029,5.166706685974847e-05
M0081,14,1,Transitionary,0.9734550691937005,0.02629961438018645,0.0002453164261137716
M0081,15,1,Transitionary,0.6675617375051554,2.360638910845452e-06,0.33243590185593397
M0081,16,1,Transitionary,0.9965261514736503,0.0009831670331589921,0.002490681493190249
M0081,17,1,Transitionary,0.991128641428235,0.008696536195387513,0.00017482237637762125
M0081,18,3,Appreciation,0.2306209970366795,1.619917522562858e-06,0.7693773830457971
M0081,19,2,Aversion,0.01658735423596231,0.9834126432896363,2.474401131631123e-09
M0081,20,3,Appreciation,0.3690409552413491,4.494513864074119e-07,0.6309585953072637
M0081,21,3,Appreciation,0.03374439202704502,8.20547528184017e-09,0.9662555997674803
M0081,22,1,Transitionary,0.804833099773822,2.562404589918823e-06,0.19516433782158737
M0081,23,1,Transitionary,0.8661100783356537,0.1338376141157296,5.230754861693183e-05
M0081,24,2,Aversion,0.06479933150764765,0.9352006332378671,3.52544859408628e-08
M0081,25,1,Transitionary,0.9726888488761173,0.00014945147213104164,0.02716169965175255
M0081,26,3,Appreciation,0.00026068892692658347,1.1671406784710612e-13,0.9997393110729562
M0082,2,1,Transitionary,0.9760839029476409,3.3122397433227176e-05,0.023882974654925598
M0082,3,1,Transitionary,0.9113205570689737,2.7274512670108086e-06,0.08867671547975932
M0082,4,1,Transitionary,0.9006645890045283,0.09929995586531525,3.5455130156521396e-05
M0082,5,3,Appreciation,0.39038940925574894,4.391244711114288e-06,0.6096061994995402
M0082,6,1,Transitionary,0.9763367415249506,0.0002455020711243245,0.02341775640392509
M0082,7,1,Transitionary,0.9169453864728744,0.08300802714220222,4.658638492352768e-05
M0082,8,1,Transitionary,0.9863525417314039,0.013044867232090312,0.0006025910365057323
M0082,9,2,Aversion,4.036448329810553e-05,0.9999596355166289,7.283692339855248e-14
M0082,10,3,Appreciation,4.039842074980377e-07,8.13247259778327e-18,0.9999995960157925
M0082,11,3,Appreciation,0.0839872755702784,5.366862461503846e-08,0.9160126707610968
M0082,12,1,Transitionary,0.859577949870404,0.14040793171048713,1.4118419108738782e-05
M0082,13,1,Transitionary,0.995200923547469,0.004521672748915137,0.00027740370361594634
M0082,14,2,Aversion,1.0085103072631733e-06,0.9999989914896928,7.912805255815199e-17
M0082,15,3,Appreciation,0.0012262404680843256,1.1270216979634562e-11,0.9987737595206456
M0082,16,3,Appreciation,0.13919603337602,3.7432133150238873e-07,0.8608035923026485
M0082,17,1,Transitionary,0.892649415539241,0.10735011613741945,4.683233394705577e-07
M0082,18,2,Aversion,0.46209182856612535,0.5379073436671881,8.277666865116783e-07
M0082,19,1,Transitionary,0.5922424466924269,0.407757000579306,5.527282669167377e-07
M0082,20,3,Appreciation,0.46335909838872347,3.0988990346027495e-08,0.5366408706222862
M0082,21,1,Transitionary,0.9876876208593738,0.011948848284557194,0.00036353085606891127
M0082,22,2,Aversion,0.22143558064924107,0.7785641028183817,3.1653237700548013e-07
M0082,23,1,Transitionary,0.9996514138684276,0.000290065898695119,5.852023287741883e-05
M0082,24,1,Transitionary,0.9981185103448169,0.0016533748309689768,0.00022811482421427457
M0082,25,1,Transitionary,0.921749293388998,0.00025904864443852794,0.07799165796656335
M0082,26,1,Transitionary,0.9956827329451227,0.00029870849596415545,0.004018558558913366
M0083,2,1,Transitionary,0.9981352559460374,0.0014186708540601634,0.0004460731999022643
M0083,3,2,Aversion,0.004332121605576836,0.9956678783380006,5.6422876443184234e-11
M0083,4,2,Aversion,0.00014640854616893863,0.9998535914537885,4.2911535367272974e-14
M0083,5,1,Transitionary,0.8875011136364628,0.11249043007924772,8.456284289054976e-06
M0083,6,2,Aversion,0.016762110142275917,0.9832378892541215,6.036030392896321e-10
M0083,7,3,Appreciation,0.02362143302531479,7.024660061935786e-09,0.9763785599500249
M0083,8,3,Appreciation,0.005696430181198475,2.5591793495324553e-11,0.9943035697932096
M0083,9,2,Aversion,0.00409242268610286,0.9959075772630379,5.0858817636846795e-11
M0083,10,1,Transitionary,0.9192004628634343,0.0807689641047019,3.057303186360259e-05
M0083,11,3,Appreciation,0.013903053973874951,6.825637997968407e-11,0.9860969459578683
M0083,12,1,Transitionary,0.9951882562096319,0.004767694869688806,4.4048920678876374e-05
M0083,13,3,Appreciation,1.2011355599460931e-07,2.1261273738148474e-22,0.9999998798864437
M0083,14,3,Appreciation,0.0010098272948908002,1.673642180738884e-13,0.9989901727049418
M0083,15,1,Transitionary,0.9699915323076175,1.9715014202980677e-06,0.030006496190962614
M0083,16,3,Appreciation,1.661072965823827e-05,2.2232195403660586e-15,0.9999833892703396
M0083,17,1,Transitionary,0.6191136057577737,0.38088630479614655,8.944608014559036e-08
M0083,18,3,Appreciation,0.07432802172223688,2.9590386986922466e-08,0.9256719486873765
M0083,19,1,Transitionary,0.8626874715049222,2.9395821840789923e-05,0.1372831326732371
M0083,20,3,Appreciation,1.047683382082931e-05,4.6526457981500166e-17,0.9999895231661792
M0083,21,2,Aversion,0.0001384223270660772,0.999861577672934,1.4062610162507246e-16
M0083,22,1,Transitionary,0.94588000132851,0.0540798109858581,4.0187685631594495e-05
M0083,23,1,Transitionary,0.9979555277248117,0.000372365630626558,0.0016721066445617154
M0083,24,1,Transitionary,0.9971769786564406,0.002664103337234407,0.00015891800632454614
M0083,25,1,Transitionary,0.9946861453658278,8.862523412387957e-05,0.005225229400048222
M0083,26,1,Transitionary,0.8942678829123989,1.4824188372276588e-06,0.10573063466876406
M0084,2,2,Aversion,0.0029175628288053545,0.9970824371703945,7.994967624486103e-13
M0084,3,2,Aversion,5.6376231011799144e-05,0.999943623768988,1.662987845507031e-15
M0084,4,1,Transitionary,0.5750847884104691,2.3752281857218384e-05,0.42489145930767264
M0084,5,3,Appreciation,0.057721195699053957,4.477017582738501e-09,0.9422787998239267
M0084,6,3,Appreciation,0.14469982902089484,2.498794047706775e-08,0.855300145991165
M0084,7,2,Aversion,0.3582830228988609,0.641716886510407,9.059073149633429e-08
M0084,8,1,Transitionary,0.9872328885845411,0.012576436147878019,0.00019067526758066367
M0084,9,1,Transitionary,0.7575968044605813,0.24239840389087863,4.791648538992335e-06
M0084,10,3,Appreciation,0.34507334351974794,3.2261187810848463e-07,0.6549263338683755
M0084,11,3,Appreciation,1.0312403126392094e-13,1.2486181688919767e-30,0.999999999999897
M0084,12,1,Transitionary,0.9730887929185995,0.026877585572815388,3.3621508583518516e-05
M0084,13,2,Aversion,1.0283780302140401e-05,0.9999897162196979,6.224043028392844e-18
M0084,14,2,Aversion,0.0016421190825147342,0.998357880894302,2.3182351391303503e-11
M0084,15,1,Transitionary,0.998320302575805,0.0005017484330617705,0.0011779489911324186
M0084,16,1,Transitionary,0.9967399285793008,0.0003699331357648158,0.002890138284932788
M0084,17,1,Transitionary,0.9236194765928886,0.07629593789224796,8.45855148626761e-05
M0084,18,2,Aversion,0.04377708624172413,0.9562229129811856,7.770915830027858e-10
M0084,19,2,Aversion,0.033351160052842214,0.9666488397967028,1.5045616236977787e-10
M0084,20,3,Appreciation,0.43665210527025994,1.3797071999279286e-07,0.5633477567590205
M0084,21,1,Transitionary,0.8870070519694047,1.5673989817570023e-06,0.11299138063161482
M0084,22,1,Transitionary,0.9993840867830039,0.0003737469426217203,0.00024216627437312083
M0084,23,1,Transitionary,0.9531231387497744,2.130963889714255e-06,0.046874730286334536
M0084,24,1,Transitionary,0.9973106737411291,0.0024031381508655154,0.0002861881080046311
M0084,25,1,Transitionary,0.6118969046218836,1.1096610256485536e-06,0.38810198571708976
M0084,26,1,Transitionary,0.9992884642972412,0.00022948354811212353,0.00048205215464750076
M0085,2,1,Transitionary,0.9980258102936553,0.001099761559881573,0.0008744281464624882
M0085,3,1,Transitionary,0.9716791909534711,0.00016377640062862232,0.028157032645899503
M0085,4,1,Transitionary,0.9930869304226072,0.0027651379200006295,0.004147931657392653
M0085,5,3,Appreciation,0.18389235978972243,6.238646961572917e-07,0.816107016345581
M0085,6,1,Transitionary,0.99872055137557,0.001084319555318974,0.00019512906911070866
M0085,7,1,Transitionary,0.9510729297096511,0.048824960460601224,0.00010210982974844779
M0085,8,1,Transitionary,0.9478622670666192,4.0317496979570345e-05,0.05209741543640163
M0085,9,2,Aversion,3.2343560306051105e-10,0.9999999996765645,2.444565399059542e-25
M0085,10,3,Appreciation,0.10808231747433304,6.129231494601503e-07,0.8919170696025173
M0085,11,1,Transitionary,0.9523216764153555,0.04749732433870017,0.00018099924594515632
M0085,12,1,Transitionary,0.9718517718401231,0.0006235932128516656,0.027524634947024423
M0085,13,2,Aversion,0.0003800127782891535,0.9996199872191935,2.5180499446477175e-12
M0085,14,2,Aversion,0.052070038682725986,0.9479295880464943,3.7327077890078383e-07
M0085,15,1,Transitionary,0.9614987126213566,6.811001773444505e-05,0.03843317736090957
M0085,16,2,Aversion,7.840983315877372e-06,0.9999921590166786,4.757657359574379e-15
M0085,17,1,Transitionary,0.9913830697771606,0.004517334399027159,0.004099595823813075
M0085,18,2,Aversion,0.09450010802721753,0.9054998750316906,1.6941092564345765e-08
M0085,19,1,Transitionary,0.8204959507799376,8.67260703457795e-05,0.17941732314971723
M0085,20,2,Aversion,0.0008628132245280211,0.9991371867702502,5.222692579707575e-12
M0085,21,3,Appreciation,0.35739457131821195,7.405132879074423e-06,0.6425980235489084
M0085,22,1,Transitionary,0.6856935431255634,0.31429821388576734,8.24298866857944e-06
M0085,23,1,Transitionary,0.826765138787465,5.178258204014375e-05,0.17318307863049542
M0085,24,2,Aversion,0.0791932389432186,0.9208067600542468,1.0025345384202341e-09
M0085,25,2,Aversion,1.1111378880438613e-06,0.9999988888621116,1.7528439052929992e-19
M0085,26,2,Aversion,0.19057104943603376,0.8094284812349457,4.693290198335718e-07
M0086,2,3,Appreciation,1.1631207707204115e-10,1.2374230444911587e-25,0.9999999998836877
M0086,3,1,Transitionary,0.9943501828205565,0.0021800167288482625,0.0034698004505949918
M0086,4,3,Appreciation,8.090341912255756e-05,1.8286664285414824e-13,0.9999190965806963
M0086,5,3,Appreciation,9.252212745729647e-05,5.009537621805699e-14,0.9999074778724927
M0086,6,1,Transitionary,0.9542744457122216,0.00024091178229009586,0.04548464250548677
M0086,7,3,Appreciation,7.029388235768002e-06,9.524614919893327e-16,0.9999929706117647
M0086,8,1,Transitionary,0.9886894125805915,0.010960129510581024,0.0003504579088287523
M0086,9,2,Aversion,0.015005679020709454,0.9849943198278129,1.1514787725959764e-09
M0086,10,3,Appreciation,8.398752502088371e-05,3.967274978132837e-15,0.9999160124749742
M0086,11,3,Appreciation,0.005966265755812248,1.5520337471147308e-10,0.9940337340889854
M0086,12,1,Transitionary,0.96738552217983,0.032597398605330286,1.707921484129761e-05
M0086,13,1,Transitionary,0.9952592043456444,0.00392911751027331,0.0008116781440816
M0086,14,3,Appreciation,0.06414100153805748,2.1600795544646887e-08,0.9358589768611457
M0086,15,2,Aversion,0.23845700480484064,0.7615427841200179,2.1107514295307715e-07
M0086,16,1,Transitionary,0.880728387128795,0.11926654385660644,5.069014598768043e-06
M0086,17,3,Appreciation,0.15738361116005214,1.3229846664358654e-08,0.8426163756100997
M0086,18,1,Transitionary,0.9844822108506702,0.00016267307932779762,0.015355116070001345
M0086,19,1,Transitionary,0.8972092210921742,3.02732364088468e-06,0.10278775158418547
M0086,20,3,Appreciation,3.032025192982613e-08,3.480636323296715e-23,0.9999999696797492
M0086,21,1,Transitionary,0.9905674308888625,0.00032053733084982667,0.009112031780288785
M0086,22,2,Aversion,0.00035494877737302696,0.9996450512221314,4.971098140563591e-13
M0086,23,2,Aversion,0.3770530486173434,0.6229449408351295,2.0105475277555426e-06
M0086,24,3,Appreciation,0.021455912461203576,1.036005312772342e-09,0.9785440865027906
M0086,25,1,Transitionary,0.9963929627301377,0.0030423561958622105,0.0005646810740003685
M0086,26,1,Transitionary,0.9918798876152821,0.007845293292166674,0.00027481909255237515
M0087,2,1,Transitionary,0.9157075576087808,5.5706944145406515e-05,0.08423673544707382
M0087,3,3,Appreciation,0.3168665099343868,2.0878674042429734e-07,0.6831332812788726
M0087,4,1,Transitionary,0.9649165773568323,0.03506423718433988,1.9185458827697655e-05
M0087,5,2,Aversion,0.36828960508331193,0.6317103490009692,4.5915718747678155e-08
M0087,6,3,Appreciation,0.15414207044291878,1.9717296562760372e-11,0.8458579295373638
M0087,7,3,Appreciation,0.0812914212891434,1.7658591329161769e-09,0.9187085769449974
M0087,8,1,Transitionary,0.9553783023047033,0.044114759710665995,0.000506937984630781
M0087,9,1,Transitionary,0.7511745594095381,0.24882277632216296,2.6642682988702637e-06
M0087,10,1,Transitionary,0.8956453029388889,0.10435460976684849,8.729426259403455e-08
M0087,11,2,Aversion,0.03312359687638075,0.9668764017784266,1.3451926790562098e-09
M0087,12,3,Appreciation,0.000679100799690871,7.104711765500599e-12,0.9993208991932043
M0087,13,1,Transitionary,0.8796161878177824,0.12038380422737394,7.954843633169746e-09
M0087,14,1,Transitionary,0.9837146100791136,0.01628482910466707,5.608162192137969e-07
M0087,15,2,Aversion,5.278805402387511e-06,0.9999947211945975,1.967980815381569e-16
M0087,16,2,Aversion,0.0011576922232689531,0.9988423077743053,2.425756796016345e-12
M0087,17,1,Transitionary,0.9922989402889273,0.0006594535838878978,0.007041606127184748
M0087,18,1,Transitionary,0.9894084131205405,0.010117206954889034,0.0004743799245703585
M0087,19,2,Aversion,0.014940077511348933,0.9850599222231483,2.6550279549862613e-10
M0087,20,1,Transitionary,0.9987430249128898,3.589359117017501e-05,0.0012210814959401153
M0087,21,3,Appreciation,0.00012329997999952055,4.718769183374499e-17,0.9998767000200004
M0087,22,2,Aversion,0.019108082864708106,0.980891916826171,3.0912080540973433e-10
M0087,23,2,Aversion,6.84774180940099e-05,0.9999315225818802,2.5823547463915318e-14
M0087,24,1,Transitionary,0.7496674546086664,0.25033210362636665,4.41764967105797e-07
M0087,25,3,Appreciation,2.513701425784401e-06,1.9373018734389596e-18,0.9999974862985742
M0087,26,2,Aversion,0.262418288377394,0.7375815568556705,1.5476693544518615e-07
M0088,2,1,Transitionary,0.9082221654526327,0.0917605965271877,1.723802017954445e-05
M0088,3,3,Appreciation,0.003925844465959787,7.866044600084693e-13,0.9960741555332536
M0088,4,1,Transitionary,0.8773182446427801,0.12267536615922628,6.389197993652418e-06
M0088,5,2,Aversion,0.45706090320520526,0.5429341389416201,4.9578531745760995e-06
M0088,6,2,Aversion,0.01624252331905905,0.9837574735437178,3.1372231900164696e-09
M0088,7,2,Aversion,0.00015029288400895583,0.9998497071154298,5.611699580522965e-13
M0088,8,2,Aversion,0.29263698016566514,0.7073621797181109,8.401162240000426e-07
M0088,9,3,Appreciation,0.4020086192034165,1.6273291443682226e-07,0.5979912180636692
M0088,10,1,Transitionary,0.9901319771674905,2.2314256680813974e-05,0.009845708575828652
M0088,11,2,Aversion,0.11312206079112112,0.8868779367335525,2.4753263251050255e-09
M0088,12,1,Transitionary,0.8577707921651079,0.14222186696820974,7.340866682317055e-06
M0088,13,1,Transitionary,0.6548347417873704,5.286044115226669e-07,0.3451647296082181
M0088,14,1,Transitionary,0.9971671015631797,0.00014271996436442087,0.002690178472455921
M0088,15,1,Transitionary,0.9965514459201905,0.0001745631290506007,0.003273990950758884
M0088,16,3,Appreciation,8.330183952397276e-09,1.2885913224295535e-22,0.9999999916698159
M0088,17,1,Transitionary,0.9987040324393782,0.0008137637134691087,0.0004822038471527273
M0088,18,3,Appreciation,0.01381460794637678,8.470535343176627e-11,0.9861853919689179
M0088,19,2,Aversion,0.061178720829988376,0.938821273833875,5.336136436074849e-09
M0088,20,1,Transitionary,0.9918420135162258,0.0002653973698142499,0.00789258911396
M0088,21,1,Transitionary,0.9271136173216203,1.0191540504257627e-06,0.0728853635243292
M0088,22,3,Appreciation,0.0008249350165036348,3.467830510014934e-13,0.9991750649831496
M0088,23,3,Appreciation,0.01457932539448365,3.7868217211250425e-11,0.985420674567648
M0088,24,1,Transitionary,0.9033103268760992,3.9780387282321093e-07,0.09668927532002797
M0088,25,3,Appreciation,0.12887394186921183,2.1393013810285143e-07,0.8711258442006501
M0088,26,2,Aversion,0.006498398723464779,0.9935016008602616,4.162737072796583e-10
M0089,2,2,Aversion,0.03417004690024601,0.9658299382776987,1.4822055194190988e-08
M0089,3,2,Aversion,9.714824067896494e-06,0.9999902851759289,3.378816093507036e-15
M0089,4,3,Appreciation,0.0007194330645131067,2.159821532609846e-11,0.9992805669138889
M0089,5,3,Appreciation,0.0921339473403558,2.9616371546840956e-09,0.9078660496980074
M0089,6,1,Transitionary,0.8622685981664217,4.431661796994477e-05,0.13768708521560877
M0089,7,1,Transitionary,0.9889789905517637,0.010022027042616363,0.0009989824056197145
M0089,8,2,Aversion,0.10163942153915118,0.8983604796736726,9.878717588715842e-08
M0089,9,2,Aversion,0.016563705539595925,0.9834362684848436,2.5975560175284898e-08
M0089,10,3,Appreciation,0.13263088514445967,3.6556522874080783e-07,0.8673687492903116
M0089,11,3,Appreciation,0.31179359231507353,1.148749280280415e-06,0.6882052589356465
M0089,12,2,Aversion,0.034826064480773786,0.9651739319340593,3.5851665621992465e-09
M0089,13,1,Transitionary,0.8495068561089942,0.0002485599933746554,0.15024458389763123
M0089,14,1,Transitionary,0.9955479463195598,0.0005853383526095344,0.0038667153278306244
M0089,15,2,Aversion,0.04119071923250465,0.9588092400597031,4.070779263385956e-08
M0089,16,2,Aversion,0.312245695404429,0.6877520470864651,2.2575091058516424e-06
M0089,17,2,Aversion,0.33557090083261737,0.6644271782971313,1.92087025174445e-06
M0089,18,1,Transitionary,0.9552880861759554,0.00011843390047767804,0.04459347992356695
M0089,19,1,Transitionary,0.9443477732807447,0.055618961676591375,3.3265042663732194e-05
M0089,20,1,Transitionary,0.8867487344351753,0.11324944805205243,1.8175127720749786e-06
M0089,21,1,Transitionary,0.98730088430657,3.3343994825834316e-05,0.012665771698603945
M0089,22,2,Aversion,0.31122167843190573,0.6887780886608431,2.3290725125673573e-07
M0089,23,1,Transitionary,0.5717599705636941,4.112371031614096e-07,0.4282396181992031
M0089,24,3,Appreciation,0.0012212197978489425,1.553610912516988e-12,0.9987787802005978
M0089,25,1,Transitionary,0.8077350795626828,0.19226458016228973,3.402750272675039e-07
M0089,26,2,Aversion,0.007551282233441239,0.9924487173322253,4.3433352910182056e-10
M0090,2,1,Transitionary,0.9805546767594361,0.00016878958511286866,0.01927653365545094
M0090,3,2,Aversion,0.30770799920740977,0.6922914881000354,5.126925548664953e-07
M0090,4,1,Transitionary,0.9956583011301284,0.0037058161981606166,0.0006358826717109166
M0090,5,1,Transitionary,0.928991185819892,0.07088236218004121,0.00012645200006667745
M0090,6,3,Appreciation,0.08951715218527878,3.9861318288895884e-08,0.910482807953403
M0090,7,1,Transitionary,0.9979890683413573,1.0445633442490956e-05,0.002000486025200572
M0090,8,1,Transitionary,0.9957641126554188,0.0016311777659105816,0.00260470957867065
M0090,9,2,Aversion,0.06519739683266695,0.9348025910843372,1.2082995474499676e-08
M0090,10,3,Appreciation,0.21155360728041142,6.645837616207881e-09,0.7884463860737508
M0090,11,1,Transitionary,0.9252971959918876,0.07464979614867692,5.300785943527084e-05
M0090,12,1,Transitionary,0.9818808178867415,0.017735188223639158,0.0003839938896188958
M0090,13,1,Transitionary,0.9934008056717025,7.981653197934137e-05,0.006519377796318493
M0090,14,3,Appreciation,1.151791842658824e-13,2.739181410969643e-34,0.9999999999998845
M0090,15,1,Transitionary,0.8103203450220231,0.1896752342619771,4.420716000207731e-06
M0090,16,3,Appreciation,0.283788184703271,7.259709736166619e-07,0.7162110893257551
M0090,17,2,Aversion,0.00015034343505736824,0.9998496565649057,3.679621263567203e-14
M0090,18,1,Transitionary,0.955674796098614,0.044199436541437105,0.00012576735994896182
M0090,19,3,Appreciation,0.005390997830980285,8.584181154332974e-11,0.9946090020831776
M0090,20,1,Transitionary,0.6787517205511838,0.3212434091395793,4.870309237159404e-06
M0090,21,1,Transitionary,0.9420242383636845,0.057961472004033794,1.428963228145267e-05
M0090,22,2,Aversion,0.16987094415759146,0.8301290310970155,2.4745392600021365e-08
M0090,23,3,Appreciation,0.19112869998933807,1.4901465894460385e-08,0.8088712851091964
M0090,24,1,Transitionary,0.5151545108867012,0.48484548812538913,9.879095589382467e-10
M0090,25,3,Appreciation,0.0003483677781090588,1.7050753236566375e-13,0.9996516322217202
M0090,26,1,Transitionary,0.9970735724635731,0.0028800931560213636,4.6334380405565453e-05
M0091,2,3,Appreciation,2.180121214697366e-06,3.586408184741463e-18,0.9999978198787854
M0091,3,1,Transitionary,0.9147363602968254,0.08524883886745409,1.4800835720887654e-05
M0091,4,1,Transitionary,0.9775449232043815,1.2530454675967244e-05,0.022442546340942785
M0091,5,1,Transitionary,0.9972132097560328,0.002568299368121108,0.0002184908758457384
M0091,6,1,Transitionary,0.5769157161584445,4.36247879460967e-07,0.42308384759367657
M0091,7,1,Transitionary,0.9539433732812885,8.77484083784539e-06,0.046047851877873774
M0091,8,3,Appreciation,0.019077849985608356,4.22366083224074e-10,0.9809221495920256
M0091,9,1,Transitionary,0.9586231484743163,1.3901356897497552e-05,0.0413629501687862
M0091,10,2,Aversion,1.0429375944589832e-05,0.9999895706240554,9.879549482454673e-19
M0091,11,1,Transitionary,0.9271710401479653,1.6615644605492413e-05,0.07281234420742957
M0091,12,1,Transitionary,0.9948241875039284,0.004934756512314924,0.00024105598375666259
M0091,13,1,Transitionary,0.9940907225921555,0.00560573997525397,0.00030353743259052893
M0091,14,1,Transitionary,0.6277802197255397,0.37221649780497207,3.282469488369122e-06
M0091,15,1,Transitionary,0.8630141706779654,0.13697156624375117,1.426307828387842e-05
M0091,16,1,Transitionary,0.9454289526832753,0.05434468782791663,0.0002263594888083077
M0091,17,3,Appreciation,0.030198562077793534,3.863247126491853e-09,0.9698014340589597
M0091,18,3,Appreciation,0.35490183875747267,8.183898874140441e-07,0.6450973428526396
M0091,19,3,Appreciation,0.13171691910392092,1.0005598986969073e-07,0.8682829808400891
M0091,20,3,Appreciation,0.002360783462546551,5.838564579344891e-12,0.997639216531615
M0091,21,1,Transitionary,0.999537818333383,1.3952139928471227e-06,0.000460786452624548
M0091,22,3,Appreciation,0.002671867316588447,1.70183058952897e-12,0.9973281326817094
M0091,23,2,Aversion,0.4714990854678766,0.5285007069100358,2.0762208741718903e-07
M0091,24,1,Transitionary,0.8901978861052452,2.526389309423916e-06,0.10979958750544547
M0091,25,3,Appreciation,0.08539006733205677,1.9342771948700264e-07,0.9146097392402234
M0091,26,3,Appreciation,0.009297761640697672,2.851685050576657e-11,0.9907022383307859
M0092,2,1,Transitionary,0.9653741771393932,4.748020100032999e-05,0.034578342659606284
M0092,3,1,Transitionary,0.89955482750826,0.10042786437461369,1.7308117126292356e-05
M0092,4,1,Transitionary,0.5163638076182389,0.4836352167586869,9.756230747313127e-07
M0092,5,1,Transitionary,0.9925062550588479,0.00397922521244766,0.003514519728704764
M0092,6,1,Transitionary,0.9852695103773449,0.014644533614630936,8.595600802427774e-05
M0092,7,1,Transitionary,0.9993018319854687,0.00022401439189906152,0.0004741536226319279
M0092,8,1,Transitionary,0.9977827465177265,0.002198753304141952,1.850017813173803e-05
M0092,9,1,Transitionary,0.985606370210761,0.014169510668287252,0.00022411912095147458
M0092,10,2,Aversion,0.00025694284873676443,0.9997430571510416,2.2198989919207463e-13
M0092,11,2,Aversion,0.006883957942101246,0.9931160389410945,3.1168046792479282e-09
M0092,12,2,Aversion,0.006376368749417192,0.9936236266775885,4.572994229259872e-09
M0092,13,2,Aversion,0.0005944019939216779,0.9994055980011408,4.937784822272343e-12
M0092,14,2,Aversion,0.10641252218301278,0.8935874729481285,4.868858945006728e-09
M0092,15,3,Appreciation,0.246069568721801,3.7929030565686955e-07,0.7539300519878936
M0092,16,1,Transitionary,0.9601882670175949,1.9470062971095753e-05,0.039792262919434
M0092,17,3,Appreciation,0.02018678400851155,2.4558629393397036e-09,0.9798132135356254
M0092,18,1,Transitionary,0.9800842314181174,7.349157110861447e-05,0.019842277010774147
M0092,19,2,Aversion,0.0025139322012636654,0.9974860677887191,1.0017552815409571e-11
M0092,20,2,Aversion,0.0008878348043892332,0.9991121651848991,1.0711583145080189e-11
M0092,21,2,Aversion,0.04387751223077424,0.9561224336390439,5.413018150244262e-08
M0092,22,1,Transitionary,0.7709356558466711,0.22905093405399585,1.3410099333409283e-05
M0092,23,2,Aversion,0.3034550841702308,0.6965426972203648,2.2186094042012195e-06
M0092,24,2,Aversion,0.008903053444716981,0.9910969444628014,2.092481336692614e-09
M0092,25,1,Transitionary,0.9941304905813934,0.005230166268869045,0.00063934314973771
M0092,26,2,Aversion,2.561693596113877e-11,0.9999999999743832,4.161498131042539e-29
M0093,2,1,Transitionary,0.9943076765551675,0.0005509108012438109,0.005141412643588649
M0093,3,1,Transitionary,0.9906701043201337,0.008187921349831064,0.0011419743300353578
M0093,4,1,Transitionary,0.8723240161890214,3.6779174428944516e-05,0.12763920463654976
M0093,5,2,Aversion,2.0596961719763017e-05,0.9999794030382803,1.1533506182770269e-17
M0093,6,3,Appreciation,2.7940196325808596e-07,4.0561502052118986e-19,0.9999997205980369
M0093,7,1,Transitionary,0.9339707650466343,1.805944853911869e-05,0.0660111755048264
M0093,8,1,Transitionary,0.997182998294094,1.0967447188549898e-05,0.0028060342587175155
M0093,9,2,Aversion,0.002633137411675946,0.9973668624944878,9.383614719819166e-11
M0093,10,2,Aversion,0.1420874753929312,0.8579119929803489,5.316267199621293e-07
M0093,11,2,Aversion,0.0005478654369962041,0.9994521345488516,1.4152135219684398e-11
M0093,12,3,Appreciation,0.0012076717918359185,2.038167756327692e-11,0.9987923281877823
M0093,13,1,Transitionary,0.9982132715601572,0.0010869847551207767,0.0006997436847222068
M0093,14,1,Transitionary,0.991561141588509,0.0009449760471775541,0.007493882364313387
M0093,15,1,Transitionary,0.6128103349683127,5.68990080693806e-06,0.3871839751308803
M0093,16,1,Transitionary,0.6836432259679438,0.3163533233446045,3.450687451835001e-06
M0093,17,2,Aversion,0.09802300946838391,0.9019768953731729,9.515844304468973e-08
M0093,18,2,Aversion,0.4828778570690461,0.5171221355689187,7.362035256131516e-09
M0093,19,2,Aversion,8.509656340865071e-06,0.9999914903436592,1.048949086396317e-18
M0093,20,2,Aversion,0.213549807585021,0.7864492586873506,9.337276284765166e-07
M0093,21,1,Transitionary,0.9992366771238582,0.0002650606659390838,0.0004982622102026599
M0093,22,2,Aversion,0.0024570750473614446,0.9975429249505511,2.087409030269191e-12
M0093,23,3,Appreciation,0.4502126260700838,1.6384036936746847e-08,0.5497873575458793
M0093,24,3,Appreciation,3.9854891844926525e-08,1.5975814547394305e-25,0.9999999601451081
M0093,25,3,Appreciation,5.8334513204824755e-05,7.223082222207383e-16,0.9999416654867944
M0093,26,1,Transitionary,0.957187486342141,7.636275965480278e-06,0.042804877381893564
M0094,2,1,Transitionary,0.9854525596231363,0.014546253044907202,1.1873319569227576e-06
M0094,3,2,Aversion,1.1074335217756849e-05,0.9999889256647798,2.0371685986715316e-15
M0094,4,1,Transitionary,0.9968351203969638,0.003153084441507319,1.1795161528788574e-05
M0094,5,2,Aversion,0.4938998269669042,0.5060803094422699,1.986359082601326e-05
M0094,6,1,Transitionary,0.9991663716761561,7.770770111139338e-05,0.0007559206227327873
M0094,7,1,Transitionary,0.9953352882149947,0.003926310442585083,0.000738401342420322
M0094,8,1,Transitionary,0.9724558654976873,0.027501007161385562,4.312734092702527e-05
M0094,9,1,Transitionary,0.9703623007419405,0.029433086973054044,0.0002046122850054541
M0094,10,3,Appreciation,0.12208703157048567,2.0921465638446196e-08,0.877912947508049
M0094,11,1,Transitionary,0.6306203475434302,1.6652084915254565e-05,0.36936300037165465
M0094,12,1,Transitionary,0.7539167904612152,0.24606990291117095,1.3306627613776644e-05
M0094,13,2,Aversion,0.24559276362126853,0.7544069859656448,2.504130870489335e-07
M0094,14,2,Aversion,0.3477590476877964,0.6522373260460497,3.6262661542713844e-06
M0094,15,1,Transitionary,0.9946905688507695,0.00359572680450198,0.0017137043447281342
M0094,16,1,Transitionary,0.9918200340208784,0.007979782899800388,0.00020018307932154506
M0094,17,3,Appreciation,0.0012448508135385794,2.899184697657607e-13,0.9987551491861711
M0094,18,1,Transitionary,0.9943102800241217,0.004268865907020997,0.001420854068857655
M0094,19,3,Appreciation,0.04332941599962834,1.0308167971105017e-08,0.9566705736922035
M0094,20,2,Aversion,0.08287363185080959,0.9171263470681765,2.1081013793210604e-08
M0094,21,2,Aversion,0.04155920559369775,0.9584407944045839,1.7179969460361618e-12
M0094,22,2,Aversion,3.8391427107256645e-05,0.999961608572841,5.140861904191458e-14
M0094,23,1,Transitionary,0.9743751737886922,0.025356632054556454,0.0002681941567511319
M0094,24,1,Transitionary,0.9605484077557601,0.03937218342426695,7.940881997271022e-05
M0094,25,1,Transitionary,0.872529187233818,0.12747070630855015,1.0645763226641892e-07
M0094,26,1,Transitionary,0.7372962814186992,0.2626855499841176,1.8168597183018916e-05
M0095,2,1,Transitionary,0.9962535751876853,0.002206366669125392,0.0015400581431894763
M0095,3,1,Transitionary,0.8908084072092752,0.0002143212743090519,0.10897727151641573
M0095,4,1,Transitionary,0.986828292530882,0.00030603267853530653,0.01286567479058268
M0095,5,3,Appreciation,0.012598250102096312,6.469761107287186e-10,0.9874017492509277
M0095,6,2,Aversion,0.49793532501483917,0.5020644536693807,2.213157800343518e-07
M0095,7,1,Transitionary,0.985048504560474,0.013773202581617796,0.0011782928579082324
M0095,8,1,Transitionary,0.9138681551970081,4.7265215788500975e-05,0.08608457958720313
M0095,9,1,Transitionary,0.929494722470889,0.07035832410637606,0.00014695342273477678
M0095,10,1,Transitionary,0.8179269722281776,0.1820503334814732,2.2694290349321242e-05
M0095,11,1,Transitionary,0.9874045368747495,0.011442030583389192,0.0011534325418611417
M0095,12,2,Aversion,1.0261409158179452e-05,0.9999897385908417,2.763243976858802e-16
M0095,13,1,Transitionary,0.9881985331064683,0.011429745974429592,0.0003717209191018708
M0095,14,1,Transitionary,0.9325289997683212,6.723981631079767e-05,0.06740376041536789
M0095,15,2,Aversion,0.12265699516524319,0.8773414863093928,1.518525364083661e-06
M0095,16,2,Aversion,0.01031237338899227,0.989687626602191,8.81671636137974e-12
M0095,17,1,Transitionary,0.9847633642099861,0.014545364307180994,0.0006912714828327515
M0095,18,1,Transitionary,0.8804069310760081,0.11951587148315525,7.719744083677167e-05
M0095,19,3,Appreciation,0.041828073219416534,2.522829938470616e-08,0.9581719015522842
M0095,20,2,Aversion,6.646054927369788e-05,0.999933539450711,1.5303371569594954e-14
M0095,21,1,Transitionary,0.9994338776601048,0.0004852424435315966,8.087989636372434e-05
M0095,22,1,Transitionary,0.8032595395267905,1.9865675837226935e-05,0.19672059479737236
M0095,23,2,Aversion,0.00137367888805885,0.9986263211077302,4.21110796346012e-12
M0095,24,2,Aversion,0.0009562550915301577,0.9990437449084489,2.0924480549865225e-14
M0095,25,2,Aversion,2.500795942966209e-09,0.999999997499204,1.6222720603647912e-23
M0095,26,2,Aversion,0.42602803962832053,0.5739706814085471,1.2789631323600784e-06
M0096,2,1,Transitionary,0.6977114029447318,0.3022809083963285,7.688658939681385e-06
M0096,3,1,Transitionary,0.9774454891870311,0.022327833944437443,0.00022667686853122292
M0096,4,1,Transitionary,0.9868473749728408,0.0006795887686643842,0.012473036258495107
M0096,5,2,Aversion,0.015255639136089964,0.9847443604777224,3.861880451246064e-10
M0096,6,3,Appreciation,0.18351429772883346,8.966300594735767e-07,0.8164848056411071
M0096,7,3,Appreciation,0.032592045170912125,9.046082288656456e-09,0.9674079457830059
M0096,8,1,Transitionary,0.9862815318918375,0.0014139361686957277,0.012304531939466744
M0096,9,1,Transitionary,0.9885889083509093,0.0003680146335339594,0.01104307701555679
M0096,10,1,Transitionary,0.9941923652878376,0.00021234305595067973,0.005595291656211641
M0096,11,1,Transitionary,0.7943279098199103,0.2056637187545832,8.371425506527465e-06
M0096,12,2,Aversion,0.03692560602934931,0.9630743939232833,4.736767572583766e-11
M0096,13,3,Appreciation,1.287350673693487e-06,5.1645324136410445e-17,0.9999987126493259
M0096,14,1,Transitionary,0.6002924566974588,0.39970358827603286,3.955026508168452e-06
M0096,15,1,Transitionary,0.9940918372999769,0.004993901460922476,0.0009142612391010598
M0096,16,3,Appreciation,0.00018713065987699748,5.350753370521528e-14,0.9998128693400694
M0096,17,2,Aversion,0.00035262810402922204,0.9996473718959694,1.3171501981753431e-15
M0096,18,1,Transitionary,0.9810116478465639,0.018396582461917672,0.0005917696915188074
M0096,19,1,Transitionary,0.9509267926146514,0.00030745609989840536,0.04876575128544988
M0096,20,1,Transitionary,0.9844271977280659,0.015545596667055905,2.7205604877877706e-05
M0096,21,3,Appreciation,0.01050935474611596,1.0665563108315834e-10,0.9894906451472283
M0096,22,1,Transitionary,0.9817398629345641,0.01824928037045991,1.0856694975709104e-05
M0096,23,3,Appreciation,0.002430152229796573,2.3760673108160938e-12,0.9975698477678271
M0096,24,1,Transitionary,0.8998364572855576,8.591158002295165e-07,0.10016268359864204
M0096,25,1,Transitionary,0.9957158218265526,0.004027275897343367,0.00025690227610399117
M0096,26,3,Appreciation,2.212301251023038e-07,1.4394576346599662e-19,0.9999997787698747
M0097,2,3,Appreciation,0.23052714033471197,3.0138558229014175e-07,0.7694725582797058
M0097,3,1,Transitionary,0.9993162937207962,0.00016915437229404976,0.0005145519069097339
M0097,4,3,Appreciation,0.015799398947890265,1.653347714378947e-09,0.984200599398762
M0097,5,1,Transitionary,0.7097353966106071,7.546502938259747e-05,0.29018913836001026
M0097,6,2,Aversion,0.0859116713362079,0.9140883174861791,1.1177612977527197e-08
M0097,7,3,Appreciation,0.005044064656339723,4.995114404945862e-10,0.9949559348441489
M0097,8,1,Transitionary,0.9831138762991664,9.467034820232723e-07,0.016885176997351554
M0097,9,1,Transitionary,0.9225324327679603,2.2479794649161597e-05,0.07744508743739063
M0097,10,3,Appreciation,0.0002045724737392326,1.1787276156219442e-14,0.999795427526249
M0097,11,3,Appreciation,0.052311051564420945,2.251267442035193e-08,0.9476889259229045
M0097,12,1,Transitionary,0.9964715333208076,0.0012691229070536357,0.002259343772138692
M0097,13,3,Appreciation,1.13422753808182e-05,1.788898820018956e-15,0.9999886577246173
M0097,14,1,Transitionary,0.9817570369764439,0.01821796155662473,2.5001466931359917e-05
M0097,15,2,Aversion,0.028324377850033857,0.971675613074172,9.075794039693762e-09
M0097,16,2,Aversion,0.0008158950974155721,0.9991841048986019,3.982485810738802e-12
M0097,17,1,Transitionary,0.932923240078586,0.00021023731036694373,0.06686652261104697
M0097,18,1,Transitionary,0.9863539579567286,0.01350661246132306,0.00013942958194838322
M0097,19,3,Appreciation,0.32385982362014853,7.445112655031388e-06,0.6761327312671964
M0097,20,1,Transitionary,0.8722342794393004,2.821928182868168e-07,0.12776543836788143
M0097,21,2,Aversion,0.14698339307380787,0.8530165218233797,8.510281238715824e-08
M0097,22,3,Appreciation,4.442807241916823e-06,1.6023588256284184e-16,0.999995557192758
M0097,23,1,Transitionary,0.9896325185129095,4.616710752363267e-05,0.010321314379566803
M0097,24,2,Aversion,0.05693164023635026,0.9430683581675707,1.5960790350104106e-09
M0097,25,2,Aversion,0.09106460595295808,0.9089353568870828,3.715995902275928e-08
M0097,26,3,Appreciation,0.029704376138707887,1.3261867541751315e-08,0.9702956105994245
M0098,2,2,Aversion,0.4991767012474365,0.5008203281453026,2.970607260838931e-06
M0098,3,3,Appreciation,2.4248348098782813e-06,4.616318541387375e-16,0.9999975751651897
M0098,4,3,Appreciation,6.393542509222124e-06,2.4629706883647597e-15,0.9999936064574886
M0098,5,2,Aversion,0.011669184661015288,0.9883308150759972,2.629873332496202e-10
M0098,6,1,Transitionary,0.9780891418598845,0.000533270052493844,0.021377588087622013
M0098,7,3,Appreciation,0.2957445366637791,7.205269811456647e-08,0.7042553912835225
M0098,8,1,Transitionary,0.9601706389987434,0.039755510056773205,7.385094448286428e-05
M0098,9,1,Transitionary,0.999756719617057,0.00010005161190276805,0.00014322877104014475
M0098,10,2,Aversion,0.17947408795116612,0.820525638647485,2.734013486449485e-07
M0098,11,2,Aversion,7.969410937478824e-05,0.9999203058906031,2.1851467515181316e-14
M0098,12,1,Transitionary,0.907127737557334,4.543896911459099e-05,0.09282682347355163
M0098,13,1,Transitionary,0.9795107626884343,0.020484851471689925,4.385839875379346e-06
M0098,14,3,Appreciation,0.00012071975259450762,6.2781071930612e-14,0.9998792802473423
M0098,15,2,Aversion,9.012912323812441e-06,0.9999909870876761,3.780805071209754e-16
M0098,16,3,Appreciation,0.07527249038671675,9.355317853464926e-08,0.924727416060105
M0098,17,1,Transitionary,0.9588731323078912,0.041094042786070845,3.2824906038365254e-05
M0098,18,2,Aversion,0.03427188477460202,0.9657281118364162,3.3889819590954636e-09
M0098,19,2,Aversion,0.02485527975858425,0.9751447130684773,7.1729380663591775e-09
M0098,20,1,Transitionary,0.9771045148110468,8.405834235636164e-05,0.02281142684659704
M0098,21,2,Aversion,3.467164225251982e-05,0.9999653283577473,2.6104174054900217e-17
M0098,22,3,Appreciation,0.005298513256604834,8.461810886526988e-15,0.9947014867433864
M0098,23,1,Transitionary,0.7712073657248996,1.7101486329843941e-06,0.22879092412646768
M0098,24,1,Transitionary,0.9980041591634976,0.0019012098012704086,9.463103523188799e-05
M0098,25,1,Transitionary,0.9985018178639739,2.672950300776773e-05,0.0014714526330185055
M0098,26,2,Aversion,0.38853423811360027,0.6114655840233058,1.7786309359767476e-07
M0099,2,2,Aversion,0.26488856604232186,0.7351113179590851,1.1599859347594445e-07
M0099,3,1,Transitionary,0.9963640998294215,0.003445083337804512,0.00019081683277322387
M0099,4,1,Transitionary,0.9775363844411531,0.022448129825051098,1.548573379544063e-05
M0099,5,2,Aversion,0.025989202846670993,0.9740107970672615,8.606742846358762e-11
M0099,6,1,Transitionary,0.9593122991644244,1.194701793992042e-05,0.04067575381763617
M0099,7,2,Aversion,0.014922254783565118,0.9850777449971068,2.1932829915941323e-10
M0099,8,2,Aversion,0.0033522090777400055,0.9966477909102379,1.2021283133032862e-11
M0099,9,1,Transitionary,0.8897968387175397,7.149225126943175e-06,0.11019601205733251
M0099,10,2,Aversion,0.02701378131370322,0.9729862177283124,9.579838390269262e-10
M0099,11,1,Transitionary,0.9966710384620354,0.0022739319030917584,0.0010550296348730425
M0099,12,2,Aversion,0.4315101690159155,0.5684890312069726,7.9977711252748e-07
M0099,13,2,Aversion,7.709810704125666e-05,0.9999229018929592,6.142666459617169e-18
M0099,14,2,Aversion,5.785589154345337e-05,0.9999421441084516,5.108299003170696e-15
M0099,15,2,Aversion,0.010908302431360845,0.98909169756725,1.3894882524247628e-12
M0099,16,3,Appreciation,0.002469582833276552,9.383656237418814e-12,0.9975304171573391
M0099,17,1,Transitionary,0.9915833306976674,8.808583164057674e-06,0.008407860719169259
M0099,18,1,Transitionary,0.9959350580213021,0.004002842052632294,6.209992606583341e-05
M0099,19,1,Transitionary,0.997685911246429,0.00211118174144793,0.00020290701212346147
M0099,20,3,Appreciation,0.0017956519118318415,1.271524451950053e-11,0.9982043480754532
M0099,21,3,Appreciation,0.0021554356652435836,6.114269607990701e-13,0.9978445643341443
M0099,22,1,Transitionary,0.9990690221075087,0.0007412191114794473,0.00018975878101242178
M0099,23,2,Aversion,0.00017365592315499441,0.9998263440768299,1.4615229066839105e-14
M0099,24,2,Aversion,0.01611228919984513,0.9838877106292246,1.7093098388489763e-10
M0099,25,1,Transitionary,0.9969965511720462,0.0026251444816744055,0.0003783043462789978
M0099,26,1,Transitionary,0.9599478502854433,2.714022679788743e-05,0.040025009487759104
M0100,2,1,Transitionary,0.9655896998799569,0.03439832619242773,1.1973927615214649e-05
M0100,3,3,Appreciation,0.3872244150802864,2.0352589647485344e-08,0.612775564567124
M0100,4,1,Transitionary,0.9519035813851675,6.278821481051512e-05,0.04803363040002192
M0100,5,2,Aversion,0.12314015165040436,0.8768598370290891,1.1320506299882682e-08
M0100,6,1,Transitionary,0.9924390122914624,0.003507475995853165,0.004053511712684606
M0100,7,3,Appreciation,5.9899884935910876e-05,3.673622545052137e-15,0.9999401001150607
M0100,8,3,Appreciation,0.16833913281040835,1.0167928031769727e-07,0.8316607655103114
M0100,9,1,Transitionary,0.9984680820439179,0.00048548850431071744,0.001046429451771369
M0100,10,1,Transitionary,0.9880249923271255,0.011874025462003937,0.00010098221087083759
M0100,11,3,Appreciation,0.30145969374417875,1.4001621626037718e-07,0.6985401662396049
M0100,12,1,Transitionary,0.621810478384322,2.657310312749226e-06,0.3781868643053648
M0100,13,2,Aversion,0.06801293468994048,0.9319870631525072,2.157552543781427e-09
M0100,14,1,Transitionary,0.9871802096101099,0.012779449234702095,4.034115518806832e-05
M0100,15,1,Transitionary,0.993162463351507,3.9112799634866295e-08,0.006837497535693651
M0100,16,3,Appreciation,0.18314565377008069,1.7509532963215198e-08,0.8168543287203864
M0100,17,2,Aversion,0.1748521589164875,0.8251475180372984,3.2304621436942813e-07
M0100,18,1,Transitionary,0.5364027761462459,2.945216160135833e-07,0.4635969293321378
M0100,19,3,Appreciation,0.00042087547591479095,1.918938179933423e-12,0.9995791245221664
M0100,20,2,Aversion,0.04777660868411388,0.9522233913123435,3.542407927514828e-12
M0100,21,1,Transitionary,0.9684653057919882,0.031168507689300573,0.00036618651871150155
M0100,22,3,Appreciation,0.004270607447523633,8.257393142684406e-11,0.9957293924699023
M0100,23,1,Transitionary,0.9933230638154987,0.00648814928185949,0.00018878690264176185
M0100,24,1,Transitionary,0.9955629069588233,0.0001969906344344409,0.004240102406742532
M0100,25,3,Appreciation,0.0001281141566532633,1.1316888359907063e-13,0.9998718858432335
M0100,26,1,Transitionary,0.9987229325754964,4.4551444313759756e-05,0.0012325159801896916
M0101,2,1,Transitionary,0.9820893099314166,3.52615332267653e-05,0.01787542853535675
M0101,3,1,Transitionary,0.9982790584828527,0.001315059425947534,0.00040588209119972414
M0101,4,1,Transitionary,0.8123461292855114,0.18765144776327963,2.422951208883733e-06
M0101,5,3,Appreciation,2.9487973549564103e-05,6.22384370738898e-15,0.9999705120264442
M0101,6,3,Appreciation,0.01683881491677685,6.189559690022042e-09,0.9831611788936635
M0101,7,1,Transitionary,0.991341532392745,0.0002722105016011595,0.008386257105653914
M0101,8,3,Appreciation,0.0016227603373096197,7.670864136799334e-11,0.9983772395859817
M0101,9,1,Transitionary,0.9922602403857421,6.161668107486768e-07,0.00773914344744703
M0101,10,1,Transitionary,0.88378136985845,0.11617603256452574,4.259757702423157e-05
M0101,11,1,Transitionary,0.9718079183169093,0.00027832653033927506,0.027913755152751487
M0101,12,1,Transitionary,0.9821377327920917,0.017734834349848648,0.0001274328580596054
M0101,13,2,Aversion,0.4909095878131412,0.5090879760736836,2.4361131752499966e-06
M0101,14,1,Transitionary,0.8141673373920005,0.18582274019282047,9.922415179106454e-06
M0101,15,3,Appreciation,2.9143252905623935e-05,1.0434580898416312e-15,0.9999708567470934
M0101,16,3,Appreciation,0.03130534056371727,3.1686893924017556e-10,0.9686946591194138
M0101,17,1,Transitionary,0.7181957658604039,3.5539517601683286e-07,0.2818038787444201
M0101,18,2,Aversion,0.37458837884256163,0.6254115249323219,9.622511662086967e-08
M0101,19,2,Aversion,0.00019338051678256457,0.9998066194831677,4.976762091793432e-14
M0101,20,2,Aversion,3.937445735779238e-05,0.9999606255426398,2.301686279071563e-15
M0101,21,1,Transitionary,0.9988545457702258,0.0002167331949920214,0.0009287210347820645
M0101,22,1,Transitionary,0.9970914387608301,0.0029061008527641336,2.460386405734951e-06
M0101,23,1,Transitionary,0.8424059025318456,1.6868852537771962e-06,0.15759241058290058
M0101,24,1,Transitionary,0.996615672823819,0.0033803097220555848,4.017454125386544e-06
M0101,25,2,Aversion,6.395261511075854e-06,0.9999936047384889,1.3466895546710394e-16
M0101,26,1,Transitionary,0.9985416057549178,0.0009550996715285353,0.0005032945735537458
M0102,2,2,Aversion,0.02138013515973471,0.9786198624609196,2.379346106902877e-09
M0102,3,1,Transitionary,0.9888372641788824,0.010493686106659154,0.0006690497144585791
M0102,4,3,Appreciation,0.0025200774652314076,1.9441943925362195e-11,0.9974799225153269
M0102,5,2,Aversion,0.00017871561894924632,0.9998212843810346,1.5998130463595496e-14
M0102,6,3,Appreciation,0.39669913726133815,2.2632596325234538e-06,0.6032985994790294
M0102,7,1,Transitionary,0.9908972746035721,0.00010728777868751715,0.008995437617740028
M0102,8,2,Aversion,0.3423158715332397,0.6576835177011889,6.107655713244821e-07
M0102,9,1,Transitionary,0.9893757036802,0.00016235443510071427,0.010461941884699311
M0102,10,3,Appreciation,0.06914384694696085,1.081699291314374e-09,0.9308561519713395
M0102,11,1,Transitionary,0.9937631854398478,0.006236582094648585,2.3246550396478785e-07
M0102,12,1,Transitionary,0.8995738796447506,1.442956527575708e-06,0.10042467739872192
M0102,13,1,Transitionary,0.9977708147793332,0.0019976363039583096,0.00023154891670833903
M0102,14,3,Appreciation,0.37949781040895864,1.0320794327163135e-06,0.6205011575116086
M0102,15,3,Appreciation,0.01686872673363326,3.3430761470601735e-10,0.9831312729320588
M0102,16,3,Appreciation,0.034479958563562695,1.5114348875219053e-09,0.9655200399250027
M0102,17,1,Transitionary,0.9013810713448148,1.7372397344090885e-06,0.09861719141545051
M0102,18,2,Aversion,0.006346582228071717,0.9936534177373583,3.456988078682383e-11
M0102,19,3,Appreciation,0.09232835149106577,1.9476673638884574e-08,0.9076716290322604
M0102,20,3,Appreciation,0.4966647340240235,4.859034493464013e-07,0.5033347800725267
M0102,21,1,Transitionary,0.519436006064268,6.163331920294911e-07,0.48056337760253987
M0102,22,3,Appreciation,2.6296642193400272e-08,2.580205901940919e-22,0.9999999737033581
M0102,23,3,Appreciation,0.002556636607189766,4.066170302376214e-13,0.9974433633924036
M0102,24,3,Appreciation,0.006581652844938668,2.813057645628711e-10,0.993418346873756
M0102,25,3,Appreciation,3.733118387862571e-08,3.6637721343335577e-20,0.9999999626688163
M0102,26,1,Transitionary,0.9982363896782944,0.0011916775885079931,0.0005719327331977853
M0103,2,1,Transitionary,0.9984398225576168,0.00044049175064214176,0.0011196856917409519
M0103,3,1,Transitionary,0.8562103064661485,0.14378852784076898,1.1656930826595109e-06
M0103,4,3,Appreciation,0.15703356443634017,9.355348929034269e-08,0.8429663420101702
M0103,5,1,Transitionary,0.9954786779498722,0.0008478515773666433,0.003673470472761026
M0103,6,1,Transitionary,0.9948971693434878,0.004789242386302683,0.0003135882702090977
M0103,7,1,Transitionary,0.9972629944587826,0.0013110894942480482,0.0014259160469690655
M0103,8,3,Appreciation,0.39821005028598117,4.1015343108601456e-07,0.6017895395605874
M0103,9,3,Appreciation,0.021625768597037603,9.76453488258031e-10,0.9783742304265092
M0103,10,1,Transitionary,0.9505302048332048,0.00011458212142531602,0.049355213045369745
M0103,11,1,Transitionary,0.994390942640321,0.0054716120402122665,0.00013744531946682952
M0103,12,1,Transitionary,0.9396302767782427,1.3807774574502859e-05,0.06035591544718279
M0103,13,2,Aversion,0.4524589888987353,0.5475403240194683,6.870817966498329e-07
M0103,14,1,Transitionary,0.9389930379356979,0.00023077865109842155,0.060776183413203476
M0103,15,2,Aversion,0.2925703838373409,0.7074285069662466,1.1091964126934892e-06
M0103,16,1,Transitionary,0.984944100266591,0.014673894554228559,0.0003820051791801668
M0103,17,2,Aversion,0.00017778538715311094,0.999822214612747,9.98024578646299e-14
M0103,18,2,Aversion,0.010201879333296542,0.9897981201547652,5.119379630488372e-10
M0103,19,3,Appreciation,0.48700773831317146,6.084040488077349e-06,0.5129861776463401
M0103,20,1,Transitionary,0.9088483521054425,5.4656952656752577e-05,0.09109699094190112
M0103,21,1,Transitionary,0.6262432715391538,9.556692917264374e-07,0.37375577279155436
M0103,22,1,Transitionary,0.9958863559474771,0.002295209364665076,0.0018184346878582565
M0103,23,3,Appreciation,0.10052992357078311,7.773089043886653e-08,0.8994699986983263
M0103,24,1,Transitionary,0.997727215626812,0.0005338235625738796,0.0017389608106143624
M0103,25,2,Aversion,0.047400324887105987,0.9525996687213169,6.39157754263747e-09
M0103,26,1,Transitionary,0.9420817881489204,0.00010909201195075289,0.05780911983912861
M0104,2,3,Appreciation,1.5002354574752012e-06,2.9207025641991265e-18,0.9999984997645425
M0104,3,2,Aversion,0.004210600588438623,0.9957893993979936,1.3567816490234656e-11
M0104,4,3,Appreciation,0.004572203650294902,1.6555875496890905e-11,0.9954277963331493
M0104,5,1,Transitionary,0.9897094617753848,0.0002661879793052415,0.010024350245310034
M0104,6,1,Transitionary,0.9991067515544612,0.00021317219424702246,0.0006800762512918806
M0104,7,1,Transitionary,0.9986863972095731,0.00047226324499039294,0.0008413395454364723
M0104,8,1,Transitionary,0.6780484224925346,0.32195084374279287,7.337646725569318e-07
M0104,9,3,Appreciation,0.03693087477937285,5.938946065189034e-09,0.9630691192816812
M0104,10,1,Transitionary,0.9926794687383137,0.00712921223294567,0.0001913190287405828
M0104,11,1,Transitionary,0.9882217416747773,0.0006490184393470262,0.0111292398858757
M0104,12,3,Appreciation,0.24987424717666243,1.3429551158554595e-06,0.7501244098682217
M0104,13,2,Aversion,0.0006931147614456905,0.9993068852385526,1.6276683414500334e-15
M0104,14,3,Appreciation,0.018275375066181272,9.37393360042288e-10,0.9817246239964255
M0104,15,1,Transitionary,0.6589299396855368,1.5322705261478195e-06,0.341068528043937
M0104,16,3,Appreciation,0.45155423338771633,1.7678733079354296e-06,0.5484439987389756
M0104,17,1,Transitionary,0.998055838839217,0.0015224335082561296,0.00042172765252687904
M0104,18,1,Transitionary,0.9109043229100451,1.7735752359126875e-05,0.08907794133759575
M0104,19,1,Transitionary,0.8060472246575092,7.832565996219999e-06,0.19394494277649457
M0104,20,1,Transitionary,0.9853499458000868,2.675058683715316e-05,0.014623303613076049
M0104,21,3,Appreciation,0.00014135526893196547,1.7906656058624904e-13,0.999858644730889
M0104,22,1,Transitionary,0.9324082644392069,0.0675864245684526,5.310992340555578e-06
M0104,23,1,Transitionary,0.8646845435734543,3.08386107938585e-06,0.13531237256546633
M0104,24,1,Transitionary,0.5227642851869579,4.429070611704883e-07,0.4772352719059809
M0104,25,1,Transitionary,0.9973057068264911,0.002523017436883964,0.00017127573662490764
M0104,26,1,Transitionary,0.9029672180799763,0.0970309949131056,1.787006918160338e-06
M0105,2,1,Transitionary,0.9057938210572918,2.5605470696849908e-05,0.09418057347201131
M0105,3,1,Transitionary,0.9917382392823103,0.002175000913271201,0.006086759804418455
M0105,4,3,Appreciation,0.022159101770208512,1.0989121372614932e-09,0.9778408971308793
M0105,5,3,Appreciation,0.00017431828908069126,2.559219826567924e-13,0.9998256817106634
M0105,6,1,Transitionary,0.9768746828643209,0.02299406018853324,0.00013125694714593664
M0105,7,3,Appreciation,0.19261242851933977,1.227102933338629e-06,0.8073863443777268
M0105,8,1,Transitionary,0.8253165398337685,0.1746761696434448,7.290522786630646e-06
M0105,9,2,Aversion,1.590810075109207e-07,0.9999998409189924,1.8395630435286402e-20
M0105,10,1,Transitionary,0.9956529921555068,0.0009146761891876596,0.003432331655305511
M0105,11,2,Aversion,0.06836338226445182,0.9316365856783673,3.205718099173425e-08
M0105,12,2,Aversion,0.00044022594187690886,0.9995597740312544,2.6868729449651006e-11
M0105,13,1,Transitionary,0.9997778738214904,8.909409622137906e-06,0.00021321676888745494
M0105,14,2,Aversion,0.0642657428256237,0.9357342554680806,1.706295637929591e-09
M0105,15,2,Aversion,0.08211317444343998,0.9178868237074531,1.8491069554993415e-09
M0105,16,1,Transitionary,0.993115837145499,0.006627622719544341,0.0002565401349566209
M0105,17,3,Appreciation,0.00011921384902467786,3.0349892070789955e-13,0.9998807861506718
M0105,18,1,Transitionary,0.972701563817413,0.02727789193552127,2.0544247065642808e-05
M0105,19,1,Transitionary,0.9671494701702097,1.1814462550243388e-05,0.032838715367240034
M0105,20,1,Transitionary,0.9870525887311298,0.012624764281490541,0.0003226469873796766
M0105,21,2,Aversion,0.007111956713416708,0.9928880432092906,7.729265876086448e-11
M0105,22,1,Transitionary,0.9933304183470146,1.2540549929863694e-06,0.006668327597992429
M0105,23,1,Transitionary,0.969143957232848,0.00010118295347979393,0.030754859813672188
M0105,24,1,Transitionary,0.7113905271708043,0.2886087758496506,6.969795450463233e-07
M0105,25,2,Aversion,1.0806759647868543e-05,0.9999891932403513,7.912844107419033e-16
M0105,26,3,Appreciation,0.0007674712351948873,2.9157783573786625e-12,0.9992325287618894
M0106,2,1,Transitionary,0.9488953366676943,0.05102670836231204,7.795496999363197e-05
M0106,3,3,Appreciation,0.2580494589452623,5.427816032098993e-07,0.7419499982731343
M0106,4,1,Transitionary,0.979069163594181,0.020836894087986516,9.394231783235771e-05
M0106,5,1,Transitionary,0.99013201148231,0.009495219633300975,0.00037276888438889273
M0106,6,1,Transitionary,0.9867519225743613,0.0007748838138457331,0.012473193611793044
M0106,7,1,Transitionary,0.8949141681363804,2.1483889522569065e-05,0.10506434797409736
M0106,8,1,Transitionary,0.9295956048311506,2.6117978188391826e-05,0.07037827719066085
M0106,9,2,Aversion,0.012566135756356334,0.9874338642123823,3.126173690813646e-11
M0106,10,1,Transitionary,0.9389766286683225,3.90473270769138e-05,0.06098432400460083
M0106,11,1,Transitionary,0.8833524358575529,0.11664491259585703,2.6515465900968842e-06
M0106,12,1,Transitionary,0.9026986168789061,9.319555541755734e-06,0.09729206356555174
M0106,13,3,Appreciation,1.256479714034971e-07,7.465387251632953e-21,0.9999998743520288
M0106,14,1,Transitionary,0.9231020356039764,0.07689759616771352,3.6822830961811495e-07
M0106,15,2,Aversion,0.21810221863500456,0.7818971307877164,6.5057727878153e-07
M0106,16,1,Transitionary,0.6610310316255629,0.33896490357967823,4.064794759339281e-06
M0106,17,3,Appreciation,2.4858364981946976e-08,1.5321555241236312e-20,0.9999999751416352
M0106,18,1,Transitionary,0.9884186293513526,0.01154797506370302,3.339558494452501e-05
M0106,19,1,Transitionary,0.9964642996454313,0.0005900298005174946,0.0029456705540509484
M0106,20,2,Aversion,3.842008110621343e-06,0.999996157991889,5.731157522091381e-16
M0106,21,1,Transitionary,0.9071620684529255,0.09277840613321811,5.95254138561798e-05
M0106,22,2,Aversion,8.691658564921421e-06,0.9999913083414322,2.9510719339472983e-15
M0106,23,1,Transitionary,0.9904119815711678,9.989464786588585e-05,0.00948812378096664
M0106,24,3,Appreciation,9.350787605347765e-07,1.5619829840676115e-19,0.9999990649212391
M0106,25,2,Aversion,0.00139540400112662,0.9986045959988709,2.44726832378234e-15
M0106,26,1,Transitionary,0.9238483534056423,0.07610982998584702,4.181660851049189e-05
M0107,2,3,Appreciation,0.05107547179864671,6.095970180950156e-09,0.948924522105383
M0107,3,3,Appreciation,0.010726676088979642,1.825303207700501e-11,0.9892733238927673
M0107,4,1,Transitionary,0.9977662869814674,0.0012554776065736308,0.0009782354119589709
M0107,5,1,Transitionary,0.99312853116029,0.006764221618068012,0.00010724722164191889
M0107,6,1,Transitionary,0.9949053666667321,0.004840776549682654,0.0002538567835852455
M0107,7,1,Transitionary,0.7874771103141592,0.21251895842647442,3.931259366266837e-06
M0107,8,3,Appreciation,0.40984856929523583,8.095328382557155e-07,0.5901506211719257
M0107,9,1,Transitionary,0.998412173170764,0.00125822154127367,0.0003296052879622069
M0107,10,1,Transitionary,0.9934936311156202,0.006419416659659638,8.6952224720265e-05
M0107,11,1,Transitionary,0.9961629078391386,0.0037960261491619056,4.106601169949352e-05
M0107,12,1,Transitionary,0.9910813120737763,0.008882977129175846,3.5710797047930446e-05
M0107,13,3,Appreciation,0.03703489682846185,1.4898108078071313e-12,0.9629651031700484
M0107,14,2,Aversion,1.1620040158375607e-08,0.9999999883799597,4.328547692357169e-21
M0107,15,2,Aversion,0.23488694517600564,0.7651126867866553,3.6803733906232854e-07
M0107,16,1,Transitionary,0.7424290969463319,0.25755868256023895,1.2220493429147171e-05
M0107,17,2,Aversion,2.8007682775024557e-06,0.9999971992317225,2.7635009046425692e-17
M0107,18,2,Aversion,0.06462079674323334,0.9353791813433543,2.191341238370088e-08
M0107,19,2,Aversion,0.30385536362208254,0.6961439684483727,6.679295447298721e-07
M0107,20,1,Transitionary,0.9228365662960516,0.0771277955796708,3.563812427765066e-05
M0107,21,1,Transitionary,0.7855773971571167,7.251418874169986e-06,0.21441535142400908
M0107,22,3,Appreciation,0.04429220659370417,2.702708163752793e-08,0.9557077663792143
M0107,23,3,Appreciation,1.6771301080265398e-06,5.1941837975855076e-18,0.9999983228698921
M0107,24,2,Aversion,0.18029703828136867,0.8197021408045391,8.2091409217201e-07
M0107,25,2,Aversion,0.005660050541484898,0.9943399494168126,4.1702409101748854e-11
M0107,26,1,Transitionary,0.9939785734481168,0.0031047260385581913,0.00291670051332514
M0108,2,1,Transitionary,0.9915065070291891,2.7595654509878718e-05,0.008465897316301093
M0108,3,2,Aversion,0.0032153075605624616,0.9967846924378657,1.571879914614151e-12
M0108,4,1,Transitionary,0.996407156578052,0.002968344238085374,0.0006244991838626558
M0108,5,3,Appreciation,0.10177549592089731,1.4133800968144724e-09,0.8982245026657226
M0108,6,1,Transitionary,0.997529674225471,0.002295561591300235,0.00017476418322880317
M0108,7,2,Aversion,0.17516621592926002,0.8248337839916315,7.910844612764612e-11
M0108,8,3,Appreciation,2.8321437807072906e-07,4.222277516426415e-20,0.9999997167856219
M0108,9,1,Transitionary,0.9860148890342719,1.8277942798994705e-05,0.013966833022929039
M0108,10,1,Transitionary,0.9943681290825135,1.1658702636430468e-05,0.005620212214850053
M0108,11,3,Appreciation,2.771928249934698e-07,1.2870938548147303e-20,0.999999722807175
M0108,12,1,Transitionary,0.9991206829215821,0.00015334493791103798,0.0007259721405068401
M0108,13,1,Transitionary,0.9942059281972736,0.005721959197096229,7.211260563018996e-05
M0108,14,1,Transitionary,0.9976842476881509,0.0019446393388046883,0.0003711129730444646
M0108,15,1,Transitionary,0.9986111602574993,0.00027628511085330725,0.0011125546316474038
M0108,16,3,Appreciation,0.0005165171549937309,1.0061849557334092e-13,0.9994834828449056
M0108,17,2,Aversion,0.00014725521908813807,0.9998527447809075,4.393319665599905e-15
M0108,18,1,Transitionary,0.6315666641297512,9.971383854827878e-07,0.3684323387318634
M0108,19,1,Transitionary,0.8248944938811993,9.510534075137109e-06,0.17509599558472555
M0108,20,1,Transitionary,0.908913897340194,0.09106688431511584,1.9218344690170298e-05
M0108,21,1,Transitionary,0.8261128534512131,0.17388365050235766,3.496046429257076e-06
M0108,22,2,Aversion,6.899233739998242e-07,0.999999310076626,2.55142595630575e-18
M0108,23,1,Transitionary,0.9981240537622847,4.2901290389201395e-05,0.0018330449473260206
M0108,24,3,Appreciation,2.2310771551278543e-08,1.8548910197234565e-21,0.9999999776892284
M0108,25,3,Appreciation,0.0021248980930954064,1.2804550509504882e-13,0.9978751019067765
M0108,26,3,Appreciation,1.0076533466933081e-05,1.8762342462769565e-16,0.9999899234665329
M0109,2,1,Transitionary,0.9898823515536926,0.009996794474480462,0.00012085397182699917
M0109,3,3,Appreciation,0.027839865563170054,5.313095915480038e-09,0.9721601291237341
M0109,4,1,Transitionary,0.9934910524777224,0.0027261114014147424,0.003782836120862959
M0109,5,1,Transitionary,0.9179776349455854,0.08201043651308539,1.192854132910218e-05
M0109,6,1,Transitionary,0.7710133922001337,0.2289714525648067,1.515523505967617e-05
M0109,7,3,Appreciation,0.16688315059201123,6.631481113666575e-07,0.8331161862598775
M0109,8,2,Aversion,0.18087910306988148,0.8191206336691135,2.6326100519518427e-07
M0109,9,3,Appreciation,0.04266495791866191,2.6969834611824895e-09,0.9573350393843547
M0109,10,1,Transitionary,0.5275213892492434,4.5500686477955216e-07,0.47247815574389207
M0109,11,2,Aversion,8.042211360891342e-05,0.9999195778863433,4.785972797422945e-14
M0109,12,1,Transitionary,0.6358272596029929,3.5535593920285817e-06,0.36416918683761496
M0109,13,1,Transitionary,0.9938320107098926,0.003155009944150019,0.0030129793459575086
M0109,14,3,Appreciation,0.00017009268510122637,6.298173125763259e-14,0.9998299073148356
M0109,15,1,Transitionary,0.8434364208443386,3.418965435379768e-05,0.15652938950130754
M0109,16,2,Aversion,0.02221229685568415,0.9777876915710226,1.1573293086532073e-08
M0109,17,1,Transitionary,0.9916571704971343,0.0011075672066505411,0.007235262296215038
M0109,18,1,Transitionary,0.9435725935374475,0.00031775335225034434,0.0561096531103022
M0109,19,1,Transitionary,0.9991488301110242,0.0008173703413759098,3.379954759963722e-05
M0109,20,1,Transitionary,0.982385216780594,3.6804250777061953e-05,0.017577978968628824
M0109,21,1,Transitionary,0.9308162471085334,3.37732326402056e-07,0.06918341515914038
M0109,22,3,Appreciation,0.0004978300015173571,1.241628380661428e-15,0.9995021699984815
M0109,23,1,Transitionary,0.975352964005076,4.146451024259417e-05,0.024605571484681274
M0109,24,2,Aversion,0.03166530209203369,0.9683346907194912,7.18847530636507e-09
M0109,25,3,Appreciation,0.00020495782748454242,2.3488745775173784e-13,0.9997950421722803
M0109,26,1,Transitionary,0.8612149605637737,0.138717624692586,6.741474364022877e-05
M0110,2,2,Aversion,0.05874148729508838,0.9412585063056259,6.39928587601238e-09
M0110,3,2,Aversion,0.0024142511675521163,0.9975857488056789,2.6768828672876248e-11
M0110,4,1,Transitionary,0.9872824383146974,0.009376206344077756,0.003341355341224749
M0110,5,3,Appreciation,0.20252942576177538,2.3264642071024204e-08,0.7974705509735827
M0110,6,1,Transitionary,0.9995620566403116,0.0003246377637273346,0.0001133055959614045
M0110,7,1,Transitionary,0.9977381593616653,0.0004619985754828516,0.0017998420628514212
M0110,8,1,Transitionary,0.8944698547590321,1.878151480743524e-05,0.10551136372616071
M0110,9,3,Appreciation,0.003024349360341629,5.746330458177384e-12,0.9969756506339118
M0110,10,3,Appreciation,0.07786285235978738,6.047937509464331e-09,0.9221371415922748
M0110,11,3,Appreciation,7.82458961022345e-08,3.0166290172865254e-21,0.9999999217541036
M0110,12,1,Transitionary,0.9998820002447107,8.276163781692963e-05,3.523811747277701e-05
M0110,13,1,Transitionary,0.9192333821326943,0.0001249176980122985,0.08064170016929365
M0110,14,3,Appreciation,0.10037448494689191,7.303765265806736e-08,0.8996254420154555
M0110,15,3,Appreciation,0.005156724673959968,7.107515253321962e-10,0.9948432746152884
M0110,16,3,Appreciation,6.887011349329187e-06,3.776760195122128e-15,0.9999931129886471
M0110,17,1,Transitionary,0.9960464042356652,0.002658519652350035,0.001295076111984575
M0110,18,3,Appreciation,0.26146166221595385,1.1451308313993343e-06,0.7385371926532149
M0110,19,1,Transitionary,0.9709850514874846,0.000302308889119127,0.028712639623395816
M0110,20,3,Appreciation,0.2113358806105965,3.660502094420616e-07,0.7886637533391938
M0110,21,1,Transitionary,0.9840437589496499,0.0007200336867064942,0.01523620736364337
M0110,22,1,Transitionary,0.7764488251490155,0.22354616161369562,5.013237289267942e-06
M0110,23,3,Appreciation,0.0009077494486122607,2.64100061187557e-12,0.999092250548747
M0110,24,1,Transitionary,0.9951936249722341,0.0035341917827564143,0.0012721832450097894
M0110,25,1,Transitionary,0.9941163685000501,0.005030682435836259,0.0008529490641139681
M0110,26,3,Appreciation,0.3445102979330495,3.319919511415351e-06,0.6554863821474388
M0111,2,1,Transitionary,0.9934348795795661,0.0017407958401675341,0.00482432458026698
M0111,3,1,Transitionary,0.5536206351367763,0.44637893199415285,4.328690710871747e-07
M0111,4,2,Aversion,2.3782994590191104e-07,0.9999997621700539,2.5374829365702923e-20
M0111,5,2,Aversion,0.17720837996604838,0.8227915624635906,5.7570361421073026e-08
M0111,6,1,Transitionary,0.9939624278995137,0.0008450445311240782,0.00519252756936247
M0111,7,1,Transitionary,0.793032335884057,9.417267445302768e-06,0.20695824684849756
M0111,8,1,Transitionary,0.7922603020063684,5.3677014208043116e-05,0.20768602097942296
M0111,9,1,Transitionary,0.9653107275207093,0.03460850889751243,8.076358177908537e-05
M0111,10,1,Transitionary,0.6453363490591068,0.3546606950177573,2.9559231355257e-06
M0111,11,2,Aversion,0.0009573268499232472,0.9990426731476533,2.422996575365324e-12
M0111,12,2,Aversion,0.04050602894837885,0.9594939710113082,4.0313551446562445e-11
M0111,13,1,Transitionary,0.9391151909953498,3.738752820362131e-05,0.06084742147644648
M0111,14,2,Aversion,0.02955524514541268,0.9704447402514714,1.4603115310721596e-08
M0111,15,1,Transitionary,0.9485397949875876,0.05145975650963439,4.485027781189082e-07
M0111,16,2,Aversion,0.1400573781184303,0.8599425457111362,7.617043325470033e-08
M0111,17,1,Transitionary,0.8263945248919015,1.8963893516378283e-06,0.1736035787187473
M0111,18,1,Transitionary,0.8246789540210213,0.1753181062652427,2.9397137354874856e-06
M0111,19,3,Appreciation,3.110646345156454e-09,7.163747166910125e-23,0.999999996889354
M0111,20,2,Aversion,0.00031290193434130965,0.9996870980656128,4.553155541340249e-14
M0111,21,1,Transitionary,0.7628173872562152,5.169303955138197e-07,0.2371820958133887
M0111,22,1,Transitionary,0.9876333200442747,0.012356650625807496,1.0029329917139737e-05
M0111,23,3,Appreciation,0.1980172476483638,7.064457096990362e-11,0.801982752280991
M0111,24,1,Transitionary,0.9171149036688776,0.08288508873674696,7.59437491108392e-09
M0111,25,3,Appreciation,0.07493533877011582,3.377344012238344e-08,0.9250646274564438
M0111,26,3,Appreciation,0.00010742055957787786,7.855854611076114e-14,0.9998925794403439
M0112,2,2,Aversion,0.0020573974777428074,0.9979426025169907,5.266440709354802e-12
M0112,3,1,Transitionary,0.9062684354155283,4.188473663262934e-05,0.0936896798478392
M0112,4,3,Appreciation,0.4131404190156619,1.2273753131919443e-07,0.5868594582468073
M0112,5,3,Appreciation,0.02331994587912303,1.2990458229878736e-11,0.9766800541078865
M0112,6,1,Transitionary,0.9218452066357429,0.07803465696546769,0.00012013639878971858
M0112,7,3,Appreciation,0.012134553708960246,3.361060729306091e-10,0.9878654459549341
M0112,8,3,Appreciation,1.9315537807266494e-10,9.638344344327797e-27,0.9999999998068443
M0112,9,3,Appreciation,0.021940806745274176,1.875040644569394e-10,0.9780591930672214
M0112,10,1,Transitionary,0.9966404467631127,0.00013117983157203967,0.003228373405315356
M0112,11,1,Transitionary,0.9912247440966018,0.00876787054404371,7.3853593546558764e-06
M0112,12,3,Appreciation,9.713660810859463e-05,3.2575495126475994e-14,0.9999028633918589
M0112,13,1,Transitionary,0.5048584020811863,1.3558307999214745e-06,0.4951402420880134
M0112,14,1,Transitionary,0.8624658096926222,0.1375236751479354,1.0515159442020967e-05
M0112,15,1,Transitionary,0.7630649582876512,0.23693209816280103,2.943549547434645e-06
M0112,16,1,Transitionary,0.9964873372039549,0.00339542597531909,0.00011723682072626721
M0112,17,1,Transitionary,0.9974426873957928,0.0014032939504246905,0.0011540186537828993
M0112,18,2,Aversion,0.43344662787057164,0.5665531777582157,1.943712130815321e-07
M0112,19,1,Transitionary,0.9984493548244513,0.0003433510674466862,0.0012072941081023828
M0112,20,3,Appreciation,7.363719325019485e-07,9.091553252530796e-18,0.9999992636280679
M0112,21,1,Transitionary,0.9973117513291735,0.00024434320576363926,0.0024439054650624045
M0112,22,1,Transitionary,0.9940664960376902,0.005836572107863008,9.693185444697073e-05
M0112,23,1,Transitionary,0.986289411501308,0.013675808776215355,3.477972247713384e-05
M0112,24,1,Transitionary,0.9152912125659981,3.467334644768703e-08,0.08470875276065522
M0112,25,1,Transitionary,0.904673956326355,1.158442100340412e-05,0.0953144592526417
M0112,26,3,Appreciation,0.46604949156227876,1.3353559542923244e-07,0.5339503749021255
M0113,2,3,Appreciation,4.337579873984464e-05,5.796671146004417e-15,0.9999566242012546
M0113,3,3,Appreciation,0.012513525245303282,6.022267726272533e-10,0.9874864741524696
M0113,4,2,Aversion,0.4435233405430786,0.5564709562688169,5.703188104299968e-06
M0113,5,2,Aversion,0.08767992740520322,0.9123196929436903,3.7965110681126765e-07
M0113,6,2,Aversion,0.0058457593976437355,0.9941542405564795,4.587694721660292e-11
M0113,7,1,Transitionary,0.971957905938327,0.027473309257307718,0.0005687848043657569
M0113,8,1,Transitionary,0.8692209639396226,6.205499784583298e-05,0.1307169810625318
M0113,9,1,Transitionary,0.5893619962688904,0.41062338280970234,1.4620921407411585e-05
M0113,10,2,Aversion,0.007450827179403285,0.9925491720399899,7.806066468960569e-10
M0113,11,1,Transitionary,0.9848947655002824,0.01439882650487786,0.0007064079948397224
M0113,12,2,Aversion,7.500836891657205e-06,0.9999924991631054,3.2169690388055515e-15
M0113,13,3,Appreciation,8.802351701880308e-05,3.546944285997361e-13,0.9999119764826261
M0113,14,1,Transitionary,0.9928933999409186,3.372737658818301e-07,0.007106262785315551
M0113,15,3,Appreciation,0.09309109933237375,6.229625989484045e-09,0.906908894438
M0113,16,1,Transitionary,0.7132112166165924,1.992040451776968e-06,0.28678679134295554
M0113,17,2,Aversion,0.0023699840529591574,0.9976300159447133,2.327695122169571e-12
M0113,18,1,Transitionary,0.9721954479887223,0.026840073163557257,0.0009644788477203891
M0113,19,2,Aversion,0.00037590254917880503,0.9996240974401011,1.0719972123791084e-11
M0113,20,2,Aversion,0.004295248613867913,0.9957047512625411,1.2359099915474791e-10
M0113,21,2,Aversion,0.1752318012909622,0.8247679769431564,2.2176588175862422e-07
M0113,22,1,Transitionary,0.874417303379691,0.12551830797620914,6.43886440997125e-05
M0113,23,1,Transitionary,0.9519989870453983,0.0479436830175431,5.7329937058273945e-05
M0113,24,2,Aversion,0.12483663025786888,0.8751631134484098,2.562937212239678e-07
M0113,25,2,Aversion,0.1169963666319632,0.8830035209098448,1.1245819173273353e-07
M0113,26,1,Transitionary,0.9911533756453126,0.0008029019466801853,0.008043722408007267
M0114,2,1,Transitionary,0.8028773080640101,0.19712115028352659,1.5416524630718223e-06
M0114,3,3,Appreciation,0.003661593029151883,2.515762084681233e-11,0.9963384069456901
M0114,4,1,Transitionary,0.999865859735441,8.997857122822643e-06,0.00012514240743593245
M0114,5,1,Transitionary,0.9713324709890109,0.028580793926076035,8.673508491275527e-05
M0114,6,3,Appreciation,0.0007996282545328714,7.874815634202187e-13,0.9992003717446797
M0114,7,1,Transitionary,0.9976785209511886,0.002275748384072468,4.573066473869917e-05
M0114,8,1,Transitionary,0.9938150610669342,0.005483705039421442,0.0007012338936446671
M0114,9,1,Transitionary,0.5638629557610768,0.43612963716871966,7.407070203794279e-06
M0114,10,2,Aversion,0.0032239802228280104,0.9967760195569582,2.2021367744316295e-10
M0114,11,1,Transitionary,0.9914088077366567,0.0003447127826131256,0.00824647948073009
M0114,12,1,Transitionary,0.9976475359386849,0.0016845925906517143,0.0006678714706636245
M0114,13,1,Transitionary,0.9913489005855062,0.0004068346446468793,0.008244264769847017
M0114,14,1,Transitionary,0.9973441777948293,0.00252785007119485,0.00012797213397560897
M0114,15,1,Transitionary,0.9981590319087855,0.0008660086132425059,0.0009749594779716857
M0114,16,3,Appreciation,0.012977422633421599,1.1547438926581608e-10,0.9870225772511039
M0114,17,1,Transitionary,0.9971960218850856,0.0028000365453515696,3.941569563143018e-06
M0114,18,3,Appreciation,0.050314268391576544,1.315521047936669e-12,0.9496857316071077
M0114,19,3,Appreciation,3.2905327959366435e-05,1.1031028457205698e-16,0.9999670946720401
M0114,20,3,Appreciation,0.00016316398995983828,7.36578469939959e-15,0.9998368360100326
M0114,21,2,Aversion,0.10854152189954362,0.8914584726898861,5.410570565705324e-09
M0114,22,3,Appreciation,0.2557046062009621,1.0386181978630353e-07,0.7442952899372185
M0114,23,2,Aversion,0.2550491724675393,0.7449495615674159,1.2659650447624631e-06
M0114,24,3,Appreciation,0.0006530628362524229,1.6328799005126603e-12,0.9993469371621151
M0114,25,1,Transitionary,0.9887577928254927,0.011223200799585031,1.9006374922663368e-05
M0114,26,1,Transitionary,0.9977201832077274,0.0022796375339563506,1.7925831646307234e-07
M0115,2,1,Transitionary,0.9819824381580788,0.017942741495908965,7.482034601233836e-05
M0115,3,3,Appreciation,0.001186596525866727,2.246544750756845e-12,0.9988134034718863
M0115,4,1,Transitionary,0.8111653235442614,0.18883466445541963,1.2000318973833714e-08
M0115,5,3,Appreciation,0.26784736168606676,1.4557356778695295e-07,0.7321524927403653
M0115,6,3,Appreciation,6.43870216810099e-05,7.178136997025115e-14,0.999935612978247
M0115,7,1,Transitionary,0.9049364623419737,0.00019469165200054008,0.09486884600602541
M0115,8,1,Transitionary,0.9983767689037656,0.000563849627684254,0.0010593814685501929
M0115,9,1,Transitionary,0.8517705016960384,0.1482214800495122,8.018254449499917e-06
M0115,10,3,Appreciation,2.32154574864387e-09,1.945354305385886e-23,0.9999999976784544
M0115,11,3,Appreciation,0.04666706733319491,8.612217032341469e-10,0.9533329318055834
M0115,12,2,Aversion,1.65833654642632e-06,0.9999983416634538,1.652392671435844e-20
M0115,13,3,Appreciation,0.08768830827730427,9.575931093309337e-09,0.9123116821467647
M0115,14,1,Transitionary,0.9999692682178638,2.430170551704453e-06,2.830161158420499e-05
M0115,15,1,Transitionary,0.9995567196093154,0.0003235948284750883,0.00011968556220954242
M0115,16,3,Appreciation,0.13256469591168113,2.8672113062144994e-08,0.8674352754162062
M0115,17,2,Aversion,0.0005637796617321213,0.9994362203379873,2.8089363735103575e-13
M0115,18,2,Aversion,0.012278549856777682,0.9877214497813049,3.6191743454400214e-10
M0115,19,1,Transitionary,0.9748267700021175,0.0009952052732708563,0.024178024724611336
M0115,20,1,Transitionary,0.9714038136858649,0.00026547887474833153,0.02833070743938699
M0115,21,1,Transitionary,0.9840288513317521,0.01584137949718192,0.00012976917106599997
M0115,22,2,Aversion,0.08979052567360764,0.9102093831546825,9.117170991524808e-08
M0115,23,2,Aversion,0.14652204648815542,0.8534778249865809,1.285252632873208e-07
M0115,24,1,Transitionary,0.9758457050667271,0.023978210201457077,0.00017608473181583844
M0115,25,2,Aversion,0.11421603415657111,0.8857839604702606,5.373168684591573e-09
M0115,26,1,Transitionary,0.6378498332088274,0.3621474335752893,2.733215883146311e-06
M0116,2,1,Transitionary,0.9975413740249713,0.0007368936328999797,0.0017217323421294351
M0116,3,1,Transitionary,0.7113898476859004,3.1711265902447753e-06,0.28860698118750994
M0116,4,3,Appreciation,0.05905771515624339,8.537471857426468e-08,0.9409421994690375
M0116,5,3,Appreciation,1.2935498163901151e-05,3.550787395979218e-16,0.9999870645018355
M0116,6,1,Transitionary,0.7992636268173143,0.20073136377888268,5.0094038028205825e-06
M0116,7,3,Appreciation,0.07221834282269257,1.4018218008017237e-08,0.9277816431590897
M0116,8,1,Transitionary,0.9980602113625628,3.150139327992204e-05,0.0019082872441566646
M0116,9,3,Appreciation,0.46922952925863787,3.2217741569739507e-06,0.5307672489672057
M0116,10,2,Aversion,0.00033985112746392387,0.9996601488724339,1.0175110556359942e-13
M0116,11,1,Transitionary,0.9207515769645387,0.07924160844896472,6.8145864959121424e-06
M0116,12,2,Aversion,0.07262823820301942,0.9273717545713878,7.225592800667961e-09
M0116,13,1,Transitionary,0.8646682586852519,0.13532846090302014,3.2804117279614e-06
M0116,14,2,Aversion,0.12340455958725094,0.8765954155149716,2.489777798157163e-08
M0116,15,1,Transitionary,0.7394985027952573,0.26050045078767725,1.0464170651909333e-06
M0116,16,3,Appreciation,1.4234263073849568e-09,2.2700459842633745e-24,0.9999999985765733
M0116,17,1,Transitionary,0.9000714562579931,5.892027229574127e-06,0.0999226517147779
M0116,18,1,Transitionary,0.6819213352839724,0.318075627331992,3.0373840355417052e-06
M0116,19,3,Appreciation,0.04771998581446912,3.403423046591895e-08,0.9522799801512997
M0116,20,2,Aversion,0.0002063533597719126,0.9997936466395632,6.642414413072562e-13
M0116,21,1,Transitionary,0.9730931560498661,0.00019341122954736128,0.02671343272058725
M0116,22,2,Aversion,0.22319856840409605,0.7768014295588054,2.0370993160230118e-09
M0116,23,1,Transitionary,0.9719606302086625,0.0003194978683546194,0.027719871922982996
M0116,24,1,Transitionary,0.9934309562694125,0.0052178477768881045,0.0013511959536988975
M0116,25,2,Aversion,1.1399006196614596e-07,0.9999998860099376,8.351355948273332e-22
M0116,26,1,Transitionary,0.9961833813046201,0.00372308379085583,9.353490452464761e-05
M0117,2,1,Transitionary,0.9786655447143666,0.0004131856644566479,0.020921269621176613
M0117,3,1,Transitionary,0.9950479596484784,0.0009928760018101405,0.003959164349711287
M0117,4,1,Transitionary,0.9952053695246187,0.0002497170795362782,0.004544913395845403
M0117,5,1,Transitionary,0.9947099899611996,0.005186019439873692,0.00010399059892721708
M0117,6,1,Transitionary,0.9963792527397368,0.0009305576119206856,0.0026901896483418203
M0117,7,3,Appreciation,0.28226623726563654,2.3419194302427632e-07,0.7177335285424201
M0117,8,1,Transitionary,0.9946220222180737,0.00024369121545096426,0.0051342865664761395
M0117,9,1,Transitionary,0.9693166683157954,1.148109065087431e-05,0.03067185059355454
M0117,10,1,Transitionary,0.9775048356886228,0.02248102933546555,1.4134975912383387e-05
M0117,11,1,Transitionary,0.7697577488060006,0.23024157684573093,6.743482689902968e-07
M0117,12,2,Aversion,0.0005388012008351342,0.9994611987971308,2.0342634784159585e-12
M0117,13,1,Transitionary,0.9582487735103022,3.988463108789536e-05,0.041711341858609016
M0117,14,2,Aversion,0.0775770435161292,0.9224228238650614,1.326188102534668e-07
M0117,15,3,Appreciation,0.00597459301773848,9.192147630584497e-10,0.9940254060630461
M0117,16,3,Appreciation,0.0003648193759420637,2.437507616707099e-14,0.999635180624034
M0117,17,2,Aversion,6.6309922183132845e-06,0.9999933690077816,6.782400482596425e-17
M0117,18,2,Aversion,0.05353575426165105,0.9464642295596951,1.6178653504687784e-08
M0117,19,3,Appreciation,0.002946581285539554,5.563099328964535e-11,0.9970534186588293
M0117,20,3,Appreciation,1.527630760794224e-05,4.254832820644229e-14,0.9999847236923487
M0117,21,1,Transitionary,0.8872082774744676,0.11279147072014763,2.5180538500804413e-07
M0117,22,3,Appreciation,5.907327385495392e-11,7.83982848818869e-26,0.9999999999409273
M0117,23,2,Aversion,0.23084213913942572,0.7691576805950006,1.8026557283029948e-07
M0117,24,2,Aversion,0.060588820503911664,0.9394111615597376,1.793635051208899e-08
M0117,25,1,Transitionary,0.9274808671488531,0.07247667624508598,4.2456606060674805e-05
M0117,26,3,Appreciation,0.34239704580014124,9.051644596241382e-08,0.6576028636834121
M0118,2,1,Transitionary,0.9354825388904877,5.759490340971786e-06,0.06451170161917111
M0118,3,1,Transitionary,0.8550398311562366,0.14495573829696495,4.4305467986528006e-06
M0118,4,2,Aversion,0.15134962864543478,0.8486503394848461,3.186971945720105e-08
M0118,5,3,Appreciation,0.00010146258712155394,2.8149331965192774e-14,0.9998985374128506
M0118,6,1,Transitionary,0.9443861261745329,0.05560191316140058,1.1960664066744043e-05
M0118,7,2,Aversion,0.3710114832431594,0.6289865570252494,1.959731591195662e-06
M0118,8,2,Aversion,0.036774460751713985,0.9632254943647752,4.4883511221782276e-08
M0118,9,1,Transitionary,0.5838817500991618,0.4161182403746494,9.52618890798885e-09
M0118,10,1,Transitionary,0.923194181491853,0.07672554923680408,8.026927134255238e-05
M0118,11,3,Appreciation,0.011374675281483957,1.4885166833919972e-09,0.988625323229999
M0118,12,1,Transitionary,0.9860485452125657,0.00029149149336770005,0.013659963294066244
M0118,13,1,Transitionary,0.9657227974917196,0.03396709970485297,0.000310102803427085
M0118,14,1,Transitionary,0.9958090171703725,0.0036251085793226967,0.0005658742503047244
M0118,15,1,Transitionary,0.9766263572726557,0.000652201260650701,0.022721441466693974
M0118,16,2,Aversion,0.10784169106647482,0.8921582594989638,4.943456097852663e-08
M0118,17,1,Transitionary,0.9793882174083031,0.020389918871952892,0.00022186371974370502
M0118,18,2,Aversion,0.034309914542667456,0.96569007385474,1.1602592705972463e-08
M0118,19,2,Aversion,0.3373375931962117,0.6626617032031388,7.036006497240617e-07
M0118,20,1,Transitionary,0.9854807146683163,0.014358908931053172,0.00016037640063076017
M0118,21,3,Appreciation,0.22136919406127145,3.8493250354056824e-07,0.7786304210062253
M0118,22,1,Transitionary,0.9884888942644597,0.011500526184856424,1.0579550683621433e-05
M0118,23,3,Appreciation,0.01823108523867954,2.6144558429033874e-10,0.9817689144998749
M0118,24,3,Appreciation,0.0019501798257021143,1.6176381458675098e-12,0.9980498201726798
M0118,25,2,Aversion,0.036803861601907864,0.963196138250071,1.480212998669526e-10
M0118,26,3,Appreciation,0.13067721214276898,5.553275302963987e-09,0.8693227823039559
M0119,2,2,Aversion,0.018578165046845486,0.9814218348971536,5.6000912630382154e-11
M0119,3,1,Transitionary,0.9953357717644197,1.741580637462925e-06,0.004662486654942862
M0119,4,2,Aversion,0.000155556146827256,0.9998444438531064,6.630648199902832e-14
M0119,5,1,Transitionary,0.9963323642752905,0.002061908566973022,0.00160572715773652
M0119,6,1,Transitionary,0.9887636461972437,0.011189309844187317,4.704395856893603e-05
M0119,7,2,Aversion,0.28817235990326767,0.7118269025473719,7.375493603760129e-07
M0119,8,1,Transitionary,0.8543950185961114,0.14556755263431567,3.742876957284166e-05
M0119,9,2,Aversion,0.024383468640310955,0.9756165306627093,6.969798931083198e-10
M0119,10,3,Appreciation,0.25921485802561156,1.6163428894544665e-07,0.7407849803400995
M0119,11,1,Transitionary,0.9735133229966012,0.026386714465316045,9.996253808270432e-05
M0119,12,1,Transitionary,0.9379037934633516,0.0620264747010369,6.973183561132287e-05
M0119,13,2,Aversion,0.13294010793747513,0.867059797019289,9.504323580416945e-08
M0119,14,3,Appreciation,0.012447647499453426,1.5805505373086622e-09,0.9875523509199959
M0119,15,1,Transitionary,0.9506519526181549,0.04931600754801073,3.203983383424605e-05
M0119,16,1,Transitionary,0.9923048595297733,0.00017019567642125808,0.0075249447938053335
M0119,17,1,Transitionary,0.9849771963956717,0.002311817119423215,0.012710986484905122
M0119,18,1,Transitionary,0.9986888264944296,0.0003141190282118817,0.0009970544773584217
M0119,19,1,Transitionary,0.8416331255269627,1.2409646209124103e-05,0.15835446482682827
M0119,20,1,Transitionary,0.8096450980326098,0.19035478053437802,1.214330122613667e-07
M0119,21,3,Appreciation,0.3025034644064183,8.977699095144996e-07,0.6974956378236722
M0119,22,1,Transitionary,0.9997371837279806,0.0002348196933159195,2.7996578703415837e-05
M0119,23,3,Appreciation,0.04797631057917196,5.094386702899643e-08,0.952023638476961
M0119,24,1,Transitionary,0.9537299681781662,4.006022970217163e-06,0.046266025798863505
M0119,25,3,Appreciation,0.010888303046538298,8.561081287508892e-10,0.9891116960973535
M0119,26,1,Transitionary,0.703094270668298,9.107288000850116e-07,0.29690481860290197
M0120,2,1,Transitionary,0.9951494604587818,0.0005997537725951324,0.004250785768622987
M0120,3,3,Appreciation,2.702909960665198e-06,6.518506166991874e-17,0.999997297090039
M0120,4,1,Transitionary,0.9936825704559288,0.001302396117402,0.005015033426669057
M0120,5,2,Aversion,0.001269620517355139,0.9987303794800407,2.6039190789762842e-12
M0120,6,1,Transitionary,0.9897061162021853,0.005491424071140308,0.004802459726674236
M0120,7,2,Aversion,7.527181521081876e-09,0.9999999924728176,1.8190445519574886e-24
M0120,8,1,Transitionary,0.9876710281465279,0.0017876561604456432,0.010541315693026467
M0120,9,3,Appreciation,0.01737423226448629,8.188704814823403e-10,0.9826257669166434
M0120,10,1,Transitionary,0.5638965994819424,0.4361031999711183,2.0054693873318305e-07
M0120,11,3,Appreciation,0.354673365781363,3.1816362387335984e-07,0.6453263160550124
M0120,12,1,Transitionary,0.8633485196264193,7.430150068161348e-06,0.13664405022351248
M0120,13,2,Aversion,0.00340562828171801,0.9965943717182422,3.9983064524625275e-14
M0120,14,1,Transitionary,0.9118882155048689,0.08809854874656513,1.3235748565113051e-05
M0120,15,1,Transitionary,0.9341300489423049,1.5562093922125856e-05,0.06585438896377256
M0120,16,3,Appreciation,0.08810299351395662,2.7757449334731885e-08,0.9118969787285935
M0120,17,1,Transitionary,0.9488706558682563,0.051098645664699696,3.0698467043713094e-05
M0120,18,1,Transitionary,0.6460211342146223,2.458695459435896e-09,0.35397886332668227
M0120,19,3,Appreciation,0.001954679438277629,5.439130113205061e-13,0.998045320561178
M0120,20,3,Appreciation,0.12861490033907472,3.178082015957967e-08,0.8713850678801054
M0120,21,1,Transitionary,0.9520744818694076,1.9532454855548692e-05,0.04790598567573773
M0120,22,2,Aversion,0.36477415003814195,0.6352255931708305,2.567910273023556e-07
M0120,23,3,Appreciation,0.005832412322712525,5.39189850453393e-12,0.9941675876718958
M0120,24,1,Transitionary,0.9994782300643614,0.00042681362494984595,9.495631068938053e-05
M0120,25,3,Appreciation,0.0009624379947792127,7.331050768857318e-13,0.9990375620044885
M0120,26,3,Appreciation,3.19534793774422e-07,1.0634229531544914e-19,0.9999996804652063
