manager_id,period_id,most_likely_state,most_likely_label,posterior_state_1,posterior_state_2,posterior_state_3
M0001,2,3,Transitionary,0.006776030695594057,0.0002587663136327927,0.992965202990774
M0001,3,3,Transitionary,2.478731478659636e-06,0.14148285136325697,0.8585146699052648
M0001,4,2,Aversion,2.598401472920937e-13,0.9994587054593527,0.0005412945403877117
M0001,5,3,Transitionary,0.06848086871692259,9.696435340128634e-07,0.931518161639544
M0001,6,3,Transitionary,0.0010878762706470436,0.00027180828063102526,0.9986403154487214
M0001,7,2,Aversion,6.601178675153938e-23,0.999999955271739,4.472826013738732e-08
M0001,8,3,Transitionary,0.0075981257375371996,0.041984459169062315,0.9504174150934012
M0001,9,3,Transitionary,0.013411668013243361,2.399450264737301e-05,0.9865643374841094
M0001,10,3,Transitionary,0.0003672765167150385,0.041016805960232466,0.9586159175230524
M0001,11,1,Appreciation,0.9709914219977699,4.0908249003287017e-10,0.02900857759314802
M0001,12,2,Aversion,3.2598502489383095e-13,0.9995382215433986,0.0004617784562757509
M0001,13,3,Transitionary,0.00015713309629358625,0.0022405245694320695,0.9976023423342736
M0001,14,1,Appreciation,0.9999214265305029,7.660170937480874e-14,7.857346942040814e-05
M0001,15,1,Appreciation,0.9880808367902681,2.068925747493358e-11,0.011919163189043435
M0001,16,3,Transitionary,0.03959506648838517,5.2784533188325226e-05,0.9603521489784266
M0001,17,3,Transitionary,0.1971953814092493,1.908781951355118e-06,0.8028027098087998
M0001,18,1,Appreciation,0.9990764926632215,1.2499990837362818e-14,0.0009235073367663559
M0001,19,1,Appreciation,0.9461010008736604,4.950731848067952e-10,0.05389899863126603
M0001,20,3,Transitionary,0.04998641624930831,3.61616027033648e-05,0.9499774221479887
M0001,21,3,Transitionary,0.006017122538692578,0.0004587525424567977,0.9935241249188498
M0001,22,1,Appreciation,0.9237140482307453,5.80814994138544e-10,0.0762859511884391
M0001,23,3,Transitionary,0.00023098820034690384,0.002279722280326023,0.9974892895193268
M0001,24,1,Appreciation,0.9999998343275354,4.8753552421342264e-21,1.656724648774075e-07
M0001,25,3,Transitionary,0.012687964289660836,7.326516780968971e-05,0.9872387705425293
M0001,26,1,Appreciation,0.9999996647724754,2.807703280865762e-20,3.35227525224251e-07
M0002,2,3,Transitionary,0.023445654831793523,2.1658277548466384e-06,0.9765521793404518
M0002,3,3,Transitionary,1.063232759369226e-06,0.16763889073414082,0.8323600460330998
M0002,4,3,Transitionary,0.0013379790449510446,0.00021954604665985064,0.9984424749083898
M0002,5,2,Aversion,1.5230820331469111e-12,0.9994135988881266,0.0005864011103499657
M0002,6,2,Aversion,5.11876174571076e-10,0.9638745175868655,0.036125481901257694
M0002,7,3,Transitionary,0.05297494234710436,8.508271310981428e-06,0.9470165493815843
M0002,8,2,Aversion,5.486300848618487e-19,0.9999954018406556,4.598159344827656e-06
M0002,9,3,Transitionary,4.842501720801481e-07,0.3873694464018363,0.6126300693479922
M0002,10,3,Transitionary,0.10732561043701716,1.8977984448100395e-07,0.8926741997831377
M0002,11,2,Aversion,1.9692897539563355e-11,0.9966300173958903,0.003369982584416862
M0002,12,2,Aversion,9.59764540855082e-08,0.7773415171529521,0.22265838687059356
M0002,13,3,Transitionary,0.46324680572071636,3.587963585272259e-07,0.5367528354829256
M0002,14,3,Transitionary,0.3715550866556115,3.55278241767152e-08,0.6284448778165648
M0002,15,1,Appreciation,0.9999540215480661,3.526553933389093e-17,4.597845193392689e-05
M0002,16,2,Aversion,9.497797783562269e-13,0.9975283992850663,0.0024716007139837476
M0002,17,3,Transitionary,1.612895521606793e-08,0.4524232302643615,0.5475767536066826
M0002,18,3,Transitionary,0.3858771372110026,1.3484038577871062e-06,0.6141215143851402
M0002,19,1,Appreciation,0.8930396818359198,5.484072321162564e-08,0.10696026332335716
M0002,20,2,Aversion,6.600531631339356e-21,0.9999999629413139,3.7058686831700586e-08
M0002,21,3,Transitionary,7.55441847989092e-05,0.002024973162778182,0.997899482652423
M0002,22,1,Appreciation,0.999986947612175,3.5348787140180166e-17,1.3052387824975012e-05
M0002,23,3,Transitionary,5.547130041885633e-06,0.061554216962041435,0.938440235907917
M0002,24,1,Appreciation,0.999905043848807,3.093126448307952e-15,9.49561511892754e-05
M0002,25,3,Transitionary,1.4962350496702897e-07,0.06714018511974583,0.9328596652567497
M0002,26,1,Appreciation,0.9999891499763921,2.7781461986827544e-16,1.0850023606717575e-05
M0003,2,3,Transitionary,0.4180426983452112,4.2155673861953376e-07,0.5819568800980502
M0003,3,3,Transitionary,1.183446783946275e-06,0.10870836395587455,0.8912904525973414
M0003,4,1,Appreciation,0.9999623596671041,3.2289370031184454e-16,3.764033289566424e-05
M0003,5,1,Appreciation,0.996246114380167,2.4055656318879605e-13,0.0037538856195925008
M0003,6,1,Appreciation,0.6310428014678209,2.6633039245021213e-09,0.3689571958688752
M0003,7,2,Aversion,5.016738253495181e-15,0.9999295399537304,7.046004626471886e-05
M0003,8,3,Transitionary,0.147143678913911,2.2981129213295278e-08,0.8528562981049598
M0003,9,1,Appreciation,0.9616370319241802,1.125883362311873e-09,0.03836296694993643
M0003,10,3,Transitionary,6.862252153828601e-08,0.005773481941771457,0.9942264494357069
M0003,11,1,Appreciation,0.9911248904905351,6.27968018812008e-10,0.00887510888149695
M0003,12,3,Transitionary,0.0015373958501562078,0.0012611139932904663,0.9972014901565532
M0003,13,1,Appreciation,0.9752734955066916,5.71132526626689e-08,0.024726447380055663
M0003,14,3,Transitionary,0.004397222220473836,0.0011542884834387806,0.9944484892960873
M0003,15,2,Aversion,1.1020360666374065e-12,0.9997253474323621,0.00027465256653589796
M0003,16,3,Transitionary,1.337088789447762e-06,0.20156199818344073,0.7984366647277698
M0003,17,2,Aversion,6.377547861933327e-09,0.9260015181383405,0.07399847548411159
M0003,18,3,Transitionary,1.2968030477168109e-05,0.008666200193797826,0.991320831775725
M0003,19,1,Appreciation,0.8916828126597391,9.0411107988276e-09,0.10831717829915015
M0003,20,3,Transitionary,0.01900171977897417,3.370949741377705e-05,0.9809645707236121
M0003,21,3,Transitionary,0.007427519078143399,0.009820937314984535,0.982751543606872
M0003,22,1,Appreciation,0.9433031906171839,3.18717152421045e-10,0.05669680906409896
M0003,23,3,Transitionary,0.058055118314201716,7.6918722773506e-08,0.9419448047670756
M0003,24,2,Aversion,4.359548672815857e-09,0.9748637914348427,0.02513620420560864
M0003,25,3,Transitionary,0.002076625416145781,0.0002781842930701453,0.9976451902907841
M0003,26,3,Transitionary,0.2840084670774399,3.4018245695350913e-06,0.7159881310979904
M0004,2,1,Appreciation,0.994077559204216,5.845763774768835e-09,0.005922434950019678
M0004,3,2,Aversion,6.263431406155927e-07,0.8775973925314877,0.12240198112537111
M0004,4,3,Transitionary,0.017654299706317444,8.818251737427942e-05,0.9822575177763077
M0004,5,3,Transitionary,7.841055765823627e-05,0.05078344723144803,0.9491381422108941
M0004,6,3,Transitionary,0.0011005038538040206,0.015285989591407093,0.9836135065547883
M0004,7,3,Transitionary,1.1999409641247604e-05,0.23913673003188318,0.7608512705584762
M0004,8,3,Transitionary,5.413579070335635e-05,0.18188336662594648,0.81806249758335
M0004,9,2,Aversion,1.5895476759599216e-08,0.7275703635937627,0.27242962051076053
M0004,10,2,Aversion,4.247243948799791e-10,0.9857326104032942,0.01426738917198124
M0004,11,2,Aversion,4.39096057768495e-13,0.9994993420525972,0.0005006579469635033
M0004,12,2,Aversion,2.889358093832217e-08,0.9104127333834986,0.08958723772292004
M0004,13,1,Appreciation,0.9999987645178348,3.111536193067544e-20,1.2354821648883342e-06
M0004,14,3,Transitionary,0.0012337759826195566,0.00022811581446932936,0.998538108202911
M0004,15,3,Transitionary,0.0014738015017444882,0.00088799686760291,0.9976382016306525
M0004,16,1,Appreciation,0.6547663109074942,1.605547737839009e-08,0.345233673037028
M0004,17,3,Transitionary,0.05880122894536055,1.3983895530780769e-06,0.941197372665087
M0004,18,3,Transitionary,0.09577881766449732,2.521802189692325e-07,0.9042209301552833
M0004,19,3,Transitionary,0.01516208679791274,3.573039592876034e-05,0.9848021828061586
M0004,20,1,Appreciation,0.999995481480237,2.4093613306832937e-18,4.51851976277299e-06
M0004,21,3,Transitionary,0.00011202842503189076,0.0018143935339847929,0.9980735780409838
M0004,22,1,Appreciation,0.881519415953195,1.876739907207379e-09,0.11848058217006532
M0004,23,2,Aversion,8.842377799657155e-07,0.5263913940589735,0.473607721703247
M0004,24,2,Aversion,1.2268520560604343e-17,0.9999980689633621,1.9310366381318974e-06
M0004,25,3,Transitionary,0.06015337348370987,3.8319065582963976e-05,0.9398083074507075
M0004,26,3,Transitionary,0.0001490823329026605,0.12077693331424338,0.8790739843528538
M0005,2,2,Aversion,7.846259394126685e-10,0.9458693184643465,0.05413068075102762
M0005,3,1,Appreciation,0.9997669749121907,4.083500099305068e-12,0.00023302508372603783
M0005,4,2,Aversion,9.861802241609893e-13,0.999260686157987,0.0007393138410262175
M0005,5,3,Transitionary,1.0377898024353922e-06,0.35711132665247025,0.642887635557727
M0005,6,2,Aversion,8.537311908211154e-11,0.9935219080780608,0.006478091836566694
M0005,7,2,Aversion,9.298338535674125e-09,0.7829145432384442,0.21708544746321748
M0005,8,3,Transitionary,7.200809345019663e-05,0.000223508447828666,0.9997044834587213
M0005,9,1,Appreciation,0.9999981815594459,1.9485672649983682e-20,1.818440553247546e-06
M0005,10,2,Aversion,3.832428386197587e-15,0.9998874083839573,0.00011259161603828186
M0005,11,1,Appreciation,0.9735511457204253,3.4056796266929175e-12,0.02644885427616916
M0005,12,2,Aversion,2.2558440012235104e-10,0.9836467575381358,0.016353242236279708
M0005,13,2,Aversion,1.1262428985611027e-13,0.9997365436400474,0.00026345635983977464
M0005,14,3,Transitionary,0.017664889240803016,0.00021071024606601917,0.9821244005131315
M0005,15,3,Transitionary,9.173536588502616e-06,0.197599751041321,0.802391075422091
M0005,16,2,Aversion,2.6364524197000744e-08,0.8008300751404296,0.1991698984950469
M0005,17,3,Transitionary,7.319304845099523e-05,0.38676080569944465,0.613166001252105
M0005,18,3,Transitionary,0.002618258920546483,0.0028942593461121083,0.9944874817333419
M0005,19,3,Transitionary,0.004524340882061827,0.00203674101251946,0.9934389181054191
M0005,20,3,Transitionary,3.931347068796946e-05,0.006379869786594168,0.993580816742717
M0005,21,2,Aversion,7.778089928623707e-15,0.9999526505629268,4.7349437065240455e-05
M0005,22,1,Appreciation,0.971292645849784,1.9312272122458022e-10,0.028707353957093788
M0005,23,3,Transitionary,0.00016280496299120352,0.002719432982534623,0.9971177620544739
M0005,24,3,Transitionary,0.0038916262833765367,8.34864565959788e-05,0.9960248872600267
M0005,25,1,Appreciation,0.9999999993106456,3.6958850031279857e-26,6.893538924959947e-10
M0005,26,1,Appreciation,0.998137516515801,9.567405287485611e-13,0.001862483483241697
M0006,2,3,Transitionary,0.24857379418459483,4.61204495703045e-06,0.7514215937704474
M0006,3,2,Aversion,1.7074818154175884e-14,0.9998838487634012,0.00011615123658171313
M0006,4,3,Transitionary,0.00044247271792620895,0.016235627825799525,0.9833218994562747
M0006,5,3,Transitionary,0.07198171449763126,1.8577701450385195e-05,0.9279997078009177
M0006,6,3,Transitionary,0.30572451653521604,5.5182636099722443e-05,0.6942203008286851
M0006,7,2,Aversion,4.645427333331422e-13,0.9996371146702422,0.00036288532929312604
M0006,8,3,Transitionary,0.010252034289242236,0.000346017836731,0.9894019478740265
M0006,9,2,Aversion,7.90393730571362e-08,0.8391365513356784,0.16086336962494918
M0006,10,2,Aversion,8.896024631472174e-09,0.840522951077631,0.15947704002634366
M0006,11,2,Aversion,2.6957343142308906e-11,0.9973491941985513,0.0026508057744905828
M0006,12,3,Transitionary,5.18859102331686e-06,0.016631002890757356,0.9833638085182196
M0006,13,1,Appreciation,0.685450814523491,6.28049395172258e-09,0.3145491791960159
M0006,14,2,Aversion,1.102213094380796e-12,0.9998506593443035,0.0001493406545943929
M0006,15,1,Appreciation,0.9999992789066308,4.818812088666631e-19,7.210933689865637e-07
M0006,16,3,Transitionary,0.0001369269580268222,0.0010954343849082788,0.9987676386570647
M0006,17,1,Appreciation,0.9999999757564527,3.048049565932272e-22,2.4243548026867726e-08
M0006,18,3,Transitionary,0.0004896672854799674,0.001865750513036965,0.9976445822014834
M0006,19,1,Appreciation,0.9945773060630506,4.874190585481117e-12,0.005422693932075378
M0006,20,1,Appreciation,0.9999940777012923,2.022955652940006e-18,5.922298706892932e-06
M0006,21,3,Transitionary,3.949993642096445e-07,0.2235398463772806,0.7764597586233551
M0006,22,3,Transitionary,0.03367736256792257,3.0758421499531536e-06,0.966319561589928
M0006,23,1,Appreciation,0.9990376730458349,5.696182348654536e-14,0.0009623269541079818
M0006,24,1,Appreciation,0.9641002284799469,1.9728300715268617e-11,0.035899771500325604
M0006,25,1,Appreciation,0.9966042709074574,3.8860097056385855e-15,0.0033957290925386518
M0006,26,1,Appreciation,0.7105143926143431,7.159396197350333e-09,0.28948560022626024
M0007,2,2,Aversion,4.424032834380526e-11,0.9988545777662327,0.001145422189527003
M0007,3,1,Appreciation,0.9987557849824065,2.716274204128644e-10,0.0012442147459661998
M0007,4,2,Aversion,1.0864426830573397e-09,0.9929268760155514,0.0070731228980059156
M0007,5,3,Transitionary,2.835486192441201e-05,0.038297645483474925,0.9616739996546007
M0007,6,2,Aversion,6.133755751009457e-08,0.8064218048582206,0.19357813380422187
M0007,7,1,Appreciation,0.9236693056969566,2.697939907457348e-07,0.07633042450905266
M0007,8,3,Transitionary,0.0005038233575488727,0.005536755626299467,0.9939594210161515
M0007,9,2,Aversion,4.257106229288468e-14,0.9994424732011249,0.0005575267988326696
M0007,10,1,Appreciation,0.9736132429604032,3.168871359691781e-08,0.026386725350883246
M0007,11,1,Appreciation,0.9991037454348036,1.3237823070043324e-10,0.000896254432818059
M0007,12,2,Aversion,1.2527280008664532e-18,0.9999995212543735,4.78745626554398e-07
M0007,13,1,Appreciation,0.8493713211784051,6.136559965799243e-08,0.15062861745599512
M0007,14,3,Transitionary,0.0010318007691935244,0.03292664787766182,0.9660415513531447
M0007,15,3,Transitionary,6.419664012258547e-05,0.22231923811219656,0.7776165652476807
M0007,16,3,Transitionary,1.5867458728210656e-05,0.03614805676454804,0.9638360757767238
M0007,17,3,Transitionary,0.21101159068927514,1.438813387406235e-06,0.7889869704973375
M0007,18,3,Transitionary,0.0815767266633046,7.417246091769645e-07,0.9184225316120862
M0007,19,3,Transitionary,0.010108172221158517,1.8880316603559483e-05,0.989872947462238
M0007,20,3,Transitionary,0.001331015203480569,0.0006701457410631014,0.9979988390554563
M0007,21,2,Aversion,1.415374053809366e-16,0.9999926315635593,7.368436440467251e-06
M0007,22,3,Transitionary,4.86259035906525e-06,0.037214774659082094,0.9627803627505589
M0007,23,3,Transitionary,0.0005196419715567597,0.0018730760099966192,0.9976072820184466
M0007,24,1,Appreciation,0.9993607846699606,1.6929242742924409e-13,0.0006392153298702005
M0007,25,3,Transitionary,0.04970563712192,6.07727750117937e-07,0.9502937551503298
M0007,26,3,Transitionary,0.3836025412962568,5.362129807512134e-07,0.6163969224907624
M0008,2,1,Appreciation,0.887906145895055,1.4347759442390956e-10,0.11209385396146727
M0008,3,2,Aversion,1.8743385843163763e-23,0.9999999988144932,1.1855068490772467e-09
M0008,4,3,Transitionary,4.82630713884991e-06,0.02359464651595605,0.9764005271769045
M0008,5,1,Appreciation,0.979754326356147,1.712933932075059e-10,0.0202456734725597
M0008,6,3,Transitionary,0.016254234072404478,0.0002003215696571291,0.9835454443579381
M0008,7,3,Transitionary,0.153744463265746,1.6791338116659213e-06,0.8462538576004419
M0008,8,3,Transitionary,6.439734549972117e-06,0.08863683521321963,0.9113567250522298
M0008,9,2,Aversion,1.4872604053123752e-16,0.9999985900678975,1.4099321017495495e-06
M0008,10,2,Aversion,3.5348905403599496e-23,0.9999999910470603,8.952939204590945e-09
M0008,11,3,Transitionary,1.061706856059331e-08,0.35337835701697995,0.6466216323659512
M0008,12,3,Transitionary,6.782435555781567e-06,0.0033212741739826906,0.9966719433904623
M0008,13,2,Aversion,9.401869642701188e-16,0.9999613182780607,3.868172193768747e-05
M0008,14,3,Transitionary,0.06961040694045101,9.821204469063885e-07,0.9303886109391017
M0008,15,2,Aversion,2.1919621111258703e-14,0.9998368581701371,0.00016314182984060807
M0008,16,1,Appreciation,0.9985241779510193,7.080780099289025e-15,0.0014758220489738882
M0008,17,3,Transitionary,0.06302765125083712,1.7393638709009961e-07,0.936972174812775
M0008,18,3,Transitionary,0.11005980949613592,2.931074865559147e-07,0.8899398973963771
M0008,19,3,Transitionary,0.3986934179485938,1.5373848159998751e-06,0.6013050446665892
M0008,20,2,Aversion,1.2552685306218942e-10,0.9835450058781671,0.016454993996305484
M0008,21,3,Transitionary,0.019995250710340556,6.401132854421867e-07,0.9800041091763747
M0008,22,3,Transitionary,6.317662569540793e-05,0.002024827405730065,0.9979119959685738
M0008,23,2,Aversion,1.3847846073147422e-13,0.999432692735052,0.0005673072648099183
M0008,24,3,Transitionary,0.0004572605806715394,0.0019028915882957622,0.9976398478310322
M0008,25,3,Transitionary,4.4670610835272165e-05,0.007244494894298749,0.9927108344948665
M0008,26,3,Transitionary,0.011840718765561876,4.561291747835914e-07,0.988158825105264
M0009,2,3,Transitionary,7.414774450722972e-05,0.10880407376529373,0.8911217784901992
M0009,3,1,Appreciation,0.901545608551542,1.131187661838273e-07,0.09845427832969143
M0009,4,2,Aversion,3.1353716967236656e-11,0.9968607501988173,0.003139249769829075
M0009,5,3,Transitionary,2.4379381966307148e-06,0.2433948356857409,0.7566027263760623
M0009,6,3,Transitionary,0.0002601605478342911,0.003299065286385813,0.99644077416578
M0009,7,3,Transitionary,2.9043622133961917e-06,0.21701815670619626,0.7829789389315905
M0009,8,3,Transitionary,1.3343620527205941e-05,0.017303954290068767,0.9826827020894044
M0009,9,2,Aversion,1.2845979320551876e-12,0.9972906892984555,0.002709310700259646
M0009,10,3,Transitionary,6.282951320018293e-05,0.006013568262978823,0.9939236022238206
M0009,11,3,Transitionary,2.552480657098181e-05,0.0011197914043533234,0.9988546837890759
M0009,12,3,Transitionary,0.005214783604985669,0.0001356085020837326,0.9946496078929302
M0009,13,3,Transitionary,0.009580134451370634,1.4959833498826231e-05,0.9904049057151305
M0009,14,1,Appreciation,0.9999958093417852,6.209077729689383e-19,4.190658215207363e-06
M0009,15,3,Transitionary,0.15051361063749633,4.399460495377426e-09,0.8494863849630436
M0009,16,1,Appreciation,0.9995553515317381,8.514012835549867e-15,0.0004446484682528781
M0009,17,3,Transitionary,6.274833999515452e-06,0.2117850479229825,0.7882086772430177
M0009,18,3,Transitionary,7.844276047172899e-07,0.2621521284066019,0.7378470871657937
M0009,19,2,Aversion,1.102601247569606e-12,0.9996878820930282,0.00031211790586900946
M0009,20,3,Transitionary,0.09366770315177622,9.070014877232835e-07,0.9063313898467361
M0009,21,3,Transitionary,4.5330730013347076e-05,0.0029733940325932257,0.996981275237393
M0009,22,2,Aversion,7.13746243761133e-09,0.8179664034669043,0.18203358939563327
M0009,23,1,Appreciation,0.9548674010365338,4.965944967080808e-11,0.04513259891380686
M0009,24,2,Aversion,7.193448077230844e-09,0.9241674688968013,0.07583252390975032
M0009,25,3,Transitionary,1.1584927974060627e-05,0.06850773370732659,0.9314806813646996
M0009,26,1,Appreciation,0.9860108406377069,1.9158189314058292e-12,0.013989159360377201
M0010,2,3,Transitionary,4.314119710279966e-08,0.4746110480872,0.5253889087716032
M0010,3,2,Aversion,6.370063141687619e-14,0.9988599737656645,0.0011400262342719748
M0010,4,3,Transitionary,6.951505817943989e-05,0.0022650087529556685,0.997665476188865
M0010,5,3,Transitionary,7.464848598282032e-07,0.23977670095837106,0.7602225525567691
M0010,6,3,Transitionary,0.002869741463844858,6.289735914119246e-06,0.9971239688002411
M0010,7,2,Aversion,1.799942382800366e-08,0.6384172479032857,0.3615827340972903
M0010,8,2,Aversion,6.740133684713174e-15,0.9997476564133294,0.0002523435866640843
M0010,9,2,Aversion,6.124548972886268e-11,0.9437472203554742,0.056252779583280135
M0010,10,3,Transitionary,0.0002895611281183725,0.0012609612927859555,0.9984494775790957
M0010,11,1,Appreciation,0.9998589370550341,3.009805308110237e-15,0.00014106294496287497
M0010,12,1,Appreciation,0.9999890869839362,3.4612484375574954e-18,1.091301606389027e-05
M0010,13,3,Transitionary,0.00028686838067349307,0.002412199198696571,0.99730093242063
M0010,14,3,Transitionary,0.0016886973064616133,0.00019229425946311983,0.9981190084340751
M0010,15,2,Aversion,1.8965184318936964e-16,0.9999207967500309,7.920324996902479e-05
M0010,16,3,Transitionary,0.00017755378878282454,0.0019501289162918755,0.9978723172949254
M0010,17,1,Appreciation,0.9999883510791568,2.621082677067351e-17,1.164892084320422e-05
M0010,18,1,Appreciation,0.9989439580115423,4.182426057046651e-15,0.001056041988453324
M0010,19,2,Aversion,1.1713278498015941e-07,0.7065065836928699,0.293493299174345
M0010,20,3,Transitionary,0.002442553576907749,0.0003606996885250709,0.9971967467345674
M0010,21,3,Transitionary,0.01776803110786918,0.0005185425052994997,0.9817134263868311
M0010,22,3,Transitionary,9.158144882144313e-05,0.00050519724669317,0.9994032213044853
M0010,23,1,Appreciation,0.999993674890364,4.743875371857184e-18,6.325109636193667e-06
M0010,24,3,Transitionary,0.001651122447162565,0.00017292470167567912,0.9981759528511616
M0010,25,2,Aversion,3.461309981444212e-14,0.9992849147744642,0.0007150852255013547
M0010,26,3,Transitionary,1.6412968427129472e-07,0.3723931532170198,0.6276066826532957
M0011,2,3,Transitionary,0.03577165307222028,0.00030815049759987,0.96392019643018
M0011,3,3,Transitionary,5.4564047278197885e-05,0.11151964117316296,0.8884257947795591
M0011,4,2,Aversion,4.1602343736699376e-11,0.9923682579164385,0.007631742041959233
M0011,5,2,Aversion,1.5280172573237256e-13,0.9986816489521028,0.0013183510477444232
M0011,6,2,Aversion,1.5339417109638642e-12,0.9986433642523662,0.0013566357461000094
M0011,7,3,Transitionary,0.0004060746361302871,0.009984787352491845,0.9896091380113778
M0011,8,2,Aversion,5.581445970058878e-07,0.8038807902325046,0.1961186516228984
M0011,9,2,Aversion,1.3705816900751164e-09,0.9743208575154513,0.025679141113967206
M0011,10,3,Transitionary,0.0020320503224319996,3.2569557822411865e-06,0.9979646927217858
M0011,11,1,Appreciation,0.999954317948186,6.856450706587594e-15,4.568205180729622e-05
M0011,12,2,Aversion,4.913371729567311e-16,0.9999939121978019,6.0878021976414096e-06
M0011,13,3,Transitionary,0.001284421268808804,0.00035966682161973765,0.9983559119095716
M0011,14,3,Transitionary,0.0011216150743830844,0.0011039183286296254,0.9977744665969875
M0011,15,1,Appreciation,0.9999932052424978,4.1680250135574967e-19,6.794757502116302e-06
M0011,16,3,Transitionary,0.19441644078709833,1.475120168192891e-06,0.8055820840927337
M0011,17,1,Appreciation,0.5556880512424741,1.0318667507969368e-06,0.44431091689077507
M0011,18,3,Transitionary,0.0003724087674051762,0.00097616365202886,0.9986514275805658
M0011,19,3,Transitionary,1.972001351093934e-06,0.4072483888053552,0.5927496391932937
M0011,20,3,Transitionary,0.05513698096463327,2.3318941466181262e-05,0.9448397000939006
M0011,21,1,Appreciation,0.9337742209291933,1.275804835727412e-07,0.06622565149032299
M0011,22,3,Transitionary,4.671772409057114e-06,0.20929970715460683,0.7906956210729842
M0011,23,3,Transitionary,0.028548703179700097,0.00013080945015479995,0.971320487370145
M0011,24,2,Aversion,1.6351100142250456e-09,0.9643897805506553,0.0356102178142347
M0011,25,1,Appreciation,0.5205051773755865,6.626680299983927e-07,0.47949415995638356
M0011,26,2,Aversion,2.6929908081816253e-09,0.8548233544138587,0.14517664289315046
M0012,2,3,Transitionary,0.20167103237555795,0.0001030928243940504,0.7982258748000479
M0012,3,1,Appreciation,0.910542556868981,2.0052612762827268e-07,0.08945724260489132
M0012,4,2,Aversion,7.805029870016453e-07,0.6788746469012702,0.32112457259574295
M0012,5,3,Transitionary,0.017229435355273333,0.00041770122199046575,0.9823528634227364
M0012,6,3,Transitionary,0.3648567913956451,9.660388111787179e-06,0.6351335482162431
M0012,7,3,Transitionary,0.00018819443332419812,0.17378060754879643,0.8260311980178792
M0012,8,3,Transitionary,0.005071922311567423,0.0012317943552911284,0.9936962833331414
M0012,9,3,Transitionary,0.007881044455200015,2.1570245848242082e-05,0.9920973852989519
M0012,10,2,Aversion,1.2299499999647053e-16,0.9999860929828029,1.3907017196998776e-05
M0012,11,2,Aversion,7.386605921453647e-14,0.9997088580354032,0.00029114196452308355
M0012,12,1,Appreciation,0.8475190799558006,5.225548811584189e-08,0.15248086778871153
M0012,13,2,Aversion,1.036802888536585e-18,0.9999930069810815,6.993018918541739e-06
M0012,14,1,Appreciation,0.9999267593443619,3.1376829928051594e-15,7.324065563475124e-05
M0012,15,3,Transitionary,0.0015836432200179995,0.0030018794610156743,0.9954144773189663
M0012,16,3,Transitionary,1.320409329529345e-07,0.24012194925963296,0.759877918699434
M0012,17,3,Transitionary,1.534809599617478e-05,0.04736318562821378,0.95262146627579
M0012,18,3,Transitionary,0.11789508304492735,3.1716015243234815e-05,0.8820732009398295
M0012,19,2,Aversion,1.1428410631151983e-07,0.5946340234010854,0.4053658623148082
M0012,20,1,Appreciation,0.9921091003760362,6.420690479181643e-11,0.007890899559757027
M0012,21,2,Aversion,3.7772283891254805e-09,0.8943474441051452,0.10565255211762664
M0012,22,3,Transitionary,0.00046423048477765334,0.00027113629737886725,0.9992646332178433
M0012,23,1,Appreciation,0.9994421794062487,5.379594742253566e-15,0.0005578205937458262
M0012,24,3,Transitionary,0.007338828634043457,0.00031154879805181867,0.9923496225679046
M0012,25,1,Appreciation,0.9794166403234422,2.277473480556669e-11,0.0205833596537831
M0012,26,3,Transitionary,0.00031555824505145977,0.00037926570876795415,0.9993051760461804
M0013,2,3,Transitionary,0.005261780093727816,0.0002499034115141272,0.9944883164947581
M0013,3,2,Aversion,1.580898598538459e-15,0.999471838488799,0.0005281615111992778
M0013,4,3,Transitionary,0.008828157167200442,5.434780851831288e-05,0.9911174950242808
M0013,5,1,Appreciation,0.9970750159452028,1.5862547400809424e-13,0.0029249840546385626
M0013,6,1,Appreciation,0.8632141991060788,1.9603155354299732e-09,0.1367857989336053
M0013,7,3,Transitionary,1.780639263259334e-05,0.04798813498482199,0.9519940586225454
M0013,8,2,Aversion,2.8268947628345445e-09,0.8651696010357569,0.1348303961373487
M0013,9,3,Transitionary,0.002792680062826837,0.006520240039461026,0.9906870798977122
M0013,10,2,Aversion,1.7305703468295028e-07,0.7086112444255801,0.29138858251738475
M0013,11,1,Appreciation,0.5807740894024173,1.2307956704079363e-06,0.41922467980191214
M0013,12,2,Aversion,6.3253373774137e-14,0.9992024535386949,0.0007975464612415044
M0013,13,3,Transitionary,4.22595269119199e-05,0.060592130216451365,0.939365610256637
M0013,14,1,Appreciation,0.9998382072982751,7.724889091406765e-12,0.00016179269399968816
M0013,15,1,Appreciation,0.5671020684913984,6.8982569866739275e-06,0.43289103325161504
M0013,16,1,Appreciation,0.6219314555301289,4.165631489510912e-06,0.378064378838382
M0013,17,1,Appreciation,0.9934267981604303,9.031841662984826e-12,0.006573201830537361
M0013,18,2,Aversion,8.781275334556298e-12,0.9930874157375333,0.006912584253685415
M0013,19,2,Aversion,4.2269757187400846e-09,0.975029178085944,0.024970817687079875
M0013,20,3,Transitionary,0.0185692005891127,7.223121049160067e-06,0.9814235762898383
M0013,21,2,Aversion,1.2449040447756072e-09,0.9545011623912495,0.04549883636384644
M0013,22,2,Aversion,2.3199390942786087e-09,0.5811938131255994,0.41880618455446206
M0013,23,3,Transitionary,8.531732621086841e-05,0.0005714687649790703,0.9993432139088099
M0013,24,3,Transitionary,0.00013381632661951218,0.01666206234839162,0.9832041213249889
M0013,25,3,Transitionary,0.02134092700572784,6.1954184421755465e-06,0.9786528775758303
M0013,26,3,Transitionary,0.12921613679278607,4.115842491341806e-07,0.8707834516229648
M0014,2,1,Appreciation,0.951518239906686,1.3865646647260165e-08,0.04848174622766696
M0014,3,3,Transitionary,7.266030856911834e-05,0.029858206367315905,0.970069133324115
M0014,4,3,Transitionary,0.003961608364556498,0.003450387176407953,0.9925880044590354
M0014,5,3,Transitionary,8.598520000600176e-05,0.02407780665470576,0.9758362081452879
M0014,6,3,Transitionary,0.15705413260863094,1.964778510154913e-05,0.8429262196062678
M0014,7,3,Transitionary,0.00015180880480660742,0.005138304673179825,0.9947098865220132
M0014,8,3,Transitionary,0.017479080970135362,0.0001253775835087733,0.9823955414463555
M0014,9,2,Aversion,1.6462279971687452e-07,0.5009579998696577,0.4990418355075422
M0014,10,3,Transitionary,0.020326068222357267,0.00041349926063339383,0.9792604325170097
M0014,11,3,Transitionary,0.0004810650211769812,0.001655992790664822,0.9978629421881582
M0014,12,3,Transitionary,7.274473397133152e-06,0.28579178569703484,0.7142009398295682
M0014,13,3,Transitionary,3.1618434056377787e-06,0.19145050708249062,0.8085463310741038
M0014,14,3,Transitionary,2.4481596180241044e-06,0.193261521895526,0.8067360299448562
M0014,15,2,Aversion,2.0346806236347488e-16,0.9999678409937192,3.215900628094565e-05
M0014,16,3,Transitionary,0.0005736906647146322,0.0019066912462387254,0.9975196180890464
M0014,17,1,Appreciation,0.936870442548421,4.332809033218373e-11,0.06312955740825071
M0014,18,3,Transitionary,0.02125889530280237,1.344947857935291e-06,0.9787397597493394
M0014,19,3,Transitionary,0.002061045179116504,0.0008571380038783527,0.9970818168170048
M0014,20,3,Transitionary,0.011684966189363679,1.2439313501385705e-05,0.9883025944971351
M0014,21,2,Aversion,1.3524438435335227e-11,0.9918460626547017,0.008153937331773714
M0014,22,3,Transitionary,0.0008290983109900599,0.0027323263170995786,0.9964385753719102
M0014,23,2,Aversion,9.00771488557201e-10,0.9462279896344157,0.05377200946481257
M0014,24,3,Transitionary,0.001182383181203039,0.0001553489278897676,0.9986622678909075
M0014,25,3,Transitionary,5.135047660185923e-05,0.0011279567153652172,0.9988206928080329
M0014,26,2,Aversion,2.1809913338434862e-11,0.9979848229890564,0.0020151769891340043
M0015,2,2,Aversion,2.7144859176544433e-13,0.9991053322285509,0.0008946677711779519
M0015,3,2,Aversion,1.5197207168191458e-08,0.9568592433623266,0.04314074144046681
M0015,4,2,Aversion,1.9088983657929856e-17,0.9999829145750635,1.7085424936281536e-05
M0015,5,3,Transitionary,0.041253082808272105,0.0004109603827919307,0.9583359568089352
M0015,6,2,Aversion,2.721520677469041e-07,0.6859320507682688,0.31406767707966304
M0015,7,3,Transitionary,0.0001343442838056995,0.009584487499995088,0.9902811682161993
M0015,8,3,Transitionary,0.006617858366227196,9.049407608124096e-05,0.9932916475576913
M0015,9,3,Transitionary,0.027236363388599985,0.0012667513555346586,0.9714968852558656
M0015,10,3,Transitionary,0.4695920048915053,3.794400624572466e-06,0.5304042007078709
M0015,11,3,Transitionary,5.6046059499988105e-05,0.03925919520385502,0.9606847587366442
M0015,12,3,Transitionary,1.296800268869143e-05,0.10164685115812304,0.8983401808391888
M0015,13,2,Aversion,4.119543737864846e-10,0.9679113312723913,0.03208866831565415
M0015,14,2,Aversion,8.320716960947611e-07,0.6246581897862583,0.3753409781420456
M0015,15,1,Appreciation,0.9999999997520828,5.634808029988986e-23,2.4791764068737907e-10
M0015,16,3,Transitionary,4.3740705521005613e-07,0.32948270315943257,0.6705168594335121
M0015,17,3,Transitionary,2.3830977034886707e-07,0.12616874161650302,0.8738310200737274
M0015,18,3,Transitionary,1.0501031400255976e-06,0.004558439603088498,0.9954405102937717
M0015,19,2,Aversion,4.813861909841668e-09,0.9652714422462348,0.03472855293990238
M0015,20,1,Appreciation,0.9445956248978472,1.0121823184760582e-09,0.055404374089970544
M0015,21,2,Aversion,1.3820957514529923e-27,0.9999999998959463,1.0405321893914511e-10
M0015,22,1,Appreciation,0.892604040105825,6.692527824014973e-11,0.10739595982725045
M0015,23,2,Aversion,2.283428195557499e-12,0.996562891116884,0.0034371088808321246
M0015,24,3,Transitionary,5.780220323200292e-07,0.3183368713022526,0.6816625506757149
M0015,25,1,Appreciation,0.9553294859739796,3.1098377654891116e-10,0.04467051371503717
M0015,26,3,Transitionary,0.13968131959583202,4.147380631682634e-07,0.8603182656661049
M0016,2,2,Aversion,1.0083077290063921e-11,0.9905225688462238,0.009477431143692957
M0016,3,3,Transitionary,0.029411974537395084,9.163226620991272e-06,0.9705788622359837
M0016,4,1,Appreciation,0.9999999523117442,3.4562533199000425e-20,4.7688255733331667e-08
M0016,5,1,Appreciation,0.918857086971108,6.591965175612709e-07,0.08114225383237424
M0016,6,3,Transitionary,0.0001492577410418354,0.0019049898289375713,0.9979457524300206
M0016,7,2,Aversion,2.298072735328558e-12,0.9997763114113865,0.0002236885863150757
M0016,8,1,Appreciation,0.9882185354917487,3.7453214877317796e-08,0.011781427055036127
M0016,9,3,Transitionary,0.34758069128788616,1.4107696826979582e-06,0.6524178979424308
M0016,10,2,Aversion,3.167850790369478e-07,0.6925400585135332,0.307459624701388
M0016,11,3,Transitionary,1.7416295159145284e-05,0.016869187280480133,0.9831133964243608
M0016,12,3,Transitionary,4.864710066286057e-05,0.005134666785092828,0.9948166861142448
M0016,13,2,Aversion,6.763369248836833e-10,0.9736636429213402,0.026336356402322778
M0016,14,2,Aversion,7.723055271236889e-09,0.8038420260097194,0.19615796626722515
M0016,15,1,Appreciation,0.9999721759608909,8.927475208137905e-18,2.7824039108867027e-05
M0016,16,3,Transitionary,0.0026461059634467006,0.00013842306834063934,0.9972154709682128
M0016,17,3,Transitionary,0.026767573932229335,1.5462998813734806e-06,0.9732308797678895
M0016,18,1,Appreciation,0.9999979597181244,4.3054247622726245e-19,2.040281875091285e-06
M0016,19,3,Transitionary,7.046281697146454e-05,0.0019679045398837444,0.9979616326431447
M0016,20,3,Transitionary,0.00014522478789246644,0.0009818627474421043,0.9988729124646659
M0016,21,1,Appreciation,0.9999998632150073,8.961416440995473e-21,1.3678499245473328e-07
M0016,22,3,Transitionary,0.0014159590291012438,0.00040580576711537586,0.9981782352037838
M0016,23,1,Appreciation,0.9995882181632592,3.1214882065161095e-15,0.00041178183673774735
M0016,24,2,Aversion,1.9507578388194775e-12,0.9970141841632552,0.002985815834793913
M0016,25,1,Appreciation,0.9998559262863757,3.0199482746495564e-15,0.00014407371362105148
M0016,26,2,Aversion,4.8184691971956275e-27,0.9999999994856301,5.143696037921832e-10
M0017,2,2,Aversion,3.441720978326683e-21,0.9999999891776081,1.0822392581425957e-08
M0017,3,3,Transitionary,0.015613058276362734,4.227758652185382e-05,0.9843446641371161
M0017,4,3,Transitionary,0.05220644615738157,0.00019743528544176862,0.9475961185571765
M0017,5,1,Appreciation,0.8539707092647297,9.937218341939817e-07,0.14602829701343648
M0017,6,3,Transitionary,0.2551263437410054,7.64819702071528e-05,0.7447971742887869
M0017,7,3,Transitionary,4.6267198307229784e-05,0.03687592181750648,0.9630778109841871
M0017,8,2,Aversion,2.689772492008081e-21,0.9999995966200498,4.033799495731487e-07
M0017,9,2,Aversion,9.967665599518377e-09,0.5709157387158833,0.42908425131645167
M0017,10,3,Transitionary,0.49780284002879005,4.276868262771949e-07,0.5021967322843834
M0017,11,2,Aversion,1.4462914325467198e-06,0.8682813165902741,0.1317172371182928
M0017,12,3,Transitionary,0.0004233983247610579,8.552372286560654e-05,0.9994910779523732
M0017,13,2,Aversion,7.666285303846198e-10,0.9975318921206936,0.0024681071126780637
M0017,14,1,Appreciation,0.9474141928269652,2.4207171406934474e-09,0.05258580475231702
M0017,15,3,Transitionary,1.4402272604536696e-05,0.008489622572217415,0.9914959751551772
M0017,16,3,Transitionary,0.06806330944326164,0.00039217509060387616,0.931544515466135
M0017,17,3,Transitionary,4.426410474798225e-07,0.2223177327583457,0.7776818246006074
M0017,18,1,Appreciation,0.9981007341486601,1.443666423065467e-12,0.001899265849895945
M0017,19,3,Transitionary,0.34114925108772964,1.8373981153279532e-08,0.6588507305382898
M0017,20,2,Aversion,3.0972407701077145e-11,0.9971620695265454,0.0028379304424825044
M0017,21,3,Transitionary,0.00011143122971470307,0.0002985385010205385,0.999590030269265
M0017,22,1,Appreciation,0.99998944884544,4.5295267866191544e-18,1.0551154560244716e-05
M0017,23,3,Transitionary,0.15267862485428785,2.4298637503068554e-05,0.8472970765082082
M0017,24,1,Appreciation,0.9206156848059394,1.0535479527205155e-08,0.07938430465858196
M0017,25,2,Aversion,8.111318449883255e-08,0.7951863414255796,0.20481357746123657
M0017,26,2,Aversion,3.250805596220717e-19,0.9999833080693029,1.6691930697374457e-05
M0018,2,2,Aversion,4.4839250547837475e-09,0.9614732826916426,0.038526712824432284
M0018,3,2,Aversion,2.8076479366408815e-06,0.5039832561848123,0.49601393616725137
M0018,4,1,Appreciation,0.5487397529818571,4.473637141019475e-08,0.451260202281772
M0018,5,3,Transitionary,9.350936937909744e-06,0.010242185906152015,0.9897484631569097
M0018,6,2,Aversion,9.36873535785109e-09,0.9379197060483574,0.0620802845829072
M0018,7,3,Transitionary,0.0009525436581624447,0.0001768015224717295,0.9988706548193655
M0018,8,3,Transitionary,2.829204260389272e-07,0.06925527097814248,0.9307444461014316
M0018,9,2,Aversion,2.1401771781096934e-15,0.9997684939902585,0.00023150600973952264
M0018,10,3,Transitionary,6.06923700586581e-05,0.01182754399979391,0.9881117636301471
M0018,11,3,Transitionary,0.004493936023010532,0.0005067955087652684,0.9949992684682241
M0018,12,3,Transitionary,0.0010762360377352003,0.000998445741736992,0.9979253182205281
M0018,13,2,Aversion,1.3101688710625755e-12,0.998814156867619,0.001185843131070827
M0018,14,2,Aversion,1.3432203760897932e-10,0.9842779091943629,0.01572209067131543
M0018,15,2,Aversion,7.554608480774044e-16,0.9999946660613968,5.333938602176071e-06
M0018,16,3,Transitionary,0.003383695077278842,6.0506486756960943e-05,0.9965557984359646
M0018,17,3,Transitionary,0.0043523867382614795,0.0003991482721865717,0.9952484649895522
M0018,18,1,Appreciation,0.9999999967539335,6.22090707238384e-24,3.246066248845652e-09
M0018,19,3,Transitionary,6.660787233653478e-07,0.18291032486531164,0.8170890090559649
M0018,20,3,Transitionary,0.25667876371916876,3.73140822177835e-07,0.7433208631400093
M0018,21,3,Transitionary,0.008442323218908235,1.213536400788685e-05,0.9915455414170836
M0018,22,3,Transitionary,0.00016623050468987565,0.00734670419955678,0.9924870652957529
M0018,23,2,Aversion,1.3762862409088373e-21,0.9999996890475819,3.1095241846614515e-07
M0018,24,2,Aversion,2.6502862259171203e-07,0.7309570383047399,0.26904269666663705
M0018,25,3,Transitionary,0.00025013483561548956,0.025460496903183416,0.9742893682612012
M0018,26,1,Appreciation,0.9909513559112306,2.7801363377592316e-11,0.009048644060967963
M0019,2,3,Transitionary,0.001458203520974652,4.78770607524347e-05,0.998493919418273
M0019,3,2,Aversion,7.210457096494257e-19,0.9999994058231125,5.94176887474182e-07
M0019,4,2,Aversion,8.227069258891012e-11,0.987297825033959,0.012702174883770385
M0019,5,2,Aversion,7.464330660623889e-06,0.5607447414515888,0.43924779421775034
M0019,6,3,Transitionary,0.003957042276801489,0.00016594656428277829,0.9958770111589159
M0019,7,2,Aversion,7.048647325961539e-10,0.9738705707960251,0.02612942849910995
M0019,8,3,Transitionary,2.8358989876139554e-06,0.023973046704303096,0.9760241173967094
M0019,9,1,Appreciation,0.992044924333205,1.4001361832214869e-08,0.007955061665433005
M0019,10,1,Appreciation,0.9995671272942896,1.4154496491925486e-11,0.00043287269155603813
M0019,11,3,Transitionary,0.0019081246547521032,0.0029842323769870478,0.9951076429682609
M0019,12,2,Aversion,1.0168480071453178e-15,0.9999547392371387,4.526076286021023e-05
M0019,13,1,Appreciation,0.9985658134769372,9.770891345735835e-11,0.0014341864253540322
M0019,14,2,Aversion,2.064936076808874e-08,0.847796317302738,0.15220366204790123
M0019,15,2,Aversion,1.4316701862539893e-19,0.9999990597442017,9.402557982343674e-07
M0019,16,3,Transitionary,5.531499330340141e-05,0.0333412298072256,0.9666034551994712
M0019,17,3,Transitionary,0.14295864364323224,2.0286998807370093e-05,0.8570210693579605
M0019,18,3,Transitionary,0.01022950674933569,0.0005840537391442459,0.98918643951152
M0019,19,3,Transitionary,0.0005682219152711464,0.004974749105857614,0.9944570289788712
M0019,20,2,Aversion,2.4239442753443205e-09,0.9212856354700694,0.07871436210598658
M0019,21,3,Transitionary,0.4282775710752988,3.4902114839007318e-06,0.5717189387132174
M0019,22,3,Transitionary,6.881655825904598e-07,0.3139238678392614,0.6860754439951557
M0019,23,2,Aversion,6.166837758370826e-17,0.999988995614187,1.1004385813140184e-05
M0019,24,3,Transitionary,0.021126102776247428,1.0150072906901366e-05,0.9788637471508455
M0019,25,1,Appreciation,0.9998223177408934,9.095079390361853e-15,0.00017768225909751774
M0019,26,3,Transitionary,0.005784416567377881,5.5476885427089045e-05,0.9941601065471949
M0020,2,3,Transitionary,0.008028564563877374,2.746127488461829e-05,0.9919439741612379
M0020,3,3,Transitionary,0.0012973675968476859,0.0009500080412462653,0.9977526243619063
M0020,4,3,Transitionary,0.00021829889242989806,0.0013631966008725252,0.9984185045066978
M0020,5,3,Transitionary,9.814495745693119e-05,0.007641129940902988,0.9922607251016397
M0020,6,2,Aversion,7.154405040101261e-13,0.9957031249340487,0.00429687506523588
M0020,7,1,Appreciation,0.9807894504449894,9.154541508713837e-11,0.019210549463464583
M0020,8,2,Aversion,8.442481817996718e-12,0.9979155412945017,0.002084458697055997
M0020,9,2,Aversion,2.9830786548258273e-12,0.996993927454503,0.0030060725425142356
M0020,10,2,Aversion,8.367728578237087e-08,0.6693635354936641,0.33063638082905084
M0020,11,3,Transitionary,0.00027685176126390076,0.0006410190524972742,0.9990821291862393
M0020,12,3,Transitionary,0.003883911822319331,0.0011857625527760954,0.9949303256249044
M0020,13,3,Transitionary,2.2686322941061923e-06,0.38847097411323495,0.6115267572544706
M0020,14,3,Transitionary,0.009602504323718255,7.386163647376858e-06,0.9903901095126345
M0020,15,1,Appreciation,0.9570711081675204,1.9747158901582968e-10,0.042928891635007745
M0020,16,2,Aversion,6.417703525869843e-13,0.9955704555334743,0.004429544465884693
M0020,17,2,Aversion,1.81803378883378e-10,0.9315530907932517,0.06844690902494441
M0020,18,3,Transitionary,0.3132755544759863,5.632931904136598e-06,0.6867188125921098
M0020,19,2,Aversion,1.1825160766790128e-15,0.9999654270384626,3.457296153535735e-05
M0020,20,1,Appreciation,0.7090841048337533,5.064493268936556e-07,0.29091538871691947
M0020,21,1,Appreciation,0.8968639506412188,3.598899757716452e-07,0.1031356894688054
M0020,22,2,Aversion,2.503304866444823e-10,0.9919633520182735,0.0080366477313964
M0020,23,1,Appreciation,0.9469328153798536,3.9575845754479116e-08,0.053067145044299956
M0020,24,3,Transitionary,2.8956781092269476e-07,0.11450514709982208,0.8854945633323671
M0020,25,3,Transitionary,0.00038585225746868716,0.00848373399138561,0.9911304137511463
M0020,26,1,Appreciation,0.7805792638595784,1.9843187005345496e-06,0.21941875182172116
M0021,2,3,Transitionary,2.537019597964839e-05,0.059223964398342044,0.9407506654056786
M0021,3,2,Aversion,2.560498791693091e-09,0.9833049842012822,0.01669501323821905
M0021,4,3,Transitionary,0.003696074542153135,1.0278995187045753e-05,0.9962936464626598
M0021,5,2,Aversion,4.623825539181707e-10,0.9675763392692204,0.03242366026839737
M0021,6,3,Transitionary,0.22465343663406212,2.9545309687678976e-05,0.7753170180562498
M0021,7,3,Transitionary,1.0524856670932658e-06,0.05165899314872354,0.9483399543656093
M0021,8,2,Aversion,1.918242205260312e-10,0.9858625547795772,0.014137445028598691
M0021,9,3,Transitionary,0.006895540543163872,0.000880765652583513,0.9922236938042525
M0021,10,3,Transitionary,7.393898000605935e-05,0.20760049795919244,0.7923255630608014
M0021,11,2,Aversion,9.040506724723269e-08,0.5152351879550332,0.4847647216398994
M0021,12,2,Aversion,1.5117470620769452e-06,0.5377863199302938,0.4622121683226442
M0021,13,3,Transitionary,0.004607756373498412,5.5432163236135553e-05,0.9953368114632651
M0021,14,1,Appreciation,0.9097124305701113,8.61355930397167e-10,0.09028756856853264
M0021,15,1,Appreciation,0.9303609357406964,1.0667401689656265e-09,0.0696390631925636
M0021,16,3,Transitionary,0.25111927458165867,1.058901088933655e-06,0.7488796665172527
M0021,17,3,Transitionary,0.004539056787899589,0.0005062794340220352,0.9949546637780785
M0021,18,3,Transitionary,0.024246227127364815,2.1380128156980283e-05,0.9757323927444779
M0021,19,3,Transitionary,0.0046593630065612495,3.105856034702973e-05,0.9953095784330918
M0021,20,3,Transitionary,0.001780699752252261,7.935989753536502e-05,0.9981399403502128
M0021,21,1,Appreciation,0.9126537067377122,1.0477979292829186e-08,0.08734628278430823
M0021,22,1,Appreciation,0.9985191963029092,1.3459291890851387e-13,0.0014808036969558046
M0021,23,1,Appreciation,0.9941344230081172,2.495669151270766e-12,0.005865576989387234
M0021,24,3,Transitionary,7.969860698938932e-05,0.0046339355059708,0.9952863658870394
M0021,25,3,Transitionary,0.00011543326815557639,0.05128756350398187,0.9485970032278624
M0021,26,3,Transitionary,0.038901840627563695,8.999632274218116e-05,0.9610081630496937
M0022,2,2,Aversion,4.351282843772529e-12,0.9976803762314174,0.002319623764231437
M0022,3,2,Aversion,1.973334941822612e-12,0.9961124022003983,0.003887597797628317
M0022,4,3,Transitionary,3.090248422835069e-05,0.08675374377629767,0.913215353739474
M0022,5,3,Transitionary,0.0004702731228045617,0.017941915724828134,0.9815878111523673
M0022,6,3,Transitionary,2.402001282664705e-05,0.18477383733282504,0.8152021426543483
M0022,7,3,Transitionary,2.1821041140612537e-06,0.3396654591451197,0.6603323587507662
M0022,8,3,Transitionary,1.9368301129124354e-05,0.09341410924232038,0.9065665224565506
M0022,9,2,Aversion,1.3944228109805804e-09,0.9539353198848372,0.04606467872073992
M0022,10,3,Transitionary,5.505904971665944e-05,0.05243300659758454,0.9475119343526989
M0022,11,2,Aversion,9.465379671570549e-10,0.9712209075808538,0.028779091472608133
M0022,12,2,Aversion,2.2970518467675427e-08,0.5785582613187806,0.42144171571070094
M0022,13,2,Aversion,1.6472810340142828e-17,0.9999821451952167,1.7854804783332032e-05
M0022,14,3,Transitionary,3.357473642664862e-07,0.42880253560270504,0.5711971286499307
M0022,15,1,Appreciation,0.944524425544116,2.5030415468138263e-11,0.055475574430853485
M0022,16,3,Transitionary,0.014320584184248478,6.451036235550718e-05,0.985614905453396
M0022,17,2,Aversion,6.587172990670345e-10,0.9606745711166107,0.03932542822467211
M0022,18,3,Transitionary,8.878655296737846e-05,0.18890519989990737,0.8110060135471252
M0022,19,3,Transitionary,0.008092849622718494,0.00018694297769342164,0.9917202073995881
M0022,20,3,Transitionary,0.07839000165934307,4.0117469953651903e-05,0.9215698808707032
M0022,21,3,Transitionary,4.43947289223673e-07,0.4622944251229368,0.537705130929774
M0022,22,3,Transitionary,1.1935380005529967e-07,0.07407724890185874,0.9259226317443412
M0022,23,2,Aversion,1.1633335959235677e-13,0.999434856745516,0.0005651432543675134
M0022,24,3,Transitionary,1.180122573556018e-05,0.16826501198599386,0.8317231867882706
M0022,25,1,Appreciation,0.9767678778100449,1.6514056573960982e-09,0.023232120538549294
M0022,26,2,Aversion,4.936221749758852e-09,0.9738243650165859,0.026175630047192464
M0023,2,3,Transitionary,4.294990719449693e-06,0.02168262741727764,0.9783130775920028
M0023,3,2,Aversion,5.266323382394417e-17,0.9999994718459941,5.281540054843506e-07
M0023,4,3,Transitionary,4.258960648571018e-05,0.08829061112144981,0.9116667992720647
M0023,5,3,Transitionary,0.07349687770895702,6.837476678346986e-05,0.9264347475242593
M0023,6,1,Appreciation,0.997952835248561,9.844224417974512e-10,0.002047163767016491
M0023,7,3,Transitionary,8.80290686319665e-06,0.06606258046714218,0.9339286166259948
M0023,8,3,Transitionary,4.305642494744111e-06,0.39593731445113295,0.6040583799063725
M0023,9,3,Transitionary,0.00012556623127872075,0.013277048818936038,0.9865973849497848
M0023,10,2,Aversion,6.101846560536758e-16,0.999980807152359,1.9192847640614808e-05
M0023,11,3,Transitionary,0.3294099857688353,4.8826762482632095e-08,0.6705899654044021
M0023,12,3,Transitionary,0.03090054178037917,4.688524825512272e-05,0.969052572971366
M0023,13,1,Appreciation,0.9248311466756499,4.944638812996197e-10,0.075168852829886
M0023,14,1,Appreciation,0.51544680201755,6.166536037369438e-07,0.484552581328846
M0023,15,2,Aversion,1.9723242573352308e-07,0.7180507116191934,0.28194909114838046
M0023,16,1,Appreciation,0.9998045115567121,7.015614295490853e-16,0.0001954884432872653
M0023,17,2,Aversion,1.424763419809532e-11,0.9911335554372434,0.008866444548509392
M0023,18,3,Transitionary,0.04584439174193568,1.5861070025649413e-06,0.9541540221510616
M0023,19,1,Appreciation,0.985877212364316,2.8497904553371135e-11,0.01412278760718584
M0023,20,2,Aversion,1.6892261517594147e-11,0.9927723303260527,0.007227669657054887
M0023,21,3,Transitionary,0.0002492189338841828,0.00032604714466910313,0.9994247339214469
M0023,22,3,Transitionary,0.17900267794089092,1.970345409572287e-07,0.8209971250245683
M0023,23,1,Appreciation,0.9819335233154335,1.4055145540597256e-10,0.01806647654401511
M0023,24,1,Appreciation,0.9851559491029623,3.445807726772009e-12,0.014844050893592229
M0023,25,3,Transitionary,8.785251776101186e-07,0.16015135109746592,0.8398477703773565
M0023,26,3,Transitionary,0.000594208083567116,0.0003820569151869695,0.9990237350012455
M0024,2,2,Aversion,8.297297446823795e-11,0.9967611394115733,0.003238860505453566
M0024,3,3,Transitionary,0.002934484724110841,0.00032220755968142027,0.996743307716208
M0024,4,3,Transitionary,2.0009158455788764e-05,0.29318008583836924,0.7067999050031754
M0024,5,3,Transitionary,0.3723990186968863,2.2780273282024406e-05,0.6275782010298319
M0024,6,2,Aversion,1.0055199033685736e-16,0.9999881485363193,1.1851463680798508e-05
M0024,7,3,Transitionary,4.364009084748905e-06,0.30873143679908066,0.6912641991918343
M0024,8,3,Transitionary,1.4762664897119287e-06,0.4445696953103523,0.5554288284231583
M0024,9,2,Aversion,1.9683735436741902e-09,0.9911793812422541,0.008820616789372257
M0024,10,3,Transitionary,2.425772481842521e-06,0.0054025482247782065,0.9945950260027403
M0024,11,3,Transitionary,0.009543950362687154,0.00027836065611297044,0.9901776889811996
M0024,12,3,Transitionary,0.002481543136754189,0.001575577401738505,0.9959428794615076
M0024,13,2,Aversion,2.903972571360638e-07,0.7202040341098687,0.2797956754928741
M0024,14,3,Transitionary,0.009405413921372062,0.00010813510105581551,0.9904864509775724
M0024,15,3,Transitionary,0.0009884436288057745,0.023132883507283257,0.9758786728639113
M0024,16,3,Transitionary,0.0011489827681877515,0.0007784284016462136,0.9980725888301659
M0024,17,3,Transitionary,0.0012898099671692022,0.0008492142351119644,0.9978609757977192
M0024,18,3,Transitionary,5.783237658066806e-06,0.12311300099082503,0.8768812157715167
M0024,19,2,Aversion,9.801754697748012e-10,0.977999551037241,0.022000447982583698
M0024,20,3,Transitionary,0.002813099842569431,0.00014163497225577,0.9970452651851751
M0024,21,1,Appreciation,0.989246289541158,2.6799492137350385e-08,0.010753683659350269
M0024,22,1,Appreciation,0.989181379189884,1.4902346604419323e-08,0.010818605907769474
M0024,23,2,Aversion,1.0963879989237616e-07,0.7787291175096841,0.22127077285151608
M0024,24,3,Transitionary,0.0036098431865648054,0.0021461324739960397,0.9942440243394394
M0024,25,3,Transitionary,0.00012803746326675347,0.004112284236444162,0.995759678300289
M0024,26,3,Transitionary,0.014144452026834736,8.020123735391944e-05,0.9857753467358116
M0025,2,1,Appreciation,0.8285216687586289,9.75369308480134e-07,0.17147735587206228
M0025,3,2,Aversion,6.530428362827804e-10,0.987434995470313,0.012565003876644786
M0025,4,3,Transitionary,0.0003956088453157257,0.0025435864889533973,0.997060804665731
M0025,5,2,Aversion,2.5919180433583457e-09,0.9521457402009583,0.047854257207123156
M0025,6,1,Appreciation,0.9100400454422737,1.5375544201147778e-07,0.08995980080228413
M0025,7,1,Appreciation,0.9998530257920144,2.2420309532410627e-15,0.0001469742079832706
M0025,8,2,Aversion,2.9874314045386686e-08,0.5551196702968653,0.44488029982882027
M0025,9,1,Appreciation,0.9999993149290136,1.1868240388239324e-16,6.85070986230836e-07
M0025,10,2,Aversion,7.269934027618324e-12,0.9985401358288101,0.001459864163919653
M0025,11,3,Transitionary,0.10804801059684113,5.804585542912271e-07,0.8919514089446046
M0025,12,1,Appreciation,0.9980418261963978,2.2676735455582403e-10,0.001958173576835344
M0025,13,2,Aversion,6.391334404981846e-09,0.7458902848149805,0.25410970879368555
M0025,14,3,Transitionary,6.261362426858702e-05,0.11907456220818363,0.8808628241675469
M0025,15,3,Transitionary,0.029483337921683,0.0030900478513193456,0.9674266142269985
M0025,16,3,Transitionary,0.010131315661647938,0.00017406264345096815,0.9896946216949013
M0025,17,1,Appreciation,0.9999843996579053,2.806075609772924e-15,1.5600342092493045e-05
M0025,18,2,Aversion,5.3690166113690595e-08,0.7795133810105386,0.22048656529929458
M0025,19,2,Aversion,2.9525648606744306e-10,0.9941424283721889,0.005857571332555502
M0025,20,3,Transitionary,0.0023279214908387214,0.001361250814437652,0.9963108276947232
M0025,21,3,Transitionary,0.07760925294081572,5.498328289953551e-05,0.9223357637762848
M0025,22,1,Appreciation,0.8454876523137456,1.648942669184834e-08,0.15451233119682853
M0025,23,3,Transitionary,0.0006541923524242127,4.229603705147514e-05,0.9993035116105242
M0025,24,3,Transitionary,0.15247665405285737,8.636095211404219e-07,0.8475224823376206
M0025,25,3,Transitionary,1.502093621828573e-06,0.298812414129083,0.7011860837772945
M0025,26,3,Transitionary,1.941388645513096e-06,0.023371595884950754,0.9766264627264031
M0026,2,2,Aversion,1.8673123161606815e-09,0.8326890788978427,0.16731091923484462
M0026,3,2,Aversion,1.251913382265364e-12,0.9993872689225191,0.0006127310762290535
M0026,4,2,Aversion,2.7060740184513484e-09,0.9920062711422358,0.007993726151689766
M0026,5,1,Appreciation,0.9902854674706496,1.001689388105673e-09,0.009714531527661314
M0026,6,2,Aversion,6.735132251744669e-13,0.9967842425313062,0.003215757468020412
M0026,7,2,Aversion,2.6183432248987246e-23,0.9999999918891893,8.110811023780207e-09
M0026,8,2,Aversion,7.078425922799127e-08,0.6514974380520148,0.34850249116372606
M0026,9,2,Aversion,1.2317577466022733e-08,0.7597142884602637,0.24028569922215928
M0026,10,2,Aversion,3.947815470494081e-17,0.9999937625749079,6.237425092299019e-06
M0026,11,2,Aversion,9.366717680081182e-11,0.9660255086020343,0.03397449130429873
M0026,12,3,Transitionary,0.00011578875312139038,0.0008190317238737526,0.9990651795230044
M0026,13,3,Transitionary,8.615050445698802e-07,0.013788468951430911,0.9862106695435245
M0026,14,2,Aversion,1.8303210273534158e-09,0.968938526931301,0.031061471238378102
M0026,15,1,Appreciation,0.9999934909177075,1.0409148974529029e-19,6.509082292064438e-06
M0026,16,3,Transitionary,5.293874568271592e-05,0.0009688156170382296,0.9989782456372792
M0026,17,1,Appreciation,0.9945752037914772,2.705808993231197e-13,0.005424796208252262
M0026,18,3,Transitionary,0.0009978963821432897,0.00013568411036473093,0.9988664195074922
M0026,19,2,Aversion,1.9367296224061973e-11,0.9986088052733193,0.0013911947073130945
M0026,20,1,Appreciation,0.9931383387236776,2.979238223542642e-10,0.00686166097839838
M0026,21,3,Transitionary,0.008066124087657198,5.204781000986085e-06,0.9919286711313415
M0026,22,3,Transitionary,3.0198652672041756e-06,0.31557123555279504,0.6844257445819377
M0026,23,3,Transitionary,0.0009298709406392891,0.007466401675649912,0.9916037273837106
M0026,24,3,Transitionary,0.00013946008387199352,0.002980186069732111,0.996880353846396
M0026,25,2,Aversion,7.124879716376703e-08,0.7728648745151788,0.2271350542360238
M0026,26,2,Aversion,6.478387204283789e-05,0.5808710605455674,0.41906415558238996
M0027,2,3,Transitionary,0.001001214085582167,0.00970838694487964,0.9892903989695382
M0027,3,2,Aversion,2.871676374757893e-17,0.9999955676379907,4.432362009425599e-06
M0027,4,3,Transitionary,0.06390213876500182,0.00024399109448756094,0.9358538701405109
M0027,5,3,Transitionary,1.4903694120633159e-06,0.32071332501597277,0.6792851846146152
M0027,6,2,Aversion,7.427328639557041e-06,0.5109339993588353,0.4890585733125252
M0027,7,2,Aversion,1.4791223503405084e-07,0.5991837971681606,0.40081605491960387
M0027,8,3,Transitionary,0.031010624522234492,0.00034708536165143787,0.9686422901161139
M0027,9,1,Appreciation,0.9642695813326289,3.27590256865153e-08,0.035730385908345506
M0027,10,2,Aversion,1.1887819709654707e-10,0.9755968280269569,0.02440317185416494
M0027,11,3,Transitionary,0.014391094163686568,2.2913381089352023e-05,0.9855859924552244
M0027,12,2,Aversion,2.956068607935908e-17,0.9999648269129505,3.517308704951644e-05
M0027,13,3,Transitionary,0.011608301877999782,4.819879895800744e-05,0.9883434993230418
M0027,14,3,Transitionary,1.8398953242004776e-05,0.15248218948803668,0.8474994115587211
M0027,15,2,Aversion,7.896594322244612e-08,0.8318151658379548,0.16818475519610188
M0027,16,1,Appreciation,0.715983464654051,1.517462200608342e-07,0.2840163835997284
M0027,17,3,Transitionary,0.0023903817140426115,0.00017405323797578043,0.997435565047982
M0027,18,2,Aversion,6.796270012370469e-07,0.7800965130286341,0.21990280734436507
M0027,19,3,Transitionary,0.0010920348594439645,0.009961758403329387,0.9889462067372264
M0027,20,1,Appreciation,0.9519314835577937,1.5303267535022247e-08,0.04806850113893884
M0027,21,1,Appreciation,0.9999930332565488,6.341913883757402e-16,6.9667434507742555e-06
M0027,22,3,Transitionary,0.003184587700624307,2.7331819304684053e-05,0.9967880804800714
M0027,23,1,Appreciation,0.9995913089672945,9.758963355628434e-15,0.0004086910326957172
M0027,24,3,Transitionary,0.052914655763704715,3.1359388637243313e-06,0.9470822082974312
M0027,25,3,Transitionary,8.627761981202212e-05,0.10011994685542004,0.8997937755247676
M0027,26,2,Aversion,1.348522933442538e-10,0.9879480878978022,0.012051911967345272
M0028,2,1,Appreciation,0.9813316713949781,3.0848531162494946e-08,0.01866829775649061
M0028,3,3,Transitionary,1.480366097332141e-05,0.002231238718490189,0.9977539576205364
M0028,4,3,Transitionary,0.0019970953751227913,3.101782820820733e-05,0.9979718867966689
M0028,5,3,Transitionary,6.667305323378246e-05,0.0017348564859679771,0.9981984704607982
M0028,6,1,Appreciation,0.9971670253891206,4.999412725109481e-14,0.0028329746108293296
M0028,7,1,Appreciation,0.7572845512297763,3.032508930065504e-08,0.24271541844513425
M0028,8,1,Appreciation,0.9992723937730068,2.5852720978847787e-14,0.0007276062269673884
M0028,9,2,Aversion,5.484760869517031e-09,0.838252309518987,0.16174768499625214
M0028,10,1,Appreciation,0.854270920457761,7.52089868296037e-09,0.14572907202134036
M0028,11,3,Transitionary,0.021483343910484082,0.0003267188345143685,0.9781899372550015
M0028,12,3,Transitionary,1.6330748363763982e-05,0.11649469288827395,0.8834889763633623
M0028,13,3,Transitionary,0.10276194701261758,0.00023275669704065182,0.8970052962903418
M0028,14,3,Transitionary,0.008351079183969528,0.00037815681726157394,0.9912707639987689
M0028,15,2,Aversion,5.327934008744667e-11,0.9899266417889703,0.010073358157750385
M0028,16,3,Transitionary,0.11499995907036833,1.1324846445744771e-05,0.884988716083186
M0028,17,3,Transitionary,0.001962076301370325,3.7576389528932934e-05,0.9980003473091007
M0028,18,3,Transitionary,0.002263634367645253,0.0001636006251787325,0.997572765007176
M0028,19,2,Aversion,8.442509945728416e-10,0.9900870703954566,0.009912928760292447
M0028,20,1,Appreciation,0.9999976545402506,3.050628558830828e-20,2.3454597495009114e-06
M0028,21,3,Transitionary,0.004792772545907006,3.5506283847935575e-05,0.995171721170245
M0028,22,1,Appreciation,0.999999999272497,4.195024818133865e-24,7.27502868369806e-10
M0028,23,2,Aversion,6.799448868854695e-11,0.9801342236431871,0.019865776288818377
M0028,24,2,Aversion,2.215550932340998e-10,0.965510714926312,0.034489284852132984
M0028,25,2,Aversion,3.1897895427531816e-11,0.9970077785861209,0.002992221381981193
M0028,26,3,Transitionary,0.0020133388379839543,1.1679430794535225e-05,0.9979749817312216
M0029,2,3,Transitionary,3.359054508711949e-06,0.20094157117668887,0.7990550697688024
M0029,3,3,Transitionary,1.3723976041886511e-05,0.0008833861051840645,0.999102889918774
M0029,4,1,Appreciation,0.9928305101038496,2.138839151103657e-12,0.007169489894011565
M0029,5,2,Aversion,4.466806301245951e-20,0.9999994684966022,5.315033978288799e-07
M0029,6,3,Transitionary,1.5247500041075085e-06,0.42465030762657907,0.5753481676234169
M0029,7,3,Transitionary,0.00018000690220633386,0.003733963428809799,0.9960860296689839
M0029,8,3,Transitionary,4.95294587600363e-06,0.06943713678295468,0.9305579102711693
M0029,9,2,Aversion,1.4002522380247897e-09,0.5698027215930955,0.4301972770066523
M0029,10,2,Aversion,5.89957624364427e-18,0.9999968508815978,3.149118402121273e-06
M0029,11,3,Transitionary,1.3561730187710463e-05,0.002161060323779976,0.9978253779460323
M0029,12,3,Transitionary,0.0007530927896012203,0.0021586680790972035,0.9970882391313016
M0029,13,3,Transitionary,1.5698400867484943e-05,0.021918547875969155,0.9780657537231634
M0029,14,3,Transitionary,0.008981425980662932,5.3364366584138905e-05,0.9909652096527529
M0029,15,2,Aversion,4.6816876499302796e-08,0.7926867082357083,0.20731324494741524
M0029,16,2,Aversion,1.0174904553715592e-12,0.9995681470448109,0.00043185295417160423
M0029,17,1,Appreciation,0.7917277223568729,1.9391292158287352e-07,0.20827208373020548
M0029,18,3,Transitionary,0.0031226455682351996,8.327285692608384e-05,0.9967940815748387
M0029,19,1,Appreciation,0.7635152736620533,1.3391885066445565e-06,0.23648338714944003
M0029,20,3,Transitionary,0.22438602346053788,5.888193369023837e-05,0.7755550946057719
M0029,21,3,Transitionary,8.01557803386778e-05,0.013672314374427608,0.9862475298452337
M0029,22,1,Appreciation,0.8899390641480318,5.02387679805817e-08,0.11006088561320021
M0029,23,3,Transitionary,4.642693029337119e-07,0.31953490343377305,0.680464632296924
M0029,24,1,Appreciation,0.9658215128864424,1.0945669573656988e-10,0.03417848700410094
M0029,25,1,Appreciation,0.7316137153723801,1.8607884578418261e-09,0.2683862827668315
M0029,26,1,Appreciation,0.9993164765261834,4.478605060710936e-14,0.000683523473771878
M0030,2,2,Aversion,2.400155637712773e-11,0.9918325536730084,0.008167446302990112
M0030,3,3,Transitionary,5.57562156722164e-05,0.001107977166530934,0.9988362666177969
M0030,4,2,Aversion,6.152143912169602e-10,0.9661826941432261,0.033817305241559535
M0030,5,2,Aversion,5.05180036705146e-09,0.9443608283530333,0.055639166595166434
M0030,6,3,Transitionary,0.00012312380774117431,0.036556401083597055,0.9633204751086617
M0030,7,2,Aversion,3.3122884121765527e-08,0.9575451313563884,0.04245483552072741
M0030,8,1,Appreciation,0.9521686945420279,2.3694650009535445e-05,0.047807610807962565
M0030,9,1,Appreciation,0.9377649083427951,3.168709884023163e-07,0.06223477478621649
M0030,10,2,Aversion,9.885845178113742e-16,0.9994317494334046,0.0005682505665942644
M0030,11,1,Appreciation,0.7481086893209251,2.585573955651369e-06,0.25188872510511934
M0030,12,1,Appreciation,0.8684883512962418,1.9432544617622246e-06,0.13150970544929652
M0030,13,3,Transitionary,0.00041974625552230734,0.004152916636006076,0.9954273371084715
M0030,14,2,Aversion,9.780864467970335e-08,0.7048057252824863,0.29519417690886907
M0030,15,1,Appreciation,0.9999999694896942,1.5732040863049824e-19,3.0510305906615284e-08
M0030,16,3,Transitionary,0.46199012076000734,8.969322549927292e-06,0.5380009099174426
M0030,17,1,Appreciation,0.9922766799533508,2.440470013397164e-10,0.007723319802602193
M0030,18,1,Appreciation,0.9983213738877609,1.57618008552402e-10,0.0016786259546211454
M0030,19,1,Appreciation,0.9998811654075427,5.218728008885964e-12,0.00011883458723863253
M0030,20,3,Transitionary,2.454686412277698e-06,0.29949406631329034,0.7005034790002973
M0030,21,2,Aversion,2.492216999057993e-09,0.9644046435454231,0.0355953539623598
M0030,22,2,Aversion,2.5515767413927297e-11,0.9961331448044406,0.003866855170043707
M0030,23,1,Appreciation,0.9999293729939973,9.361813258606997e-11,7.062691238449108e-05
M0030,24,3,Transitionary,0.04512334024747668,0.00018285084453716096,0.954693808907986
M0030,25,1,Appreciation,0.6052264388798199,2.7401228016453623e-08,0.39477353371895224
M0030,26,1,Appreciation,0.9999998663273884,2.0872279093508569e-19,1.3367261162258976e-07
M0031,2,1,Appreciation,0.9999949722388624,5.007796112410278e-14,5.027761087466314e-06
M0031,3,3,Transitionary,0.00030419777163656256,0.0012305758315206499,0.9984652263968432
M0031,4,2,Aversion,1.4729741657296766e-15,0.999987752288934,1.2247711064923491e-05
M0031,5,3,Transitionary,0.07005146507794724,9.803299185999825e-05,0.9298505019301925
M0031,6,2,Aversion,5.010947770755948e-08,0.5857964840173977,0.4142034658731245
M0031,7,2,Aversion,3.8556541233403275e-10,0.9767176231136575,0.02328237650077743
M0031,8,2,Aversion,1.9193046289871966e-10,0.9803546899680013,0.0196453098400678
M0031,9,3,Transitionary,0.23319935535235764,6.615884331263607e-05,0.7667344858043293
M0031,10,3,Transitionary,7.856259871067179e-07,0.13109568852963036,0.8689035258443822
M0031,11,2,Aversion,7.82667368419287e-14,0.9994680598583457,0.0005319401415756719
M0031,12,2,Aversion,2.1884913184584403e-08,0.9410319412314384,0.05896803688364813
M0031,13,3,Transitionary,0.008179665298570492,0.001012342157890473,0.990807992543539
M0031,14,3,Transitionary,0.00010573941935526338,0.09125166847869194,0.9086425921019526
M0031,15,3,Transitionary,0.0020503518294263984,0.0018286476425456223,0.9961210005280278
M0031,16,2,Aversion,1.2838354923960777e-08,0.9360137531615526,0.06398623400009258
M0031,17,1,Appreciation,0.9781101135655771,3.043879052611198e-08,0.021889855995632382
M0031,18,1,Appreciation,0.5456810958394783,3.212561310440329e-06,0.4543156915992113
M0031,19,2,Aversion,2.494189114198637e-13,0.9997069782263931,0.00029302177335755706
M0031,20,1,Appreciation,0.9295565967595326,3.7141782108472983e-07,0.07044303182264658
M0031,21,3,Transitionary,0.000271775682068558,0.028904100551545985,0.9708241237663852
M0031,22,1,Appreciation,0.6966251827830555,4.456504649220798e-06,0.3033703607122953
M0031,23,1,Appreciation,0.904951118327645,1.2668669068627193e-06,0.0950476148054483
M0031,24,3,Transitionary,0.3162544554879751,1.7819928456667526e-05,0.6837277245835685
M0031,25,3,Transitionary,0.0001128922908978884,0.004205005212882469,0.9956821024962198
M0031,26,3,Transitionary,0.011836100267941943,0.00014097458150910244,0.9880229251505491
M0032,2,1,Appreciation,0.9998504466170272,8.812796760934982e-15,0.00014955338296369973
M0032,3,1,Appreciation,0.5049411216854469,4.107360608382142e-07,0.4950584675784918
M0032,4,3,Transitionary,5.228883355341772e-07,0.2463719575767849,0.7536275195348795
M0032,5,3,Transitionary,0.0003128304695615602,0.002017094217664563,0.9976700753127737
M0032,6,1,Appreciation,0.930374544452436,1.6054199238529706e-09,0.06962545394214428
M0032,7,3,Transitionary,0.004024117853446108,6.254578728665092e-05,0.9959133363592668
M0032,8,3,Transitionary,5.210260883564151e-07,0.2124988354848963,0.7875006434890156
M0032,9,1,Appreciation,0.9421357414371229,1.938024546245587e-10,0.05786425836907428
M0032,10,3,Transitionary,4.481541833445622e-08,0.12550806038539047,0.8744918947991915
M0032,11,2,Aversion,1.0829384565058436e-08,0.8079502924575992,0.1920496967130163
M0032,12,2,Aversion,1.7380063421215528e-17,0.9999714696463323,2.85303536674226e-05
M0032,13,1,Appreciation,0.9285750193860802,5.165574616361829e-10,0.07142498009736205
M0032,14,3,Transitionary,0.4658321471319584,3.5983621546088224e-08,0.5341678168844202
M0032,15,3,Transitionary,0.0024616918540683167,0.00010273190982938549,0.9974355762361024
M0032,16,3,Transitionary,0.00032071864162267074,0.00260316275596194,0.9970761186024152
M0032,17,2,Aversion,6.939897110581563e-09,0.9243576758446853,0.075642317215418
M0032,18,1,Appreciation,0.5909174061994309,3.5023156474030864e-08,0.40908255877741234
M0032,19,1,Appreciation,0.9999996215413468,9.016159888164433e-22,3.784586530736536e-07
M0032,20,3,Transitionary,1.0494996455909825e-06,0.24099855485221333,0.7590003956481408
M0032,21,3,Transitionary,0.019175879725676817,5.530666351342206e-06,0.980818589607972
M0032,22,1,Appreciation,0.9846433684946682,1.0111608970467711e-10,0.015356631404215405
M0032,23,1,Appreciation,0.5968178842817471,1.6887289743781145e-07,0.4031819468453554
M0032,24,3,Transitionary,0.021494083484955722,0.00011059239826608141,0.9783953241167781
M0032,25,1,Appreciation,0.5378873617464851,9.558595115723419e-07,0.462111682394003
M0032,26,1,Appreciation,0.9999987751608219,2.3512490355198538e-19,1.2248391780366155e-06
M0033,2,3,Transitionary,0.41090435336655545,9.374923010559285e-05,0.5890018974033391
M0033,3,3,Transitionary,4.193269035333218e-06,0.3236830001945449,0.6763128065364197
M0033,4,3,Transitionary,3.9763094373959194e-05,0.3747754675715973,0.6251847693340287
M0033,5,3,Transitionary,0.001438233945549848,0.0015362585011435153,0.9970255075533065
M0033,6,2,Aversion,6.057941677408434e-07,0.6451225076268101,0.35487688657902217
M0033,7,3,Transitionary,0.0019834244304645933,0.00020643316948403993,0.9978101424000512
M0033,8,3,Transitionary,0.0036449162602226856,1.8493188837467201e-06,0.9963532344208937
M0033,9,1,Appreciation,0.9999987566788724,3.4138886514214e-20,1.2433211277585876e-06
M0033,10,3,Transitionary,6.657030260241447e-06,0.0071563308161964965,0.9928370121535433
M0033,11,1,Appreciation,0.8681866338291491,6.1613929389961644e-09,0.13181336000945792
M0033,12,2,Aversion,7.130757949551177e-24,0.9999999774679849,2.253201502405596e-08
M0033,13,3,Transitionary,4.196381041465738e-06,0.21988208996069886,0.7801137136582595
M0033,14,3,Transitionary,3.0341735491581345e-06,0.3065681706395018,0.693428795186949
M0033,15,1,Appreciation,0.5398952539915601,1.196725779380439e-06,0.4601035492826604
M0033,16,2,Aversion,4.787095945377053e-07,0.6725788514236896,0.32742066986671586
M0033,17,3,Transitionary,0.002254166332044217,0.0007062427771805138,0.9970395908907752
M0033,18,2,Aversion,4.401155661740895e-09,0.7262996508868753,0.2737003447119692
M0033,19,3,Transitionary,7.663215070367363e-05,0.009335713474095425,0.990587654375201
M0033,20,3,Transitionary,2.6601903835001825e-05,0.19169549292224733,0.8082779051739176
M0033,21,3,Transitionary,0.48256026860497625,3.743013258121576e-05,0.5174023012624426
M0033,22,1,Appreciation,0.9910106291426325,5.657700118535681e-10,0.008989370291597343
M0033,23,3,Transitionary,0.0053684169529602385,8.7924255113128e-06,0.9946227906215286
M0033,24,3,Transitionary,0.020107143711621905,6.583333639105613e-05,0.9798270229519869
M0033,25,1,Appreciation,0.9045898364497559,3.516461621275666e-07,0.09540981190408204
M0033,26,2,Aversion,3.8475430818520663e-13,0.999552121665989,0.00044787833362607845
M0034,2,2,Aversion,3.229138340852094e-14,0.9997650946739517,0.00023490532601601934
M0034,3,2,Aversion,4.6565794744035444e-08,0.6207084524582855,0.37929150097591974
M0034,4,1,Appreciation,0.9999210802170175,3.2675247056678277e-13,7.891978265571337e-05
M0034,5,1,Appreciation,0.9933003240687539,1.0570826065242337e-09,0.006699674874163522
M0034,6,3,Transitionary,0.13144282983833683,5.816162454642329e-05,0.8684990085371167
M0034,7,2,Aversion,4.593106762034701e-13,0.9995250018321333,0.0004749981674073486
M0034,8,3,Transitionary,8.881780922699779e-05,0.003641140095537284,0.9962700420952357
M0034,9,2,Aversion,1.3265933431051334e-10,0.9339360655483971,0.06606393431894349
M0034,10,2,Aversion,1.1261985615507577e-13,0.9998860342365193,0.0001139657633680303
M0034,11,3,Transitionary,0.00332764104941294,0.00028764324887969455,0.9963847157017073
M0034,12,2,Aversion,6.292346917327967e-08,0.9390627426624205,0.0609371944141104
M0034,13,3,Transitionary,9.806798148840282e-07,0.19696101852926987,0.8030380007909153
M0034,14,1,Appreciation,0.999649207508362,6.198017212245677e-14,0.0003507924915761414
M0034,15,1,Appreciation,0.9688158812019156,4.646324141062999e-11,0.031184118751621148
M0034,16,3,Transitionary,0.4406812057574679,4.366876933392315e-07,0.5593183575548387
M0034,17,1,Appreciation,0.9924043493647575,2.6285656234176215e-12,0.007595650632613915
M0034,18,1,Appreciation,0.9665584851182446,2.4292385113458143e-11,0.033441514857462995
M0034,19,1,Appreciation,0.872722523067679,1.8032475614146365e-09,0.1272774751290735
M0034,20,1,Appreciation,0.9999999239464038,1.0169332726381445e-22,7.605359624791474e-08
M0034,21,3,Transitionary,0.002574129509707306,0.00018253862528031648,0.9972433318650124
M0034,22,1,Appreciation,0.9963194511873079,8.906226626727948e-12,0.0036805488037858058
M0034,23,1,Appreciation,0.9999947697011293,2.3282815858146924e-18,5.230298870653109e-06
M0034,24,1,Appreciation,0.9967777311244839,2.4312041328658778e-14,0.003222268875491885
M0034,25,3,Transitionary,1.1151546592569368e-05,0.006148199642573082,0.9938406488108344
M0034,26,1,Appreciation,0.9288086752350212,1.0612028530280269e-09,0.07119132370377594
M0035,2,2,Aversion,1.0208358416775469e-06,0.802802101486291,0.19719687767786714
M0035,3,3,Transitionary,0.12052567909761018,6.483250035190904e-05,0.8794094884020383
M0035,4,3,Transitionary,1.0241048959004683e-05,0.4436496144847797,0.5563401444662612
M0035,5,3,Transitionary,0.0024796621326405774,0.0006953915625413081,0.9968249463048179
M0035,6,3,Transitionary,0.026969518721701963,2.1170987486900507e-05,0.9730093102908114
M0035,7,3,Transitionary,0.17762562753414243,6.614262880867703e-05,0.8223082298370489
M0035,8,3,Transitionary,0.0007675414143924616,0.001961363226826222,0.9972710953587812
M0035,9,2,Aversion,2.3275102897479433e-14,0.9998994583634984,0.00010054163647834171
M0035,10,3,Transitionary,0.22402010413686388,5.00609877401103e-06,0.775974889764362
M0035,11,2,Aversion,1.0822423715783407e-12,0.9898711149103387,0.010128885088579398
M0035,12,2,Aversion,1.0247081440624814e-16,0.9999904187125697,9.58128743043949e-06
M0035,13,3,Transitionary,1.4118637733320072e-05,0.4652189084431071,0.5347669729191592
M0035,14,3,Transitionary,0.0003865175828102231,0.0003857686030093071,0.9992277138141805
M0035,15,3,Transitionary,0.1565139619278789,3.570281517632212e-07,0.8434856810439689
M0035,16,3,Transitionary,1.247122978828126e-05,0.001645363282179799,0.9983421654880323
M0035,17,3,Transitionary,0.042932991758912055,1.6996473695558027e-05,0.957050011767392
M0035,18,3,Transitionary,0.0005737709507536751,0.0018191031729549532,0.9976071258762912
M0035,19,2,Aversion,1.8454462273110118e-11,0.9793132845569723,0.02068671542457363
M0035,20,3,Transitionary,0.40438012401487977,1.531018021341106e-06,0.5956183449670986
M0035,21,3,Transitionary,0.00040022377120524675,0.002318866598295799,0.997280909630499
M0035,22,3,Transitionary,0.4449399623790866,2.9658852107649657e-07,0.5550597410323919
M0035,23,3,Transitionary,2.9116631817441516e-06,0.010901979564513064,0.9890951087723048
M0035,24,1,Appreciation,0.853240363470544,2.5462065300959667e-09,0.1467596339832497
M0035,25,1,Appreciation,0.9996572468880381,3.4255103196037004e-14,0.0003427531119279525
M0035,26,3,Transitionary,0.017116487673005013,1.0547576728479361e-05,0.9828729647502666
M0036,2,1,Appreciation,0.9999995489903495,7.393850696527885e-17,4.5100964961765755e-07
M0036,3,1,Appreciation,0.6269567906939792,2.165241218289051e-06,0.37304104406480193
M0036,4,3,Transitionary,0.006993291306451306,0.0028105018767925743,0.9901962068167558
M0036,5,3,Transitionary,1.4292267658475471e-06,0.13656768764212315,0.8634308831311118
M0036,6,3,Transitionary,0.07640375822284287,0.00020192914251774026,0.9233943126346393
M0036,7,2,Aversion,4.164463026260616e-07,0.8542764600101823,0.14572312354351494
M0036,8,3,Transitionary,0.3726798986609851,2.8277320096242567e-07,0.6273198185658142
M0036,9,3,Transitionary,9.829285340428659e-06,0.038157664893746654,0.9618325058209125
M0036,10,2,Aversion,1.2008046244071915e-13,0.9994612700399514,0.000538729959927798
M0036,11,2,Aversion,8.080967533854475e-08,0.8994602243145198,0.10053969487580557
M0036,12,1,Appreciation,0.9999999973926403,1.3542020154875752e-21,2.607360425740558e-09
M0036,13,3,Transitionary,0.014286719867493332,0.00015547225091176929,0.9855578078815941
M0036,14,2,Aversion,2.5936199145746217e-09,0.9946982065842207,0.0053017908221600464
M0036,15,1,Appreciation,0.9994990435879719,1.9448279218923437e-12,0.0005009564100826323
M0036,16,3,Transitionary,0.010844960437309252,0.0003499821735024902,0.9888050573891888
M0036,17,2,Aversion,2.5454152882421495e-10,0.9962094742850555,0.0037905254604031326
M0036,18,3,Transitionary,0.004930631863910242,0.0001225396564417914,0.9949468284796485
M0036,19,3,Transitionary,0.0006890583199873609,0.007146668417744737,0.9921642732622682
M0036,20,2,Aversion,7.398662884125269e-11,0.9916173933399466,0.00838260658606771
M0036,21,3,Transitionary,4.965349524975065e-06,0.001185256912589516,0.9988097777378864
M0036,22,3,Transitionary,0.00044589037372023347,0.00044086600685568284,0.9991132436194244
M0036,23,2,Aversion,5.665478718029908e-12,0.9975522212465734,0.0024477787477602693
M0036,24,3,Transitionary,0.0004897728892987796,5.174480157444495e-05,0.9994584823091266
M0036,25,1,Appreciation,0.9506140444379194,1.766941240906054e-09,0.049385953795140235
M0036,26,3,Transitionary,0.2331798038558096,8.024475924324404e-08,0.7668201158994319
M0037,2,3,Transitionary,0.001505445117340266,0.021068321124538464,0.9774262337581215
M0037,3,2,Aversion,1.0213573361322408e-13,0.9998550822231373,0.00014491777676044307
M0037,4,3,Transitionary,0.005547067473920783,0.0009730257050663991,0.9934799068210127
M0037,5,2,Aversion,4.837829194814807e-06,0.5408075317434164,0.45918763042738836
M0037,6,3,Transitionary,0.0011150982205245894,0.0014763460012266907,0.9974085557782485
M0037,7,2,Aversion,1.1373094675258845e-08,0.9462078374976733,0.05379215112923204
M0037,8,1,Appreciation,0.9999524167268931,1.9089460540647853e-12,4.7583271198304904e-05
M0037,9,2,Aversion,4.241336043012591e-12,0.9990948253481188,0.0009051746476401593
M0037,10,1,Appreciation,0.783760914904868,4.4040717052685027e-07,0.2162386446879617
M0037,11,3,Transitionary,2.9577586607306236e-05,0.03346732127864499,0.9665031011347477
M0037,12,2,Aversion,3.757048692767693e-07,0.8321763742703444,0.16782325002478665
M0037,13,2,Aversion,7.162386253955096e-06,0.6485331631958192,0.3514596744179264
M0037,14,1,Appreciation,0.999145903210435,4.781572823374625e-13,0.0008540967890867162
M0037,15,3,Transitionary,0.010896725935415517,4.047957291931266e-05,0.9890627944916651
M0037,16,3,Transitionary,1.1294516164515742e-05,0.023549630447772092,0.9764390750360638
M0037,17,1,Appreciation,0.6856520043712611,4.638403275446107e-08,0.31434794924470627
M0037,18,1,Appreciation,0.8801424615938293,1.155081264795531e-08,0.11985752685535776
M0037,19,3,Transitionary,0.006564941369377948,4.165261665155498e-05,0.9933934060139707
M0037,20,3,Transitionary,1.4627393058095887e-05,0.004221165890385738,0.9957642067165562
M0037,21,1,Appreciation,0.9987952194451224,2.1290276942456217e-14,0.0012047805548566313
M0037,22,3,Transitionary,0.010385935791697094,5.708729329822043e-05,0.9895569769150049
M0037,23,1,Appreciation,0.99999974705388,1.2663205507460815e-21,2.529461201939377e-07
M0037,24,3,Transitionary,8.188118951292046e-05,0.006817749198234676,0.9931003696122522
M0037,25,3,Transitionary,1.638160530701373e-07,0.14243984325473888,0.8575599929292081
M0037,26,1,Appreciation,0.9999999457216587,5.0207778633111466e-23,5.427834150668842e-08
M0038,2,1,Appreciation,0.8543284339477387,5.436938139960151e-10,0.14567156550856747
M0038,3,3,Transitionary,0.0005101387369973474,0.00013791160391180766,0.9993519496590908
M0038,4,3,Transitionary,0.00938386653065496,9.587777014516672e-05,0.9905202556991999
M0038,5,3,Transitionary,0.0004167766956772698,0.0002692725362185853,0.9993139507681041
M0038,6,2,Aversion,2.698578937266259e-08,0.908909992737635,0.09108998027657578
M0038,7,3,Transitionary,0.05365433373186437,4.2181421466376456e-05,0.9463034848466692
M0038,8,3,Transitionary,2.7742288203899232e-05,0.06090549681921197,0.9390667608925841
M0038,9,1,Appreciation,0.9999994340955897,1.5559682209635011e-16,5.659044101174462e-07
M0038,10,2,Aversion,2.0212191466614205e-16,0.9999632549303322,3.674506966761747e-05
M0038,11,3,Transitionary,0.0004685162975149264,0.0007639059778448918,0.9987675777246402
M0038,12,2,Aversion,3.5955296534992066e-11,0.9991425076075297,0.0008574923565150036
M0038,13,3,Transitionary,0.03334690677058357,7.885306337667936e-05,0.9665742401660397
M0038,14,3,Transitionary,1.195997259404508e-06,0.04821352330249211,0.9517852807002485
M0038,15,3,Transitionary,0.020398734104461295,5.480053885390793e-05,0.9795464653566849
M0038,16,1,Appreciation,0.9945128332246665,1.2004110178267667e-13,0.0054871667752134584
M0038,17,3,Transitionary,0.0010997642004751764,3.4012442809110044e-05,0.9988662233567157
M0038,18,3,Transitionary,0.008379775765461086,4.279496451090134e-05,0.991577429270028
M0038,19,3,Transitionary,0.36351544911447325,2.3530503310417222e-05,0.6364610203822164
M0038,20,3,Transitionary,9.810537331708324e-07,0.0063869809466657965,0.9936120379996011
M0038,21,1,Appreciation,0.9999414416357923,1.2301626537332073e-15,5.855836420633474e-05
M0038,22,3,Transitionary,0.24178320140254267,8.378064114352045e-05,0.7581330179563138
M0038,23,3,Transitionary,0.0015060538458767615,0.004146345284960058,0.9943476008691632
M0038,24,3,Transitionary,5.024663465425378e-07,0.4666252658615781,0.5333742316720753
M0038,25,3,Transitionary,1.4537139670229932e-06,0.2986202651454143,0.7013782811406186
M0038,26,3,Transitionary,0.0028897887228516396,0.0011599765642468425,0.9959502347129016
M0039,2,2,Aversion,2.3394236786428407e-12,0.9977298162510274,0.0022701837466329268
M0039,3,1,Appreciation,0.687184481926985,1.2413466778064845e-06,0.3128142767263374
M0039,4,2,Aversion,7.550680764887739e-08,0.8162431384290212,0.1837567860641711
M0039,5,3,Transitionary,1.847826374798153e-07,0.4151830900716981,0.5848167251456643
M0039,6,1,Appreciation,0.6759569807329356,2.3039037638449165e-06,0.3240407153633007
M0039,7,3,Transitionary,0.0007864855776871032,0.00025432686268665316,0.9989591875596262
M0039,8,2,Aversion,1.6018860291935792e-09,0.9594054338766242,0.0405945645214899
M0039,9,3,Transitionary,3.483002395392039e-05,0.07499327543332945,0.9249718945427166
M0039,10,3,Transitionary,0.05727748215784297,0.00016832495014150673,0.9425541928920156
M0039,11,2,Aversion,3.477243008320718e-08,0.9180532681566888,0.08194669707088126
M0039,12,3,Transitionary,0.0001082196667803259,0.001125829200250216,0.9987659511329696
M0039,13,3,Transitionary,0.08213006263612081,2.3832608039322003e-06,0.9178675541030752
M0039,14,1,Appreciation,0.9995974065629345,2.8652508895378498e-15,0.0004025934370625442
M0039,15,3,Transitionary,0.021668256144192505,1.3307027943677802e-06,0.978330413153013
M0039,16,2,Aversion,3.008982429219881e-07,0.5711994206217714,0.4288002784799856
M0039,17,3,Transitionary,0.005786744457928704,0.008868060634834392,0.9853451949072367
M0039,18,3,Transitionary,5.361637072797155e-06,0.07776411586256178,0.9222305225003654
M0039,19,3,Transitionary,0.18544050604427892,2.192405888322101e-05,0.8145375698968379
M0039,20,2,Aversion,1.7077771318795193e-09,0.9756491544862943,0.024350843805928658
M0039,21,3,Transitionary,0.0055171572943282015,0.0008148090431800023,0.9936680336624919
M0039,22,2,Aversion,4.783135838561633e-15,0.9999655652266297,3.443477336562546e-05
M0039,23,3,Transitionary,0.016962208984631792,8.227239919846317e-07,0.9830369682913762
M0039,24,3,Transitionary,0.10313944292618245,1.2545978769310903e-06,0.8968593024759405
M0039,25,3,Transitionary,3.0847777964234607e-07,0.07696579262418217,0.9230338988980381
M0039,26,1,Appreciation,0.9995314447503585,9.102895296120107e-15,0.00046855524963227877
M0040,2,3,Transitionary,0.0337163231112265,7.652198402269187e-05,0.966207154904751
M0040,3,2,Aversion,4.798295589915723e-11,0.9944485618931866,0.005551438058830139
M0040,4,2,Aversion,5.723184400037695e-13,0.9991729716878072,0.0008270283116202456
M0040,5,3,Transitionary,0.006993688963881814,8.744720424431458e-05,0.9929188638318738
M0040,6,3,Transitionary,6.795798174281519e-05,0.014902657204332023,0.9850293848139251
M0040,7,3,Transitionary,0.01888426337306729,1.6648670220885907e-06,0.9811140717599105
M0040,8,2,Aversion,4.308805993935225e-12,0.9981516501426081,0.0018483498530831545
M0040,9,2,Aversion,1.3385081803362286e-12,0.9989028802083558,0.001097119790305762
M0040,10,3,Transitionary,0.0013787472333171083,0.003088293658141517,0.9955329591085417
M0040,11,1,Appreciation,0.9893844078037767,1.5471867059560035e-09,0.010615590649036354
M0040,12,1,Appreciation,0.6496372235408372,4.254946914445698e-07,0.35036235096447155
M0040,13,2,Aversion,6.017969922143448e-07,0.7790014063999311,0.22099799180307694
M0040,14,3,Transitionary,5.173957263750368e-05,0.015171197796258138,0.9847770626311045
M0040,15,3,Transitionary,0.16539804743351846,3.063160161917491e-06,0.8345988894063198
M0040,16,1,Appreciation,0.9944369719644912,6.893449533252913e-10,0.0055630273461642205
M0040,17,1,Appreciation,0.999716316304997,1.6707406875797082e-11,0.00028368367829572234
M0040,18,3,Transitionary,0.33850683524833597,4.353715751168059e-07,0.6614927293800893
M0040,19,2,Aversion,5.478652794787935e-06,0.6315570003822895,0.3684375209649159
M0040,20,1,Appreciation,0.9866890135738443,1.556878107186112e-11,0.01331098641058694
M0040,21,1,Appreciation,0.9899293002704416,4.995477572785792e-13,0.010070699729059277
M0040,22,1,Appreciation,0.999985250634952,6.3037142181544635e-18,1.4749365047918833e-05
M0040,23,3,Transitionary,5.1799204271544724e-05,0.014199022266178045,0.9857491785295504
M0040,24,3,Transitionary,8.217218317079533e-05,0.0011380110418864665,0.9987798167749431
M0040,25,1,Appreciation,0.9999076930757196,2.7746254988946535e-14,9.23069242530351e-05
M0040,26,3,Transitionary,0.0040649824967630725,0.00010498732444893334,0.9958300301787881
M0041,2,3,Transitionary,0.3815053863748257,0.0005249613693856465,0.6179696522557888
M0041,3,1,Appreciation,0.7202316866768496,8.172690167574255e-07,0.2797674960541335
M0041,4,3,Transitionary,1.7825962513208444e-06,0.44422266033869334,0.5557755570650551
M0041,5,2,Aversion,2.1830721162577342e-10,0.979940465092333,0.020059534689359972
M0041,6,2,Aversion,2.822843223080527e-08,0.9226260785381274,0.0773738932334404
M0041,7,3,Transitionary,3.285846393217407e-07,0.3016783358392348,0.698321335576126
M0041,8,3,Transitionary,0.2114554494848539,2.036881299837915e-05,0.788524181702148
M0041,9,2,Aversion,5.852567877059112e-10,0.9723203780204892,0.027679621394254058
M0041,10,3,Transitionary,0.0024626420602728676,9.940326086697216e-05,0.99743795467886
M0041,11,1,Appreciation,0.9858622966417043,2.24541163546589e-11,0.014137703335841953
M0041,12,2,Aversion,3.581496513105401e-11,0.9955807367796107,0.004419263184573987
M0041,13,2,Aversion,2.648051068068152e-10,0.9909411088686892,0.009058890866505655
M0041,14,1,Appreciation,0.8824609879265373,7.205004818899618e-07,0.11753829157298061
M0041,15,3,Transitionary,2.927408461515385e-08,0.2901069825831024,0.7098929881428133
M0041,16,3,Transitionary,0.05975829712275517,4.203230081751011e-05,0.9401996705764275
M0041,17,3,Transitionary,0.0001882592167513386,0.03656819651390047,0.9632435442693484
M0041,18,3,Transitionary,0.0002967517349356013,0.005309480368054764,0.9943937678970093
M0041,19,3,Transitionary,0.010667981960177125,1.72753982023353e-05,0.9893147426416204
M0041,20,3,Transitionary,3.745860737142153e-05,0.040281292764452296,0.9596812486281763
M0041,21,2,Aversion,1.7924324400542964e-08,0.9336496119558676,0.06635037011980796
M0041,22,1,Appreciation,0.9720445603797926,1.3657679072771204e-10,0.027955439483630835
M0041,23,3,Transitionary,2.4015434303696724e-07,0.49310042379212965,0.5068993360535275
M0041,24,3,Transitionary,1.7074961741785324e-05,0.0053099900723843005,0.9946729349658736
M0041,25,1,Appreciation,0.6902859887911528,9.806576610681066e-09,0.3097140014022704
M0041,26,3,Transitionary,5.073134169523163e-06,0.13490133436142096,0.8650935925044096
M0042,2,3,Transitionary,0.025417198331916437,1.9358606226429735e-06,0.9745808658074611
M0042,3,3,Transitionary,2.301656000053638e-06,0.0057495527325508635,0.9942481456114487
M0042,4,2,Aversion,7.291127552516543e-12,0.9983535356777508,0.0016464643149577296
M0042,5,3,Transitionary,0.0063312003344008,6.43861009942444e-06,0.9936623610554998
M0042,6,2,Aversion,1.3674573239355647e-07,0.7709365025143673,0.22906336073990066
M0042,7,3,Transitionary,0.0004321126720963383,0.0006329665775354986,0.9989349207503683
M0042,8,3,Transitionary,7.927335529689626e-06,0.019107757437147474,0.9808843152273229
M0042,9,3,Transitionary,7.654002961773598e-06,0.03455838183375894,0.9654339641632796
M0042,10,3,Transitionary,0.0012533388159686543,0.0006331914751945552,0.9981134697088371
M0042,11,1,Appreciation,0.999290953826853,3.078324738809777e-10,0.000709045865314188
M0042,12,1,Appreciation,0.7312408680011838,5.273552994824304e-07,0.26875860464351675
M0042,13,2,Aversion,1.7594053067789688e-11,0.9963990870758007,0.0036009129066053892
M0042,14,3,Transitionary,9.768656599608714e-07,0.0029173685995194294,0.9970816545348206
M0042,15,1,Appreciation,0.9999739680801987,1.275688519353898e-17,2.60319198011298e-05
M0042,16,3,Transitionary,0.20627557500865892,2.4923614118833198e-06,0.793721932629929
M0042,17,3,Transitionary,1.5576667304785042e-05,0.007693306094294614,0.9922911172384008
M0042,18,2,Aversion,6.113313012153865e-06,0.6222956815037785,0.3776982051832091
M0042,19,3,Transitionary,0.0002632044795605252,0.005744332822896525,0.9939924626975427
M0042,20,3,Transitionary,0.007087286428417632,8.905428771320714e-06,0.9929038081428108
M0042,21,1,Appreciation,0.9998736065601729,2.155927909286772e-15,0.0001263934398252102
M0042,22,1,Appreciation,0.9999990610769072,1.7953901334433782e-19,9.389230929589982e-07
M0042,23,3,Transitionary,2.4974711742989853e-06,0.006800836372009987,0.9931966661568159
M0042,24,3,Transitionary,3.20971556461135e-05,0.024672026804469425,0.9752958760398849
M0042,25,3,Transitionary,0.008018057201430446,0.0011114164141801948,0.9908705263843891
M0042,26,3,Transitionary,3.3677112930508616e-05,0.020684710426779496,0.9792816124602901
M0043,2,2,Aversion,2.3001333590551176e-18,0.999999188402027,8.115979727741778e-07
M0043,3,3,Transitionary,6.961943268885886e-08,0.43221480629605813,0.5677851240845093
M0043,4,3,Transitionary,0.0001653942746589702,0.012728014600106752,0.9871065911252345
M0043,5,3,Transitionary,0.0010059687961226425,0.016402787390486638,0.9825912438133907
M0043,6,3,Transitionary,0.346418052126195,1.4870909492409929e-05,0.6535670769643128
M0043,7,2,Aversion,1.2095170012671668e-10,0.9839103006253298,0.016089699253718434
M0043,8,2,Aversion,1.9793013178775335e-10,0.9303441339585583,0.06965586584351167
M0043,9,3,Transitionary,0.2479253233920759,5.164681074891812e-05,0.752023029797175
M0043,10,1,Appreciation,0.8090676100697665,2.404080883983161e-06,0.19092998584934961
M0043,11,1,Appreciation,0.9793396162598084,3.319211687206665e-07,0.020660051819022775
M0043,12,2,Aversion,3.777468710617534e-16,0.9999914429354598,8.557064539911568e-06
M0043,13,2,Aversion,3.197674382588605e-07,0.911297177128499,0.08870250310406268
M0043,14,3,Transitionary,0.010492170101880726,0.00042196917597797743,0.9890858607221413
M0043,15,2,Aversion,5.989541821348642e-09,0.7512513981996501,0.24874859581080802
M0043,16,1,Appreciation,0.5277607536801184,8.219502937988873e-08,0.4722391641248523
M0043,17,1,Appreciation,0.876484612967691,4.2900302333399245e-07,0.12351495802928553
M0043,18,1,Appreciation,0.9052222244249627,3.682735397039194e-09,0.09477777189230192
M0043,19,1,Appreciation,0.5039841920413282,2.5298408271683287e-08,0.49601578266026364
M0043,20,1,Appreciation,0.9999996848829465,2.5844004323289385e-21,3.151170534958306e-07
M0043,21,3,Transitionary,0.011934588984432335,0.00019901394338235284,0.9878663970721852
M0043,22,3,Transitionary,0.013947691852136776,3.542363299686911e-05,0.9860168845148665
M0043,23,1,Appreciation,0.9963041873767815,2.7061212281607063e-13,0.0036958126229476953
M0043,24,3,Transitionary,0.044628744263762156,7.111399083524672e-06,0.9553641443371542
M0043,25,3,Transitionary,0.0004004153688999679,0.0006663327882989538,0.9989332518428009
M0043,26,2,Aversion,1.7589006324846902e-09,0.9679629119131659,0.032037086327933714
M0044,2,1,Appreciation,0.9999996214511123,4.7201285819619795e-21,3.7854888722024905e-07
M0044,3,2,Aversion,4.1329677239783007e-19,0.9999995976400281,4.023599713362109e-07
M0044,4,1,Appreciation,0.994013464097259,6.145333730199317e-12,0.005986535896595721
M0044,5,2,Aversion,1.8724759676751518e-14,0.9998863925344138,0.00011360746556789793
M0044,6,3,Transitionary,0.00022713317898241685,8.117425354244938e-05,0.9996916925674749
M0044,7,3,Transitionary,6.92204264548907e-06,0.0014874232553226054,0.9985056547020318
M0044,8,3,Transitionary,2.2023032545809285e-05,0.0419129093328347,0.958065067634619
M0044,9,1,Appreciation,0.757837614831819,1.4542513026755824e-08,0.24216237062566726
M0044,10,1,Appreciation,0.9999974308469477,1.4703514817613907e-18,2.569153052381438e-06
M0044,11,2,Aversion,2.790368036411517e-15,0.9998867215050187,0.00011327849497859768
M0044,12,3,Transitionary,3.0337719144028914e-05,0.025968380474346405,0.9740012818065094
M0044,13,1,Appreciation,0.9999057588890108,1.345817213751585e-14,9.424111097598511e-05
M0044,14,1,Appreciation,0.9997819181822315,9.113190082453977e-14,0.0002180818176765161
M0044,15,3,Transitionary,6.389311858675064e-07,0.22530005677395518,0.7746993042948596
M0044,16,2,Aversion,1.1024078870469571e-08,0.9366329266418877,0.0633670623340334
M0044,17,1,Appreciation,0.998422630201682,7.711929666363577e-12,0.0015773697906052051
M0044,18,1,Appreciation,0.991433673496228,2.0282900175650694e-10,0.008566326300942308
M0044,19,1,Appreciation,0.9636679632464379,3.615097327985911e-08,0.03633200060258795
M0044,20,1,Appreciation,0.90596370325578,1.298379419361188e-06,0.09403499836480106
M0044,21,2,Aversion,1.0410816638504817e-07,0.8430973588342651,0.1569025370575693
M0044,22,1,Appreciation,0.9912179514645112,8.089560554496708e-10,0.008782047726533107
M0044,23,2,Aversion,1.0037024352717837e-11,0.9908185889595356,0.009181411030426943
M0044,24,3,Transitionary,6.604750672646932e-05,0.0016768497203771128,0.9982571027728963
M0044,25,2,Aversion,3.6931640818881586e-15,0.9999733107161952,2.6689283800601585e-05
M0044,26,3,Transitionary,0.31253811646845686,5.0559176157634615e-06,0.6874568276139267
M0045,2,2,Aversion,2.763118292895884e-07,0.576224577484611,0.42377514620355977
M0045,3,2,Aversion,6.109124799415152e-14,0.9992451775098459,0.0007548224900930367
M0045,4,3,Transitionary,0.027553863764159966,0.000552575804479831,0.9718935604313602
M0045,5,3,Transitionary,0.0290269019519155,0.003268523395273431,0.9677045746528111
M0045,6,2,Aversion,2.4665279951903957e-08,0.9082582567054183,0.09174171862930171
M0045,7,2,Aversion,1.1066670210448677e-12,0.993689127712289,0.00631087228660436
M0045,8,1,Appreciation,0.9878176597422033,2.8454535521692254e-08,0.012182311803261122
M0045,9,3,Transitionary,0.01827131911265069,0.00021287570246481883,0.9815158051848845
M0045,10,2,Aversion,1.5185232075267625e-20,0.9999999794791231,2.052087685711622e-08
M0045,11,3,Transitionary,7.861727829510911e-05,0.010445583686732414,0.9894757990349725
M0045,12,3,Transitionary,0.01709058080669236,1.2245245399899e-05,0.9828971739479078
M0045,13,1,Appreciation,0.9952859587593506,3.0846197991582337e-13,0.004714041240341074
M0045,14,2,Aversion,7.177578436637894e-10,0.9202494606120422,0.07975053867019996
M0045,15,3,Transitionary,4.0098980332302886e-05,0.012270958275542643,0.9876889427441251
M0045,16,3,Transitionary,1.952739915459122e-06,0.47167626722192857,0.5283217800381559
M0045,17,1,Appreciation,0.645385613998449,2.2445278036087504e-08,0.35461436355627296
M0045,18,3,Transitionary,7.407448978262838e-05,0.010667926753837858,0.9892579987563795
M0045,19,2,Aversion,1.6924009746996928e-18,0.9999749360719288,2.5063928071275484e-05
M0045,20,3,Transitionary,8.323017720445752e-05,0.11488668431273698,0.8850300855100586
M0045,21,2,Aversion,2.5411087769311845e-11,0.991820411430899,0.008179588543689862
M0045,22,2,Aversion,6.000184977431505e-06,0.6671390056794748,0.33285499413554764
M0045,23,3,Transitionary,0.0004074039535225887,0.012210988287162052,0.9873816077593154
M0045,24,3,Transitionary,2.932575454327403e-06,0.3023259132135925,0.6976711542109532
M0045,25,3,Transitionary,4.548496803820563e-06,0.46809913212721677,0.5318963193759796
M0045,26,1,Appreciation,0.9947059550178151,1.2698761554287113e-12,0.005294044980914921
M0046,2,2,Aversion,2.462977469805793e-10,0.9966790292973204,0.003320970456381764
M0046,3,3,Transitionary,3.5334181795210234e-06,0.044109747419438176,0.9558867191623823
M0046,4,2,Aversion,6.014264692286334e-15,0.9999300092732489,6.999072674504927e-05
M0046,5,3,Transitionary,1.1393074357313822e-05,0.0629121515442761,0.9370764553813664
M0046,6,1,Appreciation,0.9999793236749273,2.6366534505599305e-17,2.067632507284653e-05
M0046,7,1,Appreciation,0.969309073492256,1.2211860187234183e-10,0.030690926385625466
M0046,8,1,Appreciation,0.9171224413517161,1.5299530905089853e-09,0.08287755711833064
M0046,9,3,Transitionary,4.508735137903394e-05,0.018291137213965903,0.981663775434655
M0046,10,3,Transitionary,0.2153782327493044,0.00011838990123611482,0.7845033773494593
M0046,11,3,Transitionary,0.0005093571983379148,0.013430082630377503,0.9860605601712845
M0046,12,3,Transitionary,0.017369955137655706,0.0010246190758071798,0.981605425786537
M0046,13,2,Aversion,4.6097770979660975e-07,0.6093946655353042,0.390604873486986
M0046,14,1,Appreciation,0.9989902407313905,6.1055179969653616e-12,0.0010097592625037488
M0046,15,2,Aversion,1.1896630972782905e-16,0.999987236217583,1.2763782416979113e-05
M0046,16,3,Transitionary,2.8535086752313646e-07,0.2274097847245075,0.772589929924625
M0046,17,3,Transitionary,8.089919721435826e-06,0.043463375265230024,0.9565285348150485
M0046,18,3,Transitionary,1.4367594145663814e-05,0.0025517730587919308,0.9974338593470624
M0046,19,2,Aversion,2.0344881349268995e-11,0.9767011520557001,0.023298847923955195
M0046,20,2,Aversion,5.884138259046367e-08,0.8173555494078201,0.1826443917507975
M0046,21,3,Transitionary,0.003204038070760301,7.132836156938002e-06,0.996788829093083
M0046,22,1,Appreciation,0.9253490169509017,8.157912483591228e-10,0.07465098223330711
M0046,23,2,Aversion,9.777379776278428e-09,0.7234452925456307,0.2765546976769897
M0046,24,3,Transitionary,0.03145475826405136,1.5633523267208607e-05,0.9685296082126814
M0046,25,1,Appreciation,0.999836053829355,3.3114795593309164e-16,0.0001639461706445163
M0046,26,2,Aversion,1.1036717203124458e-13,0.9996434407403678,0.0003565592595216855
M0047,2,3,Transitionary,0.0411031706573553,0.0006739945919058362,0.9582228347507389
M0047,3,1,Appreciation,0.9900790311628453,1.2907074801168557e-09,0.009920967546447156
M0047,4,3,Transitionary,0.0020840008439629494,0.004297011360741699,0.9936189877952952
M0047,5,3,Transitionary,2.8192123693484048e-05,0.007699797008922708,0.9922720108673837
M0047,6,2,Aversion,8.391224711007307e-07,0.7099806743009299,0.2900184865765991
M0047,7,1,Appreciation,0.99990726592822,6.437852560681818e-14,9.2734071715809e-05
M0047,8,1,Appreciation,0.9059004059320017,5.064847109909752e-07,0.09409908758328726
M0047,9,3,Transitionary,0.011555303894650289,0.00010724681220389099,0.9883374492931459
M0047,10,1,Appreciation,0.9983523930565569,8.945443723612665e-11,0.0016476068539887322
M0047,11,2,Aversion,1.712211789577133e-11,0.9952603983042451,0.004739601678632819
M0047,12,2,Aversion,3.708561587002953e-12,0.9987004676903013,0.001299532305990159
M0047,13,1,Appreciation,0.8006619281870945,6.3066811528138574e-09,0.19933806550622415
M0047,14,2,Aversion,1.4326403712440098e-13,0.9991499947096145,0.0008500052902419947
M0047,15,1,Appreciation,0.9159115108183052,1.1481221167426932e-07,0.08408837436948327
M0047,16,3,Transitionary,0.0006556755648948566,0.019521624101277064,0.9798227003338282
M0047,17,3,Transitionary,0.13840315518422705,1.759798534904007e-05,0.861579246830424
M0047,18,2,Aversion,1.6180175909129796e-08,0.8600308055999065,0.13996917821991764
M0047,19,1,Appreciation,0.9997406469020876,4.055274625662671e-14,0.00025935309787190327
M0047,20,3,Transitionary,0.0016790551280130475,6.7029676929809964e-06,0.9983142419042939
M0047,21,3,Transitionary,6.242574014409917e-06,0.009379748581880043,0.9906140088441054
M0047,22,2,Aversion,8.311433678947148e-11,0.9897265579362645,0.010273441980621021
M0047,23,3,Transitionary,3.276898503717553e-05,0.1610462549385646,0.8389209760763982
M0047,24,2,Aversion,2.876023510216915e-14,0.9982892846339676,0.001710715366003721
M0047,25,2,Aversion,4.5657405839117507e-10,0.9619244089060498,0.03807559063737607
M0047,26,3,Transitionary,0.00035809065846809335,0.0022869339731646852,0.9973549753683673
M0048,2,2,Aversion,7.78964985802725e-18,0.9999942842911365,5.715708863492017e-06
M0048,3,3,Transitionary,6.15795315677575e-05,0.0003333402063171601,0.999605080262115
M0048,4,1,Appreciation,0.9991190935718812,2.361281217399619e-12,0.0008809064257575422
M0048,5,3,Transitionary,0.002913633026272313,0.0009305238888908742,0.9961558430848368
M0048,6,2,Aversion,4.445311072973712e-11,0.9918477625641006,0.008152237391446344
M0048,7,1,Appreciation,0.9469733709087095,7.237192017377463e-09,0.053026621854098586
M0048,8,1,Appreciation,0.6716668045736642,1.1577717721935023e-07,0.32833307964915853
M0048,9,3,Transitionary,2.0573073097607534e-05,0.12748647414886616,0.8724929527780362
M0048,10,3,Transitionary,6.277122129265517e-05,0.0001116691612664745,0.9998255596174409
M0048,11,1,Appreciation,0.9997981926248214,1.6744929876880599e-15,0.00020180737517693924
M0048,12,3,Transitionary,0.0022114264140607074,0.0001984256102868259,0.9975901479756525
M0048,13,3,Transitionary,0.11064669203187627,3.2954527370899854e-07,0.88935297842285
M0048,14,2,Aversion,5.477290712934083e-11,0.9970664971139419,0.0029335028312852114
M0048,15,3,Transitionary,0.00012321704939839435,8.385348280510618e-05,0.9997929294677965
M0048,16,3,Transitionary,0.002071061463071141,4.739377776775655e-06,0.9979241991591521
M0048,17,3,Transitionary,0.41896583967984585,9.695660557794184e-06,0.5810244646595965
M0048,18,2,Aversion,2.641099411426908e-12,0.9976015151908164,0.002398484806542451
M0048,19,3,Transitionary,0.003763218449719604,0.00315967465532385,0.9930771068949565
M0048,20,3,Transitionary,1.4773123479934438e-05,0.06113038673130094,0.9388548401452191
M0048,21,3,Transitionary,0.11761552826701424,4.591353551296813e-06,0.8823798803794345
M0048,22,2,Aversion,6.648754707158917e-14,0.9999488489466186,5.1151053314913e-05
M0048,23,1,Appreciation,0.9999735902985293,9.891250506698572e-14,2.640970137180549e-05
M0048,24,3,Transitionary,0.3044881581708564,5.924913578406639e-06,0.6955059169155652
M0048,25,2,Aversion,4.020850170077505e-07,0.6900977929169154,0.3099018049980675
M0048,26,1,Appreciation,0.9999911873611919,4.8475212694481264e-15,8.81263880327662e-06
M0049,2,2,Aversion,9.623744575541879e-26,0.9999999999603411,3.9660080422057815e-11
M0049,3,3,Transitionary,0.32591889635076243,8.206814401254506e-08,0.6740810215810948
M0049,4,3,Transitionary,0.0003020513937927325,0.0011381060812569468,0.9985598425249501
M0049,5,1,Appreciation,0.8751812050617923,6.672084048433221e-10,0.1248187942709975
M0049,6,3,Transitionary,0.0031508873342236425,0.00010217764139571504,0.9967469350243805
M0049,7,2,Aversion,5.226072621005278e-08,0.8953296864177183,0.10467026132155482
M0049,8,2,Aversion,4.444710328775115e-19,0.9999970453133168,2.9546866826627555e-06
M0049,9,3,Transitionary,0.01563940386152689,0.0006903668102105457,0.9836702293282635
M0049,10,2,Aversion,5.716472247344349e-07,0.5812014306326179,0.41879799772015747
M0049,11,2,Aversion,6.228881718138299e-10,0.9790448587647027,0.020955140612407948
M0049,12,2,Aversion,3.886915474545877e-07,0.5122783170406467,0.48772129426780575
M0049,13,3,Transitionary,0.07892654233675696,1.7229590883900627e-05,0.921056228072358
M0049,14,3,Transitionary,0.018732233896797058,2.270147939237827e-05,0.9812450646238111
M0049,15,2,Aversion,8.889908596710317e-09,0.5043614156696669,0.4956385754404261
M0049,16,3,Transitionary,1.5486013887925533e-06,0.15254411668371973,0.8474543347148903
M0049,17,3,Transitionary,0.0030643758733388004,0.0029152170993302774,0.9940204070273304
M0049,18,1,Appreciation,0.9112522573436056,7.550328441835048e-08,0.08874766715311169
M0049,19,3,Transitionary,7.515281789887532e-05,0.05941491848918243,0.9405099286929194
M0049,20,3,Transitionary,7.205210408355221e-05,0.013017162590826836,0.9869107853050886
M0049,21,2,Aversion,5.739140043431071e-08,0.815176539602032,0.18482340300656652
M0049,22,1,Appreciation,0.9989909387643171,1.1900228075317678e-11,0.0010090612237842796
M0049,23,1,Appreciation,0.9866526646380789,1.1124115897279673e-09,0.01334733424950958
M0049,24,2,Aversion,1.962657362428058e-14,0.9996030797906966,0.0003969202092828055
M0049,25,3,Transitionary,0.00019608484205429854,0.0049482618203729725,0.9948556533375712
M0049,26,3,Transitionary,4.3591748572601065e-05,0.023175814552342484,0.9767805936990844
M0050,2,2,Aversion,7.847544761982541e-07,0.6446781330205975,0.3553210822249261
M0050,3,2,Aversion,4.02358889324069e-16,0.9999983945244679,1.605475531496244e-06
M0050,4,2,Aversion,6.829581493988349e-12,0.9792101344116743,0.02078986558149632
M0050,5,1,Appreciation,0.7136867156498684,2.6613508836601533e-08,0.2863132577366228
M0050,6,2,Aversion,2.88222259773839e-07,0.7942137069788265,0.20578600479891387
M0050,7,3,Transitionary,0.11595696322902488,1.9945682853859723e-05,0.8840230910881215
M0050,8,3,Transitionary,2.6558864027040946e-05,0.038046591637038156,0.9619268494989349
M0050,9,3,Transitionary,0.01999229321775409,0.0007235494800609966,0.9792841573021851
M0050,10,2,Aversion,4.2647978208352777e-10,0.9557355310285727,0.04426446854494743
M0050,11,3,Transitionary,0.0009252335973291015,0.0026138771080107736,0.9964608892946601
M0050,12,2,Aversion,9.743407514027854e-21,0.9999998253679468,1.746320528984088e-07
M0050,13,1,Appreciation,0.9926541717466933,1.1385281174420348e-10,0.007345828139453821
M0050,14,3,Transitionary,0.00022035595643901906,0.0009050180439514458,0.9988746259996094
M0050,15,3,Transitionary,0.030206191597318625,2.639815680911801e-05,0.9697674102458724
M0050,16,2,Aversion,1.1396049148796093e-06,0.6774776293302232,0.32252123106486213
M0050,17,3,Transitionary,0.05507482556424527,0.000427572544935502,0.944497601890819
M0050,18,3,Transitionary,0.0001926893049142447,0.0004991928719718595,0.9993081178231138
M0050,19,3,Transitionary,0.039033150699384664,4.643927109181192e-06,0.960962205373506
M0050,20,1,Appreciation,0.8825786075832035,2.515929719872462e-09,0.11742138990086672
M0050,21,1,Appreciation,0.7952825100674328,3.541377720393229e-09,0.20471748639118936
M0050,22,3,Transitionary,1.682820423774443e-05,0.05815507929937377,0.9418280924963884
M0050,23,3,Transitionary,9.517932087400736e-06,0.28640361491798355,0.7135868671499291
M0050,24,3,Transitionary,0.00023712660083571448,0.0020267278717072765,0.9977361455274572
M0050,25,3,Transitionary,0.24014300423536575,4.611354668682178e-06,0.7598523844099656
M0050,26,2,Aversion,6.558531256378907e-17,0.9999547884111555,4.521158884450281e-05
M0051,2,1,Appreciation,0.7171351280149492,7.453512245464017e-09,0.2828648645315388
M0051,3,3,Transitionary,0.0482644615561677,7.891438655083089e-05,0.9516566240572814
M0051,4,3,Transitionary,0.0004804489985614393,0.026843557338830912,0.9726759936626076
M0051,5,3,Transitionary,0.0007234058689058791,0.020269859298217913,0.979006734832876
M0051,6,2,Aversion,7.826950479360328e-12,0.9991554251508747,0.0008445748412981045
M0051,7,3,Transitionary,1.712988817718659e-05,0.04635166130857065,0.9536312088032524
M0051,8,2,Aversion,2.1203487312654418e-14,0.9995328690292425,0.00046713097073647564
M0051,9,3,Transitionary,0.01180186154649487,0.00014420067820711507,0.9880539377752978
M0051,10,1,Appreciation,0.9551157977499842,1.533662941326368e-10,0.04488420209664931
M0051,11,3,Transitionary,0.08355682794679813,3.5216859794459804e-06,0.9164396503672224
M0051,12,1,Appreciation,0.5976926706774488,2.2985079295585725e-07,0.40230709947175836
M0051,13,2,Aversion,7.004565782208577e-11,0.9642666653586659,0.035733334571288564
M0051,14,1,Appreciation,0.5215897036075606,5.141662761100022e-07,0.47840978222616326
M0051,15,3,Transitionary,7.153811892294163e-07,0.05662935978056291,0.9433699248382478
M0051,16,3,Transitionary,0.0003108670218881618,0.0002301443119912446,0.9994589886661207
M0051,17,3,Transitionary,0.0008319386390882071,5.340579046352489e-05,0.9991146555704483
M0051,18,3,Transitionary,0.04264615849521992,6.510651017330323e-07,0.9573531904396784
M0051,19,1,Appreciation,0.9996437343603639,9.804273580944889e-16,0.0003562656396351712
M0051,20,3,Transitionary,0.07786257106553329,1.2425047468182449e-06,0.9221361864297198
M0051,21,3,Transitionary,0.02133416125001534,7.903964703647085e-06,0.9786579347852812
M0051,22,2,Aversion,2.604071343850544e-12,0.9949846326577079,0.00501536733968808
M0051,23,2,Aversion,4.2426848915399767e-13,0.9987909351976336,0.001209064801942098
M0051,24,3,Transitionary,3.3946835764114196e-05,0.039737000031176944,0.960229053133059
M0051,25,3,Transitionary,3.684543954111678e-07,0.03459839209365075,0.9654012394519538
M0051,26,2,Aversion,9.364831411276267e-10,0.9036589532266365,0.0963410458368803
M0052,2,1,Appreciation,0.9949030537867313,2.4870970251175694e-08,0.005096921342298744
M0052,3,1,Appreciation,0.9999936928730443,4.387414398340676e-14,6.307126911847032e-06
M0052,4,1,Appreciation,0.7799914229283572,1.6502747392963062e-06,0.22000692679690356
M0052,5,1,Appreciation,0.994412923332844,1.981250399481154e-09,0.0055870746859052215
M0052,6,3,Transitionary,0.043394751649288694,3.817533998971706e-06,0.9566014308167126
M0052,7,2,Aversion,2.2065078342714565e-06,0.6130590166325959,0.38693877685957023
M0052,8,1,Appreciation,0.997651633029197,1.3484558304912274e-10,0.0023483668359576223
M0052,9,3,Transitionary,0.007268316112646247,0.0003330723866528831,0.9923986115007006
M0052,10,3,Transitionary,8.32220062399561e-06,0.09652769199097627,0.9034639858084
M0052,11,3,Transitionary,8.866899613616156e-06,0.4560174758920356,0.5439736572083504
M0052,12,3,Transitionary,0.0024318117366894975,0.00420246694606353,0.9933657213172473
M0052,13,3,Transitionary,1.1478246579590099e-07,0.4989549815305832,0.5010449036869513
M0052,14,2,Aversion,5.026933802042134e-13,0.9984219492313919,0.00157805076810573
M0052,15,3,Transitionary,0.0009188410412634272,5.112650638296298e-05,0.9990300324523539
M0052,16,3,Transitionary,2.0186685666233317e-05,0.005423644641159519,0.9945561686731743
M0052,17,3,Transitionary,6.21564247695207e-06,0.0185085111250957,0.9814852732324271
M0052,18,3,Transitionary,0.0016248309931525874,2.629989391697195e-05,0.9983488691129305
M0052,19,1,Appreciation,0.6076443680731448,1.9100847827442894e-09,0.39235563001677026
M0052,20,2,Aversion,7.130396285061767e-18,0.9999675042339672,3.249576603270002e-05
M0052,21,1,Appreciation,0.8560350069697923,1.1028550998113978e-09,0.14396499192735213
M0052,22,3,Transitionary,0.00654980564890841,1.0199666107926094e-05,0.9934399946849836
M0052,23,2,Aversion,2.9119329194384225e-11,0.9937257976623315,0.006274202308548769
M0052,24,2,Aversion,3.9143152696569007e-16,0.999926077068431,7.392293156877148e-05
M0052,25,3,Transitionary,4.584086486003521e-05,0.004332853487504181,0.9956213056476362
M0052,26,3,Transitionary,3.403864645718143e-05,0.0010864248193273628,0.9988795365342157
M0053,2,2,Aversion,2.1812893193223715e-07,0.7480936148274029,0.25190616704366564
M0053,3,1,Appreciation,0.99472778793841,6.116303833675046e-10,0.005272211449959157
M0053,4,2,Aversion,1.8059057198368646e-08,0.7882321501537837,0.21176783178715938
M0053,5,3,Transitionary,5.4042875552767056e-05,0.029162197525249713,0.9707837595991978
M0053,6,3,Transitionary,0.0004158337691283779,0.01992249208135111,0.9796616741495204
M0053,7,2,Aversion,6.076406986848893e-11,0.9778936242930134,0.022106375646222785
M0053,8,1,Appreciation,0.8933365810991895,9.391167407038894e-07,0.10666247978406947
M0053,9,3,Transitionary,0.08692858107000133,0.00010043766760036803,0.9129709812623985
M0053,10,2,Aversion,1.6839474292139706e-06,0.8299470119483917,0.17005130410417926
M0053,11,3,Transitionary,2.900498668297763e-05,0.0757894247063018,0.9241815703070154
M0053,12,1,Appreciation,0.9024853012504577,7.378798643283917e-08,0.09751462496155609
M0053,13,3,Transitionary,0.004372843399809395,0.0016736221146588484,0.9939535344855316
M0053,14,2,Aversion,3.743852905955761e-13,0.9995814022923265,0.0004185977072993321
M0053,15,3,Transitionary,3.7175386060367215e-06,0.061513721438697246,0.9384825610226967
M0053,16,3,Transitionary,0.029821243321828138,6.502006726476306e-07,0.970178106477499
M0053,17,3,Transitionary,0.0005063749411249197,3.843607806300003e-05,0.9994551889808118
M0053,18,3,Transitionary,0.05512472655280104,1.5803065063867318e-06,0.9448736931406927
M0053,19,3,Transitionary,0.013327540281851829,1.497086991411451e-05,0.986657488848234
M0053,20,3,Transitionary,0.00039496582814744,0.00034045327363348534,0.999264580898219
M0053,21,1,Appreciation,0.9942414791881207,7.695129081141065e-12,0.005758520804184301
M0053,22,3,Transitionary,0.03804933157049348,4.2955347801875e-06,0.9619463728947261
M0053,23,1,Appreciation,0.9999883465063227,4.820057750770765e-18,1.1653493677551106e-05
M0053,24,1,Appreciation,0.765227872260919,1.0878442233247898e-09,0.23477212665123678
M0053,25,3,Transitionary,0.005297094705316642,7.567570373115181e-05,0.9946272295909518
M0053,26,2,Aversion,1.2731855474265763e-20,0.9999999319724543,6.802754579575665e-08
M0054,2,3,Transitionary,0.005130515477906388,0.00984037863482032,0.985029105887273
M0054,3,1,Appreciation,0.5621238735912248,1.7359564383197252e-05,0.4378587668443922
M0054,4,3,Transitionary,2.0742289165219466e-06,0.353576960455948,0.646420965315135
M0054,5,2,Aversion,3.1957229809895366e-12,0.9981278831474406,0.0018721168493635672
M0054,6,3,Transitionary,1.5651078679901854e-05,0.00818637076206985,0.9917979781592503
M0054,7,3,Transitionary,0.11813487162773086,5.238662127429256e-07,0.8818646045060561
M0054,8,2,Aversion,2.0898107212525245e-13,0.9997028669002037,0.0002971330995874956
M0054,9,1,Appreciation,0.6194432098926088,5.460488843979584e-06,0.38055132961854754
M0054,10,3,Transitionary,9.759068787125249e-05,0.09140602692178128,0.9084963823903474
M0054,11,3,Transitionary,0.01699554441070086,0.0003970161487353692,0.9826074394405642
M0054,12,2,Aversion,6.139453976280078e-19,0.9999996263839682,3.7361603207698104e-07
M0054,13,2,Aversion,2.193520668967861e-08,0.6812669602205997,0.3187330178441936
M0054,14,3,Transitionary,0.013327261467145746,3.8087830770658426e-06,0.9866689297497775
M0054,15,3,Transitionary,0.0003174576312793439,0.001397069466258238,0.9982854729024623
M0054,16,2,Aversion,1.1907103213567701e-08,0.6667384147711932,0.33326157332170325
M0054,17,3,Transitionary,0.0035832139732362395,1.477115860031365e-05,0.9964020148681635
M0054,18,3,Transitionary,0.07877068783049657,2.959693592868618e-07,0.9212290162001445
M0054,19,1,Appreciation,0.99860792243326,2.3981566880399545e-13,0.0013920775665000765
M0054,20,1,Appreciation,0.9641406502688776,1.2052909328723162e-11,0.03585934971906959
M0054,21,2,Aversion,1.1917447708106702e-11,0.9983405656490227,0.001659434339059414
M0054,22,3,Transitionary,8.062036019999881e-07,0.055265844366169894,0.9447333494302279
M0054,23,2,Aversion,1.0926149599842047e-07,0.8622966423861415,0.13770324835236272
M0054,24,1,Appreciation,0.8755112377808044,5.124217718699259e-10,0.12448876170677409
M0054,25,3,Transitionary,0.0002653271810844974,0.005579301926069805,0.9941553708928453
M0054,26,3,Transitionary,7.766719874845381e-05,0.01914678694082862,0.9807755458604229
M0055,2,3,Transitionary,7.907595502686275e-05,0.13602481784431583,0.863896106200657
M0055,3,2,Aversion,2.199036473398311e-12,0.9987978678123558,0.0012021321854449626
M0055,4,3,Transitionary,2.1712498854452248e-05,0.004069237752159117,0.9959090497489866
M0055,5,3,Transitionary,0.08758401826311005,4.9242431066898444e-08,0.9124159324944587
M0055,6,3,Transitionary,1.2070281460756489e-05,0.0003912966005046344,0.999596633118035
M0055,7,3,Transitionary,0.00038858065172057917,0.010021246078147684,0.9895901732701321
M0055,8,3,Transitionary,8.928516397094759e-05,0.00033235214891369323,0.9995783626871153
M0055,9,1,Appreciation,0.9997784580361407,6.614187291990988e-17,0.0002215419638596717
M0055,10,3,Transitionary,0.0034965371703180458,0.00012688859031863132,0.9963765742393637
M0055,11,3,Transitionary,0.0016504386027299427,0.0013572474444249613,0.9969923139528452
M0055,12,1,Appreciation,0.712196337277004,9.36756716937637e-07,0.2878027259662788
M0055,13,3,Transitionary,0.00020436541302374078,0.005162588373776163,0.9946330462132
M0055,14,3,Transitionary,2.844114999547419e-05,0.024041963133138285,0.9759295957168659
M0055,15,1,Appreciation,0.9999415745692879,1.2893883977216456e-14,5.8425430699314284e-05
M0055,16,3,Transitionary,0.02261662175008995,0.00011287311279502778,0.9772705051371154
M0055,17,3,Transitionary,0.2697050446400897,2.7260629431169333e-06,0.730292229296967
M0055,18,3,Transitionary,0.051833022567189,0.00022809125610843373,0.9479388861767023
M0055,19,3,Transitionary,6.138025740920897e-06,0.17689181659820813,0.8231020453760506
M0055,20,3,Transitionary,0.06011529440184233,6.206035422556427e-05,0.9398226452439318
M0055,21,2,Aversion,1.2118697503674287e-20,0.9999995704118739,4.2958812609996244e-07
M0055,22,1,Appreciation,0.8594039219894577,1.52451247629445e-07,0.14059592555929468
M0055,23,3,Transitionary,4.825500043143369e-06,0.09916722599636811,0.9008279485035887
M0055,24,1,Appreciation,0.9996048937312585,8.711613089004701e-16,0.00039510626874021
M0055,25,3,Transitionary,0.3680639298161816,2.026008498464207e-08,0.6319360499237334
M0055,26,1,Appreciation,0.9999824687086503,9.302005389178892e-19,1.753129134984908e-05
M0056,2,2,Aversion,1.892909668658414e-14,0.9999248988268721,7.51011731091707e-05
M0056,3,2,Aversion,1.6626602351769745e-09,0.9074422322460284,0.09255776609131147
M0056,4,3,Transitionary,0.23042511792410628,0.00010724008392974371,0.769467641991964
M0056,5,3,Transitionary,0.00014037756790425635,0.09070013177497743,0.9091594906571182
M0056,6,3,Transitionary,0.007294371405305619,0.000975352522083585,0.9917302760726108
M0056,7,3,Transitionary,9.628944552570258e-05,0.0475255279165626,0.9523781826379119
M0056,8,3,Transitionary,0.00014218390835002927,0.015237420704430484,0.9846203953872196
M0056,9,3,Transitionary,0.12151211208872806,1.2195645646516901e-05,0.8784756922656256
M0056,10,2,Aversion,4.237998066772033e-13,0.9994981381749781,0.0005018618245983093
M0056,11,2,Aversion,8.635885147901893e-12,0.9975090480023652,0.0024909519889989204
M0056,12,3,Transitionary,3.8327417492676767e-07,0.2442684637644972,0.7557311529613278
M0056,13,1,Appreciation,0.9999817801290745,2.1570853691246973e-17,1.821987092536956e-05
M0056,14,3,Transitionary,0.0008746572873050332,0.0018142785822986278,0.9973110641303962
M0056,15,3,Transitionary,8.103723824183918e-05,0.0007473626143855218,0.9991716001473728
M0056,16,3,Transitionary,0.023047410803390418,6.279220936509205e-07,0.9769519612745159
M0056,17,3,Transitionary,1.218764239389521e-06,0.004678728675990858,0.9953200525597696
M0056,18,1,Appreciation,0.9999971930599418,4.554217168892037e-21,2.8069400582663444e-06
M0056,19,1,Appreciation,0.999995231478786,7.050403355130986e-20,4.768521214237595e-06
M0056,20,3,Transitionary,9.89474954374429e-06,0.014219201647972688,0.9857709036024835
M0056,21,3,Transitionary,4.0365507973104585e-06,0.09547630971765789,0.9045196537315449
M0056,22,3,Transitionary,0.009121609665872036,3.439768576369681e-06,0.9908749505655517
M0056,23,2,Aversion,1.600118451425225e-16,0.9999768971970362,2.3102802963626006e-05
M0056,24,1,Appreciation,0.9983402449624987,3.020699160695175e-12,0.0016597550344808164
M0056,25,1,Appreciation,0.9999917159169895,7.575973480460697e-19,8.284083010517731e-06
M0056,26,1,Appreciation,0.8346575263507996,2.7774026693458412e-09,0.16534247087179757
M0057,2,1,Appreciation,0.9992149594827556,5.1530800852074385e-11,0.0007850404657138475
M0057,3,3,Transitionary,0.00017408901196697257,0.0046012493440008495,0.9952246616440326
M0057,4,3,Transitionary,1.1791594290309163e-05,0.027731249604526522,0.9722569588011836
M0057,5,3,Transitionary,0.0003594369829287101,0.004652944729330143,0.9949876182877414
M0057,6,3,Transitionary,1.3335088125231852e-06,0.4011723389771408,0.5988263275140464
M0057,7,1,Appreciation,0.9481463456754985,8.777749418478434e-09,0.05185364554675189
M0057,8,3,Transitionary,0.0008780212917032732,0.02301002162883692,0.9761119570794596
M0057,9,2,Aversion,1.03515286420098e-17,0.999978266854417,2.1733145582815734e-05
M0057,10,3,Transitionary,0.00018349081407952573,0.03377013065577014,0.9660463785301505
M0057,11,3,Transitionary,0.4326647401209847,7.722829153185493e-07,0.5673344875960995
M0057,12,2,Aversion,2.3566398389216712e-14,0.9997531351847095,0.00024686481526672236
M0057,13,3,Transitionary,0.07433165412849492,3.584391500859097e-05,0.9256325019564965
M0057,14,1,Appreciation,0.9999114628130398,3.822783247510249e-17,8.853718695970776e-05
M0057,15,3,Transitionary,0.0007231802981105851,0.00034973824051964683,0.9989270814613695
M0057,16,3,Transitionary,0.007711683204309057,4.089203129714318e-05,0.9922474247643934
M0057,17,2,Aversion,2.0831192306090124e-11,0.9949298046610731,0.005070195318095893
M0057,18,1,Appreciation,0.999855576504654,1.389577059531719e-16,0.00014442349534607947
M0057,19,3,Transitionary,0.005436335663059592,0.0005499658910262539,0.9940136984459141
M0057,20,1,Appreciation,0.5477989689448423,6.21263331888851e-07,0.4522004097918257
M0057,21,1,Appreciation,0.9988344051819357,6.637949632915646e-13,0.0011655948174002862
M0057,22,3,Transitionary,0.1415250169229898,4.145448898013844e-06,0.8584708376281119
M0057,23,2,Aversion,1.0610222638063682e-09,0.7504039174830154,0.24959608145596213
M0057,24,1,Appreciation,0.9999628369959696,1.332749885381365e-16,3.7163004029852105e-05
M0057,25,3,Transitionary,0.09091974071094856,6.380000581351895e-07,0.909079621288993
M0057,26,3,Transitionary,0.0006024191437633807,0.00024084939195122775,0.9991567314642851
M0058,2,2,Aversion,1.0462921797200816e-11,0.9991551458869148,0.0008448541026222901
M0058,3,1,Appreciation,0.9986159573784926,7.201042385432419e-09,0.001384035420465368
M0058,4,3,Transitionary,3.1144229333433264e-05,0.025726374964002548,0.9742424808066643
M0058,5,3,Transitionary,0.001984473921570715,0.013299914114217666,0.9847156119642112
M0058,6,3,Transitionary,0.09521906466851189,8.093809526781893e-05,0.9046999972362205
M0058,7,2,Aversion,1.6068361008426664e-12,0.9991579171132312,0.0008420828851618989
M0058,8,3,Transitionary,6.608602667749836e-06,0.13203724871606146,0.8679561426812706
M0058,9,1,Appreciation,0.9998769234036015,2.8630544710165298e-12,0.00012307659353534307
M0058,10,3,Transitionary,0.10800196321976642,0.0001552288439402757,0.8918428079362929
M0058,11,3,Transitionary,0.011317098578154307,0.0005537831664753881,0.9881291182553704
M0058,12,3,Transitionary,0.049535176711971794,3.013771931884252e-05,0.9504346855687096
M0058,13,2,Aversion,9.868213846954839e-15,0.9999513036879034,4.869631208697955e-05
M0058,14,3,Transitionary,0.00032711847723177276,7.516528125017724e-06,0.9996653649946429
M0058,15,2,Aversion,4.210512053735175e-13,0.9997285955510177,0.0002714044485615582
M0058,16,3,Transitionary,5.170763129377465e-06,0.07583921968140646,0.9241556095554643
M0058,17,3,Transitionary,1.511160895948938e-06,0.04769799834103184,0.9523004904980719
M0058,18,3,Transitionary,6.149383023263162e-06,0.090241818841979,0.909752031774998
M0058,19,3,Transitionary,0.003787665466573093,0.0025320680348003386,0.9936802664986265
M0058,20,3,Transitionary,0.0048308669885038956,8.694528655367883e-05,0.9950821877249421
M0058,21,3,Transitionary,0.00016331856885476524,0.03055726803249806,0.9692794133986468
M0058,22,1,Appreciation,0.9396607575795235,2.1648527311945954e-08,0.06033922077194904
M0058,23,2,Aversion,1.4052194906789995e-10,0.9860416162259695,0.013958383633508408
M0058,24,3,Transitionary,7.04780596328863e-06,0.01376790027441596,0.9862250519196211
M0058,25,3,Transitionary,8.270509747404222e-06,0.04724236378611014,0.9527493657041421
M0058,26,3,Transitionary,0.1296277423542867,5.208508518594965e-06,0.8703670491371944
M0059,2,3,Transitionary,4.020938916717258e-06,0.26413059201602823,0.7358653870450553
M0059,3,3,Transitionary,1.9263543856800725e-06,0.005546527575210522,0.994451546070404
M0059,4,2,Aversion,2.573223759962675e-19,0.9999980099668256,1.990033174101455e-06
M0059,5,3,Transitionary,0.002105198891451019,1.450073398043557e-05,0.9978803003745687
M0059,6,3,Transitionary,0.0021832986666631745,0.00015564597678765783,0.997661055356549
M0059,7,3,Transitionary,0.0006349973508672739,0.0006022576067699186,0.9987627450423627
M0059,8,2,Aversion,1.5840172250861195e-15,0.9999465631016324,5.343689836579961e-05
M0059,9,2,Aversion,6.584103752866539e-14,0.9992161620551352,0.0007838379447985932
M0059,10,3,Transitionary,0.21507576998747324,2.8304627732448522e-08,0.7849242017078992
M0059,11,2,Aversion,1.3612849040464424e-11,0.9973205024883156,0.002679497498071559
M0059,12,2,Aversion,9.201459625356285e-14,0.999861585083234,0.00013841491667386234
M0059,13,2,Aversion,1.0246589283107134e-09,0.7473573794566267,0.25264261951871403
M0059,14,3,Transitionary,0.0015337076186052222,0.00028557477542460346,0.99818071760597
M0059,15,3,Transitionary,0.001960268745956416,0.0010605793860448349,0.9969791518679988
M0059,16,3,Transitionary,3.2029615702206146e-06,0.4906031867547503,0.5093936102836797
M0059,17,3,Transitionary,5.0090991291302885e-05,0.0113868964736667,0.9885630125350419
M0059,18,3,Transitionary,0.00411705427245989,0.001403267088169309,0.9944796786393711
M0059,19,3,Transitionary,0.0003211840378464722,0.008569266937824567,0.9911095490243288
M0059,20,3,Transitionary,1.1508623637263862e-05,0.23157717786899723,0.7684113135073652
M0059,21,2,Aversion,7.740042015664934e-12,0.9916884232501071,0.0083115767421531
M0059,22,2,Aversion,4.7329148883425996e-08,0.8227830200883606,0.1772169325824903
M0059,23,2,Aversion,3.580125147250852e-11,0.9886459000795774,0.011354099884620947
M0059,24,3,Transitionary,0.08199269766462346,1.472481001928672e-06,0.9180058298543744
M0059,25,3,Transitionary,0.47139909437363403,6.42976743389471e-08,0.5286008413286912
M0059,26,2,Aversion,4.5772957781661705e-11,0.9899084238729813,0.010091576081245404
M0060,2,3,Transitionary,3.1493245828332548e-06,0.1661532003195035,0.833843650355914
M0060,3,3,Transitionary,4.451665287765029e-05,0.11151266483991049,0.8884428185072122
M0060,4,2,Aversion,6.785134824972328e-08,0.9109151764436144,0.08908475570503728
M0060,5,3,Transitionary,0.3509350212497831,0.00011482228266982082,0.6489501564675467
M0060,6,3,Transitionary,0.00110949356324558,0.00859620771157784,0.9902942987251768
M0060,7,3,Transitionary,0.19412671804414697,9.749763837765584e-05,0.8057757843174753
M0060,8,3,Transitionary,0.046187365833547406,0.00018580264041429334,0.953626831526038
M0060,9,3,Transitionary,1.838489514709497e-05,0.1964734561577624,0.8035081589470905
M0060,10,3,Transitionary,0.005751505425120836,0.003008319549355207,0.9912401750255235
M0060,11,3,Transitionary,1.4930040362063357e-06,0.42037521533530636,0.5796232916606573
M0060,12,2,Aversion,4.853134958275518e-15,0.9999816463902754,1.8353609719950847e-05
M0060,13,3,Transitionary,1.218805952656376e-06,0.2652090438325914,0.7347897373614563
M0060,14,3,Transitionary,0.005465260608151944,8.35038726436003e-05,0.9944512355192047
M0060,15,3,Transitionary,0.0011395626272781255,0.017190939543237495,0.9816694978294846
M0060,16,3,Transitionary,0.00010775932279979936,0.0018754323965179734,0.9980168082806826
M0060,17,1,Appreciation,0.9054034486438908,1.0215193203624943e-07,0.09459644920417742
M0060,18,3,Transitionary,0.018151603358580664,9.394114701081899e-05,0.9817544554944081
M0060,19,3,Transitionary,0.0006038993145267685,0.000143381831288447,0.9992527188541851
M0060,20,1,Appreciation,0.7892683696711239,7.185200766349799e-08,0.2107315584768681
M0060,21,2,Aversion,6.212631277409371e-08,0.793923506953012,0.20607643092067487
M0060,22,3,Transitionary,7.094602199589554e-05,0.00129455894086525,0.9986344950371393
M0060,23,2,Aversion,4.3082178904741066e-09,0.9352050071640577,0.0647949885277248
M0060,24,3,Transitionary,0.1622805242038002,9.59719046664539e-07,0.8377185160771532
M0060,25,3,Transitionary,0.007226907184137759,0.0002726433346689769,0.992500449481193
M0060,26,3,Transitionary,1.397271821402969e-06,0.47699812847855283,0.5230004742496259
M0061,2,1,Appreciation,0.999999995492718,1.3620387412323003e-21,4.507281976953686e-09
M0061,3,3,Transitionary,0.001217404997526031,0.01176606100892313,0.9870165339935508
M0061,4,2,Aversion,3.74678472350798e-07,0.7946536501362376,0.20534597518529005
M0061,5,3,Transitionary,0.009468616339106731,1.9621027136314094e-05,0.990511762633757
M0061,6,3,Transitionary,0.27811557618037513,6.519026852558817e-06,0.7218779047927721
M0061,7,3,Transitionary,0.3020133619622176,1.8391152624220818e-06,0.6979847989225199
M0061,8,3,Transitionary,3.868989360501286e-05,0.032209262369630176,0.9677520477367648
M0061,9,3,Transitionary,0.0005937475196024443,0.004879519360439951,0.9945267331199577
M0061,10,1,Appreciation,0.9235226000216783,1.1351696830117866e-07,0.07647728646135345
M0061,11,1,Appreciation,0.9997545918890356,1.789508876331678e-11,0.00024540809306930586
M0061,12,1,Appreciation,0.6245491112835606,7.678236104417266e-07,0.375450120892829
M0061,13,3,Transitionary,0.00032110177167043807,0.0014301387022617224,0.9982487595260678
M0061,14,1,Appreciation,0.9999899296924185,1.2859889438475454e-18,1.0070307581479624e-05
M0061,15,2,Aversion,6.714799742235695e-12,0.9980478825317725,0.0019521174615128216
M0061,16,3,Transitionary,3.886930714024122e-05,0.001219577142265442,0.9987415535505942
M0061,17,1,Appreciation,0.8747120356176455,9.670518686772873e-10,0.12528796341530254
M0061,18,3,Transitionary,0.017175466872516476,1.9343877531505287e-05,0.9828051892499521
M0061,19,3,Transitionary,2.7732666344343037e-05,0.03849466479061198,0.9614776025430436
M0061,20,3,Transitionary,0.36890598994944346,8.544696913742356e-08,0.6310939246035873
M0061,21,3,Transitionary,0.1951977153374035,1.0412387729634249e-07,0.8048021805387191
M0061,22,3,Transitionary,0.011732209500455911,2.387048339877806e-05,0.9882439200161454
M0061,23,3,Transitionary,0.18241746467388845,5.574121717162911e-05,0.8175267941089399
M0061,24,1,Appreciation,0.9538449106233353,1.6727613775968112e-08,0.0461550726490508
M0061,25,2,Aversion,1.280398409530482e-08,0.697460605407034,0.3025393817889819
M0061,26,3,Transitionary,0.00011963247262227267,0.0011155055966288665,0.9987648619307489
M0062,2,2,Aversion,1.9968520914619155e-18,0.999999309556633,6.904433671009869e-07
M0062,3,1,Appreciation,0.9150495546434297,1.0111779018155698e-09,0.08495044434539227
M0062,4,3,Transitionary,0.014980480774868209,0.00040658658621471746,0.9846129326389172
M0062,5,3,Transitionary,0.22098393881379144,0.00020334270315133438,0.7788127184830573
M0062,6,2,Aversion,2.3417206928081624e-09,0.8020700001380189,0.1979299975202604
M0062,7,2,Aversion,2.309955235436426e-12,0.9997314120359053,0.0002685879617847519
M0062,8,2,Aversion,9.518870070535434e-09,0.7527192556228081,0.24728073485832172
M0062,9,1,Appreciation,0.9998706390332661,6.407712411867346e-16,0.00012936096673328692
M0062,10,3,Transitionary,0.0034057304782601724,1.1305005562254141e-05,0.9965829645161777
M0062,11,3,Transitionary,0.0011786517270313743,7.720416501068375e-05,0.9987441441079581
M0062,12,2,Aversion,1.6180016639895622e-10,0.9904718284395625,0.00952817139863738
M0062,13,3,Transitionary,0.00914150463347605,1.718535071771563e-05,0.9908413100158062
M0062,14,3,Transitionary,5.71992113931327e-05,0.0009060441386109859,0.9990367566499959
M0062,15,1,Appreciation,0.8546584394985979,9.753567069072169e-09,0.14534155074783506
M0062,16,1,Appreciation,0.7499920713870174,6.499121086602579e-09,0.2500079221138614
M0062,17,1,Appreciation,0.7942639657112517,7.717538039491162e-10,0.20573603351699454
M0062,18,3,Transitionary,0.48806045717392454,2.0519898719872668e-09,0.5119395407740857
M0062,19,1,Appreciation,0.9999999127089445,6.638908260546714e-25,8.729105541671166e-08
M0062,20,3,Transitionary,7.86645431011452e-05,0.00019938228502016072,0.9997219531718786
M0062,21,3,Transitionary,0.0014417986042275178,0.0006912564982626358,0.9978669448975099
M0062,22,1,Appreciation,0.9999986155864966,7.889433087564119e-20,1.3844135035476646e-06
M0062,23,1,Appreciation,0.9104096700205427,3.1215788998326485e-09,0.08959032685787822
M0062,24,3,Transitionary,2.510988758132647e-05,0.045935559985764395,0.9540393301266542
M0062,25,3,Transitionary,4.509055133256996e-05,0.02024452736907559,0.979710382079592
M0062,26,3,Transitionary,0.0001480280779079374,0.0021782554756880714,0.9976737164464041
M0063,2,2,Aversion,1.2469418946032654e-14,0.9999672341489013,3.2765851086198853e-05
M0063,3,1,Appreciation,0.9996304443703671,2.339838681988075e-12,0.0003695556272931576
M0063,4,2,Aversion,1.62707640804213e-10,0.9939679486745208,0.0060320511627716235
M0063,5,3,Transitionary,0.03185089943352573,4.382303961497105e-05,0.9681052775268593
M0063,6,2,Aversion,1.186123725293008e-09,0.9123105405175223,0.08768945829635394
M0063,7,2,Aversion,2.1139289621526923e-20,0.999999888714904,1.1128509600534155e-07
M0063,8,1,Appreciation,0.9149490471828219,1.1199955365468758e-09,0.08505095169718269
M0063,9,3,Transitionary,0.1295591090308871,2.7933086095351294e-06,0.8704380976605035
M0063,10,3,Transitionary,6.195982319543804e-06,0.06975347417821469,0.9302403298394658
M0063,11,3,Transitionary,2.317400518504763e-06,0.030282141502494354,0.9697155410969871
M0063,12,3,Transitionary,0.00018203015753255543,0.0013806094892614236,0.998437360353206
M0063,13,3,Transitionary,2.868092090774574e-05,0.014546035199682367,0.9854252838794099
M0063,14,1,Appreciation,0.7782118569660121,3.053446834822345e-09,0.2217881399805412
M0063,15,1,Appreciation,0.9999714752800274,5.127853910887821e-13,2.8524719459880577e-05
M0063,16,1,Appreciation,0.9995997035724631,3.522314045496471e-11,0.00040029639231372764
M0063,17,1,Appreciation,0.9903280099014248,1.6949979635255778e-09,0.00967198840357729
M0063,18,1,Appreciation,0.8915107851145702,8.490671279325296e-09,0.1084892063947586
M0063,19,3,Transitionary,0.058064392969166996,2.9591919240305086e-05,0.9419060151115928
M0063,20,2,Aversion,4.0868166731179444e-09,0.9635762286177345,0.03642376729544888
M0063,21,3,Transitionary,0.0001080688783124883,0.03865666516619379,0.9612352659554938
M0063,22,3,Transitionary,0.0016140268305401349,0.006677178972879852,0.9917087941965801
M0063,23,3,Transitionary,0.008608592729621767,7.910951874617708e-05,0.991312297751632
M0063,24,3,Transitionary,6.141988720001522e-06,0.15552951258010234,0.8444643454311778
M0063,25,3,Transitionary,0.0002489166601442125,0.010048137747929625,0.9897029455919262
M0063,26,2,Aversion,6.82478372677414e-08,0.8120375250477562,0.18796240670440656
M0064,2,2,Aversion,8.623578463079293e-11,0.962283943620764,0.03771605629300033
M0064,3,2,Aversion,2.7476849873336018e-09,0.5181481889533679,0.4818518082989471
M0064,4,2,Aversion,1.5091689018441317e-08,0.9360086105237744,0.06399137438453653
M0064,5,3,Transitionary,1.993256554645414e-06,0.10558867928635894,0.8944093274570863
M0064,6,3,Transitionary,0.46240449833796893,1.8805518239726728e-06,0.5375936211102071
M0064,7,1,Appreciation,0.8012983771512163,6.003285924359831e-09,0.19870161684549784
M0064,8,3,Transitionary,4.602496727460432e-06,0.21319575573559937,0.7867996417676729
M0064,9,2,Aversion,1.6493135990726563e-06,0.8498177610665764,0.15018058961982467
M0064,10,3,Transitionary,0.1933924400850757,3.1833754896688035e-06,0.8066043765394345
M0064,11,3,Transitionary,0.003379045866377568,3.832555514703922e-05,0.9965826285784755
M0064,12,3,Transitionary,1.4853739252758966e-05,0.0011998504718607646,0.9987852957888864
M0064,13,3,Transitionary,0.0003637215427688185,0.0008755720771940644,0.9987607063800372
M0064,14,1,Appreciation,0.9999952007533873,1.0059955290658924e-20,4.799246612923354e-06
M0064,15,3,Transitionary,0.0014824154832494907,1.7073706775213524e-05,0.9985005108099754
M0064,16,3,Transitionary,0.002155590747708181,0.0002167822405398086,0.9976276270117518
M0064,17,3,Transitionary,0.006308835711400646,4.239464097927474e-06,0.9936869248245013
M0064,18,1,Appreciation,0.5605666704405492,1.0932695033467698e-08,0.4394333186267558
M0064,19,1,Appreciation,0.9999952934430713,7.105021945111621e-20,4.7065569289064205e-06
M0064,20,3,Transitionary,1.6054360839075246e-05,0.00034468164853880567,0.999639263990622
M0064,21,2,Aversion,6.008937094609163e-12,0.9856108708594239,0.014389129134567231
M0064,22,2,Aversion,2.76327067177079e-13,0.9992940838677522,0.0007059161319713884
M0064,23,3,Transitionary,0.001012333306799736,0.0002283889127145695,0.9987592777804857
M0064,24,2,Aversion,1.0154950732473699e-09,0.9379947448993619,0.06200525408514297
M0064,25,2,Aversion,7.942938140380852e-09,0.9146942727427209,0.08530571931434115
M0064,26,1,Appreciation,0.9292270791390479,1.6066816005949974e-09,0.07077291925427039
M0065,2,1,Appreciation,0.6009450490706322,2.062546991175274e-07,0.39905474467466867
M0065,3,2,Aversion,5.757145871894418e-19,0.9999934272059199,6.572794080162533e-06
M0065,4,1,Appreciation,0.9581681954176314,2.715594346328655e-08,0.04183177742642509
M0065,5,3,Transitionary,7.972843749321279e-05,0.05023785830344164,0.9496824132590652
M0065,6,3,Transitionary,3.755170929829679e-05,0.019827461232809675,0.9801349870578919
M0065,7,2,Aversion,3.505659695388945e-12,0.998737710850959,0.0012622891455353526
M0065,8,2,Aversion,2.696582393408311e-11,0.9905414830999691,0.009458516873065006
M0065,9,3,Transitionary,6.849082699930643e-05,0.029200439629954257,0.9707310695430464
M0065,10,3,Transitionary,7.99761249153591e-06,0.04436250699711761,0.9556294953903909
M0065,11,2,Aversion,2.7632110700948454e-09,0.9702252888342129,0.029774708402576157
M0065,12,3,Transitionary,0.0032127158510640605,5.602513218791382e-06,0.9967816816357171
M0065,13,3,Transitionary,0.0011569607552613696,7.440007363230934e-05,0.9987686391711064
M0065,14,3,Transitionary,0.0018216972428080221,0.00016872128769779895,0.9980095814694941
M0065,15,3,Transitionary,0.0006130700041371433,9.041898193721901e-05,0.9992965110139257
M0065,16,3,Transitionary,2.110626154308397e-05,0.058217935310792106,0.9417609584276647
M0065,17,2,Aversion,3.615847963271547e-14,0.9996814013544584,0.0003185986455055638
M0065,18,3,Transitionary,0.0008456075116660838,0.0013804125364008882,0.9977739799519331
M0065,19,1,Appreciation,0.9998459907317157,2.2378872577726464e-15,0.00015400926828211447
M0065,20,1,Appreciation,0.9883109833324246,6.889820720648983e-11,0.011689016598677077
M0065,21,1,Appreciation,0.999994917706209,5.562697396720117e-18,5.082293791088468e-06
M0065,22,1,Appreciation,0.9969927156634045,1.9724424329947997e-13,0.0030072843363982043
M0065,23,1,Appreciation,0.9995724886070199,2.3057744652586746e-14,0.00042751139295713026
M0065,24,3,Transitionary,0.05437135440462186,1.8573124597151596e-05,0.945610072470781
M0065,25,3,Transitionary,0.0026349789037727633,0.00020899545429991476,0.9971560256419274
M0065,26,1,Appreciation,0.9999868988563707,6.18846551673244e-17,1.3101143629213404e-05
M0066,2,3,Transitionary,0.0031133259160201245,0.00014794242726444605,0.9967387316567152
M0066,3,3,Transitionary,0.2249592093856978,8.634498515713117e-07,0.7750399271644507
M0066,4,3,Transitionary,0.2797868296131058,9.793461940800938e-08,0.7202130724522751
M0066,5,3,Transitionary,6.761785839729592e-07,0.26630353627432907,0.733695787547087
M0066,6,3,Transitionary,0.003359858198265627,1.992812592380933e-05,0.9966202136758102
M0066,7,3,Transitionary,0.00014836487684029965,0.006505858159100681,0.9933457769640593
M0066,8,3,Transitionary,0.3136722701070532,1.0059250347721535e-05,0.6863176706425995
M0066,9,3,Transitionary,4.454856547514615e-05,0.05373409824050255,0.9462213531940222
M0066,10,1,Appreciation,0.9999912672406873,2.37764995324359e-14,8.732759289158003e-06
M0066,11,3,Transitionary,0.0002459483983937336,0.036235961644324535,0.9635180899572818
M0066,12,3,Transitionary,2.521200466802457e-06,0.40999146036325357,0.5900060184362795
M0066,13,2,Aversion,6.475105164844981e-07,0.5262246572042845,0.47377469528519894
M0066,14,3,Transitionary,0.0006902879934738732,0.0008031924993778803,0.9985065195071479
M0066,15,3,Transitionary,0.0001692371480994011,0.004772133052356904,0.995058629799544
M0066,16,3,Transitionary,0.008578858978651158,0.00011504283862025358,0.9913060981827285
M0066,17,1,Appreciation,0.9998365525274816,3.3075441356591695e-14,0.00016344747248554743
M0066,18,3,Transitionary,0.02686878381636807,0.00010983172095635615,0.9730213844626759
M0066,19,3,Transitionary,0.002377596918702221,0.005103384037064795,0.9925190190442329
M0066,20,3,Transitionary,0.00043687386398057963,0.016322166646133448,0.9832409594898864
M0066,21,3,Transitionary,0.0013632142728817304,0.000984767706828386,0.9976520180202896
M0066,22,3,Transitionary,5.809966331317845e-05,0.00016661480545485097,0.9997752855312318
M0066,23,3,Transitionary,1.4823112881722825e-07,0.20806621329427838,0.7919336384745926
M0066,24,3,Transitionary,0.0012312956855149966,6.161849864284082e-05,0.9987070858158421
M0066,25,1,Appreciation,0.9896266664340798,3.1252597443018906e-11,0.010373333534667647
M0066,26,3,Transitionary,0.000574389392056367,3.4034791599719984e-05,0.9993915758163437
M0067,2,3,Transitionary,6.6317472042289734e-06,0.036831089091315945,0.9631622791614799
M0067,3,2,Aversion,1.7659975851007726e-07,0.7536454534175171,0.24635436998272453
M0067,4,3,Transitionary,0.14161930274889437,1.6351000150822632e-05,0.8583643462509547
M0067,5,2,Aversion,3.4259278307087545e-13,0.9987516364384998,0.0012483635611573714
M0067,6,3,Transitionary,0.004791574444199224,1.0824609958872771e-05,0.9951976009458419
M0067,7,3,Transitionary,0.1693615351087242,3.608084056166667e-06,0.8306348568072195
M0067,8,2,Aversion,8.653830079170964e-11,0.9793584172683941,0.0206415826450675
M0067,9,1,Appreciation,0.9996390993089176,1.1530715117826825e-14,0.0003609006910708817
M0067,10,2,Aversion,5.2593747510611066e-14,0.9999027884715149,9.721152843261055e-05
M0067,11,3,Transitionary,2.3483745096824068e-07,0.4189923265270378,0.5810074386355111
M0067,12,3,Transitionary,5.119470118287049e-07,0.28478612183679736,0.7152133662161908
M0067,13,3,Transitionary,0.0001781820544448965,0.00022529309894060205,0.9995965248466143
M0067,14,1,Appreciation,0.9999997018622406,5.21271291735365e-20,2.9813775945334534e-07
M0067,15,1,Appreciation,0.9984504569479862,5.317645274639552e-13,0.0015495430514818596
M0067,16,3,Transitionary,0.0013577434938700271,0.0001415320712342427,0.9985007244348959
M0067,17,3,Transitionary,7.025056594620242e-05,0.025610284228121283,0.9743194652059324
M0067,18,3,Transitionary,0.11899946146115674,2.5058065224957484e-06,0.8809980327323207
M0067,19,3,Transitionary,1.5964178824711432e-08,0.4684571445611363,0.5315428394746848
M0067,20,3,Transitionary,0.0015210900112948838,4.911449072854552e-05,0.9984297954979765
M0067,21,3,Transitionary,0.012514408121654223,5.192965805559461e-05,0.98743366222029
M0067,22,3,Transitionary,0.006587467893696797,0.0005971351300118787,0.9928153969762913
M0067,23,3,Transitionary,5.5074775336262195e-05,0.022152999988091466,0.9777919252365723
M0067,24,3,Transitionary,0.00012086797840209958,0.10526971634156765,0.8946094156800303
M0067,25,2,Aversion,7.697174477320218e-09,0.9092827110756369,0.09071728122718856
M0067,26,2,Aversion,3.1288795408868475e-08,0.8926094439868517,0.10739052472435301
M0068,2,3,Transitionary,8.68384787024284e-05,0.04417119928958056,0.9557419622317161
M0068,3,2,Aversion,1.3742984696429462e-20,0.9999996258437374,3.741562617971556e-07
M0068,4,3,Transitionary,1.107967849182361e-06,0.19312342187165002,0.806875470160501
M0068,5,2,Aversion,1.960068717387592e-09,0.9386678546409085,0.06133214339902331
M0068,6,3,Transitionary,8.618453236733318e-07,0.2538243898155083,0.7461747483391685
M0068,7,3,Transitionary,0.00037666890198970063,0.00020914067773604962,0.9994141904202739
M0068,8,3,Transitionary,4.7081729143283836e-08,0.38016850599878477,0.6198314469194869
M0068,9,3,Transitionary,0.0014573817064424276,0.0038205245396160286,0.994722093753942
M0068,10,1,Appreciation,0.9995838719438502,5.312637412808042e-12,0.0004161280508367453
M0068,11,2,Aversion,1.9307362846508953e-08,0.864696788656944,0.13530319203569238
M0068,12,1,Appreciation,0.9999992789045329,3.6623494333314833e-16,7.210954663210837e-07
M0068,13,1,Appreciation,0.999992516426111,6.3006016587688386e-15,7.4835738828692215e-06
M0068,14,3,Transitionary,6.789508665300086e-05,0.0033893467494557723,0.9965427581638914
M0068,15,2,Aversion,1.0059255889068848e-27,0.9999999999955911,4.408079649886354e-12
M0068,16,3,Transitionary,0.0005880235236503236,0.0001202004619037316,0.9992917760144453
M0068,17,3,Transitionary,0.26035344734754207,8.222113678057267e-07,0.7396457304410899
M0068,18,3,Transitionary,4.823643292181686e-05,0.05780206603925854,0.9421496975278192
M0068,19,2,Aversion,3.2280268352675486e-10,0.9932765861479321,0.006723413529265602
M0068,20,3,Transitionary,5.716243423503611e-06,0.08054287051089629,0.9194514132456805
M0068,21,2,Aversion,1.7909757742495041e-10,0.9890384093388049,0.010961590482097775
M0068,22,3,Transitionary,0.0033958837698947987,0.00010063781608848626,0.9965034784140161
M0068,23,3,Transitionary,2.4462765526877737e-06,0.36004304173567336,0.6399545119877744
M0068,24,3,Transitionary,1.9881147241010728e-06,0.27077467628781854,0.7292233355974579
M0068,25,2,Aversion,6.507889988313914e-09,0.8505303153436877,0.14946967814842202
M0068,26,2,Aversion,3.5566476466707456e-10,0.9459530151244016,0.05404698451993438
M0069,2,1,Appreciation,0.9999999696927984,1.2186566452993206e-21,3.030720140497123e-08
M0069,3,3,Transitionary,8.098213373929695e-06,0.05720583297465315,0.9427860688119732
M0069,4,3,Transitionary,0.008822391674809898,6.1778071486689e-05,0.9911158302537032
M0069,5,2,Aversion,3.277792535320589e-16,0.9999541058096982,4.589419030149555e-05
M0069,6,2,Aversion,2.1015509092080463e-12,0.9986062694616485,0.0013937305362490997
M0069,7,1,Appreciation,0.5943935850423363,5.352980488150415e-06,0.4056010619771746
M0069,8,3,Transitionary,4.066148636733738e-06,0.08979119583555453,0.9102047380158086
M0069,9,2,Aversion,1.074362602852581e-14,0.9999300453332222,6.995466676723389e-05
M0069,10,1,Appreciation,0.9354560302419597,8.488984429978052e-08,0.06454388486819695
M0069,11,3,Transitionary,1.3974251401029826e-05,0.1720615318024261,0.8279244939461734
M0069,12,1,Appreciation,0.9052399772116752,3.9222544596406844e-08,0.09475998356577958
M0069,13,2,Aversion,1.3053332700272812e-07,0.7607534938974366,0.23924637556923656
M0069,14,3,Transitionary,0.006498099458256109,4.440069102843223e-06,0.993497460472641
M0069,15,2,Aversion,1.3344244246142642e-12,0.9993472274266513,0.0006527725720150126
M0069,16,3,Transitionary,0.001936128824622413,0.0011086977699004091,0.9969551734054766
M0069,17,1,Appreciation,0.9999951900885211,3.2580365267797483e-17,4.809911479153455e-06
M0069,18,1,Appreciation,0.6181183257841213,4.0304569070890623e-08,0.3818816339113089
M0069,19,3,Transitionary,0.02497368553649915,2.5793686298429235e-07,0.9750260565266381
M0069,20,3,Transitionary,0.00017083292039855391,0.001905974344085393,0.9979231927355163
M0069,21,1,Appreciation,0.9977757339329145,6.091632275724668e-14,0.002224266067024761
M0069,22,3,Transitionary,0.00010283804049939342,0.0006680246181393968,0.9992291373413619
M0069,23,3,Transitionary,0.0023227946741010736,7.176390796885399e-05,0.9976054414179295
M0069,24,3,Transitionary,0.000493834066867346,0.00041929905217038155,0.9990868668809629
M0069,25,1,Appreciation,0.9999933647418054,3.6412108158705643e-19,6.6352581943659805e-06
M0069,26,3,Transitionary,0.04851084724751872,1.4734082326265566e-06,0.9514876793442488
M0070,2,1,Appreciation,0.9271074321200983,1.7299502071116385e-07,0.07289239488488189
M0070,3,3,Transitionary,0.004925664986737389,6.0773080744234116e-05,0.9950135619325184
M0070,4,2,Aversion,1.1974632053006958e-16,0.999990482358528,9.517641471896987e-06
M0070,5,3,Transitionary,0.00010498298038979427,0.05564443346054153,0.9442505835590691
M0070,6,3,Transitionary,0.0009538848652905975,0.00011160371868587056,0.9989345114160235
M0070,7,2,Aversion,3.0203815082658626e-14,0.9999086213149924,9.13786849775871e-05
M0070,8,3,Transitionary,0.026556622135973935,3.4090740503091944e-05,0.9734092871235231
M0070,9,2,Aversion,6.291383847888403e-20,0.9999992245171598,7.754828405133021e-07
M0070,10,2,Aversion,2.0941866679649112e-08,0.8931368920283911,0.10686308702974229
M0070,11,3,Transitionary,0.044661656014060074,0.0001206472000157484,0.9552176967859233
M0070,12,3,Transitionary,8.370674451739023e-05,0.0035563051136623157,0.9963599881418203
M0070,13,3,Transitionary,0.0007348662385866609,0.00011173385975803482,0.9991533999016557
M0070,14,3,Transitionary,0.015369219274083332,2.9325565991249788e-06,0.9846278481693179
M0070,15,1,Appreciation,0.9999999888935314,2.2018925446455308e-23,1.1106468608803823e-08
M0070,16,3,Transitionary,0.00038233063725579317,7.362550544418393e-05,0.9995440438572996
M0070,17,1,Appreciation,0.8816705716959797,1.35287735790873e-08,0.1183294147752464
M0070,18,3,Transitionary,1.7719898225171184e-05,0.010370462287738722,0.9896118178140355
M0070,19,2,Aversion,1.3029602209167241e-11,0.9839498861039959,0.016050113882975205
M0070,20,3,Transitionary,5.1693444025869054e-06,0.08301977128595248,0.9169750593696444
M0070,21,2,Aversion,1.2077510374476705e-20,0.9999999499993967,5.000060295391442e-08
M0070,22,3,Transitionary,0.0008467001422485218,0.006966206081578504,0.9921870937761734
M0070,23,3,Transitionary,0.17758193690475327,3.6822846307619796e-07,0.8224176948667836
M0070,24,1,Appreciation,0.9971748742112679,4.0490392664779585e-13,0.0028251257883271873
M0070,25,3,Transitionary,0.0003058975230596676,0.00047478333366822667,0.9992193191432729
M0070,26,3,Transitionary,0.039610161150832074,2.678725978495987e-05,0.960363051589383
M0071,2,2,Aversion,3.404513223450818e-11,0.9727621771468878,0.027237822819066716
M0071,3,2,Aversion,5.869862074347574e-20,0.9999999836229502,1.6377049728857965e-08
M0071,4,3,Transitionary,0.00017140655122410752,0.0023697398329108133,0.997458853615865
M0071,5,2,Aversion,7.387940706908831e-09,0.8339653982543047,0.16603459435775492
M0071,6,3,Transitionary,0.0001675639451199333,0.0017867791057554244,0.9980456569491243
M0071,7,3,Transitionary,0.0009382537401655084,0.00010298013963459029,0.9989587661202
M0071,8,2,Aversion,1.3153329674044551e-11,0.995512142457629,0.004487857529218067
M0071,9,3,Transitionary,1.6377083868781059e-06,0.16760056479338786,0.8323977974982254
M0071,10,2,Aversion,3.0959694248147193e-15,0.9997470658905856,0.00025293410941085105
M0071,11,2,Aversion,2.454312847120011e-10,0.9633811769886539,0.036618822765914764
M0071,12,2,Aversion,8.606334377323137e-07,0.6880085188960134,0.311990620470549
M0071,13,1,Appreciation,0.9906636373404454,5.256574443121315e-09,0.009336357402980243
M0071,14,3,Transitionary,0.00028340938617682813,0.0014532268952556372,0.9982633637185673
M0071,15,1,Appreciation,0.9995920044205933,9.168904868045362e-11,0.00040799548771777456
M0071,16,3,Transitionary,0.10171641770572457,2.447083186488063e-06,0.898281135211089
M0071,17,3,Transitionary,3.8044312875286597e-07,0.1455833723727659,0.8544162471841054
M0071,18,3,Transitionary,0.0011775992496861746,0.00026151442215643434,0.9985608863281578
M0071,19,3,Transitionary,0.0012383074775535654,0.00019986537190417336,0.9985618271505424
M0071,20,1,Appreciation,0.9999930889363153,7.187473579364983e-16,6.911063684321895e-06
M0071,21,3,Transitionary,0.04696936069515521,9.342962592967574e-06,0.9530212963422522
M0071,22,3,Transitionary,0.026450227524422366,2.6985405508590035e-05,0.9735227870700689
M0071,23,3,Transitionary,0.04769556666013348,3.375091369566706e-06,0.9523010582484973
M0071,24,3,Transitionary,0.27956712036599796,4.079822141656879e-07,0.7204324716517877
M0071,25,1,Appreciation,0.7627413613834779,7.346051545924571e-09,0.23725863127047034
M0071,26,2,Aversion,9.33598540976292e-09,0.9418784919014157,0.058121498762598485
M0072,2,2,Aversion,1.8935361912104961e-13,0.9995851144707016,0.00041488552910907126
M0072,3,3,Transitionary,0.0007134523621403821,0.00012326427322697115,0.9991632833646327
M0072,4,3,Transitionary,0.0006860781697719073,0.0001063045846332356,0.9992076172455949
M0072,5,2,Aversion,2.5207628030939005e-12,0.9968948923473447,0.0031051076501344313
M0072,6,3,Transitionary,7.252725613851862e-06,0.052826723248756674,0.9471660240256294
M0072,7,3,Transitionary,2.9307387706213538e-05,0.07821290243620947,0.9217577901760843
M0072,8,3,Transitionary,1.4417293945701343e-06,0.3353827273080803,0.6646158309625252
M0072,9,3,Transitionary,8.456286961790786e-06,0.18280383406035078,0.8171877096526875
M0072,10,3,Transitionary,0.13108581234635389,3.7937224991891735e-05,0.8688762504286542
M0072,11,2,Aversion,1.6616941685636553e-09,0.9497835668815867,0.0502164314567191
M0072,12,3,Transitionary,9.950049087575308e-06,0.04720934251361902,0.9527807074372934
M0072,13,3,Transitionary,0.0005787137412630206,0.010653820769093016,0.9887674654896439
M0072,14,3,Transitionary,2.0824358838459702e-05,0.13082536049650345,0.8691538151446582
M0072,15,1,Appreciation,0.9936076866156013,1.5906353094271406e-08,0.006392297478045643
M0072,16,2,Aversion,4.875488686366494e-07,0.72014459393913,0.2798549185120014
M0072,17,3,Transitionary,8.35018805710163e-06,0.17735223498028246,0.8226394148316605
M0072,18,3,Transitionary,0.008811470495806136,0.00188931479255907,0.9892992147116347
M0072,19,3,Transitionary,3.602079616929883e-06,0.4466518006949049,0.5533445972254781
M0072,20,1,Appreciation,0.9999984588129663,9.52375059407663e-16,1.5411870326282826e-06
M0072,21,1,Appreciation,0.9982130032680642,5.793778348631047e-12,0.0017869967261420344
M0072,22,3,Transitionary,5.8108977783194845e-05,0.001541978663986767,0.9983999123582301
M0072,23,1,Appreciation,0.9999999997130951,1.9182964513623096e-24,2.869048973625831e-10
M0072,24,3,Transitionary,0.0014474360409413227,0.00022445024291416457,0.9983281137161445
M0072,25,1,Appreciation,0.5460769649648473,6.410804821786666e-08,0.45392297092710443
M0072,26,3,Transitionary,0.4623311932332247,6.106830565057293e-07,0.5376681960837187
M0073,2,2,Aversion,2.5800484653115817e-06,0.5978964136914751,0.40210100626005957
M0073,3,3,Transitionary,9.746006152495057e-05,0.0009571280778235738,0.9989454118606514
M0073,4,3,Transitionary,2.797061072595604e-08,0.40918439454993805,0.5908155774794512
M0073,5,3,Transitionary,0.007332597994713955,1.7193945350543018e-05,0.9926502080599354
M0073,6,2,Aversion,9.581478684224801e-12,0.9880788255028693,0.011921174487549238
M0073,7,3,Transitionary,6.910298917649113e-08,0.14064969151541123,0.8593502393815996
M0073,8,3,Transitionary,0.0033008944038565345,1.2072914687649906e-05,0.9966870326814559
M0073,9,3,Transitionary,1.8062668374557395e-07,0.21317867937358673,0.7868211399997296
M0073,10,1,Appreciation,0.998908564610746,4.2763990912704374e-14,0.0010914353892112416
M0073,11,3,Transitionary,0.09391517409653762,1.844936434486534e-05,0.9060663765391175
M0073,12,1,Appreciation,0.9161103892673567,5.042932505029464e-09,0.08388960568971075
M0073,13,3,Transitionary,0.484767701379194,2.8696726072445148e-06,0.5152294289481987
M0073,14,1,Appreciation,0.9977247170084755,8.403229036721178e-13,0.0022752829906841714
M0073,15,2,Aversion,3.7213762141153145e-17,0.999997830614506,2.1693854940541237e-06
M0073,16,1,Appreciation,0.9926474946118727,3.918395607286218e-13,0.007352505387735443
M0073,17,2,Aversion,3.560888750167009e-17,0.9999886798127179,1.1320187282104287e-05
M0073,18,3,Transitionary,1.6741986241979707e-07,0.01432400870667181,0.9856758238734658
M0073,19,3,Transitionary,0.00016153008240641064,0.002064894498768142,0.9977735754188254
M0073,20,3,Transitionary,0.08617227008028744,6.704166380233607e-07,0.9138270595030745
M0073,21,1,Appreciation,0.9839954128453663,1.2237683768596828e-12,0.016004587153409973
M0073,22,1,Appreciation,0.7457724956750575,4.865111009188134e-09,0.25422749945983153
M0073,23,2,Aversion,1.0207989728651987e-09,0.8856839644144355,0.11431603456476556
M0073,24,3,Transitionary,0.2382308694683936,1.6812359888693093e-07,0.7617689624080075
M0073,25,3,Transitionary,0.025976653133184327,7.94604779148221e-05,0.9739438863889008
M0073,26,3,Transitionary,0.01573715154204094,9.208216586737594e-05,0.9841707662920917
M0074,2,3,Transitionary,4.379979345255632e-06,0.45664989774665604,0.5433457222739989
M0074,3,1,Appreciation,0.68241062136114,6.921701202811713e-08,0.3175893094218481
M0074,4,1,Appreciation,0.9964025218158991,2.7318939166974705e-12,0.003597478181369106
M0074,5,3,Transitionary,0.38634962640147663,1.0992823006697703e-05,0.6136393807755167
M0074,6,3,Transitionary,0.00037402756286379054,0.0003701890514986907,0.9992557833856376
M0074,7,2,Aversion,2.6444904036285067e-09,0.9908550676471475,0.00914492970836218
M0074,8,1,Appreciation,0.9130382756585022,2.35564976159183e-10,0.08696172410593292
M0074,9,3,Transitionary,3.4299043927474e-05,0.03763712189048614,0.9623285790655864
M0074,10,2,Aversion,8.751432168503058e-12,0.9974309833067349,0.0025690166845138015
M0074,11,2,Aversion,1.0530885370001376e-17,0.9999980555359458,1.9444640542988125e-06
M0074,12,3,Transitionary,0.021820376515007022,0.001423792471345764,0.9767558310136473
M0074,13,3,Transitionary,0.04613871819442791,0.0007492030225705164,0.9531120787830016
M0074,14,2,Aversion,4.181873194742627e-18,0.9999962438168982,3.7561831017519164e-06
M0074,15,3,Transitionary,0.016051468421853267,0.009961463896593322,0.9739870676815534
M0074,16,3,Transitionary,5.123400127614372e-06,0.09550188573548797,0.9044929908643845
M0074,17,3,Transitionary,0.001431554210131972,0.0028252878998126126,0.9957431578900555
M0074,18,1,Appreciation,0.9983305314706078,1.7419172743105436e-13,0.001669468529218051
M0074,19,3,Transitionary,0.010561745338615182,1.9908187426144543e-06,0.9894362638426422
M0074,20,3,Transitionary,0.15428306583427343,2.5372669280362604e-08,0.8457169087930573
M0074,21,1,Appreciation,0.8063100199246159,3.1659822557528983e-07,0.1936896634771586
M0074,22,1,Appreciation,0.9785925017821664,2.0856815175282463e-11,0.021407498196976814
M0074,23,1,Appreciation,0.9999999753669896,2.69579490980489e-23,2.4633010425359048e-08
M0074,24,3,Transitionary,0.11297946497472072,6.7106687350485e-06,0.8870138243565443
M0074,25,3,Transitionary,5.996031458460648e-07,0.037281862119629576,0.9627175382772245
M0074,26,1,Appreciation,0.8879358702040617,1.2334757514279758e-08,0.11206411746118065
M0075,2,3,Transitionary,0.007299417192828411,0.00021461919226237937,0.9924859636149092
M0075,3,2,Aversion,2.290693404272277e-13,0.9999271061059708,7.289389379993804e-05
M0075,4,3,Transitionary,0.011670981833076292,5.438846358431165e-05,0.9882746297033392
M0075,5,1,Appreciation,0.999815303281573,3.8019480055050656e-15,0.00018469671842325037
M0075,6,1,Appreciation,0.7475718996103161,6.876959271382831e-08,0.25242803162009086
M0075,7,3,Transitionary,0.4919958266270474,7.194623532233095e-09,0.5080041661783288
M0075,8,3,Transitionary,1.8141918004173836e-06,0.26414746479322115,0.7358507210149785
M0075,9,1,Appreciation,0.9999988779529472,3.7039538462525173e-19,1.1220470531921178e-06
M0075,10,2,Aversion,6.584500698395575e-11,0.9966005768633085,0.003399423070846808
M0075,11,1,Appreciation,0.9987534319961079,4.639919060578463e-14,0.0012465680038456835
M0075,12,3,Transitionary,0.0359227235041892,5.944736328577594e-06,0.9640713317594821
M0075,13,1,Appreciation,0.9985821092781285,1.361590525390711e-13,0.001417890721735508
M0075,14,1,Appreciation,0.7163954103716187,1.1808881268523062e-07,0.2836044715395689
M0075,15,3,Transitionary,0.002714736816640636,0.000711327092520759,0.9965739360908383
M0075,16,3,Transitionary,9.3922829605058e-05,0.0013606364142784535,0.9985454407561166
M0075,17,2,Aversion,7.638113935614126e-12,0.9992431149589691,0.0007568850333925086
M0075,18,1,Appreciation,0.9807283013724238,9.038010149760808e-11,0.019271698537196312
M0075,19,2,Aversion,1.4497082293756598e-16,0.999996206007918,3.793992082143799e-06
M0075,20,3,Transitionary,0.0007439628200902989,0.00010038958268678632,0.9991556475972226
M0075,21,3,Transitionary,0.07209917821328712,5.6750985487602946e-06,0.9278951466881638
M0075,22,1,Appreciation,0.9881057500921956,1.6001408118181955e-11,0.011894249891802702
M0075,23,1,Appreciation,0.9999960214417801,1.988847983217329e-17,3.978558219660083e-06
M0075,24,3,Transitionary,0.039701514089988336,1.8219720344002924e-06,0.9602966639379776
M0075,25,3,Transitionary,0.0007109930116437524,0.00046938051407320505,0.9988196264742835
M0075,26,2,Aversion,4.7840702706905424e-08,0.8147254474417143,0.18527450471758258
M0076,2,3,Transitionary,0.19195968552744608,7.064512270951115e-06,0.8080332499602826
M0076,3,2,Aversion,1.5861823914891496e-13,0.9994708418465753,0.0005291581532663888
M0076,4,3,Transitionary,0.00022941070458437708,0.0010029697219739683,0.9987676195734408
M0076,5,3,Transitionary,0.006878441407469748,5.846891806298942e-07,0.9931209739033493
M0076,6,3,Transitionary,6.003991511869024e-07,0.21471030306700573,0.7852890965338439
M0076,7,3,Transitionary,3.609014063590167e-08,0.357837410390751,0.6421625535191081
M0076,8,3,Transitionary,0.0005548140112701511,0.0003139016491557537,0.9991312843395735
M0076,9,1,Appreciation,0.9003148355196278,2.4611061450551664e-09,0.09968516201926544
M0076,10,1,Appreciation,0.5321494696039059,9.832530877167266e-08,0.46785043207078564
M0076,11,2,Aversion,1.6472974308802075e-10,0.9726275857600444,0.027372414075225178
M0076,12,1,Appreciation,0.9991895162426548,9.122439762479103e-14,0.000810483757253619
M0076,13,3,Transitionary,6.067424388136839e-05,0.010486485482062527,0.9894528402740564
M0076,14,3,Transitionary,7.748172578101126e-07,0.333319249560425,0.6666799756223174
M0076,15,3,Transitionary,0.027082931643011975,6.762835312572592e-05,0.9728494400038628
M0076,16,1,Appreciation,0.5541126315092288,7.029154279550231e-07,0.4458866655753432
M0076,17,3,Transitionary,0.00018402586068848027,0.002143586662377748,0.9976723874769337
M0076,18,2,Aversion,3.652103514463085e-13,0.9905253129167345,0.009474687082900857
M0076,19,3,Transitionary,0.001818694363444418,0.0012129058539992682,0.9969683997825568
M0076,20,3,Transitionary,1.3438811050779174e-06,0.14947899910559947,0.8505196570132963
M0076,21,3,Transitionary,0.1188241939883437,3.18299090382812e-06,0.8811726230207525
M0076,22,2,Aversion,1.589369337449946e-14,0.9996205669055871,0.00037943309439771435
M0076,23,3,Transitionary,0.03283601956426971,0.00011506171584913655,0.9670489187198819
M0076,24,3,Transitionary,0.00013441496395766067,0.019149277710887862,0.9807163073251548
M0076,25,3,Transitionary,1.8510226265405075e-06,0.06421548112161654,0.9357826678557566
M0076,26,3,Transitionary,0.00037910162304728403,0.005035638694684109,0.9945852596822681
M0077,2,3,Transitionary,1.0546362006198227e-05,0.1722350350289863,0.8277544186090074
M0077,3,3,Transitionary,0.05522531690257772,5.958862263152996e-06,0.944768724235159
M0077,4,2,Aversion,1.5339807857984677e-11,0.9919271544761852,0.008072845508474957
M0077,5,3,Transitionary,0.007437873712000854,4.759317585004608e-05,0.992514533112149
M0077,6,3,Transitionary,0.06189647020528532,1.2569065629063535e-05,0.9380909607290856
M0077,7,2,Aversion,1.0973917315917042e-11,0.9975607657424128,0.0024392342466132383
M0077,8,3,Transitionary,3.1190031495298737e-06,0.011715398190312675,0.9882814828065376
M0077,9,2,Aversion,6.849070251776007e-16,0.9999525132180003,4.7486781999092575e-05
M0077,10,3,Transitionary,0.1573999328877458,5.87654903067017e-06,0.8425941905632237
M0077,11,3,Transitionary,0.0012397262983260009,0.00011243524787284083,0.9986478384538013
M0077,12,2,Aversion,1.1896455011122634e-13,0.999747065797751,0.00025293420212997884
M0077,13,3,Transitionary,0.00019854697949711928,0.0007627511905964313,0.9990387018299065
M0077,14,2,Aversion,8.360284429128068e-11,0.975999329927595,0.024000669988801977
M0077,15,1,Appreciation,0.9937392391647896,2.7880400058595337e-12,0.006260760832422324
M0077,16,3,Transitionary,2.444521930102287e-06,0.010536593894420408,0.9894609615836494
M0077,17,3,Transitionary,0.008485583267755704,3.4843780397933624e-05,0.9914795729518462
M0077,18,2,Aversion,1.104149395653722e-16,0.9999846662120868,1.5333787912940083e-05
M0077,19,3,Transitionary,0.049569062360045914,9.548154558920773e-07,0.9504299828244981
M0077,20,1,Appreciation,0.8124217761889247,1.6988019851149399e-09,0.18757822211227315
M0077,21,3,Transitionary,1.7097922980214141e-07,0.3375562031593948,0.6624436258613755
M0077,22,2,Aversion,8.412996420469312e-12,0.9975227222402385,0.0024772777513485914
M0077,23,1,Appreciation,0.9838028720196015,1.1329121750454372e-11,0.01619712796906954
M0077,24,1,Appreciation,0.9901182710969438,3.2337815476763564e-12,0.009881728899822325
M0077,25,1,Appreciation,0.9763179303305373,2.709868615943853e-11,0.023682069642364304
M0077,26,2,Aversion,1.3778785770859593e-19,0.9999965390701271,3.460929872804377e-06
M0078,2,3,Transitionary,1.1505843944385451e-06,0.08951863735440507,0.9104802120612004
M0078,3,3,Transitionary,1.1282758675567443e-05,0.09739850342695489,0.9025902138143695
M0078,4,3,Transitionary,0.0005253186818459696,0.002330410247419321,0.9971442710707347
M0078,5,2,Aversion,7.903613481177685e-14,0.9998368176257066,0.00016318237421430808
M0078,6,3,Transitionary,0.017110255807247315,6.896778189986848e-06,0.9828828474145627
M0078,7,2,Aversion,1.2432671488891188e-13,0.9999832027997132,1.6797200162447593e-05
M0078,8,3,Transitionary,0.002375963500936424,3.7854265553672124e-05,0.9975861822335099
M0078,9,2,Aversion,7.541017437881047e-15,0.999888623176984,0.00011137682300846685
M0078,10,3,Transitionary,0.000134409323528134,0.0006742145339528683,0.999191376142519
M0078,11,2,Aversion,1.4474403146799108e-11,0.9926069594373677,0.0073930405481580025
M0078,12,3,Transitionary,0.0016215169311690376,7.903073550565236e-05,0.9982994523333253
M0078,13,3,Transitionary,0.4976657359750724,1.1771788872320098e-08,0.5023342522531388
M0078,14,2,Aversion,2.8284018966650726e-07,0.9316880155056014,0.06831170165420894
M0078,15,3,Transitionary,2.838006760319565e-07,0.29517256501591727,0.7048271511834068
M0078,16,1,Appreciation,0.9990608039120619,3.1144522743408944e-15,0.000939196087934998
M0078,17,3,Transitionary,0.29745411680228245,7.994545259432708e-08,0.702545803252265
M0078,18,3,Transitionary,5.980804549392922e-05,0.0008786057523744535,0.9990615862021316
M0078,19,1,Appreciation,0.9972191356323761,5.204579344164568e-13,0.0027808643671035174
M0078,20,3,Transitionary,0.014192585024102039,5.177946608911683e-06,0.985802237029289
M0078,21,3,Transitionary,1.971264167052035e-05,0.04153116440621426,0.9584491229521153
M0078,22,1,Appreciation,0.9999976979158379,1.3475292962887642e-19,2.3020841620754853e-06
M0078,23,2,Aversion,3.988772490977753e-09,0.92592032321994,0.07407967279128745
M0078,24,3,Transitionary,0.08671153528586471,3.0986091837695017e-06,0.9132853661049515
M0078,25,1,Appreciation,0.9978556879002416,6.253883144588542e-13,0.0021443120991329794
M0078,26,3,Transitionary,1.2474495520300086e-07,0.25159649059335154,0.7484033846616932
M0079,2,3,Transitionary,0.3484449022099793,4.703954535687375e-08,0.6515550507504755
M0079,3,1,Appreciation,0.9942699501495381,1.8280008620599512e-12,0.0057300498486337935
M0079,4,3,Transitionary,0.09211812861827934,2.336578368880833e-06,0.9078795348033516
M0079,5,3,Transitionary,0.0002002820389753606,0.018498608299448587,0.9813011096615762
M0079,6,3,Transitionary,0.1822081658947932,1.1366260332345017e-05,0.8177804678448747
M0079,7,3,Transitionary,2.8463294589613966e-05,0.2971480678399725,0.7028234688654377
M0079,8,3,Transitionary,1.717174154509244e-05,0.09164155069154407,0.9083412775669107
M0079,9,3,Transitionary,0.0003065210510341961,0.004600482600923748,0.9950929963480419
M0079,10,3,Transitionary,0.08042853089154373,2.2882960549934994e-06,0.9195691808124012
M0079,11,3,Transitionary,3.831254220607323e-06,0.06503069423916517,0.9349654745066144
M0079,12,3,Transitionary,0.0028714482549268127,0.0001720245924629757,0.9969565271526104
M0079,13,3,Transitionary,0.0001664160181580916,0.00030771361467156456,0.9995258703671704
M0079,14,2,Aversion,4.1408025862848535e-08,0.8182303813390329,0.18176957725294102
M0079,15,3,Transitionary,0.09362603188494556,2.096216634944264e-06,0.9063718718984196
M0079,16,3,Transitionary,0.021325107313183683,0.00015378079542243883,0.9785211118913941
M0079,17,3,Transitionary,5.1661755149619775e-05,0.0015297553571512396,0.9984185828876992
M0079,18,3,Transitionary,7.930293733486632e-06,0.14301270784631895,0.8569793618599477
M0079,19,2,Aversion,4.095415523197559e-12,0.9955646389477368,0.004435361048167676
M0079,20,1,Appreciation,0.9994920480225217,1.557230924988595e-14,0.0005079519774626753
M0079,21,3,Transitionary,0.004971125805221781,3.874589215182649e-05,0.9949901283026265
M0079,22,2,Aversion,3.038792193059068e-08,0.7268696198725165,0.2731303497395613
M0079,23,1,Appreciation,0.9999915122193248,8.19637391233886e-18,8.487780675383849e-06
M0079,24,3,Transitionary,0.3379218860388232,3.9836672850134676e-07,0.6620777155944483
M0079,25,1,Appreciation,0.9999994711876646,6.435981116874617e-19,5.288123354070418e-07
M0079,26,3,Transitionary,0.0018861113714360377,0.0015244079281979373,0.9965894807003661
M0080,2,3,Transitionary,0.002216288358140982,0.0013480389067312395,0.9964356727351275
M0080,3,2,Aversion,1.102779703534384e-15,0.9998971162989068,0.00010288370109227787
M0080,4,2,Aversion,3.913530042493015e-14,0.9997009356187418,0.0002990643812186883
M0080,5,2,Aversion,2.2355528409787827e-08,0.9465364659616823,0.05346351168278939
M0080,6,3,Transitionary,1.113048361781166e-05,0.09270843268374981,0.9072804368326327
M0080,7,1,Appreciation,0.9838045549946393,2.9678892397771487e-11,0.016195444975682163
M0080,8,2,Aversion,8.502122386516449e-14,0.9989933407930004,0.0010066592069147067
M0080,9,3,Transitionary,1.2954756916842426e-05,0.0010758005415841764,0.9989112447014994
M0080,10,2,Aversion,1.6538630975849864e-12,0.9954951313259505,0.004504868672395207
M0080,11,1,Appreciation,0.9871118636705937,3.848406467797312e-11,0.012888136290922647
M0080,12,3,Transitionary,1.041252537748871e-05,0.02063951748721973,0.9793500699874024
M0080,13,1,Appreciation,0.8390195595682012,3.874554516879266e-09,0.1609804365572442
M0080,14,2,Aversion,3.7598084229515597e-10,0.9867367842955218,0.0132632153284973
M0080,15,3,Transitionary,0.004820068541281849,7.648196478645246e-05,0.995103449493932
M0080,16,3,Transitionary,1.5131809851161804e-05,0.03186196604043413,0.9681229021497147
M0080,17,2,Aversion,4.0613861097748704e-11,0.9729546562363308,0.027045343723054935
M0080,18,1,Appreciation,0.7094589513689566,2.793774679233057e-07,0.29054076925357525
M0080,19,1,Appreciation,0.9168776343777085,7.388076833417551e-09,0.0831223582342144
M0080,20,3,Transitionary,0.0012466501586081776,0.00014760666452107916,0.9986057431768706
M0080,21,3,Transitionary,0.004434818383828954,7.569173156573245e-06,0.9955576124430144
M0080,22,3,Transitionary,0.0035262625973553094,0.0001980185916302601,0.9962757188110142
M0080,23,3,Transitionary,0.21409042888458119,8.27374630476815e-05,0.7858268336523714
M0080,24,3,Transitionary,0.0012302745770627836,0.0014526332271098607,0.9973170921958274
M0080,25,2,Aversion,5.0229932184509125e-17,0.9999755894862823,2.4410513717924233e-05
M0080,26,3,Transitionary,0.0006579033245346191,1.378609281025182e-05,0.9993283105826554
M0081,2,3,Transitionary,0.0011310203211582822,0.00374125284713515,0.9951277268317065
M0081,3,3,Transitionary,0.0001054257401583987,0.0001868586912444629,0.9997077155685973
M0081,4,3,Transitionary,1.4234916666346561e-05,0.07873933092627308,0.9212464341570606
M0081,5,3,Transitionary,1.0030087620038304e-05,0.021125097471956355,0.9788648724404236
M0081,6,3,Transitionary,0.0032612894420734565,0.0004308542941012135,0.9963078562638252
M0081,7,3,Transitionary,3.5851778560912783e-07,0.4961279346533063,0.5038717068289081
M0081,8,3,Transitionary,0.0068172101096525455,0.0009013412710841788,0.9922814486192633
M0081,9,3,Transitionary,0.24259077123966977,4.390086660162554e-08,0.7574091848594636
M0081,10,3,Transitionary,1.4954367141113932e-05,0.1188163575601902,0.8811686880726686
M0081,11,1,Appreciation,0.8690091472027176,1.5861626572625242e-08,0.1309908369356556
M0081,12,2,Aversion,6.717283505219031e-18,0.9999934676177807,6.532382219218542e-06
M0081,13,3,Transitionary,0.001389900171421531,0.001101880770966995,0.9975082190576116
M0081,14,3,Transitionary,6.022245928110657e-05,0.03946435128228173,0.960475426258437
M0081,15,3,Transitionary,0.00019200071899233844,0.0008680413712923335,0.9989399579097153
M0081,16,3,Transitionary,4.87377177651302e-05,0.008466771227533115,0.9914844910547016
M0081,17,3,Transitionary,0.0011808096289048409,3.045975111552198e-06,0.9988161443959837
M0081,18,2,Aversion,2.16345074601143e-09,0.9162873500847503,0.08371264775179918
M0081,19,3,Transitionary,0.14065006756572423,3.068166976742391e-07,0.859349625617578
M0081,20,3,Transitionary,4.767660341594037e-05,0.01067769569957361,0.9892746276970102
M0081,21,3,Transitionary,9.227381835028976e-07,0.44757390830415356,0.552425168957663
M0081,22,1,Appreciation,0.9999885523871623,2.9439019471339416e-16,1.1447612837577513e-05
M0081,23,3,Transitionary,0.10469888703546894,2.5367322288546827e-06,0.8952985762323024
M0081,24,3,Transitionary,6.523959980843821e-07,0.15616121024933222,0.8438381373546698
M0081,25,3,Transitionary,7.657372704277631e-05,0.04432864236600748,0.9555947839069497
M0081,26,1,Appreciation,0.9999026983431654,3.969620577268666e-15,9.730165683048583e-05
M0082,2,1,Appreciation,0.9140970288273395,1.0822111254552696e-07,0.08590286295154843
M0082,3,1,Appreciation,0.983376390134621,1.163986432862984e-08,0.016623598225514343
M0082,4,1,Appreciation,0.5893797000213028,3.3877321920707125e-06,0.41061691224650504
M0082,5,3,Transitionary,0.0008465349867142213,0.0002787934293758057,0.9988746715839103
M0082,6,3,Transitionary,0.18545387000374025,8.536183836039858e-07,0.8145452763778761
M0082,7,1,Appreciation,0.7174517685859932,1.7097874387330483e-09,0.2825482297042195
M0082,8,2,Aversion,2.6668504643947096e-07,0.743669998758562,0.25632973455639196
M0082,9,3,Transitionary,0.002258450545278593,1.5056548738152868e-05,0.9977264929059835
M0082,10,3,Transitionary,2.4644037698767606e-08,0.2582842905840908,0.7417156847718712
M0082,11,1,Appreciation,0.7945680329833018,1.1843758489905223e-08,0.20543195517293947
M0082,12,3,Transitionary,0.0004983287649933327,0.003504363966650628,0.995997307268356
M0082,13,1,Appreciation,0.9999357133325266,7.930771253274893e-13,6.428666668065316e-05
M0082,14,3,Transitionary,4.176998989286441e-06,0.18735425803265787,0.8126415649683528
M0082,15,3,Transitionary,0.0680370128199397,6.256744047104076e-06,0.9319567304360132
M0082,16,3,Transitionary,1.5911171491876632e-05,0.026386662938201917,0.9735974258903064
M0082,17,2,Aversion,1.656846004872086e-08,0.8685092564679007,0.1314907269636392
M0082,18,2,Aversion,4.3897433197911526e-08,0.690478538294778,0.30952141780778925
M0082,19,2,Aversion,3.604901044486761e-12,0.9976678421247366,0.002332157871658502
M0082,20,1,Appreciation,0.9999988361407124,2.784788446592743e-21,1.1638592872221575e-06
M0082,21,3,Transitionary,2.381192769893554e-05,0.32360478591490593,0.6763714021573954
M0082,22,1,Appreciation,0.9999727344145177,3.242247270553254e-16,2.7265585482248282e-05
M0082,23,1,Appreciation,0.9999999925867709,8.681556621928189e-24,7.413228679868484e-09
M0082,24,2,Aversion,6.348174446506006e-11,0.9978161179621349,0.002183881974383238
M0082,25,3,Transitionary,0.00014012199507957372,0.00983045907822727,0.9900294189266928
M0082,26,2,Aversion,3.1609554600441634e-10,0.9900714232505613,0.009928576433343649
M0083,2,2,Aversion,2.0037584140463696e-13,0.9996519770857151,0.00034802291408478884
M0083,3,3,Transitionary,0.048760495322829014,3.383331485761822e-05,0.9512056713623128
M0083,4,3,Transitionary,2.4172879365573907e-05,0.04418614823085714,0.955789678889777
M0083,5,3,Transitionary,0.0010700146346934141,0.0030778754447162724,0.9958521099205909
M0083,6,3,Transitionary,0.002990964807980816,0.0027577540816644437,0.9942512811103547
M0083,7,2,Aversion,8.090092798388535e-15,0.9999538285690177,4.6171430974258006e-05
M0083,8,3,Transitionary,0.42550997139014163,8.562556035056128e-06,0.5744814660538233
M0083,9,3,Transitionary,0.00038701257183590166,0.007022358530772028,0.9925906288973928
M0083,10,3,Transitionary,0.003724082638400346,0.0003644839523331617,0.9959114334092671
M0083,11,1,Appreciation,0.9986166811970095,2.99823935234455e-10,0.0013833185031673636
M0083,12,3,Transitionary,1.1111585992985356e-05,0.010330746771424721,0.9896581416425824
M0083,13,3,Transitionary,0.0012590765744242643,0.0005340317991601382,0.9982068916264158
M0083,14,3,Transitionary,1.7413269030035792e-06,0.2549646724080401,0.745033586265056
M0083,15,1,Appreciation,0.9999481024339046,5.508778113870653e-16,5.18975660942655e-05
M0083,16,3,Transitionary,0.098943305145577,1.3619165677440933e-05,0.9010430756887448
M0083,17,3,Transitionary,0.12360976500582577,8.480957476989721e-05,0.8763054254194049
M0083,18,2,Aversion,2.687148320548795e-09,0.9305499115001373,0.06945008581271392
M0083,19,2,Aversion,1.7366298379016563e-08,0.9394180113553412,0.06058197127835965
M0083,20,2,Aversion,7.87540655138305e-16,0.9999911679073638,8.83209263497359e-06
M0083,21,3,Transitionary,8.887736668615831e-05,0.004263259341638004,0.9956478632916752
M0083,22,2,Aversion,5.19795244069803e-08,0.8658162882946642,0.13418365972581225
M0083,23,3,Transitionary,0.00024095194243810243,0.014857725081407354,0.9849013229761548
M0083,24,3,Transitionary,0.00014505010788772325,0.12250392032757666,0.8773510295645351
M0083,25,3,Transitionary,0.0002813903719182796,0.0167805687194277,0.9829380409086549
M0083,26,3,Transitionary,0.015519839753716153,0.00015471250471834233,0.9843254477415652
M0084,2,3,Transitionary,0.018779576221858867,1.3911958961876627e-06,0.9812190325822451
M0084,3,1,Appreciation,0.9627485763631951,3.1414653331498037e-09,0.03725142049533944
M0084,4,3,Transitionary,4.862916051728984e-06,0.015639052605097657,0.9843560844788506
M0084,5,3,Transitionary,1.8104437352511743e-06,0.052461630977730885,0.9475365585785339
M0084,6,3,Transitionary,6.4937444559443496e-09,0.38239338736810885,0.6176066061381467
M0084,7,1,Appreciation,0.9905441322518544,3.850694508356235e-12,0.00945586774429467
M0084,8,3,Transitionary,0.3359883334769185,2.2807173948342335e-09,0.6640116642423644
M0084,9,1,Appreciation,0.8371622002813358,3.96622921080579e-09,0.162837795752435
M0084,10,3,Transitionary,0.0012320730300845752,6.82364345922135e-05,0.9986996905353233
M0084,11,2,Aversion,4.7808201937965496e-11,0.9960031720011507,0.003996827951041245
M0084,12,3,Transitionary,0.0024733585552407632,0.0007127439101352483,0.9968138975346241
M0084,13,3,Transitionary,4.948909449552323e-07,0.37256562421130557,0.6274338808977492
M0084,14,1,Appreciation,0.9920293116391077,6.301248722955255e-12,0.007970688354591025
M0084,15,1,Appreciation,0.999999992326722,1.8168209733376775e-24,7.673277879876796e-09
M0084,16,3,Transitionary,0.00032362117774055357,0.0013132456626254096,0.998363133159634
M0084,17,3,Transitionary,0.07330956592047357,5.04216498280349e-07,0.926689929863028
M0084,18,3,Transitionary,0.0009020006332654094,7.188068887555517e-05,0.9990261186778592
M0084,19,2,Aversion,5.006475058869506e-13,0.9970607843344598,0.002939215665039774
M0084,20,3,Transitionary,0.34510998419533334,8.044395265842036e-06,0.654881971409401
M0084,21,3,Transitionary,0.00011931876660542612,0.00042025544572134977,0.9994604257876731
M0084,22,3,Transitionary,8.268715924470453e-06,0.02298859557617502,0.9770031357079006
M0084,23,3,Transitionary,0.0016412353583593678,6.826590446028828e-05,0.9982904987371803
M0084,24,1,Appreciation,0.9997118067105739,3.211859159536822e-16,0.00028819328942572726
M0084,25,3,Transitionary,0.020677685228532194,2.5370667045504834e-07,0.9793220610647975
M0084,26,3,Transitionary,3.560069872334628e-05,0.04462691977977917,0.9553374795214976
M0085,2,3,Transitionary,0.036276404396668814,0.00015956918185046123,0.9635640264214808
M0085,3,3,Transitionary,0.010908759002189183,0.0009835018835068889,0.9881077391143039
M0085,4,3,Transitionary,2.6422841477897666e-06,0.2873433460831848,0.7126540116326675
M0085,5,3,Transitionary,5.43653897243562e-06,0.3292776517268534,0.6707169117341744
M0085,6,3,Transitionary,5.777649121397535e-07,0.20615698167792942,0.7938424405571586
M0085,7,2,Aversion,1.5140116520448843e-11,0.9998079633999528,0.0001920365849069059
M0085,8,3,Transitionary,5.094744351010645e-05,0.12290580983967098,0.8770432427168191
M0085,9,3,Transitionary,0.029801451513070017,0.00029896967782837503,0.9698995788091016
M0085,10,2,Aversion,1.831037762160908e-07,0.5739754828919199,0.4260243340043039
M0085,11,3,Transitionary,0.0025553694166295894,0.0038914767030394427,0.9935531538803308
M0085,12,1,Appreciation,0.9131275586179151,6.782278678847476e-07,0.08687176315421706
M0085,13,3,Transitionary,0.00011453899880705473,0.029455375702899057,0.9704300852982938
M0085,14,2,Aversion,1.8099201666226604e-07,0.592218892649419,0.4077809263585647
M0085,15,3,Transitionary,6.490902204674348e-05,0.03644443581292573,0.9634906551650275
M0085,16,1,Appreciation,0.9989119151108774,1.2089444019096164e-10,0.0010880847682279784
M0085,17,3,Transitionary,0.2729030194359823,6.588572044639903e-06,0.7270903919919731
M0085,18,3,Transitionary,0.0008546532991477949,0.002089145620334105,0.997056201080518
M0085,19,3,Transitionary,0.024675227575269288,8.364302904579074e-05,0.9752411293956847
M0085,20,3,Transitionary,0.002907281807137784,0.0002384487410326976,0.9968542694518293
M0085,21,1,Appreciation,0.927745225490953,1.7194400041752035e-07,0.0722546025650465
M0085,22,1,Appreciation,0.9157294930129176,1.4570626864105623e-07,0.08427036128081358
M0085,23,3,Transitionary,3.056754223792828e-05,0.02767358813406076,0.9722958443237012
M0085,24,3,Transitionary,0.0002243727271223786,0.006589725867591481,0.9931859014052861
M0085,25,1,Appreciation,0.6853472043551201,1.1386955700205596e-07,0.31465268177532313
M0085,26,3,Transitionary,0.034634737425715545,1.010188092002595e-06,0.9653642523861924
M0086,2,3,Transitionary,0.011942094998258795,0.0002770912531435112,0.9877808137485977
M0086,3,3,Transitionary,0.0004692807878289655,0.01371344612709046,0.9858172730850804
M0086,4,1,Appreciation,0.9821819040963369,1.1749482193591465e-09,0.01781809472871504
M0086,5,2,Aversion,7.711797920331448e-10,0.9086553644471184,0.09134463478170178
M0086,6,1,Appreciation,0.5214979558126671,1.1306929327829746e-06,0.4785009134944
M0086,7,1,Appreciation,0.9999958820150997,2.1384053256337015e-15,4.11798489813137e-06
M0086,8,3,Transitionary,0.00025146793200091564,0.014536795822500398,0.9852117362454988
M0086,9,3,Transitionary,0.0008216373832600225,0.0052559607435749564,0.9939224018731652
M0086,10,3,Transitionary,0.006294536318542003,0.0032900877785671193,0.990415375902891
M0086,11,2,Aversion,1.0791636961461694e-10,0.9865180271963399,0.013481972695743675
M0086,12,1,Appreciation,0.9938874777417536,9.800881723893811e-11,0.00611252216023776
M0086,13,1,Appreciation,0.9815242899153541,1.7241503995361497e-12,0.018475710082921596
M0086,14,3,Transitionary,3.134125596867735e-05,0.00035522952909323796,0.9996134292149383
M0086,15,1,Appreciation,0.6986179531636919,2.007100794647099e-08,0.30138202676530024
M0086,16,1,Appreciation,0.9999825615767193,6.672770170159697e-17,1.7438423280420772e-05
M0086,17,3,Transitionary,8.289655238205998e-06,0.001430688816557148,0.9985610215282047
M0086,18,1,Appreciation,0.8959793847728545,2.331943865329379e-10,0.1040206149939512
M0086,19,3,Transitionary,0.191424976825641,4.5555162397271176e-07,0.8085745676227352
M0086,20,3,Transitionary,8.603609441532625e-05,1.579541411080889e-05,0.9998981684914738
M0086,21,3,Transitionary,0.0038149397257353007,9.892287345723572e-05,0.9960861374008075
M0086,22,1,Appreciation,0.9997539009981166,2.009881330786459e-13,0.0002460990016825179
M0086,23,3,Transitionary,8.30918564633364e-05,0.14005887952721896,0.8598580286163179
M0086,24,1,Appreciation,0.7813050975333469,7.573784441884235e-08,0.21869482672880855
M0086,25,3,Transitionary,0.3200230034978423,1.79966268298902e-05,0.6799589998753278
M0086,26,3,Transitionary,0.06048518023417859,0.0001652595884625639,0.9393495601773587
M0087,2,2,Aversion,1.0256192741483738e-08,0.9259563551765115,0.07404363456729618
M0087,3,3,Transitionary,0.1312147888358141,2.2298636895091166e-05,0.8687629125272899
M0087,4,2,Aversion,1.325611803280265e-07,0.9252034965491072,0.07479637088971257
M0087,5,2,Aversion,3.3643471379238304e-21,0.9999989728941151,1.0271058841092067e-06
M0087,6,3,Transitionary,0.0001393875368211235,0.011641478035458829,0.9882191344277201
M0087,7,2,Aversion,4.860460193875066e-08,0.8208384742681858,0.17916147712721278
M0087,8,3,Transitionary,0.044124677195907305,0.0001147511858553202,0.9557605716182375
M0087,9,2,Aversion,7.191904513663935e-18,0.9999888040767321,1.1195923268050065e-05
M0087,10,1,Appreciation,0.9969211995728529,1.776812988354352e-11,0.003078800409379215
M0087,11,1,Appreciation,0.9996367579639537,2.0980936607658982e-14,0.0003632420360254288
M0087,12,2,Aversion,2.264675918432626e-13,0.9967091831231085,0.0032908168766652922
M0087,13,1,Appreciation,0.9977738131554964,2.4355707020168996e-13,0.0022261868442603524
M0087,14,3,Transitionary,0.00023474430651692886,0.004033319896708968,0.9957319357967734
M0087,15,3,Transitionary,8.638386113543355e-05,0.0008216812000815114,0.9990919349387828
M0087,16,3,Transitionary,0.273346892148283,1.1838943217282039e-07,0.7266529894622845
M0087,17,3,Transitionary,0.11777186553587218,7.1510303783273855e-06,0.88222098343375
M0087,18,3,Transitionary,2.581442693731285e-06,0.1904099698705089,0.8095874486867969
M0087,19,3,Transitionary,8.564910621106768e-07,0.3186053293117095,0.6813938141972287
M0087,20,2,Aversion,3.2666221831873505e-09,0.9150982490713722,0.08490174766200527
M0087,21,3,Transitionary,1.2536406169747495e-05,0.18225149472993057,0.8177359688639
M0087,22,3,Transitionary,7.216242644415593e-05,0.03286677374251148,0.9670610638310446
M0087,23,2,Aversion,7.675896618427554e-19,0.999999379339166,6.206608334802622e-07
M0087,24,2,Aversion,4.409807806553227e-08,0.618074842898778,0.381925113003144
M0087,25,3,Transitionary,0.00023130376856197104,0.003006149930987304,0.9967625463004505
M0087,26,2,Aversion,4.766840092641776e-18,0.9999999263801973,7.361980294284433e-08
M0088,2,3,Transitionary,0.34680499264213066,7.115599825991923e-05,0.6531238513596095
M0088,3,1,Appreciation,0.9479636277059337,4.8474083170673127e-08,0.05203632381998347
M0088,4,2,Aversion,4.58277971340119e-08,0.8798381088439005,0.1201618453283025
M0088,5,3,Transitionary,1.4056426863648524e-05,0.11812930412355645,0.8818566394495803
M0088,6,2,Aversion,1.087243490759095e-08,0.8612567753607994,0.13874321376676618
M0088,7,2,Aversion,3.243751384769313e-13,0.999192477301256,0.000807522698419602
M0088,8,2,Aversion,3.6577086732357975e-10,0.9851981469084321,0.01480185272579697
M0088,9,2,Aversion,7.472425980847317e-09,0.8196665648585872,0.18033342766898636
M0088,10,2,Aversion,8.122949306184272e-07,0.7860879765917281,0.21391121111334116
M0088,11,2,Aversion,5.0339436729640285e-17,0.9999981651085811,1.834891418784347e-06
M0088,12,3,Transitionary,0.004528197796565477,0.0003831932294330098,0.9950886089740019
M0088,13,2,Aversion,2.8207124589455673e-08,0.922169906666749,0.07783006512612624
M0088,14,2,Aversion,9.388668916927966e-13,0.9976945778022919,0.002305422196769137
M0088,15,2,Aversion,4.8003125757942545e-08,0.8034464387572156,0.1965535132396588
M0088,16,3,Transitionary,1.3302466531464794e-05,0.05703467375566224,0.9429520237778066
M0088,17,1,Appreciation,0.9806177117319821,5.291245183532899e-11,0.01938228821510509
M0088,18,3,Transitionary,0.011610075352516812,1.822264553030717e-05,0.988371702001953
M0088,19,3,Transitionary,0.2314214538654018,5.87492582112165e-07,0.7685779586420157
M0088,20,3,Transitionary,2.681962782729849e-07,0.2852992404453854,0.7147004913583359
M0088,21,2,Aversion,3.715961873521572e-07,0.7068318238174862,0.2931678045863265
M0088,22,3,Transitionary,0.0012581157461195275,0.0010628566308555998,0.9976790276230252
M0088,23,3,Transitionary,0.007621530489752511,0.0018538819313831027,0.9905245875788644
M0088,24,2,Aversion,4.049135706970521e-10,0.993318037284854,0.0066819623102320775
M0088,25,3,Transitionary,1.873798497963724e-06,0.42513741876123634,0.5748607074402654
M0088,26,3,Transitionary,1.0473644947525832e-05,0.036545132149788086,0.9634443942052641
M0089,2,2,Aversion,5.556033878075652e-07,0.6640975327939017,0.33590191160271027
M0089,3,3,Transitionary,3.4700123326380145e-06,0.3692538270112634,0.6307427029764038
M0089,4,3,Transitionary,7.372529101848453e-06,0.3833510032448147,0.6166416242260836
M0089,5,3,Transitionary,4.3922758281342384e-05,0.1015682468355036,0.898387830406215
M0089,6,1,Appreciation,0.6579225651168162,7.826589413624761e-07,0.34207665222424266
M0089,7,3,Transitionary,0.0003857959893083826,8.31635109551955e-05,0.9995310404997362
M0089,8,2,Aversion,9.224020444485186e-10,0.9081781688630124,0.09182183021458545
M0089,9,2,Aversion,1.017919139099946e-15,0.9999010754341441,9.892456585481503e-05
M0089,10,2,Aversion,1.1282974035324017e-07,0.6278992909545482,0.37210059621571145
M0089,11,3,Transitionary,3.3970086810387974e-06,0.05831181209740385,0.9416847908939149
M0089,12,3,Transitionary,0.0024389680798926985,8.40970697062475e-06,0.9975526222131365
M0089,13,2,Aversion,1.3676867961174712e-11,0.9980169695808614,0.0019830304054619086
M0089,14,1,Appreciation,0.7186990468396671,3.356759312402388e-06,0.28129759640102053
M0089,15,1,Appreciation,0.9999924523158983,2.8351873499233937e-19,7.547684101536341e-06
M0089,16,3,Transitionary,0.10527516749522269,2.4952305047532373e-07,0.8947245829817267
M0089,17,3,Transitionary,6.4792104291268315e-06,0.018306482247665953,0.9816870385419048
M0089,18,2,Aversion,1.6275104143089148e-12,0.9982605125699784,0.0017394874283942672
M0089,19,3,Transitionary,4.6190752045701605e-06,0.21688192375966003,0.7831134571651354
M0089,20,2,Aversion,7.857303802435023e-11,0.9888632401813575,0.011136759740069287
M0089,21,3,Transitionary,0.007872483580674007,1.4759633549667088e-05,0.9921127567857764
M0089,22,3,Transitionary,0.05756461485465113,7.246944288646503e-06,0.94242813820106
M0089,23,1,Appreciation,0.7549869661684367,8.398901963401758e-09,0.2450130254326611
M0089,24,3,Transitionary,0.060715426818768015,9.049238444461027e-07,0.9392836682573877
M0089,25,3,Transitionary,0.0034647565848318655,1.6360554494783408e-06,0.9965336073597186
M0089,26,3,Transitionary,0.0006602744708201047,0.01540634519138745,0.9839333803377924
M0090,2,3,Transitionary,0.018279300377150122,0.0015852067810260167,0.9801354928418237
M0090,3,2,Aversion,6.290064919225883e-19,0.9999995762717858,4.2372821381548227e-07
M0090,4,3,Transitionary,1.7541227674523158e-06,0.004362102761661112,0.9956361431155707
M0090,5,2,Aversion,6.421427352408437e-13,0.9997089497053347,0.0002910502940231667
M0090,6,3,Transitionary,6.509118758924991e-07,0.30059408617146005,0.6994052629166645
M0090,7,2,Aversion,8.847307442855926e-15,0.999932369104313,6.763089567825701e-05
M0090,8,1,Appreciation,0.7951644434134805,5.407295257431456e-06,0.20483014929126125
M0090,9,3,Transitionary,0.0008184327088133014,0.005484808063676881,0.9936967592275092
M0090,10,3,Transitionary,1.2766888358465326e-06,0.3835758271971614,0.6164228961140034
M0090,11,3,Transitionary,0.30357316262231476,4.405510616990375e-05,0.696382782271516
M0090,12,2,Aversion,2.8662462320189783e-21,0.9999999938931587,6.1068415482666534e-09
M0090,13,1,Appreciation,0.9186600589179259,2.0683468717695015e-06,0.08133787273520279
M0090,14,3,Transitionary,0.00021632944119876377,0.002749471718023046,0.9970341988407775
M0090,15,1,Appreciation,0.7022381687550359,3.496411586019736e-07,0.2977614816038059
M0090,16,1,Appreciation,0.994412168704232,1.8174305799514862e-09,0.005587829478337515
M0090,17,3,Transitionary,0.24192198903413642,2.4950868101148325e-05,0.7580530600977627
M0090,18,2,Aversion,1.0709377102731599e-06,0.7885117121865194,0.21148721687576993
M0090,19,3,Transitionary,0.0003271875999677922,0.00699831272350021,0.9926744996765323
M0090,20,2,Aversion,3.7295051003684943e-14,0.9997689958064664,0.00023100419349605423
M0090,21,3,Transitionary,0.020096683605518088,3.305460063619817e-06,0.9799000109344183
M0090,22,2,Aversion,2.4970914064552507e-12,0.9952083225752997,0.0047916774222041434
M0090,23,3,Transitionary,5.544721814667831e-08,0.46179451377140374,0.5382054307813777
M0090,24,3,Transitionary,1.4754742476942673e-05,0.010683381544704962,0.9893018637128187
M0090,25,3,Transitionary,0.0008176178125231163,7.397473624865867e-05,0.9991084074512284
M0090,26,2,Aversion,6.265818307959492e-10,0.9799413251937388,0.020058674179678534
M0091,2,1,Appreciation,0.93601149880311,2.2472320231046754e-10,0.06398850097216681
M0091,3,3,Transitionary,2.3220401356508038e-07,0.12298150449492443,0.8770182633010618
M0091,4,3,Transitionary,5.027701433791286e-06,0.44826481537203733,0.5517301569265283
M0091,5,3,Transitionary,5.123467910996748e-06,0.008227915983342004,0.9917669605487477
M0091,6,1,Appreciation,0.621075871703049,1.0874038670172719e-08,0.3789241174229123
M0091,7,3,Transitionary,2.6135585490981382e-06,0.004180037243016723,0.9958173491984346
M0091,8,3,Transitionary,3.092849954947584e-06,0.03936910680771548,0.9606278003423289
M0091,9,3,Transitionary,7.575763600662424e-06,0.0747051240958852,0.9252873001405147
M0091,10,2,Aversion,2.986042908428525e-06,0.669412536504311,0.33058447745278097
M0091,11,1,Appreciation,0.6104801541548968,1.91442593918828e-06,0.3895179314191645
M0091,12,1,Appreciation,0.6319964054344113,3.218901602406713e-07,0.36800327267542765
M0091,13,3,Transitionary,0.0012110484199491004,0.0012750611685026566,0.9975138904115477
M0091,14,3,Transitionary,0.00013808084866284985,0.0005411876293338839,0.9993207315220026
M0091,15,1,Appreciation,0.9999433477525692,5.517714271480187e-17,5.665224743039776e-05
M0091,16,1,Appreciation,0.999999734060509,5.176165845502843e-21,2.659394904152795e-07
M0091,17,1,Appreciation,0.9999921130118923,8.915834854737975e-19,7.88698810764237e-06
M0091,18,2,Aversion,2.3177466232402067e-08,0.9565533643284603,0.043446612494074235
M0091,19,1,Appreciation,0.9983295311620084,7.386035247053638e-12,0.001670468830606322
M0091,20,1,Appreciation,0.9999999994881659,3.283184830402058e-25,5.118333672776627e-10
M0091,21,3,Transitionary,1.7139109677643832e-06,0.017916157295416103,0.9820821287936157
M0091,22,2,Aversion,1.912795524642465e-10,0.9945982353732962,0.005401764435424827
M0091,23,1,Appreciation,0.9999998061562937,7.237782948509598e-21,1.938437055318514e-07
M0091,24,3,Transitionary,0.014971771556532842,2.2404440150308196e-06,0.9850259879994516
M0091,25,2,Aversion,6.041188866893961e-10,0.9296872252718793,0.07031277412400103
M0091,26,3,Transitionary,4.7673794002374966e-05,0.0010890741250837266,0.9988632520809145
M0092,2,3,Transitionary,0.00032804816024035544,0.04972672909504306,0.9499452227447169
M0092,3,3,Transitionary,0.2148995323794861,3.089354360613346e-06,0.785097378266153
M0092,4,3,Transitionary,0.002318059210024844,0.004037553095068934,0.9936443876949066
M0092,5,3,Transitionary,0.00028545600851314886,0.00496831791965407,0.9947462260718329
M0092,6,3,Transitionary,0.03759565468015711,0.00010498602200627719,0.9622993592978367
M0092,7,3,Transitionary,0.07895463139132139,7.829137167972652e-05,0.9209670772369988
M0092,8,2,Aversion,1.7087236559682326e-13,0.9988073591288448,0.0011926408709842672
M0092,9,3,Transitionary,0.49764097373296245,1.4675620750916993e-06,0.5023575587049626
M0092,10,1,Appreciation,0.9645726525821132,4.983763543513431e-09,0.03542734243412341
M0092,11,3,Transitionary,1.8089363406692196e-05,0.06655300858360728,0.9334289020529858
M0092,12,2,Aversion,2.688454582907816e-16,0.9999667862565196,3.3213743480161424e-05
M0092,13,1,Appreciation,0.8605605170079746,2.8198898216975798e-08,0.1394394547931273
M0092,14,1,Appreciation,0.9999999973255278,2.537719652774746e-20,2.674472457088711e-09
M0092,15,2,Aversion,5.594333546852816e-17,0.9998961187505055,0.00010388124949435175
M0092,16,3,Transitionary,0.00010557487074522252,0.058411057244599746,0.9414833678846553
M0092,17,1,Appreciation,0.9985001185937714,2.2418780530423996e-11,0.001499881383809895
M0092,18,3,Transitionary,3.5388309329076406e-07,0.30663548692411347,0.693364159192793
M0092,19,3,Transitionary,5.459511126816209e-06,0.4511364753568619,0.5488580651320116
M0092,20,3,Transitionary,3.262466746563246e-05,0.05606847217365587,0.9438989031588789
M0092,21,3,Transitionary,0.0017344933048716103,0.011321257172454812,0.986944249522674
M0092,22,3,Transitionary,0.0015546231848014612,5.003270185297411e-05,0.9983953441133452
M0092,23,3,Transitionary,2.2309697764155392e-07,0.05048824993809982,0.9495115269649222
M0092,24,3,Transitionary,0.0008367748543233522,0.00011837436602663411,0.9990448507796504
M0092,25,3,Transitionary,2.750197082767107e-05,0.01864836576647477,0.9813241322626977
M0092,26,3,Transitionary,8.899453078320228e-05,0.033021227048475835,0.9668897784207411
M0093,2,3,Transitionary,4.8990950874410566e-05,0.054408942672941094,0.9455420663761845
M0093,3,3,Transitionary,2.08393811574631e-05,0.32825172005004094,0.6717274405688016
M0093,4,3,Transitionary,1.962187099809913e-05,0.04166557207776334,0.9583148060512385
M0093,5,3,Transitionary,1.2028441494261753e-07,0.3925924423865698,0.6074074373290155
M0093,6,3,Transitionary,1.7509157233492585e-08,0.3213549006038847,0.678645081886958
M0093,7,2,Aversion,2.248804582341849e-23,0.9999999990529382,9.470618609731956e-10
M0093,8,1,Appreciation,0.9864157076319916,1.357220981906974e-12,0.013584292366651133
M0093,9,2,Aversion,4.318120289959442e-13,0.9996966115733537,0.00030338842621445737
M0093,10,3,Transitionary,0.0002253560414887641,0.007562815055251117,0.9922118289032602
M0093,11,1,Appreciation,0.9881170262907099,3.936393575082855e-12,0.011882973705353768
M0093,12,3,Transitionary,0.00013359142785724325,0.0007254283578053571,0.9991409802143375
M0093,13,3,Transitionary,0.00191617271810202,9.912414050029202e-05,0.9979847031413978
M0093,14,3,Transitionary,4.762568745839216e-05,0.0882755398757803,0.9116768344367614
M0093,15,1,Appreciation,0.9999965953826345,7.616292170278882e-19,3.4046173654359846e-06
M0093,16,2,Aversion,5.4105358705910266e-08,0.6152949418948327,0.38470500399980856
M0093,17,3,Transitionary,7.782899235591873e-05,0.003128719604716843,0.9967934514029273
M0093,18,3,Transitionary,3.0305813602088433e-05,0.003429301310862683,0.9965403928755351
M0093,19,3,Transitionary,0.008236209556930427,6.138140444900264e-06,0.9917576523026246
M0093,20,2,Aversion,7.922800515040304e-11,0.9816359690145845,0.018364030906187368
M0093,21,2,Aversion,1.66524896750242e-09,0.739648677858563,0.2603513204761881
M0093,22,1,Appreciation,0.9991414397443683,4.3574102212650316e-14,0.0008585602555882257
M0093,23,3,Transitionary,0.000310928057489997,0.0002513664773033028,0.9994377054652067
M0093,24,3,Transitionary,0.007754885695772989,3.5819032608700574e-05,0.9922092952716183
M0093,25,3,Transitionary,0.34689100276270834,6.781353962678262e-09,0.6531089904559377
M0093,26,2,Aversion,8.00344720762307e-15,0.9999202001731835,7.979982680855474e-05
M0094,2,1,Appreciation,0.8676508774871932,7.85593983986637e-07,0.1323483369188229
M0094,3,1,Appreciation,0.997144612877732,4.646181087782203e-10,0.002855386657649873
M0094,4,3,Transitionary,0.0014197549721435524,0.00043779846190911473,0.9981424465659473
M0094,5,2,Aversion,6.061444252527727e-08,0.8319938372368836,0.16800610214867404
M0094,6,2,Aversion,1.2976262373509601e-12,0.9994417984248323,0.000558201573870141
M0094,7,3,Transitionary,0.011960308933331188,0.0006807895402745749,0.9873589015263943
M0094,8,1,Appreciation,0.9998067626249743,1.0705317655748455e-12,0.00019323737395528294
M0094,9,2,Aversion,5.003473129795019e-12,0.9988889719793399,0.001111028015656487
M0094,10,1,Appreciation,0.9178044762926587,3.233240467514182e-08,0.08219549137493656
M0094,11,3,Transitionary,0.10696302912238995,0.0003970825241521102,0.8926398883534579
M0094,12,2,Aversion,3.975342982608504e-13,0.9977881976729562,0.0022118023266463564
M0094,13,3,Transitionary,0.01172772501809177,0.022385253707415693,0.9658870212744926
M0094,14,2,Aversion,1.2860176181546007e-13,0.9972363448962047,0.0027636551036667577
M0094,15,3,Transitionary,0.0010988636592093486,0.0014525124767098105,0.997448623864081
M0094,16,3,Transitionary,0.0025048858332477305,0.0011341650900214262,0.9963609490767308
M0094,17,3,Transitionary,0.00033405108668446145,0.010834120446649694,0.9888318284666658
M0094,18,3,Transitionary,0.00015397483046261022,0.02127680928383443,0.978569215885703
M0094,19,3,Transitionary,8.428391104155688e-05,0.07770812651106968,0.9222075895778887
M0094,20,2,Aversion,1.6394355593312077e-07,0.7295901326863369,0.27040970337010717
M0094,21,3,Transitionary,3.5359207459113165e-06,0.07979710018797004,0.920199363891284
M0094,22,1,Appreciation,0.9999999995970592,5.088885162066527e-25,4.029408716383959e-10
M0094,23,1,Appreciation,0.6793227306701383,1.0889013771548964e-07,0.320677160439724
M0094,24,1,Appreciation,0.8264246123720687,3.3355311880675944e-10,0.17357538729437821
M0094,25,3,Transitionary,1.38665485745686e-06,0.13510509225390555,0.8648935210912368
M0094,26,3,Transitionary,0.0019385209763165372,0.0001946624410328155,0.9978668165826506
M0095,2,3,Transitionary,0.0011309009176825762,0.004186285584359377,0.9946828134979581
M0095,3,3,Transitionary,0.17371095983990048,3.994284326670224e-06,0.8262850458757729
M0095,4,2,Aversion,2.8879349646332603e-10,0.9857709460401834,0.014229053671022946
M0095,5,3,Transitionary,0.20669327694638126,1.535086216561147e-06,0.7933051879674021
M0095,6,3,Transitionary,3.7528283318504302e-06,0.05581362063593144,0.9441826265357368
M0095,7,2,Aversion,5.581453486644648e-18,0.999969426008266,3.057399173400432e-05
M0095,8,1,Appreciation,0.9999965666380635,5.872748492267096e-19,3.4333619364423164e-06
M0095,9,2,Aversion,3.399901494836187e-10,0.9393954148029366,0.06060458485707318
M0095,10,3,Transitionary,0.00027911749427258706,0.0005229194823680283,0.9991979630233593
M0095,11,2,Aversion,6.541818655777664e-14,0.9991986541216057,0.0008013458783289272
M0095,12,2,Aversion,1.9720960680803844e-07,0.9215439408458866,0.0784558619445066
M0095,13,1,Appreciation,0.7596680094595012,1.6420825705517202e-06,0.24033034845792822
M0095,14,3,Transitionary,0.0017498940300324803,0.0012001750778544852,0.997049930892113
M0095,15,3,Transitionary,0.011368891752209976,0.000487672331977121,0.9881434359158128
M0095,16,2,Aversion,1.1396014477876621e-10,0.9850446179451303,0.014955381940909562
M0095,17,2,Aversion,1.461323802154498e-09,0.950585410221237,0.04941458831743931
M0095,18,2,Aversion,2.2035058063392663e-07,0.8119454029800245,0.1880543766693949
M0095,19,2,Aversion,3.0533847905002855e-12,0.9985426497640016,0.0014573502329449602
M0095,20,1,Appreciation,0.9999211755473761,1.1990872914029049e-17,7.882445262392574e-05
M0095,21,3,Transitionary,0.0017961767075676907,7.329265250659796e-05,0.9981305306399256
M0095,22,2,Aversion,1.5888237511693673e-09,0.9821375959817997,0.017862402429376548
M0095,23,3,Transitionary,0.0239457785939507,7.700457008971436e-05,0.9759772168359596
M0095,24,1,Appreciation,0.9699532441663594,7.424851067214372e-10,0.030046755091155532
M0095,25,3,Transitionary,1.1279518596227976e-05,0.023867114753587732,0.976121605727816
M0095,26,3,Transitionary,0.29522296692999445,1.5209695528979027e-05,0.7047618233744767
M0096,2,2,Aversion,1.1674006173411764e-09,0.9469195050406222,0.0530804937919773
M0096,3,2,Aversion,4.1532523829519465e-15,0.9999796329731618,2.036702683396465e-05
M0096,4,3,Transitionary,0.00946572141807746,8.054519316745784e-05,0.9904537333887551
M0096,5,2,Aversion,2.0570850489491882e-07,0.5576091775770484,0.4423906167144467
M0096,6,3,Transitionary,0.07374238071503351,1.2463254360794877e-06,0.9262563729595306
M0096,7,3,Transitionary,0.0431856221864019,9.217386682716617e-08,0.956814285639731
M0096,8,2,Aversion,5.28850512500345e-07,0.5598314119743838,0.4401680591751037
M0096,9,2,Aversion,4.1746960841633287e-13,0.9983647904788391,0.0016352095207433034
M0096,10,3,Transitionary,0.007495039119592808,3.1489048352177856e-06,0.9925018119755719
M0096,11,1,Appreciation,0.9934804636483207,4.248745386380109e-10,0.006519535926804588
M0096,12,2,Aversion,4.904030363036648e-09,0.9668093525513125,0.033190642544657215
M0096,13,3,Transitionary,1.6125670413220166e-05,0.00032533854786622916,0.9996585357817205
M0096,14,3,Transitionary,2.7933052142613754e-06,0.0020916641344758155,0.9979055425603098
M0096,15,3,Transitionary,3.218625243987131e-05,0.002530189299601705,0.9974376244479586
M0096,16,3,Transitionary,0.019267228195749764,1.5072878834810866e-05,0.9807176989254155
M0096,17,1,Appreciation,0.9590071264977336,6.646961509866515e-10,0.04099287283757018
M0096,18,2,Aversion,4.724208731426327e-19,0.99999857818199,1.421818009835527e-06
M0096,19,2,Aversion,1.2737538702339933e-08,0.6037947940909618,0.3962051931714992
M0096,20,3,Transitionary,5.665585632104946e-06,0.03904351923393594,0.9609508151804321
M0096,21,1,Appreciation,0.5094139658536858,4.9712385124048275e-08,0.4905859844339289
M0096,22,1,Appreciation,0.5262163217560278,2.8277475451379795e-09,0.4737836754162245
M0096,23,1,Appreciation,0.997865098482753,1.4686106531289495e-12,0.00213490151577856
M0096,24,1,Appreciation,0.9958721186435416,9.634729447204824e-14,0.004127881356361882
M0096,25,1,Appreciation,0.9982783429686738,6.113160266800419e-14,0.0017216570312650194
M0096,26,3,Transitionary,0.001186023327304344,0.00022277090007707942,0.9985912057726184
M0097,2,2,Aversion,5.052236973660973e-12,0.998183233901713,0.0018167660932341277
M0097,3,3,Transitionary,6.226203399245925e-05,0.005333019206300602,0.9946047187597067
M0097,4,1,Appreciation,0.9891327996870821,7.484991164693257e-09,0.010867192827926453
M0097,5,3,Transitionary,0.023025489761944688,0.00011273786254185366,0.9768617723755142
M0097,6,3,Transitionary,9.609344500523621e-05,0.034796858498621755,0.9651070480563726
M0097,7,1,Appreciation,0.9999762222420815,7.772570423020212e-14,2.377775784111181e-05
M0097,8,1,Appreciation,0.9602782885434991,7.98239187889015e-08,0.039721631632582806
M0097,9,1,Appreciation,0.9808322052768802,7.01401461186694e-10,0.019167794021718098
M0097,10,2,Aversion,3.9701889411488085e-21,0.999999827085074,1.729149256279789e-07
M0097,11,1,Appreciation,0.9990339129731095,3.194748767707681e-11,0.000966086994943454
M0097,12,3,Transitionary,3.7373971120077856e-05,0.049051901989914916,0.9509107240389653
M0097,13,3,Transitionary,0.007115156780880582,0.0001096525101054762,0.9927751907090135
M0097,14,3,Transitionary,1.959846455734805e-06,0.05533650395773097,0.944661536195813
M0097,15,3,Transitionary,0.00017702074673941315,0.010262835192682835,0.9895601440605777
M0097,16,2,Aversion,3.972460046631194e-12,0.996944822008771,0.0030551779872558015
M0097,17,3,Transitionary,0.2613852309596337,7.75499668070205e-07,0.7386139935406978
M0097,18,3,Transitionary,5.7233149193269134e-05,0.000341465025928734,0.9996013018248776
M0097,19,1,Appreciation,0.9999986785426929,4.433470890169406e-22,1.321457307589085e-06
M0097,20,1,Appreciation,0.9482890599779447,2.3708870521167166e-11,0.05171093999834696
M0097,21,3,Transitionary,0.14261188851202833,9.182347081313517e-06,0.8573789291408905
M0097,22,1,Appreciation,0.9995680353371242,1.4746504447223433e-11,0.00043196464812985075
M0097,23,2,Aversion,6.708515115620747e-09,0.7096302505824709,0.2903697427090147
M0097,24,2,Aversion,6.886686829052787e-07,0.5428065702035297,0.45719274112778663
M0097,25,3,Transitionary,3.5699125299820303e-07,0.48532337330587033,0.5146762697028774
M0097,26,3,Transitionary,0.46937218588905627,1.2698713819631895e-06,0.530626544239562
M0098,2,3,Transitionary,0.011662137598593438,0.00018119255155769074,0.9881566698498485
M0098,3,2,Aversion,5.804614415177501e-12,0.9915403929529936,0.008459607041202237
M0098,4,1,Appreciation,0.9719198464287138,1.559075325192707e-08,0.028080137980533482
M0098,5,3,Transitionary,0.0022526687690962955,0.0023606395009667567,0.9953866917299369
M0098,6,1,Appreciation,0.9296291369172835,1.9742943641907927e-07,0.07037066565327961
M0098,7,3,Transitionary,3.0626071643578365e-06,0.48050186077785895,0.5194950766149762
M0098,8,3,Transitionary,3.3177160739081546e-06,0.40586699361163125,0.5941296886722955
M0098,9,3,Transitionary,1.5477250068818156e-06,0.39952783705079453,0.6004706152241979
M0098,10,2,Aversion,2.0036742126893397e-08,0.8912303391341175,0.10876964082914117
M0098,11,3,Transitionary,0.2523418530023811,6.849905902788024e-05,0.7475896479385908
M0098,12,1,Appreciation,0.999994237855746,2.558651768306427e-16,5.762144254307858e-06
M0098,13,3,Transitionary,0.0017325193181161197,0.00016514622817465402,0.9981023344537094
M0098,14,1,Appreciation,0.9681050389786411,2.6350008993890147e-08,0.03189493467135034
M0098,15,3,Transitionary,2.0560153505189875e-06,0.4987780786091198,0.5012198653755293
M0098,16,1,Appreciation,0.9377019415363954,5.772920179233567e-08,0.06229800073440235
M0098,17,2,Aversion,5.876014300125454e-12,0.987631808691275,0.012368191302849805
M0098,18,3,Transitionary,0.028424420686337604,0.0001139330729462545,0.9714616462407165
M0098,19,3,Transitionary,1.8418923592728124e-05,0.009574068421185213,0.9904075126552214
M0098,20,3,Transitionary,0.001279891968039913,0.0050488664305331455,0.9936712416014265
M0098,21,3,Transitionary,0.012810393052267052,6.7050118056836205e-06,0.9871829019359281
M0098,22,3,Transitionary,8.106976904170378e-07,0.19786268293096365,0.8021365063713461
M0098,23,1,Appreciation,0.8598993123201027,3.327192238093547e-08,0.1401006544079748
M0098,24,3,Transitionary,0.0017616307778543765,3.300573095309387e-05,0.998205363491193
M0098,25,2,Aversion,6.129466259363305e-12,0.9948546275326207,0.0051453724612507004
M0098,26,3,Transitionary,0.00014228728487242662,0.003308752295253524,0.9965489604198747
M0099,2,3,Transitionary,0.0002084796938282055,0.015461470034922294,0.9843300502712494
M0099,3,3,Transitionary,0.000868008364501599,0.020072041234504436,0.979059950400994
M0099,4,3,Transitionary,0.0070246473320153,0.0003002733320513674,0.9926750793359334
M0099,5,1,Appreciation,0.9999336085786757,9.004366893377755e-13,6.639142042402706e-05
M0099,6,1,Appreciation,0.9999151523471496,3.3449700262422193e-12,8.484764950546766e-05
M0099,7,2,Aversion,4.41606145764835e-21,0.999998910889252,1.0891107479622197e-06
M0099,8,2,Aversion,7.398651722498108e-08,0.9867438106542111,0.013256115359271693
M0099,9,3,Transitionary,5.403428232064634e-06,0.19967284630329157,0.8003217502684764
M0099,10,3,Transitionary,4.115283855721089e-05,0.2027962817755933,0.7971625653858496
M0099,11,3,Transitionary,0.014701598748187494,9.950020109197446e-05,0.9851989010507205
M0099,12,2,Aversion,3.0421494489582286e-12,0.9981388152780261,0.0018611847189318033
M0099,13,3,Transitionary,0.2912347061704194,5.526028984248934e-05,0.7087100335397383
M0099,14,3,Transitionary,0.0006015647178898407,0.001434107600605836,0.9979643276815044
M0099,15,3,Transitionary,0.011464565903385161,0.0016642090726054655,0.9868712250240095
M0099,16,3,Transitionary,0.16227274510802275,4.151043932561057e-05,0.8376857444526516
M0099,17,3,Transitionary,0.05187285769980939,0.00019781950114493283,0.9479293227990458
M0099,18,1,Appreciation,0.70041285500476,1.2503563271902464e-06,0.29958589463891294
M0099,19,2,Aversion,2.992400960757942e-07,0.5342324800939996,0.4657672206659044
M0099,20,3,Transitionary,0.001449922484072404,0.0009016359037287027,0.9976484416121987
M0099,21,3,Transitionary,5.626180400747879e-05,0.012559104863644604,0.9873846333323478
M0099,22,3,Transitionary,3.926379905909965e-05,0.01627015618499476,0.983690580015946
M0099,23,3,Transitionary,0.11889111120681962,1.4092595622827907e-06,0.8811074795336181
M0099,24,2,Aversion,2.0137374268225007e-09,0.9290492085742483,0.07095078941201406
M0099,25,3,Transitionary,0.3687118119764636,8.637811971712381e-07,0.6312873242423392
M0099,26,1,Appreciation,0.98031042927964,3.878893895852202e-11,0.019689570681571105
M0100,2,2,Aversion,5.304744565721193e-27,0.9999999999636607,3.633930903254799e-11
M0100,3,3,Transitionary,4.788350095647445e-06,0.023756956764708896,0.9762382548851954
M0100,4,2,Aversion,8.158031387813302e-15,0.9999108341567866,8.916584320522672e-05
M0100,5,3,Transitionary,0.08792791960337813,1.0935707337975389e-05,0.9120611446892839
M0100,6,3,Transitionary,0.00037119132508065027,0.014633873235679105,0.9849949354392402
M0100,7,1,Appreciation,0.8743928610650473,3.779825831787016e-10,0.12560713855697012
M0100,8,3,Transitionary,0.00024213692017035167,0.002567086740680938,0.9971907763391487
M0100,9,1,Appreciation,0.9859574065360676,3.040398952267202e-10,0.014042593159892532
M0100,10,3,Transitionary,0.07453981673468664,9.195072739357115e-07,0.9254592637580394
M0100,11,1,Appreciation,0.764922550289268,4.0991255057671523e-07,0.23507703979818145
M0100,12,3,Transitionary,2.000655498151152e-06,0.007044492679428857,0.992953506665073
M0100,13,1,Appreciation,0.9999984987582158,4.11478676687897e-20,1.5012417842803985e-06
M0100,14,2,Aversion,1.7302882364664807e-14,0.9985090215882438,0.001490978411738832
M0100,15,2,Aversion,1.3246285607334461e-17,0.9999969931093668,3.0068906331960667e-06
M0100,16,3,Transitionary,0.0012283947706364445,2.9413976997498106e-05,0.9987421912523661
M0100,17,3,Transitionary,0.0018230966144930734,0.00029098558263204147,0.9978859178028748
M0100,18,3,Transitionary,0.00010948794458667621,0.00041088178566426264,0.9994796302697491
M0100,19,3,Transitionary,0.014607237715936083,4.2519741159957765e-06,0.9853885103099479
M0100,20,2,Aversion,7.431681020500704e-15,0.9999081464650478,9.185353494478224e-05
M0100,21,1,Appreciation,0.9568734410317605,1.525802391331803e-09,0.043126557442437166
M0100,22,3,Transitionary,0.0004002843048791971,4.843213443458565e-05,0.9995512835606862
M0100,23,1,Appreciation,0.9990575269600754,2.4781525128785837e-14,0.0009424730398997549
M0100,24,3,Transitionary,0.012795152088936945,2.5190800366334656e-06,0.9872023288310263
M0100,25,3,Transitionary,0.037923734011993,4.5956552409901376e-05,0.9620303094355971
M0100,26,2,Aversion,2.51092129110356e-09,0.8937647871691807,0.10623521031989802
M0101,2,1,Appreciation,0.9682035768801838,2.74144936252785e-08,0.03179639570532264
M0101,3,3,Transitionary,0.09063138059756394,0.00037184409797749144,0.9089967753044585
M0101,4,2,Aversion,6.655285340216696e-07,0.5363947745134943,0.46360455995797173
M0101,5,3,Transitionary,4.026678409405099e-05,0.11265407155692368,0.8873056616589823
M0101,6,2,Aversion,1.1086913184086488e-16,0.9999167776941199,8.322230588000225e-05
M0101,7,2,Aversion,2.4714882945812197e-06,0.8767443281152755,0.12325320039642998
M0101,8,3,Transitionary,0.08413670079027528,0.0001015988068109894,0.9157617004029137
M0101,9,2,Aversion,1.7181030633768294e-19,0.9999983995061706,1.6004938293131973e-06
M0101,10,3,Transitionary,0.0005313134731319533,0.0032227354523810506,0.996245951074487
M0101,11,3,Transitionary,0.24742085279913775,9.486425512876462e-05,0.7524842829457334
M0101,12,3,Transitionary,0.01456163730429209,1.4121126572626975e-05,0.9854242415691353
M0101,13,3,Transitionary,6.057894919088196e-05,0.009716192431324893,0.9902232286194842
M0101,14,3,Transitionary,0.0062474092804199206,3.595660707587549e-05,0.9937166341125042
M0101,15,3,Transitionary,0.0027384000105287708,9.471596533475188e-05,0.9971668840241364
M0101,16,3,Transitionary,0.4471080514936834,3.423634242426785e-08,0.5528919142699742
M0101,17,2,Aversion,9.839488304869748e-16,0.9998541419247163,0.0001458580752826613
M0101,18,3,Transitionary,0.02735970420137058,1.5791669145740106e-06,0.9726387166317149
M0101,19,3,Transitionary,2.3176502881157285e-07,0.2563405332192406,0.7436592350157306
M0101,20,3,Transitionary,0.21325154955830372,2.040932474314792e-07,0.7867482463484489
M0101,21,3,Transitionary,0.0018261999464385167,0.0007479641501427103,0.9974258359034188
M0101,22,3,Transitionary,0.23209575354666293,6.63135961547816e-07,0.7679035833173755
M0101,23,2,Aversion,3.3589124522349615e-13,0.9991303105317598,0.0008696894679043383
M0101,24,3,Transitionary,4.6933565011393783e-07,0.4833179104618249,0.516681620202525
M0101,25,2,Aversion,5.969788753997322e-11,0.9984919212596003,0.0015080786807017794
M0101,26,3,Transitionary,2.4981775462849245e-05,0.04345430940453038,0.9565207088200067
M0102,2,2,Aversion,2.4474690831718526e-11,0.9891492003737871,0.010850799601738192
M0102,3,2,Aversion,5.464666309537804e-10,0.970109584902149,0.029890414551384435
M0102,4,1,Appreciation,0.9988525838655462,1.6409359694401344e-11,0.0011474161180444929
M0102,5,2,Aversion,7.803453766029058e-18,0.9999946619191759,5.338080824100562e-06
M0102,6,1,Appreciation,0.7364017780581995,8.464432466174781e-07,0.2635973754985539
M0102,7,3,Transitionary,0.00011853929585193752,0.09145953176410151,0.9084219289400466
M0102,8,3,Transitionary,0.0003919722595246777,0.026720089251672116,0.9728879384888032
M0102,9,1,Appreciation,0.601808702990058,7.557059445752473e-06,0.3981837399504963
M0102,10,3,Transitionary,0.3860994615643409,7.951040674762424e-06,0.6138925873949843
M0102,11,2,Aversion,1.2394381384811488e-06,0.7217403961020031,0.2782583644598585
M0102,12,2,Aversion,4.259268453316665e-12,0.9985211342742704,0.0014788657214703709
M0102,13,3,Transitionary,0.00013435417907869715,0.007743915215670826,0.9921217306052504
M0102,14,2,Aversion,3.051665147135336e-07,0.5028747216038351,0.49712497322965027
M0102,15,3,Transitionary,0.0024348804960618964,0.00013780416381288385,0.9974273153401252
M0102,16,3,Transitionary,0.00016668617477474178,0.004921961497606136,0.9949113523276192
M0102,17,3,Transitionary,2.323577600212191e-05,0.015501448900005502,0.9844753153239924
M0102,18,3,Transitionary,0.006432985440075893,1.6490296999639464e-05,0.9935505242629246
M0102,19,1,Appreciation,0.9999999677726745,8.658663841872188e-21,3.22273255637983e-08
M0102,20,3,Transitionary,0.00023205227712244257,0.02578394907620909,0.9739839986466685
M0102,21,2,Aversion,3.2115152905727337e-08,0.6123428522956355,0.3876571155892116
M0102,22,2,Aversion,6.142195969724351e-11,0.9941793471134434,0.005820652825134719
M0102,23,3,Transitionary,0.0017070523712904503,9.511753912933177e-05,0.9981978300895803
M0102,24,1,Appreciation,0.824071728924351,1.7908433242232172e-09,0.17592826928480568
M0102,25,1,Appreciation,0.6345006356385082,1.7519254628472822e-08,0.3654993468422371
M0102,26,3,Transitionary,0.00017585652981363367,0.014128854859700737,0.9856952886104857
M0103,2,3,Transitionary,3.186434807868232e-05,0.0850339043483456,0.9149342313035757
M0103,3,3,Transitionary,0.0008494856485253225,0.006169310154964154,0.9929812041965105
M0103,4,3,Transitionary,0.0032764808970490436,0.0015319389747179546,0.995191580128233
M0103,5,3,Transitionary,0.0015840220039538755,0.005782683913415114,0.992633294082631
M0103,6,2,Aversion,6.132662375055822e-08,0.9426937701266281,0.05730616854674811
M0103,7,1,Appreciation,0.9934619632750418,4.5944798561689555e-10,0.006538036265510211
M0103,8,1,Appreciation,0.5736107696782486,9.013431403728356e-06,0.42638021689034755
M0103,9,3,Transitionary,0.051252497960022625,0.0022053233963541447,0.9465421786436232
M0103,10,3,Transitionary,0.3567305208549874,1.0721342099949183e-05,0.6432587578029125
M0103,11,2,Aversion,1.4633448095820404e-08,0.9350182620927402,0.0649817232738117
M0103,12,3,Transitionary,0.44443374717562045,5.544562410300246e-06,0.5555607082619691
M0103,13,2,Aversion,2.149145637810427e-14,0.9999460520805867,5.394791939183983e-05
M0103,14,3,Transitionary,1.7714789338512003e-05,0.031145314974091235,0.9688369702365703
M0103,15,1,Appreciation,0.9999990013538794,2.189245420298206e-19,9.986461205439924e-07
M0103,16,3,Transitionary,0.0013028670948254954,9.721854693252058e-05,0.9985999143582419
M0103,17,3,Transitionary,0.0001715071291784152,0.0013361857600847746,0.9984923071107368
M0103,18,3,Transitionary,2.171493605650934e-06,0.022159203915681467,0.9778386245907129
M0103,19,3,Transitionary,0.03186826426795623,3.5526274981287127e-06,0.9681281831045456
M0103,20,3,Transitionary,0.017082779086171323,5.924030485833715e-06,0.9829112968833429
M0103,21,3,Transitionary,0.054133880985797495,4.7661273259900076e-05,0.9458184577409425
M0103,22,1,Appreciation,0.9999999840252769,6.011220917342886e-23,1.597472304555937e-08
M0103,23,2,Aversion,2.711049579887936e-09,0.8659506484400015,0.13404934884894892
M0103,24,1,Appreciation,0.9207596328616687,3.9323199162737565e-09,0.07924036320601135
M0103,25,3,Transitionary,0.001466364864851456,0.0010675770024055633,0.9974660581327429
M0103,26,3,Transitionary,2.2524376226817627e-05,0.07889989142816507,0.9210775841956081
M0104,2,3,Transitionary,0.008018541426071172,7.119283693325842e-05,0.9919102657369957
M0104,3,1,Appreciation,0.9904712765281891,4.653954982224566e-11,0.00952872342527105
M0104,4,3,Transitionary,0.02411328045971152,1.1389441694011999e-05,0.9758753300985947
M0104,5,3,Transitionary,6.066294126013226e-06,0.21663774642879455,0.7833561872770793
M0104,6,3,Transitionary,0.3273048847640555,3.3879801209277584e-08,0.6726950813561436
M0104,7,1,Appreciation,0.994753798410008,3.01143624571692e-11,0.005246201559877798
M0104,8,2,Aversion,3.096682957171996e-16,0.9999819539600641,1.8046039935571824e-05
M0104,9,1,Appreciation,0.9999999993428448,2.3192052994885966e-25,6.571549644715398e-10
M0104,10,1,Appreciation,0.918462490580394,4.789798935785054e-07,0.08153703043971278
M0104,11,3,Transitionary,2.6836355517481548e-05,0.11353019672985101,0.8864429669146318
M0104,12,3,Transitionary,3.678119653613919e-05,0.03144780818732976,0.9685154106161341
M0104,13,3,Transitionary,0.0012709747162995624,0.00016201060390184035,0.9985670146797984
M0104,14,3,Transitionary,0.005182691877893319,2.0489684108728545e-05,0.9947968184379983
M0104,15,3,Transitionary,0.008191130837159567,0.00031294479344260676,0.9914959243693978
M0104,16,3,Transitionary,1.832413768459307e-05,0.231308386565579,0.7686732892967363
M0104,17,3,Transitionary,0.002039192789386333,0.0019101189114328393,0.9960506882991805
M0104,18,3,Transitionary,0.0003186623575449743,0.0018640579128873212,0.9978172797295677
M0104,19,2,Aversion,8.184291700053972e-15,0.9999591554151379,4.0844584853855664e-05
M0104,20,1,Appreciation,0.9997297711486658,1.3020001616723412e-12,0.0002702288500320438
M0104,21,2,Aversion,3.23968152949774e-09,0.9373378718537577,0.06266212490656116
M0104,22,3,Transitionary,2.709509016877909e-05,0.04660724195929352,0.9533656629505382
M0104,23,2,Aversion,1.5468468981639357e-08,0.9404590367090981,0.0595409478224329
M0104,24,1,Appreciation,0.9999202195621102,4.5984389721099314e-14,7.978043784363808e-05
M0104,25,3,Transitionary,0.0020448404411294867,3.3384702260243286e-06,0.9979518210886444
M0104,26,3,Transitionary,0.008084740617404784,8.777081968176596e-06,0.9919064823006271
M0105,2,2,Aversion,1.6000773130598458e-21,0.9999999240915225,7.590847763672719e-08
M0105,3,3,Transitionary,0.003258313897587609,0.00493816891680623,0.9918035171856066
M0105,4,3,Transitionary,1.895526713980163e-05,0.1523100686527068,0.8476709760801535
M0105,5,2,Aversion,5.922018411856262e-08,0.712496982677329,0.2875029581024873
M0105,6,3,Transitionary,0.14965072718601566,0.001347504610445395,0.849001768203539
M0105,7,2,Aversion,4.119285211220724e-09,0.8809283979001601,0.1190715979805552
M0105,8,3,Transitionary,1.6030989273870176e-05,0.010905883096919266,0.9890780859138065
M0105,9,1,Appreciation,0.6227642416103462,4.943961131044718e-06,0.37723081442852274
M0105,10,3,Transitionary,0.11070031282920165,0.0010225298347511587,0.8882771573360468
M0105,11,3,Transitionary,7.285956132849027e-05,0.05525752789646388,0.9446696125422078
M0105,12,3,Transitionary,0.00016847862651862383,0.0320848985833586,0.9677466227901228
M0105,13,3,Transitionary,2.7820659775225102e-06,0.12829374912627003,0.8717034688077521
M0105,14,3,Transitionary,0.0038156576390366748,0.01143302288323553,0.9847513194777279
M0105,15,1,Appreciation,0.7504629461406779,1.766392412682652e-07,0.24953687722008092
M0105,16,2,Aversion,2.5380234034455507e-09,0.6884986976136994,0.3115012998482772
M0105,17,2,Aversion,2.10290357713739e-07,0.6834490205068025,0.3165507692028401
M0105,18,2,Aversion,2.5935516822379484e-12,0.9955735364435453,0.00442646355386075
M0105,19,1,Appreciation,0.9811964390090084,2.3202872099569174e-09,0.018803558670704323
M0105,20,2,Aversion,1.7469344105657725e-08,0.9015811311831186,0.09841885134753753
M0105,21,2,Aversion,7.065063285498461e-09,0.6662540284147651,0.3337459645201714
M0105,22,2,Aversion,1.290131266722594e-09,0.9125277249237135,0.08747227378615532
M0105,23,3,Transitionary,0.012501205427996657,0.00021422706644402828,0.9872845675055593
M0105,24,1,Appreciation,0.8363050240561243,7.768691916943977e-10,0.16369497516700662
M0105,25,3,Transitionary,0.0018922522003061634,7.319343487980398e-05,0.998034554364814
M0105,26,3,Transitionary,0.34870977922827373,1.3332871714077594e-07,0.6512900874430091
M0106,2,1,Appreciation,0.9978106038899823,9.035470054685393e-11,0.002189396019663051
M0106,3,2,Aversion,2.549573242933119e-08,0.9038812805691134,0.09611869393515406
M0106,4,3,Transitionary,0.15146150337377792,1.748344673897691e-05,0.848521013179483
M0106,5,2,Aversion,1.2763007132604617e-09,0.9797768403119179,0.020223158411781465
M0106,6,3,Transitionary,9.271766607138078e-05,0.010819369929171261,0.9890879124047571
M0106,7,2,Aversion,1.730655455924481e-16,0.9999752600654614,2.473993453826272e-05
M0106,8,3,Transitionary,5.969135923462255e-08,0.3670071527449657,0.6329927875636753
M0106,9,2,Aversion,2.79655183241177e-12,0.9991082601932485,0.0008917398039548772
M0106,10,3,Transitionary,2.606504508871907e-05,0.009724333796174529,0.9902496011587366
M0106,11,2,Aversion,3.4709368377303026e-17,0.9999954316000195,4.568399980652167e-06
M0106,12,1,Appreciation,0.999999990860013,5.480402383653035e-24,9.139986880787998e-09
M0106,13,1,Appreciation,0.5405781232439689,1.0366866656233133e-08,0.4594218663891647
M0106,14,3,Transitionary,0.0003292437369131105,0.0016362932130733869,0.9980344630500136
M0106,15,3,Transitionary,0.17641574813670513,8.233555465521209e-08,0.8235841695277403
M0106,16,3,Transitionary,1.3584889665216495e-06,0.025143714464749962,0.9748549270462837
M0106,17,1,Appreciation,0.9968542451184228,3.8203915847670394e-12,0.0031457548777569667
M0106,18,3,Transitionary,0.015747088941553508,2.602725213516224e-05,0.9842268838063114
M0106,19,3,Transitionary,0.0026756829667455334,1.2852514035560782e-05,0.9973114645192189
M0106,20,1,Appreciation,0.9999316911762376,1.2144468586035204e-15,6.830882376105562e-05
M0106,21,3,Transitionary,9.974278721910199e-05,0.001637776061788738,0.9982624811509924
M0106,22,2,Aversion,2.2248431762095847e-09,0.9663991935921763,0.03360080418298055
M0106,23,3,Transitionary,0.0007233390222849304,0.000126485743485187,0.9991501752342299
M0106,24,3,Transitionary,0.0028800366273506206,0.01088959858614544,0.9862303647865038
M0106,25,3,Transitionary,1.0283221926189153e-05,0.208259749583684,0.7917299671943899
M0106,26,3,Transitionary,0.0001673672607813354,0.001379344886067323,0.9984532878531516
M0107,2,3,Transitionary,0.0007391639069837761,0.013565294551759963,0.9856955415412567
M0107,3,1,Appreciation,0.998839907154932,3.7954911536474075e-12,0.0011600928412720472
M0107,4,3,Transitionary,0.20798555005854888,3.4492617617731386e-05,0.7919799573238345
M0107,5,3,Transitionary,0.11081262482647183,0.00035292759803140636,0.888834447575496
M0107,6,2,Aversion,7.640624463860827e-19,0.9999982624831101,1.7375168893899632e-06
M0107,7,3,Transitionary,7.053542182901961e-06,0.21896399103277125,0.7810289554250472
M0107,8,3,Transitionary,0.12839087076965716,5.610903469037333e-05,0.8715530201956533
M0107,9,3,Transitionary,0.0002269386625788006,0.025336333501200386,0.9744367278362202
M0107,10,3,Transitionary,5.8141711992833036e-05,0.0020193230720146576,0.9979225352159939
M0107,11,1,Appreciation,0.9983495144558956,4.212428176908168e-11,0.0016504855019786936
M0107,12,2,Aversion,2.227496372074942e-11,0.9966289066118154,0.0033710933659111832
M0107,13,3,Transitionary,2.5557128181100246e-06,0.20725872669774636,0.792738717589436
M0107,14,3,Transitionary,0.46239531311697685,5.669952999975064e-07,0.5376041198877239
M0107,15,2,Aversion,2.5363740886513485e-08,0.9071533188954304,0.09284665574082841
M0107,16,3,Transitionary,0.0002762202540428993,0.014501057140480465,0.9852227226054773
M0107,17,3,Transitionary,9.910563683132777e-06,0.12714191746337974,0.8728481719729387
M0107,18,2,Aversion,5.67430905183622e-10,0.9919057764077852,0.008094223024783078
M0107,19,2,Aversion,5.024014349026902e-13,0.9972055472696365,0.002794452729862848
M0107,20,2,Aversion,4.075279268670635e-08,0.9171728209179532,0.08282713832925409
M0107,21,1,Appreciation,0.9999999999999929,6.308865049565986e-29,8.508006313864204e-15
M0107,22,2,Aversion,5.269533974329064e-09,0.9915172218704852,0.008482772859979875
M0107,23,1,Appreciation,0.9999991977785803,1.2405825409161261e-14,8.022214082867618e-07
M0107,24,1,Appreciation,0.9994510295786408,8.764741467492294e-12,0.0005489704125929527
M0107,25,3,Transitionary,0.0007946491438463716,0.00025986735388259575,0.9989454835022713
M0107,26,3,Transitionary,0.055984832371897685,3.783990926025143e-06,0.9440113836371765
M0108,2,2,Aversion,8.944383404171789e-08,0.7040075234662897,0.29599238708987624
M0108,3,3,Transitionary,0.2259237738055071,3.37163546552485e-07,0.7740758890309457
M0108,4,2,Aversion,2.3499934270703274e-08,0.9197478699416323,0.08025210655843402
M0108,5,1,Appreciation,0.9999995609800334,5.763716832829954e-19,4.3901996711580413e-07
M0108,6,3,Transitionary,8.61657281331664e-06,0.3446429206829495,0.6553484627442371
M0108,7,3,Transitionary,0.004162761817266844,0.00044854764930287664,0.9953886905334299
M0108,8,2,Aversion,2.1108087387381233e-11,0.995027607701744,0.004972392277148044
M0108,9,2,Aversion,1.9198188220894168e-15,0.9999201863410665,7.981365893082463e-05
M0108,10,2,Aversion,3.088578936348236e-19,0.9999984741266388,1.5258733609055894e-06
M0108,11,3,Transitionary,0.18274014187648463,6.742451171213989e-07,0.8172591838783988
M0108,12,3,Transitionary,0.025414056100874036,5.476026020497543e-05,0.9745311836389218
M0108,13,1,Appreciation,0.7737065633836155,8.048780474857125e-08,0.22629335612857968
M0108,14,3,Transitionary,7.3193314658195125e-06,0.028580010892969427,0.9714126697755654
M0108,15,2,Aversion,6.251049992801025e-12,0.9917498056805991,0.008250194313150713
M0108,16,3,Transitionary,0.003940543833707238,0.00015899409446060045,0.9959004620718328
M0108,17,3,Transitionary,3.6594826438174555e-06,0.10936578780146186,0.890630552715895
M0108,18,3,Transitionary,7.814620821612602e-06,0.132290901242058,0.8677012841371206
M0108,19,3,Transitionary,0.011400064853101374,1.3377140572958206e-05,0.988586558006325
M0108,20,3,Transitionary,0.0010426216936587093,1.2184077666679489e-06,0.9989561598985752
M0108,21,2,Aversion,6.72921363588724e-19,0.99999947569293,5.24307070667392e-07
M0108,22,3,Transitionary,5.80038695409068e-05,0.0004363699559286163,0.9995056261745306
M0108,23,1,Appreciation,0.9941690517044893,8.188150108876557e-13,0.005830948294691959
M0108,24,3,Transitionary,0.00011741114371829759,0.0029376043011049625,0.9969449845551761
M0108,25,3,Transitionary,8.213274213338782e-06,0.06438339734223307,0.9356083893835537
M0108,26,2,Aversion,3.740562167777619e-20,0.9999998008343812,1.9916561888158367e-07
M0109,2,1,Appreciation,0.9999804441802592,4.2721549464624456e-14,1.9555819698008063e-05
M0109,3,3,Transitionary,0.15523240614330905,0.00010048723549192364,0.8446671066211991
M0109,4,2,Aversion,2.937320514767013e-17,0.9999934833384003,6.516661599644029e-06
M0109,5,3,Transitionary,0.05908918827309406,0.006202160639507864,0.9347086510873981
M0109,6,2,Aversion,2.0686765436857027e-08,0.7069281048703585,0.293071874442876
M0109,7,2,Aversion,1.3649301954833733e-07,0.8160247751676721,0.1839750883393083
M0109,8,1,Appreciation,0.985603848839157,1.0199776173576007e-09,0.01439615014086537
M0109,9,3,Transitionary,0.09440057991957533,1.359897086744852e-05,0.9055858211095572
M0109,10,3,Transitionary,4.017025439745604e-05,0.01947954776986066,0.9804802819757419
M0109,11,3,Transitionary,0.00568495392991752,0.0032517241724774122,0.991063321897605
M0109,12,2,Aversion,3.166729762034e-19,0.9999990353627423,9.646372577205017e-07
M0109,13,2,Aversion,6.110818087385049e-10,0.9977817771505544,0.0022182222383638484
M0109,14,3,Transitionary,0.026716633850679062,2.6280634040620116e-05,0.9732570855152803
M0109,15,2,Aversion,1.897607193221304e-18,0.9999951140803408,4.8859196591944325e-06
M0109,16,3,Transitionary,0.17280649930846215,8.315633011990655e-09,0.8271934923759049
M0109,17,3,Transitionary,0.0011856518692112943,0.00040005619142841596,0.9984142919393603
M0109,18,3,Transitionary,2.597098061172147e-06,0.07352336870611699,0.9264740341958219
M0109,19,1,Appreciation,0.9965089234077665,1.4139493213276374e-12,0.0034910765908195574
M0109,20,1,Appreciation,0.9998735973896113,3.357281471488685e-16,0.00012640261038831795
M0109,21,1,Appreciation,0.9998601054497801,5.494078082859077e-17,0.00013989455021988544
M0109,22,3,Transitionary,8.91908301510948e-05,0.01961156711597975,0.9802992420538692
M0109,23,3,Transitionary,3.7196926283681506e-05,0.03679746763497424,0.963165335438742
M0109,24,3,Transitionary,0.001361581905440419,0.00042694237793003924,0.9982114757166296
M0109,25,2,Aversion,2.8603618149094955e-12,0.9977016035065929,0.0022983964905468283
M0109,26,1,Appreciation,0.985180958796892,7.397806593951812e-09,0.014819033805301403
M0110,2,2,Aversion,1.4927003263398175e-11,0.9992998701479713,0.0007001298371016238
M0110,3,3,Transitionary,0.0010305796136723948,0.0014216431596733442,0.9975477772266543
M0110,4,1,Appreciation,0.9979850522977888,2.1556985052807426e-12,0.002014947700055665
M0110,5,3,Transitionary,2.151301401438699e-05,0.051474969937269355,0.9485035170487158
M0110,6,3,Transitionary,3.0392823726299962e-05,0.05848006248701028,0.9414895446892633
M0110,7,2,Aversion,1.8168565825004632e-10,0.9823926650914515,0.017607334726863016
M0110,8,3,Transitionary,1.0714497509580383e-05,0.08082115516750722,0.9191681303349835
M0110,9,3,Transitionary,0.0022279289359103025,0.0005293184234931445,0.9972427526405968
M0110,10,3,Transitionary,0.0008180034429880464,0.0010933069578610694,0.998088689599151
M0110,11,3,Transitionary,0.0006704426599112551,0.0003341565008109372,0.9989954008392777
M0110,12,3,Transitionary,0.000288544568849803,0.001751549433738123,0.9979599059974125
M0110,13,2,Aversion,5.697566400633676e-07,0.5543404695372754,0.44565896070608485
M0110,14,3,Transitionary,0.17121721418198074,5.17090076852297e-07,0.8287822687279424
M0110,15,1,Appreciation,0.9816402951979735,1.945656296014811e-09,0.018359702856369887
M0110,16,1,Appreciation,0.9760593518691222,3.615583661141067e-08,0.023940611975040865
M0110,17,3,Transitionary,1.5334606512321583e-05,0.053445627488376626,0.9465390379051112
M0110,18,3,Transitionary,0.19135122576373556,4.268243423079864e-06,0.8086445059928417
M0110,19,3,Transitionary,0.12408480471995069,1.3323548616035819e-05,0.8759018717314336
M0110,20,2,Aversion,6.199452147765896e-08,0.773950158935845,0.22604977906963392
M0110,21,1,Appreciation,0.8007219814962953,5.022323987759408e-09,0.19927801348138083
M0110,22,1,Appreciation,0.972007067826699,7.82047562114711e-12,0.027992932165480426
M0110,23,1,Appreciation,0.9715445462826418,2.8404314685008724e-10,0.028455453433315504
M0110,24,2,Aversion,5.0751817877026854e-11,0.9940122097599763,0.005987790189272224
M0110,25,1,Appreciation,0.9903334611434657,3.2022488559148985e-12,0.009666538853332334
M0110,26,1,Appreciation,0.9989313269874792,2.032582636638217e-12,0.0010686730104880011
M0111,2,3,Transitionary,0.001385577606813404,0.007518593175937928,0.9910958292172483
M0111,3,2,Aversion,4.370039740076046e-11,0.9954869975119575,0.0045130024443414745
M0111,4,2,Aversion,7.74284504496579e-14,0.9995290907941413,0.0004709092057804242
M0111,5,2,Aversion,6.396412484058e-26,0.999999970930928,2.9069072182986913e-08
M0111,6,2,Aversion,2.690538018459345e-14,0.9998185751608228,0.0001814248391502368
M0111,7,2,Aversion,1.3102878677917879e-21,0.9999999456498255,5.435017427226815e-08
M0111,8,1,Appreciation,0.8384524867925196,4.915938979637627e-09,0.1615475082915419
M0111,9,3,Transitionary,3.1650721026527286e-05,0.3558868044551662,0.6440815448238071
M0111,10,3,Transitionary,4.6044737049815435e-05,0.057277617406179586,0.942676337856771
M0111,11,2,Aversion,2.7089296000683915e-12,0.9968896232747054,0.003110376722585338
M0111,12,3,Transitionary,4.0887887974682984e-05,0.10953867013569785,0.8904204419763266
M0111,13,3,Transitionary,0.00027924584223605907,0.013971664063287785,0.9857490900944755
M0111,14,3,Transitionary,0.0007204194521410257,0.0018488281379061354,0.997430752409952
M0111,15,2,Aversion,3.235499096552265e-14,0.9997654893497356,0.0002345106502316413
M0111,16,2,Aversion,5.283245168114835e-11,0.9947871470563663,0.005212852890802072
M0111,17,3,Transitionary,3.9256064498342825e-07,0.2663937406497836,0.7336058667895711
M0111,18,3,Transitionary,4.94832339400542e-06,0.035194737263530874,0.9648003144130746
M0111,19,3,Transitionary,2.1411155280765215e-06,0.09724783313353194,0.90275002575094
M0111,20,3,Transitionary,0.0002622833313594435,0.00016399972497335973,0.999573716943668
M0111,21,2,Aversion,1.9062588216427555e-12,0.9992366607486578,0.00076333924943536
M0111,22,1,Appreciation,0.9999413677585586,2.3940427723567985e-17,5.863224144170443e-05
M0111,23,3,Transitionary,0.22786024424049148,1.707107324661497e-05,0.7721226846862626
M0111,24,3,Transitionary,1.882172542549512e-06,0.3955929715927314,0.6044051462347264
M0111,25,3,Transitionary,0.002909106970403174,0.0009830596865956756,0.9961078333430008
M0111,26,3,Transitionary,2.1809396110705957e-05,0.029614491375944144,0.9703636992279449
M0112,2,3,Transitionary,2.4345158218315213e-07,0.4330720021282762,0.566927754420142
M0112,3,3,Transitionary,0.008665521291892036,0.005907695897356704,0.9854267828107509
M0112,4,3,Transitionary,0.0005326265743713645,0.0001699243157204528,0.9992974491099088
M0112,5,3,Transitionary,0.15284569898699932,9.650478498531038e-05,0.8470577962280158
M0112,6,2,Aversion,2.198164013281987e-07,0.8472554946248166,0.15274428555878153
M0112,7,1,Appreciation,0.6298840441074953,7.903923209390782e-07,0.37011516550018414
M0112,8,3,Transitionary,0.053758456661367214,0.0003156719838285308,0.9459258713548041
M0112,9,2,Aversion,4.821116366490725e-07,0.8055471804988189,0.19445233738954457
M0112,10,3,Transitionary,1.2062154259274565e-05,0.07946756160507502,0.9205203762406661
M0112,11,3,Transitionary,0.0019347543704823918,0.0001371952361379109,0.9979280503933802
M0112,12,2,Aversion,1.1998378268746224e-08,0.8079380027610971,0.19206198524052512
M0112,13,1,Appreciation,0.7343744197674779,1.556006240081306e-07,0.26562542463189764
M0112,14,1,Appreciation,0.9277093024682861,4.1213195676769213e-10,0.0722906971195826
M0112,15,2,Aversion,2.2453847990672147e-09,0.9759736498886669,0.024026347865948566
M0112,16,3,Transitionary,1.9807394136511533e-07,0.24592995516269414,0.7540698467633643
M0112,17,2,Aversion,5.015805250705786e-10,0.9789227027215515,0.02107729677686775
M0112,18,3,Transitionary,1.14246380697145e-06,0.22282169959290948,0.7771771579432827
M0112,19,3,Transitionary,0.0008351949580663954,0.016780822151968314,0.9823839828899645
M0112,20,3,Transitionary,0.00020400891878035124,0.03385405292560766,0.9659419381556112
M0112,21,3,Transitionary,0.024312458468021714,0.00040598653883741306,0.9752815549931407
M0112,22,3,Transitionary,1.3108813964356976e-05,0.10605628506309399,0.8939306061229412
M0112,23,2,Aversion,7.671266412026381e-13,0.9996918154883436,0.00030818451088975945
M0112,24,1,Appreciation,0.9999550291247511,5.385625267064354e-17,4.497087524896674e-05
M0112,25,3,Transitionary,0.050985116665107785,2.4179260892609135e-06,0.9490124654088029
M0112,26,3,Transitionary,0.00014075623686451942,0.00031690327575175335,0.9995423404873846
M0113,2,3,Transitionary,0.4922500116479784,7.4800181908829e-07,0.5077492403502035
M0113,3,2,Aversion,5.170621079225727e-15,0.9999693984040579,3.060159593703231e-05
M0113,4,2,Aversion,1.529510545574841e-09,0.9187464313408087,0.0812535671296803
M0113,5,2,Aversion,4.1903305474271475e-09,0.9449983710463482,0.05500162476332121
M0113,6,3,Transitionary,0.4694022482746105,3.388135860780583e-07,0.5305974129118027
M0113,7,3,Transitionary,3.718312607854601e-05,0.0002948521442506423,0.9996679647296709
M0113,8,2,Aversion,5.7478348612355314e-08,0.7607914751801982,0.23920846734145387
M0113,9,3,Transitionary,0.012760278899388763,1.953799225985706e-06,0.9872377673013861
M0113,10,2,Aversion,2.5630655159509387e-18,0.9999995528402407,4.471597601146475e-07
M0113,11,3,Transitionary,0.00033472853568666447,1.4738550506417402e-05,0.9996505329138066
M0113,12,2,Aversion,1.0637651034623923e-08,0.8767229639715657,0.12327702539078357
M0113,13,3,Transitionary,0.0025411095484658454,3.0090064115389835e-05,0.9974288003874184
M0113,14,2,Aversion,6.554546409375844e-10,0.9736727829556716,0.026327216388873784
M0113,15,1,Appreciation,0.9999999999997495,3.066757391350082e-32,2.5077077577705863e-13
M0113,16,3,Transitionary,2.6041908737457035e-06,0.1560501342051692,0.8439472616039573
M0113,17,3,Transitionary,0.004399937161274876,2.5770840862875473e-06,0.9955974857546396
M0113,18,2,Aversion,1.1690344997945385e-14,0.999886273332623,0.00011372666736577851
M0113,19,3,Transitionary,0.025731287132288207,3.4444247174639036e-06,0.974265268442994
M0113,20,3,Transitionary,0.001002638596760915,0.0001450190248896173,0.9988523423783495
M0113,21,3,Transitionary,4.753803131835071e-06,0.006690268653763972,0.9933049775431045
M0113,22,2,Aversion,2.9906589012171175e-14,0.9999350127049443,6.498729502520463e-05
M0113,23,3,Transitionary,4.657978939768379e-05,0.00018657792996556533,0.9997668422806365
M0113,24,2,Aversion,4.0510539459167504e-11,0.9922255266200944,0.007774473339394372
M0113,25,3,Transitionary,8.849853601223024e-05,0.0006086972910385703,0.9993028041729495
M0113,26,3,Transitionary,6.133067621857568e-05,0.0024929265753879898,0.9974457427483937
M0114,2,3,Transitionary,0.05265575120425932,6.790292897519827e-05,0.9472763458667656
M0114,3,3,Transitionary,0.4161682813823494,1.996395672579797e-05,0.5838117546609248
M0114,4,2,Aversion,8.205554601252523e-11,0.9684424359962452,0.03155756392169926
M0114,5,3,Transitionary,0.05961301398276,7.5589747568178614e-06,0.9403794270424832
M0114,6,2,Aversion,4.493043341734577e-15,0.9994951730189948,0.0005048269810005909
M0114,7,2,Aversion,1.5988253791646682e-07,0.7437035248013484,0.25629631531611385
M0114,8,2,Aversion,2.405909157230111e-07,0.7284915601118057,0.2715081992972786
M0114,9,1,Appreciation,0.999912952672651,1.7806480670649963e-15,8.704732734723707e-05
M0114,10,1,Appreciation,0.9999996712517931,2.3270751561283084e-20,3.287482068836106e-07
M0114,11,1,Appreciation,0.9747177059308979,2.497577308929316e-10,0.025282293819344433
M0114,12,2,Aversion,2.261064679026438e-12,0.9967375464788553,0.0032624535188836624
M0114,13,3,Transitionary,2.178353277482967e-05,0.017996365591463698,0.9819818508757615
M0114,14,3,Transitionary,0.0501231339493157,8.550903674535808e-07,0.9498760109603169
M0114,15,2,Aversion,5.3921063497465274e-09,0.9005028444573199,0.0994971501505738
M0114,16,3,Transitionary,0.020945416534273113,9.983477262930717e-06,0.979044599988464
M0114,17,3,Transitionary,8.439750945713376e-08,0.2717984575761525,0.7282014580263381
M0114,18,3,Transitionary,0.20441993603456288,1.8183165896562017e-07,0.7955798821337782
M0114,19,1,Appreciation,0.9795995625140387,7.632418540564487e-12,0.020400437478328905
M0114,20,3,Transitionary,0.004167053744627737,6.498789518198986e-05,0.9957679583601903
M0114,21,1,Appreciation,0.8989249461378191,1.7279863524465836e-09,0.10107505213419453
M0114,22,3,Transitionary,0.000701372644869339,0.00052572624922845,0.9987729011059022
M0114,23,3,Transitionary,3.376342512580512e-07,0.2893429332158874,0.7106567291498613
M0114,24,3,Transitionary,0.16301543938961055,4.001548757055412e-08,0.8369845205949018
M0114,25,3,Transitionary,3.2208930795989717e-06,0.0013514373744020018,0.9986453417325184
M0114,26,3,Transitionary,3.1124412166667166e-06,0.06206597588301806,0.9379309116757654
M0115,2,2,Aversion,6.035151943999864e-06,0.5629228294766738,0.437071135371382
M0115,3,2,Aversion,2.689862027697293e-08,0.7019359735122779,0.298063999589102
M0115,4,1,Appreciation,0.9695987208627361,1.9868143700356266e-06,0.030399292322894
M0115,5,1,Appreciation,0.977848901811564,1.3319980923629824e-09,0.02215109685643787
M0115,6,3,Transitionary,5.0867623680753383e-05,0.02530110680630264,0.9746480255700168
M0115,7,3,Transitionary,6.198008680189154e-06,0.18444690614453021,0.8155468958467892
M0115,8,2,Aversion,1.1023654645447506e-09,0.9687337061430398,0.03126629275459519
M0115,9,3,Transitionary,2.500635900471257e-07,0.2642264424610558,0.7357733074753536
M0115,10,1,Appreciation,0.9655979722818953,5.3373248364367975e-09,0.03440202238077984
M0115,11,3,Transitionary,5.6918512639681186e-05,0.005417536991099865,0.9945255444962608
M0115,12,2,Aversion,4.145268649256643e-07,0.5767003055092176,0.4232992799639176
M0115,13,2,Aversion,1.1312704735347598e-07,0.5468526549351235,0.45314723193782885
M0115,14,3,Transitionary,1.1501489298595165e-06,0.030852991051431057,0.9691458587996394
M0115,15,3,Transitionary,7.520048374056973e-06,9.519396230013826e-05,0.9998972859893256
M0115,16,3,Transitionary,0.0007622204439769679,0.00027102087887016704,0.998966758677153
M0115,17,2,Aversion,8.97137462813681e-13,0.9947505931373023,0.005249406861800915
M0115,18,3,Transitionary,0.09101608171362396,4.666084850125271e-06,0.908979252201526
M0115,19,3,Transitionary,0.13086017205677802,4.404404173947253e-06,0.8691354235390478
M0115,20,2,Aversion,8.251418157006057e-07,0.7643289471597322,0.23567022769845247
M0115,21,2,Aversion,1.2194008036818258e-10,0.9892738976238207,0.010726102254239018
M0115,22,2,Aversion,3.8795651864379765e-21,0.9999998839425844,1.1605741551265319e-07
M0115,23,3,Transitionary,0.001697885107425369,0.047250399173506256,0.9510517157190688
M0115,24,2,Aversion,1.7195058170322718e-07,0.6496264055701007,0.3503734224793174
M0115,25,3,Transitionary,0.003743145832908968,0.0020642539743970056,0.9941926001926943
M0115,26,3,Transitionary,0.01444360517952835,1.4266646030566011e-05,0.9855421281744409
M0116,2,2,Aversion,2.2204487181066745e-07,0.7957285425785193,0.20427123537660863
M0116,3,3,Transitionary,0.00019401900921274293,0.007256308410522038,0.9925496725802648
M0116,4,1,Appreciation,0.9949349581924818,3.72982251548728e-09,0.005065038077695873
M0116,5,3,Transitionary,0.30764323978448677,0.00011526533801244506,0.6922414948775002
M0116,6,3,Transitionary,1.344518042607982e-06,0.1045059542660669,0.8954927012158898
M0116,7,2,Aversion,4.1646634058580524e-22,0.999999990477491,9.522508521912839e-09
M0116,8,3,Transitionary,9.091882919118171e-06,0.006425216863976298,0.9935656912531043
M0116,9,1,Appreciation,0.9973117871226613,6.823082989481528e-13,0.002688212876656615
M0116,10,2,Aversion,2.2543372363035548e-15,0.9998883910395582,0.00011160896043908902
M0116,11,3,Transitionary,0.0001341394438891212,4.373554634098967e-05,0.99982212500977
M0116,12,1,Appreciation,0.9485708765368945,1.4877602389237512e-09,0.05142912197534555
M0116,13,1,Appreciation,0.9999990021680341,3.2783546022952975e-19,9.978319658994044e-07
M0116,14,1,Appreciation,0.9999867066976841,3.7292836114413734e-18,1.3293302315867047e-05
M0116,15,3,Transitionary,0.1295249234921819,8.990585244984756e-07,0.8704741774492928
M0116,16,1,Appreciation,0.9980238337206527,6.759522162483562e-12,0.001976166272587744
M0116,17,1,Appreciation,0.9999980011769402,2.4501947645954073e-19,1.9988230590348793e-06
M0116,18,3,Transitionary,0.022440233597340438,1.4704239573287868e-06,0.9775582959787027
M0116,19,3,Transitionary,0.024522971145543204,1.8371299513577273e-06,0.9754751917245051
M0116,20,1,Appreciation,0.5587753027174048,4.355101086096551e-09,0.44122469292749333
M0116,21,3,Transitionary,2.4764008356438917e-08,0.08566733672246606,0.914332638513525
M0116,22,2,Aversion,2.7523739949646287e-10,0.9049149442430822,0.09508505548167989
M0116,23,3,Transitionary,2.6061689834949556e-05,0.05304484869890431,0.9469290896112602
M0116,24,3,Transitionary,3.19937785674059e-06,0.10805877559678,0.8919380250253628
M0116,25,3,Transitionary,2.7543707018040055e-05,0.00036629200273646795,0.9996061642902461
M0116,26,2,Aversion,3.734772021926089e-09,0.7076463668283257,0.2923536294369017
M0117,2,1,Appreciation,0.9045675063976265,1.633498355576286e-07,0.0954323302525376
M0117,3,1,Appreciation,0.9949668218790044,5.139178993107176e-10,0.005033177607077753
M0117,4,3,Transitionary,0.24184175441735883,2.3657049397433986e-05,0.758134588533244
M0117,5,1,Appreciation,0.9585827266992047,5.005729848717598e-07,0.04141677272781048
M0117,6,3,Transitionary,0.0012868484749331858,0.02145321963009059,0.9772599318949764
M0117,7,3,Transitionary,0.00012005061061892245,0.07457176650327105,0.9253081828861097
M0117,8,2,Aversion,1.7952038714270248e-07,0.5734541429745281,0.42654567750508526
M0117,9,2,Aversion,2.0823560374009083e-28,0.9999999999362652,6.373522725563215e-11
M0117,10,3,Transitionary,0.000792224225984155,6.410183835098348e-05,0.9991436739356647
M0117,11,1,Appreciation,0.9994563861631478,3.456330947427088e-15,0.0005436138368488313
M0117,12,3,Transitionary,0.03357962465090319,5.042808714200768e-05,0.9663699472619549
M0117,13,3,Transitionary,0.10718452242932448,1.1289529247563276e-06,0.8928143486177504
M0117,14,1,Appreciation,0.9993299627696942,8.406226905529137e-15,0.0006700372302972566
M0117,15,2,Aversion,4.568460494861438e-09,0.7673679283794428,0.2326320670520971
M0117,16,3,Transitionary,0.007220220778685495,0.0003915716118936064,0.9923882076094206
M0117,17,2,Aversion,6.070775862019358e-08,0.7547118858221895,0.24528805347005145
M0117,18,2,Aversion,8.241585113586407e-11,0.99602322757792,0.003976772339663948
M0117,19,1,Appreciation,0.9977300960409389,6.220187227901148e-12,0.0022699039528412137
M0117,20,3,Transitionary,1.637599023322493e-05,0.03096510678097479,0.9690185172287916
M0117,21,2,Aversion,3.797125305477802e-09,0.8486023683072873,0.1513976278955877
M0117,22,3,Transitionary,0.010873742698042282,0.001221914951247032,0.9879043423507103
M0117,23,2,Aversion,1.7502114058083265e-13,0.9998402087159483,0.00015979128387659956
M0117,24,1,Appreciation,0.7933915196605201,3.5970041694749037e-08,0.20660844436943832
M0117,25,3,Transitionary,0.00031853813988105535,0.02123427483349218,0.9784471870266273
M0117,26,2,Aversion,1.0147468069608738e-16,0.9999840083777903,1.5991622209697726e-05
M0118,2,3,Transitionary,1.8821371395300968e-06,0.34834086368044476,0.651657254182416
M0118,3,3,Transitionary,2.7884819839152213e-06,0.02804047535196632,0.9719567361660496
M0118,4,3,Transitionary,0.0012240084936381579,0.0077357464115385246,0.9910402450948238
M0118,5,3,Transitionary,3.37450120998193e-07,0.3985346578679768,0.601465004681902
M0118,6,3,Transitionary,0.0018647924248125852,0.0008927363866216261,0.9972424711885661
M0118,7,3,Transitionary,6.613039694343575e-06,0.10473215840431158,0.8952612285559938
M0118,8,3,Transitionary,0.0002321304546565201,0.008873007136583741,0.9908948624087595
M0118,9,3,Transitionary,9.567942854632098e-05,0.016706112284833284,0.9831982082866203
M0118,10,1,Appreciation,0.7593821993850767,2.290441727574613e-08,0.24061777771050596
M0118,11,2,Aversion,2.160916037795443e-21,0.9999999188717819,8.112821860821993e-08
M0118,12,3,Transitionary,0.4959363729789196,1.0811663533508113e-07,0.5040635189044448
M0118,13,3,Transitionary,1.4104448043207732e-08,0.3998154719691548,0.6001845139263969
M0118,14,3,Transitionary,0.378839538417809,3.642988375951894e-06,0.6211568185938151
M0118,15,3,Transitionary,0.0013454749493711847,0.0012132134175558249,0.9974413116330734
M0118,16,3,Transitionary,0.0005182991373332079,0.0014597228316710436,0.9980219780309957
M0118,17,1,Appreciation,0.8208428726348744,3.609276753823257e-07,0.1791567664374504
M0118,18,2,Aversion,3.3831795074426816e-10,0.9473466393733008,0.05265336028838172
M0118,19,3,Transitionary,0.0010621843449373227,1.6864265582041012e-05,0.9989209513894809
M0118,20,3,Transitionary,0.00653172399052702,3.365668013269389e-06,0.9934649103414598
M0118,21,3,Transitionary,0.0004050490180831063,2.1384708859724803e-06,0.9995928125110306
M0118,22,1,Appreciation,0.9993560466502047,9.224365372738315e-16,0.0006439533497943257
M0118,23,2,Aversion,6.706561841257797e-12,0.9961383061829095,0.003861693810383743
M0118,24,3,Transitionary,0.1285519494969394,9.173985854485405e-08,0.8714479587632025
M0118,25,3,Transitionary,0.0038863597030918593,5.6401561135356386e-05,0.9960572387357726
M0118,26,3,Transitionary,1.7254774948927963e-05,0.007779406134319973,0.9922033390907311
M0119,2,3,Transitionary,0.0008338068068839889,0.0008470846161484069,0.9983191085769679
M0119,3,1,Appreciation,0.9999994429086241,1.238882913028596e-16,5.570913758123047e-07
M0119,4,3,Transitionary,6.395092497524506e-05,0.08690923780923397,0.913026811265791
M0119,5,3,Transitionary,0.0034357285835737196,0.0018921973562085975,0.9946720740602178
M0119,6,3,Transitionary,0.00022470509349525078,0.009790757690332526,0.989984537216172
M0119,7,2,Aversion,7.964440032471571e-10,0.9921353357408694,0.00786466346268631
M0119,8,3,Transitionary,0.014564193841878056,0.004466605869324532,0.9809692002887976
M0119,9,2,Aversion,1.4926616672650167e-08,0.8837954420609379,0.11620454301244591
M0119,10,3,Transitionary,0.0002155480885851877,0.004359305738726505,0.9954251461726878
M0119,11,2,Aversion,3.755845461568941e-09,0.984621611939525,0.015378384304629912
M0119,12,3,Transitionary,3.369624213222384e-06,0.10573016629431453,0.8942664640814723
M0119,13,1,Appreciation,0.9993926539385425,2.4369243947844055e-12,0.0006073460590207467
M0119,14,3,Transitionary,0.019173042365319467,1.825816311463773e-05,0.9808086994715655
M0119,15,3,Transitionary,0.010846192385788586,9.722773318156339e-05,0.9890565798810302
M0119,16,3,Transitionary,0.12794893786596806,5.319096473412868e-05,0.8719978711692977
M0119,17,1,Appreciation,0.9186570255838359,1.0679385120532454e-07,0.08134286762231266
M0119,18,1,Appreciation,0.9940380427986611,1.4520573125617987e-09,0.005961955749281705
M0119,19,1,Appreciation,0.9991595482221305,1.2092362771441687e-12,0.000840451776660149
M0119,20,1,Appreciation,0.7460433666559358,5.9594390547625795e-08,0.2539565737496739
M0119,21,3,Transitionary,0.011049423399522173,6.133288996336795e-05,0.9888892437105141
M0119,22,2,Aversion,6.891108559951986e-07,0.5608851029774833,0.4391142079116609
M0119,23,3,Transitionary,0.17472472440415843,2.2050255942596285e-07,0.8252750550932821
M0119,24,3,Transitionary,0.001264693274475164,0.004617155973927611,0.9941181507515969
M0119,25,3,Transitionary,0.00023907241906773305,0.0015840418165608576,0.9981768857643712
M0119,26,3,Transitionary,8.841111647368074e-08,0.3602097552461659,0.6397901563427181
M0120,2,3,Transitionary,0.25680681793119076,0.00044890785005936954,0.74274427421875
M0120,3,3,Transitionary,0.0007957248686013161,0.002238358249653005,0.9969659168817454
M0120,4,3,Transitionary,0.0005159080605691654,0.0785049128789694,0.9209791790604616
M0120,5,2,Aversion,1.6272815605255947e-11,0.9975370864116175,0.0024629135721095366
M0120,6,3,Transitionary,0.127366029417032,0.0002417375322489523,0.8723922330507191
M0120,7,1,Appreciation,0.9996914819760504,2.6284148668504034e-11,0.0003085179976652763
M0120,8,2,Aversion,6.188307621371357e-09,0.7186259372489523,0.2813740565627399
M0120,9,2,Aversion,4.7298156089750805e-12,0.9968771345044318,0.003122865490838403
M0120,10,3,Transitionary,3.4394651169980624e-05,0.020222262877699026,0.9797433424711312
M0120,11,3,Transitionary,0.0021003173839114265,0.0027190214692211505,0.9951806611468673
M0120,12,3,Transitionary,1.9073572803893287e-06,0.291851702225894,0.7081463904168258
M0120,13,3,Transitionary,0.07959504817959397,0.00017353714837243495,0.9202314146720336
M0120,14,2,Aversion,1.4098783138205497e-08,0.9686173242540566,0.03138266164716024
M0120,15,2,Aversion,3.932162938817936e-17,0.9999926167766696,7.383223330085113e-06
M0120,16,3,Transitionary,0.001009691260390408,0.013974605537892842,0.9850157032017167
M0120,17,3,Transitionary,0.3276183717116246,2.6667987559445276e-06,0.6723789614896196
M0120,18,3,Transitionary,0.030008419939665246,0.00014339785881272433,0.9698481822015221
M0120,19,2,Aversion,1.0454823885749602e-16,0.9999609839762801,3.9016023719597325e-05
M0120,20,1,Appreciation,0.9990205530680344,3.928691582354153e-11,0.0009794468926788151
M0120,21,3,Transitionary,0.00037622375232339506,0.08980393080776705,0.9098198454399093
M0120,22,3,Transitionary,0.035891156861647525,0.00013542508278130506,0.9639734180555714
M0120,23,3,Transitionary,0.00131300054588085,0.002829131899357818,0.9958578675547612
M0120,24,3,Transitionary,0.034918714468045474,0.0003482609740964591,0.9647330245578581
M0120,25,2,Aversion,1.8198184261021085e-10,0.9890833487008388,0.010916651117179451
M0120,26,2,Aversion,2.0755844307903035e-10,0.9891541230689459,0.01084587672349592
