manager_id,age_group,locality_group,age_x_locality,age_group_source,locality_group_source,n_periods,ai_authority_share_mean,escalation_share_mean,composite_kpi_score_mean,target_attainment_rate,share_aversion,share_neutral,share_appreciation,posterior_aversion_mean,posterior_neutral_mean,posterior_appreciation_mean,dominant_state,n_transitions,persistence_rate,upward_transition_rate,downward_transition_rate,n_second_order_windows,second_order_repeat_rate,second_order_reversal_rate
M0001,Mid-career proxy,Local,Mid-career proxy | Local,seniority_years proxy because no manager age column exists in the workbook,region proxy because no manager local/non-local column exists,26,0.37187679065015583,0.4870214121153609,0.4819145644917935,0.11538461538461539,0.5384615384615384,0.46153846153846156,0.0,0.5227356935300134,0.4770017893991035,0.00026251707088299677,Aversion,25,0.72,0.12,0.16,24,0.5833333333333334,0.08333333333333333
M0002,Early-career proxy,Local,Early-career proxy | Local,seniority_years proxy because no manager age column exists in the workbook,region proxy because no manager local/non-local column exists,26,0.3492911437807139,0.6253401331785138,0.47386058077253507,0.038461538461538464,0.2692307692307692,0.23076923076923078,0.5,0.2437481234972378,0.2670899251252817,0.4891619513774805,Appreciation,25,0.72,0.16,0.12,24,0.6666666666666666,0.08333333333333333
M0003,Senior-career proxy,Non-local,Senior-career proxy | Non-local,seniority_years proxy because no manager age column exists in the workbook,region proxy because no manager local/non-local column exists,26,0.2183991577927513,0.5817106825338713,0.4027134526836085,0.0,0.6923076923076923,0.3076923076923077,0.0,0.6800643251772036,0.3199278752553202,7.799567476064665e-06,Aversion,25,0.56,0.2,0.24,24,0.6666666666666666,0.2916666666666667
M0004,Senior-career proxy,Non-local,Senior-career proxy | Non-local,seniority_years proxy because no manager age column exists in the workbook,region proxy because no manager local/non-local column exists,26,0.35111645112777035,0.563405566168286,0.4609935467471894,0.11538461538461539,0.6538461538461539,0.34615384615384615,0.0,0.644941787477099,0.35505764493810305,5.675847980421673e-07,Aversion,25,0.88,0.04,0.08,24,0.8333333333333334,0.041666666666666664
M0005,Senior-career proxy,Non-local,Senior-career proxy | Non-local,seniority_years proxy because no manager age column exists in the workbook,region proxy because no manager local/non-local column exists,26,0.20849733748341107,0.5803857429531353,0.4258181505663513,0.038461538461538464,0.19230769230769232,0.5,0.3076923076923077,0.1770529778902413,0.5078075977627554,0.3151394243470037,Neutral,25,0.64,0.16,0.2,24,0.6666666666666666,0.16666666666666666
M0006,Senior-career proxy,Local,Senior-career proxy | Local,seniority_years proxy because no manager age column exists in the workbook,region proxy because no manager local/non-local column exists,26,0.37800924104425315,0.5083332356308372,0.4766746652319544,0.07692307692307693,0.19230769230769232,0.4230769230769231,0.38461538461538464,0.19381120221975362,0.4249872063475688,0.3812015914326775,Neutral,25,0.88,0.08,0.04,24,0.75,0.0
M0007,Early-career proxy,Non-local,Early-career proxy | Non-local,seniority_years proxy because no manager age column exists in the workbook,region proxy because no manager local/non-local column exists,26,0.48886582052076943,0.4992122939422676,0.5470782459939433,0.23076923076923078,0.15384615384615385,0.6923076923076923,0.15384615384615385,0.14786140548467167,0.7088847594643385,0.1432538350509901,Neutral,25,0.72,0.16,0.12,24,0.5416666666666666,0.041666666666666664
M0008,Senior-career proxy,Non-local,Senior-career proxy | Non-local,seniority_years proxy because no manager age column exists in the workbook,region proxy because no manager local/non-local column exists,26,0.3664202714947545,0.5053239744509956,0.5105924333697552,0.11538461538461539,0.07692307692307693,0.6538461538461539,0.2692307692307692,0.07815590811452504,0.6153852980544884,0.30645879383098656,Neutral,25,0.68,0.16,0.16,24,0.7083333333333334,0.16666666666666666
M0009,Senior-career proxy,Local,Senior-career proxy | Local,seniority_years proxy because no manager age column exists in the workbook,region proxy because no manager local/non-local column exists,26,0.2637383567252749,0.609704525055625,0.4612647419452465,0.0,0.15384615384615385,0.6153846153846154,0.23076923076923078,0.14217340932783892,0.6325033331033617,0.22532325756879912,Neutral,25,0.6,0.2,0.2,24,0.4583333333333333,0.125
M0010,Mid-career proxy,Local,Mid-career proxy | Local,seniority_years proxy because no manager age column exists in the workbook,region proxy because no manager local/non-local column exists,26,0.17907560008798212,0.5613451850128144,0.39900605007382156,0.0,0.46153846153846156,0.5384615384615384,0.0,0.4607755317580772,0.5391186370481886,0.00010583119373407574,Neutral,25,0.56,0.2,0.24,24,0.6666666666666666,0.25
M0011,Mid-career proxy,Local,Mid-career proxy | Local,seniority_years proxy because no manager age column exists in the workbook,region proxy because no manager local/non-local column exists,26,0.3816818361553495,0.534206916473907,0.4969358026517652,0.07692307692307693,0.2692307692307692,0.6923076923076923,0.038461538461538464,0.264291358525417,0.650080351221196,0.08562829025338682,Neutral,25,0.76,0.12,0.12,24,0.7083333333333334,0.08333333333333333
M0012,Mid-career proxy,Local,Mid-career proxy | Local,seniority_years proxy because no manager age column exists in the workbook,region proxy because no manager local/non-local column exists,26,0.1833279646893972,0.6100472363504259,0.42528098024181465,0.0,0.46153846153846156,0.5384615384615384,0.0,0.44424165212120115,0.5555356132304701,0.00022273464832859257,Neutral,25,0.76,0.12,0.12,24,0.5416666666666666,0.0
M0013,Senior-career proxy,Local,Senior-career proxy | Local,seniority_years proxy because no manager age column exists in the workbook,region proxy because no manager local/non-local column exists,26,0.43314780230139527,0.5194717538164467,0.5232604728891243,0.15384615384615385,0.15384615384615385,0.5769230769230769,0.2692307692307692,0.16880399102471122,0.5369337417138553,0.29426226726143356,Neutral,25,0.64,0.2,0.16,24,0.5,0.125
M0014,Mid-career proxy,Local,Mid-career proxy | Local,seniority_years proxy because no manager age column exists in the workbook,region proxy because no manager local/non-local column exists,26,0.16917083668856636,0.5813428897918557,0.43191594014418233,0.0,0.5384615384615384,0.46153846153846156,0.0,0.5346458767959563,0.43102980764948334,0.03432431555456035,Aversion,25,0.68,0.16,0.16,24,0.6666666666666666,0.16666666666666666
M0015,Mid-career proxy,Non-local,Mid-career proxy | Non-local,seniority_years proxy because no manager age column exists in the workbook,region proxy because no manager local/non-local column exists,26,0.3344837152904353,0.5382134222028055,0.47652501206094844,0.038461538461538464,0.46153846153846156,0.5384615384615384,0.0,0.43473557527546736,0.5616620137022834,0.003602411022249217,Neutral,25,0.88,0.04,0.08,24,0.8333333333333334,0.041666666666666664
M0016,Mid-career proxy,Local,Mid-career proxy | Local,seniority_years proxy because no manager age column exists in the workbook,region proxy because no manager local/non-local column exists,26,0.4271692735884802,0.5116100794284167,0.5437922366886901,0.11538461538461539,0.5769230769230769,0.15384615384615385,0.2692307692307692,0.547155164223603,0.18676811927391007,0.2660767165024869,Aversion,25,0.72,0.16,0.12,24,0.8333333333333334,0.16666666666666666
M0017,Mid-career proxy,Local,Mid-career proxy | Local,seniority_years proxy because no manager age column exists in the workbook,region proxy because no manager local/non-local column exists,26,0.28979606037334443,0.5957012374422426,0.4739571180067196,0.038461538461538464,0.3076923076923077,0.5769230769230769,0.11538461538461539,0.3002881750191663,0.5754975091136185,0.12421431586721515,Neutral,25,0.8,0.12,0.08,24,0.6666666666666666,0.041666666666666664
M0018,Mid-career proxy,Local,Mid-career proxy | Local,seniority_years proxy because no manager age column exists in the workbook,region proxy because no manager local/non-local column exists,26,0.23679658837656556,0.5561494986014291,0.43007151863557286,0.11538461538461539,0.46153846153846156,0.5384615384615384,0.0,0.45939488516516563,0.5404922929326998,0.00011282190213468321,Neutral,25,0.8,0.08,0.12,24,0.7083333333333334,0.041666666666666664
M0019,Senior-career proxy,Non-local,Senior-career proxy | Non-local,seniority_years proxy because no manager age column exists in the workbook,region proxy because no manager local/non-local column exists,26,0.22654088916990517,0.614352808614474,0.43059052976320983,0.0,0.6538461538461539,0.3076923076923077,0.038461538461538464,0.6392199289039302,0.3103081465080001,0.05047192458806966,Aversion,25,0.8,0.08,0.12,24,0.6666666666666666,0.041666666666666664
M0020,Senior-career proxy,Local,Senior-career proxy | Local,seniority_years proxy because no manager age column exists in the workbook,region proxy because no manager local/non-local column exists,26,0.5836333193298735,0.49847059024655416,0.5740890591801936,0.07692307692307693,0.7307692307692307,0.2692307692307692,0.0,0.7298736445532873,0.2700442524458134,8.210300089894257e-05,Aversion,25,0.64,0.16,0.2,24,0.5,0.125
M0021,Mid-career proxy,Local,Mid-career proxy | Local,seniority_years proxy because no manager age column exists in the workbook,region proxy because no manager local/non-local column exists,26,0.5581141496221784,0.37992953526615975,0.5749137961953292,0.2692307692307692,0.07692307692307693,0.5769230769230769,0.34615384615384615,0.0730268332224837,0.5759815510972303,0.35099161568028603,Neutral,25,0.8,0.08,0.12,24,0.75,0.041666666666666664
M0022,Mid-career proxy,Non-local,Mid-career proxy | Non-local,seniority_years proxy because no manager age column exists in the workbook,region proxy because no manager local/non-local column exists,26,0.13002477604123922,0.5774806795157121,0.38866499296479495,0.0,0.0,0.4230769230769231,0.5769230769230769,0.0020847833182697927,0.4284799966627237,0.5694352200190063,Appreciation,25,0.96,0.04,0.0,24,0.9166666666666666,0.0
M0023,Mid-career proxy,Local,Mid-career proxy | Local,seniority_years proxy because no manager age column exists in the workbook,region proxy because no manager local/non-local column exists,26,0.2316346094725094,0.5808849643646787,0.4557042530217883,0.0,0.07692307692307693,0.6153846153846154,0.3076923076923077,0.05581586818575097,0.6332701615518718,0.3109139702623773,Neutral,25,0.8,0.12,0.08,24,0.7916666666666666,0.125
M0024,Senior-career proxy,Local,Senior-career proxy | Local,seniority_years proxy because no manager age column exists in the workbook,region proxy because no manager local/non-local column exists,26,0.25421495767883395,0.5582142290554316,0.45824504588512444,0.0,0.4230769230769231,0.5384615384615384,0.038461538461538464,0.36101944172458944,0.6182243322833147,0.020756225992095853,Neutral,25,0.52,0.24,0.24,24,0.4166666666666667,0.20833333333333334
M0025,Senior-career proxy,Local,Senior-career proxy | Local,seniority_years proxy because no manager age column exists in the workbook,region proxy because no manager local/non-local column exists,26,0.4022264205203737,0.43390315866528817,0.47969563570240836,0.15384615384615385,0.15384615384615385,0.46153846153846156,0.38461538461538464,0.1321879292901934,0.4928830067497359,0.3749290639600711,Neutral,25,0.72,0.16,0.12,24,0.5,0.0
M0026,Early-career proxy,Local,Early-career proxy | Local,seniority_years proxy because no manager age column exists in the workbook,region proxy because no manager local/non-local column exists,26,0.16197735912941613,0.5084483842000135,0.406128357678261,0.038461538461538464,0.34615384615384615,0.5769230769230769,0.07692307692307693,0.33174060979250625,0.5951376200124279,0.07312177019506579,Neutral,25,0.52,0.24,0.24,24,0.5,0.20833333333333334
M0027,Senior-career proxy,Non-local,Senior-career proxy | Non-local,seniority_years proxy because no manager age column exists in the workbook,region proxy because no manager local/non-local column exists,26,0.39178169252111783,0.5542318343951567,0.4971002912685745,0.038461538461538464,0.38461538461538464,0.46153846153846156,0.15384615384615385,0.40204097582840576,0.44316320874009196,0.15479581543150234,Neutral,25,0.56,0.24,0.2,24,0.5833333333333334,0.25
M0028,Mid-career proxy,Local,Mid-career proxy | Local,seniority_years proxy because no manager age column exists in the workbook,region proxy because no manager local/non-local column exists,26,0.34651901912717736,0.5056279721125073,0.4844256625263323,0.038461538461538464,0.34615384615384615,0.6538461538461539,0.0,0.34197059997002327,0.6564219980948575,0.0016074019351196335,Neutral,25,0.64,0.16,0.2,24,0.75,0.25
M0029,Mid-career proxy,Local,Mid-career proxy | Local,seniority_years proxy because no manager age column exists in the workbook,region proxy because no manager local/non-local column exists,26,0.3025803952009113,0.605855718375911,0.5023412994011633,0.038461538461538464,0.11538461538461539,0.7307692307692307,0.15384615384615385,0.12845474253839934,0.7192406612443929,0.15230459621720796,Neutral,25,0.72,0.16,0.12,24,0.7083333333333334,0.125
M0030,Early-career proxy,Local,Early-career proxy | Local,seniority_years proxy because no manager age column exists in the workbook,region proxy because no manager local/non-local column exists,26,0.2602005058469152,0.597415284939427,0.43381331742901375,0.0,0.19230769230769232,0.6153846153846154,0.19230769230769232,0.20254623091926888,0.6086221146375103,0.18883165444322078,Neutral,25,0.84,0.08,0.08,24,0.7916666666666666,0.08333333333333333
M0031,Mid-career proxy,Local,Mid-career proxy | Local,seniority_years proxy because no manager age column exists in the workbook,region proxy because no manager local/non-local column exists,26,0.10960371849099179,0.6253534550154242,0.38988904885755127,0.0,0.5,0.19230769230769232,0.3076923076923077,0.4461928820263289,0.2463973435833875,0.3074097743902836,Aversion,25,0.68,0.16,0.16,24,0.7083333333333334,0.20833333333333334
M0032,Early-career proxy,Non-local,Early-career proxy | Non-local,seniority_years proxy because no manager age column exists in the workbook,region proxy because no manager local/non-local column exists,26,0.32757033193311275,0.5970125836390108,0.46417068067585154,0.07692307692307693,0.19230769230769232,0.5,0.3076923076923077,0.17814387229785725,0.5085924561525529,0.31326367154958984,Neutral,25,0.68,0.16,0.16,24,0.5,0.041666666666666664
M0033,Early-career proxy,Local,Early-career proxy | Local,seniority_years proxy because no manager age column exists in the workbook,region proxy because no manager local/non-local column exists,26,0.26104705813166734,0.5410713855088439,0.4501414149230844,0.038461538461538464,0.34615384615384615,0.3076923076923077,0.34615384615384615,0.3460957258698397,0.3079560173668142,0.3459482567633461,Aversion,25,0.72,0.16,0.12,24,0.4583333333333333,0.0
M0034,Mid-career proxy,Local,Mid-career proxy | Local,seniority_years proxy because no manager age column exists in the workbook,region proxy because no manager local/non-local column exists,26,0.3532929476313556,0.5239566251949004,0.5034930846160387,0.0,0.19230769230769232,0.8076923076923077,0.0,0.18009515807749457,0.8009494080444228,0.01895543387808276,Neutral,25,0.96,0.0,0.04,24,0.9166666666666666,0.0
M0035,Early-career proxy,Local,Early-career proxy | Local,seniority_years proxy because no manager age column exists in the workbook,region proxy because no manager local/non-local column exists,26,0.24284098710676863,0.5434166270367664,0.44951840754538214,0.038461538461538464,0.4230769230769231,0.5769230769230769,0.0,0.4076657645223014,0.5870358990903323,0.005298336387366334,Neutral,25,0.8,0.08,0.12,24,0.8333333333333334,0.125
M0036,Early-career proxy,Local,Early-career proxy | Local,seniority_years proxy because no manager age column exists in the workbook,region proxy because no manager local/non-local column exists,26,0.5705703494202167,0.4938288691565769,0.5878938132116662,0.38461538461538464,0.46153846153846156,0.5384615384615384,0.0,0.4648274833980015,0.5317949252592541,0.003377591342744409,Neutral,25,0.64,0.16,0.2,24,0.5416666666666666,0.125
M0037,Senior-career proxy,Local,Senior-career proxy | Local,seniority_years proxy because no manager age column exists in the workbook,region proxy because no manager local/non-local column exists,26,0.4803880161816739,0.4950679925032034,0.5189985204543344,0.15384615384615385,0.19230769230769232,0.2692307692307692,0.5384615384615384,0.16807532131903688,0.2838123368429363,0.5481123418380269,Appreciation,25,0.64,0.2,0.16,24,0.7916666666666666,0.25
M0038,Mid-career proxy,Local,Mid-career proxy | Local,seniority_years proxy because no manager age column exists in the workbook,region proxy because no manager local/non-local column exists,26,0.3701438351219432,0.5723391183497696,0.4780773523644347,0.038461538461538464,0.19230769230769232,0.5,0.3076923076923077,0.1878520760145917,0.5237846294311023,0.28836329455430615,Neutral,25,0.8,0.08,0.12,24,0.625,0.0
M0039,Early-career proxy,Non-local,Early-career proxy | Non-local,seniority_years proxy because no manager age column exists in the workbook,region proxy because no manager local/non-local column exists,26,0.4248806941750647,0.5158094348663105,0.5376774549729227,0.038461538461538464,0.2692307692307692,0.6923076923076923,0.038461538461538464,0.2667251069958709,0.6933712927326714,0.03990360027145764,Neutral,25,0.64,0.16,0.2,24,0.625,0.16666666666666666
M0040,Early-career proxy,Local,Early-career proxy | Local,seniority_years proxy because no manager age column exists in the workbook,region proxy because no manager local/non-local column exists,26,0.3376943535402192,0.560240557494545,0.47709015230452584,0.11538461538461539,0.15384615384615385,0.8076923076923077,0.038461538461538464,0.17586337980377362,0.7870102794199483,0.03712634077627804,Neutral,25,0.8,0.12,0.08,24,0.7916666666666666,0.08333333333333333
M0041,Mid-career proxy,Local,Mid-career proxy | Local,seniority_years proxy because no manager age column exists in the workbook,region proxy because no manager local/non-local column exists,26,0.27724833924288045,0.5949606678578692,0.46425228179189065,0.0,0.3076923076923077,0.6153846153846154,0.07692307692307693,0.29813217096217975,0.5791283418831248,0.12273948715469546,Neutral,25,0.6,0.2,0.2,24,0.5,0.125
M0042,Mid-career proxy,Non-local,Mid-career proxy | Non-local,seniority_years proxy because no manager age column exists in the workbook,region proxy because no manager local/non-local column exists,26,0.3020373605025834,0.5227821395022123,0.4506827158718431,0.07692307692307693,0.5384615384615384,0.11538461538461539,0.34615384615384615,0.4842810928106837,0.16903499422875123,0.3466839129605651,Aversion,25,0.88,0.08,0.04,24,0.7916666666666666,0.0
M0043,Mid-career proxy,Local,Mid-career proxy | Local,seniority_years proxy because no manager age column exists in the workbook,region proxy because no manager local/non-local column exists,26,0.18891467520506555,0.6074600004220071,0.44139935575890465,0.038461538461538464,0.2692307692307692,0.34615384615384615,0.38461538461538464,0.28398173157836215,0.34944373676842166,0.3665745316532162,Appreciation,25,0.72,0.16,0.12,24,0.5833333333333334,0.08333333333333333
M0044,Mid-career proxy,Non-local,Mid-career proxy | Non-local,seniority_years proxy because no manager age column exists in the workbook,region proxy because no manager local/non-local column exists,26,0.29804014886055236,0.5999941580107013,0.4726674217561545,0.0,0.34615384615384615,0.5769230769230769,0.07692307692307693,0.3262534809958101,0.5887912638564043,0.08495525514778555,Neutral,25,0.6,0.16,0.24,24,0.5416666666666666,0.16666666666666666
M0045,Mid-career proxy,Non-local,Mid-career proxy | Non-local,seniority_years proxy because no manager age column exists in the workbook,region proxy because no manager local/non-local column exists,26,0.11809884723221516,0.6217624300854996,0.39131806540728686,0.0,0.07692307692307693,0.5769230769230769,0.34615384615384615,0.07896552731604808,0.5840364408598862,0.33699803182406546,Neutral,25,0.72,0.16,0.12,24,0.5833333333333334,0.08333333333333333
M0046,Senior-career proxy,Local,Senior-career proxy | Local,seniority_years proxy because no manager age column exists in the workbook,region proxy because no manager local/non-local column exists,26,0.18581699202266416,0.6245041722111376,0.455593407116068,0.0,0.038461538461538464,0.46153846153846156,0.5,0.04233776939755381,0.4977886850797667,0.45987354552267934,Appreciation,25,0.88,0.08,0.04,24,0.8333333333333334,0.041666666666666664
M0047,Senior-career proxy,Non-local,Senior-career proxy | Non-local,seniority_years proxy because no manager age column exists in the workbook,region proxy because no manager local/non-local column exists,26,0.3714979607928529,0.5070825837223013,0.48935495843424803,0.07692307692307693,0.5769230769230769,0.4230769230769231,0.0,0.5157933211330991,0.48418740946885036,1.926939805046838e-05,Aversion,25,0.48,0.24,0.28,24,0.5,0.2916666666666667
M0048,Mid-career proxy,Local,Mid-career proxy | Local,seniority_years proxy because no manager age column exists in the workbook,region proxy because no manager local/non-local column exists,26,0.21526105343003865,0.6402723513113187,0.4356511887232732,0.0,0.5384615384615384,0.46153846153846156,0.0,0.5315483052179706,0.4682932116423375,0.00015848313969192823,Aversion,25,0.64,0.16,0.2,24,0.5,0.125
M0049,Mid-career proxy,Local,Mid-career proxy | Local,seniority_years proxy because no manager age column exists in the workbook,region proxy because no manager local/non-local column exists,26,0.4446657779002296,0.5556174206667814,0.5115799443470996,0.15384615384615385,0.2692307692307692,0.46153846153846156,0.2692307692307692,0.25040017514565677,0.47667476709815215,0.2729250577561908,Neutral,25,0.6,0.2,0.2,24,0.5416666666666666,0.16666666666666666
M0050,Senior-career proxy,Local,Senior-career proxy | Local,seniority_years proxy because no manager age column exists in the workbook,region proxy because no manager local/non-local column exists,26,0.3759721226861196,0.5494433304921466,0.4896626859428609,0.0,0.34615384615384615,0.4230769230769231,0.23076923076923078,0.34047251396435085,0.42838129803546104,0.2311461880001883,Neutral,25,0.64,0.2,0.16,24,0.4583333333333333,0.08333333333333333
M0051,Mid-career proxy,Local,Mid-career proxy | Local,seniority_years proxy because no manager age column exists in the workbook,region proxy because no manager local/non-local column exists,26,0.3776079254167327,0.5790748318761813,0.5145597693078724,0.038461538461538464,0.3076923076923077,0.3076923076923077,0.38461538461538464,0.2631613641480742,0.35398837382031334,0.3828502620316125,Appreciation,25,0.68,0.16,0.16,24,0.4166666666666667,0.041666666666666664
M0052,Mid-career proxy,Local,Mid-career proxy | Local,seniority_years proxy because no manager age column exists in the workbook,region proxy because no manager local/non-local column exists,26,0.5606034727169623,0.43976707215759003,0.5409152103088716,0.15384615384615385,0.2692307692307692,0.5,0.23076923076923078,0.2548378657670352,0.5019305563278015,0.24323157790516317,Neutral,25,0.8,0.12,0.08,24,0.5833333333333334,0.0
M0053,Mid-career proxy,Local,Mid-career proxy | Local,seniority_years proxy because no manager age column exists in the workbook,region proxy because no manager local/non-local column exists,26,0.4590705032708875,0.5140491441210154,0.5287735253275616,0.23076923076923078,0.34615384615384615,0.38461538461538464,0.2692307692307692,0.321768565642826,0.41228917620264344,0.26594225815453054,Neutral,25,0.68,0.16,0.16,24,0.5833333333333334,0.08333333333333333
M0054,Senior-career proxy,Local,Senior-career proxy | Local,seniority_years proxy because no manager age column exists in the workbook,region proxy because no manager local/non-local column exists,26,0.374951239532901,0.5396512047948863,0.5203331546721224,0.11538461538461539,0.46153846153846156,0.46153846153846156,0.07692307692307693,0.4713679668347685,0.4517106814345476,0.07692135173068386,Neutral,25,0.56,0.24,0.2,24,0.4583333333333333,0.16666666666666666
M0055,Senior-career proxy,Local,Senior-career proxy | Local,seniority_years proxy because no manager age column exists in the workbook,region proxy because no manager local/non-local column exists,26,0.3598031833960117,0.5540667383984099,0.511091453808582,0.0,0.3076923076923077,0.5384615384615384,0.15384615384615385,0.30166562206795566,0.5471533129824896,0.15118106494955483,Neutral,25,0.64,0.16,0.2,24,0.7083333333333334,0.20833333333333334
M0056,Mid-career proxy,Local,Mid-career proxy | Local,seniority_years proxy because no manager age column exists in the workbook,region proxy because no manager local/non-local column exists,26,0.4612243116963409,0.46051715947858995,0.5350071612086063,0.2692307692307692,0.15384615384615385,0.5769230769230769,0.2692307692307692,0.1949430918250458,0.5353750464451452,0.26968186172980907,Neutral,25,0.72,0.16,0.12,24,0.625,0.08333333333333333
M0057,Mid-career proxy,Local,Mid-career proxy | Local,seniority_years proxy because no manager age column exists in the workbook,region proxy because no manager local/non-local column exists,26,0.3911256320445131,0.5227393031896319,0.496671108599818,0.038461538461538464,0.5384615384615384,0.46153846153846156,0.0,0.5249443670941892,0.4749414297774347,0.00011420312837600102,Aversion,25,0.52,0.24,0.24,24,0.4583333333333333,0.20833333333333334
M0058,Mid-career proxy,Local,Mid-career proxy | Local,seniority_years proxy because no manager age column exists in the workbook,region proxy because no manager local/non-local column exists,26,0.3417558974024076,0.5331046588766386,0.4671986031833399,0.038461538461538464,0.8461538461538461,0.15384615384615385,0.0,0.826074863752553,0.1739019928001129,2.3143447334150603e-05,Aversion,25,0.8,0.08,0.12,24,0.8333333333333334,0.125
M0059,Mid-career proxy,Local,Mid-career proxy | Local,seniority_years proxy because no manager age column exists in the workbook,region proxy because no manager local/non-local column exists,26,0.41216515467594605,0.49387776256173055,0.5400229657531294,0.2692307692307692,0.6153846153846154,0.38461538461538464,0.0,0.610786347413742,0.38773146055449376,0.0014821920317641493,Aversion,25,0.8,0.08,0.12,24,0.6666666666666666,0.041666666666666664
M0060,Mid-career proxy,Non-local,Mid-career proxy | Non-local,seniority_years proxy because no manager age column exists in the workbook,region proxy because no manager local/non-local column exists,26,0.4519337951557768,0.5054671734011223,0.5056733444425879,0.15384615384615385,0.07692307692307693,0.6538461538461539,0.2692307692307692,0.08668032883523122,0.6418951632198535,0.27142450794491524,Neutral,25,0.8,0.12,0.08,24,0.6666666666666666,0.041666666666666664
M0061,Early-career proxy,Local,Early-career proxy | Local,seniority_years proxy because no manager age column exists in the workbook,region proxy because no manager local/non-local column exists,26,0.37561336138145496,0.5197224370151234,0.48815350475164904,0.07692307692307693,0.5769230769230769,0.38461538461538464,0.038461538461538464,0.5660869618213211,0.39721067242783026,0.03670236575084858,Aversion,25,0.6,0.2,0.2,24,0.5416666666666666,0.16666666666666666
M0062,Mid-career proxy,Local,Mid-career proxy | Local,seniority_years proxy because no manager age column exists in the workbook,region proxy because no manager local/non-local column exists,26,0.28241817501266947,0.4809044043275382,0.43263040878096937,0.038461538461538464,0.038461538461538464,0.5384615384615384,0.4230769230769231,0.04087161430046959,0.5538879300547086,0.40524045564482175,Neutral,25,0.8,0.12,0.08,24,0.6666666666666666,0.041666666666666664
M0063,Senior-career proxy,Local,Senior-career proxy | Local,seniority_years proxy because no manager age column exists in the workbook,region proxy because no manager local/non-local column exists,26,0.3203181093504747,0.5023859761163662,0.45317365468739734,0.038461538461538464,0.15384615384615385,0.7692307692307693,0.07692307692307693,0.12792807810653378,0.7645452006482671,0.10752672124519881,Neutral,25,0.72,0.12,0.16,24,0.5416666666666666,0.041666666666666664
M0064,Early-career proxy,Local,Early-career proxy | Local,seniority_years proxy because no manager age column exists in the workbook,region proxy because no manager local/non-local column exists,26,0.4529496470050733,0.5921001301704502,0.5204913386280325,0.15384615384615385,0.07692307692307693,0.7692307692307693,0.15384615384615385,0.09075132802180909,0.7418602221819209,0.16738844979626993,Neutral,25,0.76,0.12,0.12,24,0.7083333333333334,0.08333333333333333
M0065,Mid-career proxy,Local,Mid-career proxy | Local,seniority_years proxy because no manager age column exists in the workbook,region proxy because no manager local/non-local column exists,26,0.4480560213405653,0.4869417552927396,0.5184083691765953,0.15384615384615385,0.07692307692307693,0.7692307692307693,0.15384615384615385,0.08684962764795558,0.755655656046918,0.15749471630512654,Neutral,25,0.76,0.12,0.12,24,0.6666666666666666,0.08333333333333333
M0066,Senior-career proxy,Local,Senior-career proxy | Local,seniority_years proxy because no manager age column exists in the workbook,region proxy because no manager local/non-local column exists,26,0.18220640584291178,0.6359901856461582,0.4046119214473273,0.0,0.11538461538461539,0.38461538461538464,0.5,0.11452869510199933,0.36794933073130576,0.5175219741666948,Appreciation,25,0.72,0.16,0.12,24,0.6666666666666666,0.125
M0067,Early-career proxy,Local,Early-career proxy | Local,seniority_years proxy because no manager age column exists in the workbook,region proxy because no manager local/non-local column exists,26,0.4341401296661877,0.5147370565264298,0.4963660914792499,0.23076923076923078,0.4230769230769231,0.38461538461538464,0.19230769230769232,0.32663128905828737,0.46545227477796897,0.2079164361637436,Aversion,25,0.6,0.2,0.2,24,0.5833333333333334,0.16666666666666666
M0068,Mid-career proxy,Local,Mid-career proxy | Local,seniority_years proxy because no manager age column exists in the workbook,region proxy because no manager local/non-local column exists,26,0.28667052425075634,0.6005667945360611,0.4521841970506549,0.038461538461538464,0.5,0.5,0.0,0.4660666459903852,0.5336076155911894,0.0003257384184252209,Neutral,25,0.36,0.32,0.32,24,0.4583333333333333,0.375
M0069,Early-career proxy,Local,Early-career proxy | Local,seniority_years proxy because no manager age column exists in the workbook,region proxy because no manager local/non-local column exists,26,0.45847864310755254,0.46094913531349513,0.5277040836571903,0.19230769230769232,0.5384615384615384,0.46153846153846156,0.0,0.5011725981343287,0.4953153308278245,0.0035120710378467143,Aversion,25,0.8,0.08,0.12,24,0.6666666666666666,0.041666666666666664
M0070,Mid-career proxy,Non-local,Mid-career proxy | Non-local,seniority_years proxy because no manager age column exists in the workbook,region proxy because no manager local/non-local column exists,26,0.4336074385764816,0.574972199860552,0.4916925925064459,0.11538461538461539,0.7307692307692307,0.19230769230769232,0.07692307692307693,0.7290836810323582,0.19413223192634813,0.07678408704129348,Aversion,25,0.76,0.12,0.12,24,0.7083333333333334,0.08333333333333333
M0071,Senior-career proxy,Non-local,Senior-career proxy | Non-local,seniority_years proxy because no manager age column exists in the workbook,region proxy because no manager local/non-local column exists,26,0.27639377578568564,0.5497730182356,0.4654634184113995,0.11538461538461539,0.15384615384615385,0.38461538461538464,0.46153846153846156,0.13142018373735442,0.4179279495820441,0.45065186668060137,Appreciation,25,0.8,0.12,0.08,24,0.6666666666666666,0.041666666666666664
M0072,Mid-career proxy,Local,Mid-career proxy | Local,seniority_years proxy because no manager age column exists in the workbook,region proxy because no manager local/non-local column exists,26,0.3581190057715494,0.6063300381689015,0.5165366663810342,0.11538461538461539,0.34615384615384615,0.5,0.15384615384615385,0.31609669491644665,0.5314555110103698,0.15244779407318346,Neutral,25,0.84,0.08,0.08,24,0.7916666666666666,0.041666666666666664
M0073,Mid-career proxy,Non-local,Mid-career proxy | Non-local,seniority_years proxy because no manager age column exists in the workbook,region proxy because no manager local/non-local column exists,26,0.3570416990814546,0.5371023431288366,0.46242148411244466,0.038461538461538464,0.38461538461538464,0.5384615384615384,0.07692307692307693,0.34271573267283917,0.5840675629600149,0.07321670436714613,Neutral,25,0.6,0.2,0.2,24,0.375,0.08333333333333333
M0074,Mid-career proxy,Local,Mid-career proxy | Local,seniority_years proxy because no manager age column exists in the workbook,region proxy because no manager local/non-local column exists,26,0.32957355080876405,0.5249348751973409,0.47467183438388044,0.038461538461538464,0.7307692307692307,0.2692307692307692,0.0,0.7105929814263002,0.2882965199913034,0.0011104985823964112,Aversion,25,0.68,0.16,0.16,24,0.7083333333333334,0.16666666666666666
M0075,Mid-career proxy,Local,Mid-career proxy | Local,seniority_years proxy because no manager age column exists in the workbook,region proxy because no manager local/non-local column exists,26,0.3308420295499482,0.5641977126955029,0.48396869435496076,0.0,0.6538461538461539,0.2692307692307692,0.07692307692307693,0.6187758369726543,0.304658040669972,0.07656612235737374,Aversion,25,0.72,0.12,0.16,24,0.5833333333333334,0.08333333333333333
M0076,Mid-career proxy,Local,Mid-career proxy | Local,seniority_years proxy because no manager age column exists in the workbook,region proxy because no manager local/non-local column exists,26,0.21118737967154336,0.5981388012203198,0.4487204542685522,0.038461538461538464,0.6923076923076923,0.3076923076923077,0.0,0.6401444040875262,0.35972437713572175,0.00013121877675197297,Aversion,25,0.56,0.2,0.24,24,0.5416666666666666,0.20833333333333334
M0077,Senior-career proxy,Non-local,Senior-career proxy | Non-local,seniority_years proxy because no manager age column exists in the workbook,region proxy because no manager local/non-local column exists,26,0.41506180607295284,0.5374475093025892,0.502120773630063,0.07692307692307693,0.6538461538461539,0.34615384615384615,0.0,0.653706155881173,0.3462921040126924,1.7401061347327937e-06,Aversion,25,0.72,0.12,0.16,24,0.6666666666666666,0.125
M0078,Senior-career proxy,Local,Senior-career proxy | Local,seniority_years proxy because no manager age column exists in the workbook,region proxy because no manager local/non-local column exists,26,0.22553144606802594,0.5567404931982334,0.4271221508238035,0.07692307692307693,0.7692307692307693,0.19230769230769232,0.038461538461538464,0.7503061642875685,0.2145073706070779,0.035186465105353636,Aversion,25,0.84,0.08,0.08,24,0.7916666666666666,0.041666666666666664
M0079,Mid-career proxy,Local,Mid-career proxy | Local,seniority_years proxy because no manager age column exists in the workbook,region proxy because no manager local/non-local column exists,26,0.174267206602281,0.6023037677161267,0.43174406365286444,0.0,0.038461538461538464,0.6153846153846154,0.34615384615384615,0.0440517123822545,0.612247025692015,0.3437012619257305,Neutral,25,0.8,0.08,0.12,24,0.8333333333333334,0.08333333333333333
M0080,Senior-career proxy,Non-local,Senior-career proxy | Non-local,seniority_years proxy because no manager age column exists in the workbook,region proxy because no manager local/non-local column exists,26,0.3285962558910586,0.49974944012802397,0.4478935211610447,0.038461538461538464,0.6538461538461539,0.34615384615384615,0.0,0.6208050611574429,0.37916922631521766,2.5712527339357633e-05,Aversion,25,0.48,0.24,0.28,24,0.5833333333333334,0.2916666666666667
M0081,Senior-career proxy,Non-local,Senior-career proxy | Non-local,seniority_years proxy because no manager age column exists in the workbook,region proxy because no manager local/non-local column exists,26,0.2681058569023984,0.5202520239304791,0.46670380076322837,0.0,0.23076923076923078,0.46153846153846156,0.3076923076923077,0.21765563542576075,0.5303046468035251,0.2520397177707142,Neutral,25,0.64,0.2,0.16,24,0.4583333333333333,0.08333333333333333
M0082,Senior-career proxy,Non-local,Senior-career proxy | Non-local,seniority_years proxy because no manager age column exists in the workbook,region proxy because no manager local/non-local column exists,26,0.34615007063009073,0.5744966236962384,0.5059569963240194,0.038461538461538464,0.6538461538461539,0.34615384615384615,0.0,0.5902495432672503,0.4097011405807355,4.931615201422528e-05,Aversion,25,0.72,0.12,0.16,24,0.5833333333333334,0.08333333333333333
M0083,Mid-career proxy,Non-local,Mid-career proxy | Non-local,seniority_years proxy because no manager age column exists in the workbook,region proxy because no manager local/non-local column exists,26,0.28113174886342696,0.5422351029355859,0.4409518434420381,0.07692307692307693,0.5769230769230769,0.4230769230769231,0.0,0.603634271893046,0.39635774140536467,7.986701589314164e-06,Aversion,25,0.68,0.16,0.16,24,0.5416666666666666,0.08333333333333333
M0084,Mid-career proxy,Local,Mid-career proxy | Local,seniority_years proxy because no manager age column exists in the workbook,region proxy because no manager local/non-local column exists,26,0.3255433926965393,0.4913843281666991,0.48887359112311307,0.15384615384615385,0.4230769230769231,0.5,0.07692307692307693,0.420803252034875,0.5014282643342517,0.07776848363087353,Neutral,25,0.68,0.12,0.2,24,0.5,0.08333333333333333
M0085,Mid-career proxy,Local,Mid-career proxy | Local,seniority_years proxy because no manager age column exists in the workbook,region proxy because no manager local/non-local column exists,26,0.21647834273964064,0.5168688535911924,0.4514057029048069,0.0,0.038461538461538464,0.5,0.46153846153846156,0.03171418265618952,0.5056971214915094,0.46258869585230133,Neutral,25,0.88,0.08,0.04,24,0.875,0.041666666666666664
M0086,Early-career proxy,Local,Early-career proxy | Local,seniority_years proxy because no manager age column exists in the workbook,region proxy because no manager local/non-local column exists,26,0.29873430388424577,0.5702097822569309,0.4398176102498895,0.038461538461538464,0.0,0.6153846153846154,0.38461538461538464,0.004479648182711866,0.612070417245634,0.38344993457165416,Neutral,25,0.84,0.08,0.08,24,0.7916666666666666,0.041666666666666664
M0087,Mid-career proxy,Non-local,Mid-career proxy | Non-local,seniority_years proxy because no manager age column exists in the workbook,region proxy because no manager local/non-local column exists,26,0.3667140612902294,0.5440113468100244,0.4906172657737742,0.11538461538461539,0.38461538461538464,0.34615384615384615,0.2692307692307692,0.37069207246623237,0.36026153950809303,0.26904638802567465,Aversion,25,0.76,0.12,0.12,24,0.5,0.0
M0088,Early-career proxy,Local,Early-career proxy | Local,seniority_years proxy because no manager age column exists in the workbook,region proxy because no manager local/non-local column exists,26,0.14581384734476224,0.5915750574053183,0.4160119524229271,0.0,0.46153846153846156,0.5,0.038461538461538464,0.44972163858529307,0.5191206623700274,0.031157699044679413,Neutral,25,0.6,0.2,0.2,24,0.5,0.16666666666666666
M0089,Early-career proxy,Local,Early-career proxy | Local,seniority_years proxy because no manager age column exists in the workbook,region proxy because no manager local/non-local column exists,26,0.2427333985808329,0.5762578732199439,0.45140343597240723,0.11538461538461539,0.4230769230769231,0.5384615384615384,0.038461538461538464,0.4016675722043134,0.5601224346613891,0.03820999313429737,Neutral,25,0.52,0.24,0.24,24,0.5416666666666666,0.25
M0090,Senior-career proxy,Non-local,Senior-career proxy | Non-local,seniority_years proxy because no manager age column exists in the workbook,region proxy because no manager local/non-local column exists,26,0.19052473118791546,0.5308148158793916,0.44573401349765934,0.0,0.34615384615384615,0.46153846153846156,0.19230769230769232,0.33403951494742495,0.45516732770641233,0.2107931573461627,Neutral,25,0.64,0.16,0.2,24,0.375,0.041666666666666664
M0091,Mid-career proxy,Local,Mid-career proxy | Local,seniority_years proxy because no manager age column exists in the workbook,region proxy because no manager local/non-local column exists,26,0.429619289872988,0.4234527405352017,0.503892856298823,0.19230769230769232,0.07692307692307693,0.6923076923076923,0.23076923076923078,0.05425314144587659,0.7118006959838005,0.233946162570323,Neutral,25,0.76,0.12,0.12,24,0.6666666666666666,0.08333333333333333
M0092,Mid-career proxy,Non-local,Mid-career proxy | Non-local,seniority_years proxy because no manager age column exists in the workbook,region proxy because no manager local/non-local column exists,26,0.2935041123704784,0.6157755238059395,0.49736541433975096,0.11538461538461539,0.0,0.46153846153846156,0.5384615384615384,2.867141115631319e-20,0.4345414271958018,0.5654585728041982,Appreciation,25,0.88,0.08,0.04,24,0.8333333333333334,0.041666666666666664
M0093,Mid-career proxy,Local,Mid-career proxy | Local,seniority_years proxy because no manager age column exists in the workbook,region proxy because no manager local/non-local column exists,26,0.23634099954607543,0.5648486396680786,0.45427514514502343,0.07692307692307693,0.038461538461538464,0.6538461538461539,0.3076923076923077,0.035753130269183656,0.6490560935151797,0.31519077621563674,Neutral,25,0.84,0.08,0.08,24,0.7916666666666666,0.041666666666666664
M0094,Mid-career proxy,Local,Mid-career proxy | Local,seniority_years proxy because no manager age column exists in the workbook,region proxy because no manager local/non-local column exists,26,0.22685883602835527,0.5836943002359166,0.4310201292507538,0.0,0.5769230769230769,0.4230769230769231,0.0,0.567338813395849,0.4325932134111241,6.797319302679272e-05,Aversion,25,0.6,0.2,0.2,24,0.5416666666666666,0.16666666666666666
M0095,Senior-career proxy,Local,Senior-career proxy | Local,seniority_years proxy because no manager age column exists in the workbook,region proxy because no manager local/non-local column exists,26,0.358365343666845,0.5572176605268799,0.48509831789763697,0.15384615384615385,0.11538461538461539,0.5384615384615384,0.34615384615384615,0.15571517858271347,0.48188304600891324,0.36240177540837315,Neutral,25,0.8,0.12,0.08,24,0.5833333333333334,0.0
M0096,Senior-career proxy,Local,Senior-career proxy | Local,seniority_years proxy because no manager age column exists in the workbook,region proxy because no manager local/non-local column exists,26,0.5420942010981815,0.39625395072560815,0.5654096504181977,0.15384615384615385,0.0,0.5,0.5,4.272285046704829e-10,0.5290199712156936,0.4709800283570782,Neutral,25,0.88,0.08,0.04,24,0.8333333333333334,0.041666666666666664
M0097,Mid-career proxy,Non-local,Mid-career proxy | Non-local,seniority_years proxy because no manager age column exists in the workbook,region proxy because no manager local/non-local column exists,26,0.3924517627483895,0.5391707844741755,0.5004994620676135,0.038461538461538464,0.19230769230769232,0.7692307692307693,0.038461538461538464,0.21724350795520794,0.7432261922154345,0.03953029982935784,Neutral,25,0.8,0.12,0.08,24,0.7083333333333334,0.041666666666666664
M0098,Mid-career proxy,Local,Mid-career proxy | Local,seniority_years proxy because no manager age column exists in the workbook,region proxy because no manager local/non-local column exists,26,0.15177392378496052,0.5977336567835325,0.39957177074478334,0.0,0.46153846153846156,0.46153846153846156,0.07692307692307693,0.4363450842730908,0.48611763555083354,0.07753728017607572,Neutral,25,0.64,0.2,0.16,24,0.625,0.16666666666666666
M0099,Mid-career proxy,Non-local,Mid-career proxy | Non-local,seniority_years proxy because no manager age column exists in the workbook,region proxy because no manager local/non-local column exists,26,0.5882790866939757,0.5001156464262052,0.5541808254834606,0.2692307692307692,0.0,0.6153846153846154,0.38461538461538464,1.57186386066499e-11,0.5806471424354833,0.41935285754879786,Neutral,25,0.96,0.04,0.0,24,0.9166666666666666,0.0
M0100,Mid-career proxy,Local,Mid-career proxy | Local,seniority_years proxy because no manager age column exists in the workbook,region proxy because no manager local/non-local column exists,26,0.3159439680675776,0.5217528516204931,0.4774892857982836,0.11538461538461539,0.46153846153846156,0.5384615384615384,0.0,0.4801590332025724,0.5198260933333217,1.4873464105852336e-05,Neutral,25,0.64,0.16,0.2,24,0.5833333333333334,0.16666666666666666
M0101,Mid-career proxy,Local,Mid-career proxy | Local,seniority_years proxy because no manager age column exists in the workbook,region proxy because no manager local/non-local column exists,26,0.35830216338334486,0.579797943631561,0.5278796803721962,0.0,0.0,0.5,0.5,3.919970603394214e-12,0.4862140192250536,0.5137859807710264,Neutral,25,0.88,0.08,0.04,24,0.9166666666666666,0.08333333333333333
M0102,Mid-career proxy,Non-local,Mid-career proxy | Non-local,seniority_years proxy because no manager age column exists in the workbook,region proxy because no manager local/non-local column exists,26,0.13780563760749334,0.5873780239519854,0.39713936572662384,0.0,0.6153846153846154,0.38461538461538464,0.0,0.6019563779943955,0.3976170282040515,0.0004265938015530126,Aversion,25,0.68,0.16,0.16,24,0.625,0.125
M0103,Early-career proxy,Local,Early-career proxy | Local,seniority_years proxy because no manager age column exists in the workbook,region proxy because no manager local/non-local column exists,26,0.2838884725571535,0.5314751224871659,0.44084792461351213,0.038461538461538464,0.46153846153846156,0.5,0.038461538461538464,0.4676750227521137,0.49387446967369947,0.038450507574186894,Neutral,25,0.56,0.24,0.2,24,0.375,0.125
M0104,Early-career proxy,Local,Early-career proxy | Local,seniority_years proxy because no manager age column exists in the workbook,region proxy because no manager local/non-local column exists,26,0.289301043598693,0.5256099467759427,0.44026734584580607,0.0,0.5769230769230769,0.4230769230769231,0.0,0.5332623693102664,0.46472905132266595,0.002008579367067716,Aversion,25,0.72,0.16,0.12,24,0.5416666666666666,0.041666666666666664
M0105,Senior-career proxy,Local,Senior-career proxy | Local,seniority_years proxy because no manager age column exists in the workbook,region proxy because no manager local/non-local column exists,26,0.28381714581555795,0.5732115869556835,0.45402449654910504,0.0,0.038461538461538464,0.46153846153846156,0.5,0.047785023470943926,0.4537862123430986,0.4984287641859575,Appreciation,25,0.88,0.08,0.04,24,0.8333333333333334,0.041666666666666664
M0106,Mid-career proxy,Local,Mid-career proxy | Local,seniority_years proxy because no manager age column exists in the workbook,region proxy because no manager local/non-local column exists,26,0.2708901270262899,0.5343796020419007,0.44271862275552915,0.038461538461538464,0.5384615384615384,0.19230769230769232,0.2692307692307692,0.4876086438066086,0.24551108044799572,0.26688027574539563,Aversion,25,0.8,0.12,0.08,24,0.625,0.0
M0107,Mid-career proxy,Local,Mid-career proxy | Local,seniority_years proxy because no manager age column exists in the workbook,region proxy because no manager local/non-local column exists,26,0.4008623035985641,0.5362650502805545,0.4867590987826772,0.038461538461538464,0.6153846153846154,0.38461538461538464,0.0,0.589372835092933,0.4105871022130423,4.0062694024632317e-05,Aversion,25,0.64,0.16,0.2,24,0.625,0.16666666666666666
M0108,Mid-career proxy,Non-local,Mid-career proxy | Non-local,seniority_years proxy because no manager age column exists in the workbook,region proxy because no manager local/non-local column exists,26,0.4337272014525819,0.5878596007995085,0.5061513900041567,0.19230769230769232,0.3076923076923077,0.3076923076923077,0.38461538461538464,0.3071513674669867,0.30480054817493013,0.3880480843580832,Appreciation,25,0.8,0.12,0.08,24,0.75,0.08333333333333333
M0109,Mid-career proxy,Local,Mid-career proxy | Local,seniority_years proxy because no manager age column exists in the workbook,region proxy because no manager local/non-local column exists,26,0.3131687521023022,0.6516150291749494,0.4475328849695717,0.0,0.4230769230769231,0.38461538461538464,0.19230769230769232,0.4007419959613227,0.4072238318061326,0.19203417223254465,Aversion,25,0.68,0.16,0.16,24,0.5833333333333334,0.08333333333333333
M0110,Mid-career proxy,Local,Mid-career proxy | Local,seniority_years proxy because no manager age column exists in the workbook,region proxy because no manager local/non-local column exists,26,0.4054808018203665,0.5038609497120434,0.5009562494416314,0.0,0.6538461538461539,0.19230769230769232,0.15384615384615385,0.6095165999644697,0.2383067106074628,0.15217668942806745,Aversion,25,0.8,0.12,0.08,24,0.6666666666666666,0.0
M0111,Early-career proxy,Local,Early-career proxy | Local,seniority_years proxy because no manager age column exists in the workbook,region proxy because no manager local/non-local column exists,26,0.1533156050783552,0.6160079629293318,0.4124870974018948,0.0,0.19230769230769232,0.5384615384615384,0.2692307692307692,0.16881033517134908,0.5821526878954411,0.24903697693320997,Neutral,25,0.72,0.12,0.16,24,0.625,0.08333333333333333
M0112,Senior-career proxy,Local,Senior-career proxy | Local,seniority_years proxy because no manager age column exists in the workbook,region proxy because no manager local/non-local column exists,26,0.4913497631506376,0.466011876027244,0.5640364105821282,0.3076923076923077,0.4230769230769231,0.5769230769230769,0.0,0.43261225824415117,0.5672836413504961,0.00010410040535267734,Neutral,25,0.68,0.16,0.16,24,0.625,0.125
M0113,Mid-career proxy,Non-local,Mid-career proxy | Non-local,seniority_years proxy because no manager age column exists in the workbook,region proxy because no manager local/non-local column exists,26,0.4115028089488002,0.5700075494749731,0.5169699837979366,0.07692307692307693,0.11538461538461539,0.38461538461538464,0.5,0.10672318786768954,0.4245038213846487,0.4687729907476619,Appreciation,25,0.88,0.08,0.04,24,0.75,0.0
M0114,Mid-career proxy,Local,Mid-career proxy | Local,seniority_years proxy because no manager age column exists in the workbook,region proxy because no manager local/non-local column exists,26,0.296910996421434,0.5895675180538429,0.49286032713403344,0.0,0.5384615384615384,0.2692307692307692,0.19230769230769232,0.5093690780256624,0.27526927529966877,0.21536164667466873,Aversion,25,0.72,0.12,0.16,24,0.7083333333333334,0.08333333333333333
M0115,Early-career proxy,Local,Early-career proxy | Local,seniority_years proxy because no manager age column exists in the workbook,region proxy because no manager local/non-local column exists,26,0.3337070465058715,0.5456772311973052,0.48606416269851876,0.0,0.5384615384615384,0.46153846153846156,0.0,0.46279247173029897,0.5371935755959935,1.3952673707291566e-05,Aversion,25,0.48,0.24,0.28,24,0.3333333333333333,0.16666666666666666
M0116,Mid-career proxy,Non-local,Mid-career proxy | Non-local,seniority_years proxy because no manager age column exists in the workbook,region proxy because no manager local/non-local column exists,26,0.0938490228608,0.619999240543247,0.373178695934044,0.0,0.5,0.4230769230769231,0.07692307692307693,0.4728071274110366,0.4467910099131058,0.08040186267585758,Aversion,25,0.76,0.12,0.12,24,0.6666666666666666,0.041666666666666664
M0117,Early-career proxy,Non-local,Early-career proxy | Non-local,seniority_years proxy because no manager age column exists in the workbook,region proxy because no manager local/non-local column exists,26,0.4178967383571546,0.5196007706207826,0.5156793642068993,0.038461538461538464,0.0,0.5384615384615384,0.46153846153846156,3.622350840363847e-08,0.5382168356352912,0.46178312814120015,Neutral,25,0.92,0.04,0.04,24,0.8333333333333334,0.0
M0118,Mid-career proxy,Non-local,Mid-career proxy | Non-local,seniority_years proxy because no manager age column exists in the workbook,region proxy because no manager local/non-local column exists,26,0.15142201118919404,0.6256795188794051,0.4117373820357857,0.038461538461538464,0.5,0.5,0.0,0.46117446770054105,0.5373878750752171,0.0014376572242418072,Neutral,25,0.56,0.2,0.24,24,0.5833333333333334,0.25
M0119,Mid-career proxy,Non-local,Mid-career proxy | Non-local,seniority_years proxy because no manager age column exists in the workbook,region proxy because no manager local/non-local column exists,26,0.3926538512591986,0.5143429226904116,0.5249597939113209,0.19230769230769232,0.34615384615384615,0.6153846153846154,0.038461538461538464,0.3608699893675124,0.5928769015074955,0.046253109124991906,Neutral,25,0.72,0.12,0.16,24,0.5833333333333334,0.08333333333333333
M0120,Early-career proxy,Local,Early-career proxy | Local,seniority_years proxy because no manager age column exists in the workbook,region proxy because no manager local/non-local column exists,26,0.5161862951370195,0.4829661760598665,0.5311927770791358,0.3076923076923077,0.19230769230769232,0.7692307692307693,0.038461538461538464,0.23072219147835415,0.7307271489025879,0.038550659619058014,Neutral,25,0.76,0.12,0.12,24,0.6666666666666666,0.041666666666666664
M0121,Mid-career proxy,Local,Mid-career proxy | Local,seniority_years proxy because no manager age column exists in the workbook,region proxy because no manager local/non-local column exists,26,0.21174489853087336,0.560133193880758,0.4131209353820158,0.07692307692307693,0.46153846153846156,0.46153846153846156,0.07692307692307693,0.4278874886679424,0.5213255693782959,0.05078694195376151,Neutral,25,0.56,0.2,0.24,24,0.375,0.125
M0122,Mid-career proxy,Local,Mid-career proxy | Local,seniority_years proxy because no manager age column exists in the workbook,region proxy because no manager local/non-local column exists,26,0.11037133724830064,0.6373736243281793,0.40644240020754024,0.038461538461538464,0.15384615384615385,0.46153846153846156,0.38461538461538464,0.1350121098989922,0.4810422288055006,0.38394566129550733,Neutral,25,0.8,0.12,0.08,24,0.5833333333333334,0.0
M0123,Mid-career proxy,Local,Mid-career proxy | Local,seniority_years proxy because no manager age column exists in the workbook,region proxy because no manager local/non-local column exists,26,0.26270984962348953,0.6239668175343572,0.47050980362519523,0.07692307692307693,0.038461538461538464,0.5769230769230769,0.38461538461538464,0.036606260194866194,0.5983677098243144,0.3650260299808196,Neutral,25,0.88,0.08,0.04,24,0.875,0.041666666666666664
M0124,Mid-career proxy,Local,Mid-career proxy | Local,seniority_years proxy because no manager age column exists in the workbook,region proxy because no manager local/non-local column exists,26,0.5187874124810826,0.5109035508903574,0.5321326144371148,0.23076923076923078,0.23076923076923078,0.3076923076923077,0.46153846153846156,0.232173980490508,0.3065912509247314,0.4612347685847607,Appreciation,25,0.64,0.2,0.16,24,0.5416666666666666,0.125
M0125,Mid-career proxy,Local,Mid-career proxy | Local,seniority_years proxy because no manager age column exists in the workbook,region proxy because no manager local/non-local column exists,26,0.124540426956211,0.6503920949116269,0.38523988997200437,0.0,0.2692307692307692,0.6153846153846154,0.11538461538461539,0.293698357514725,0.5912571821581118,0.1150444603271632,Neutral,25,0.72,0.12,0.16,24,0.5833333333333334,0.08333333333333333
M0126,Mid-career proxy,Local,Mid-career proxy | Local,seniority_years proxy because no manager age column exists in the workbook,region proxy because no manager local/non-local column exists,26,0.18923848237656893,0.5355117984967666,0.40518542476222225,0.0,0.2692307692307692,0.5769230769230769,0.15384615384615385,0.2568101866020601,0.588552467709322,0.15463734568861787,Neutral,25,0.72,0.16,0.12,24,0.6666666666666666,0.08333333333333333
M0127,Mid-career proxy,Local,Mid-career proxy | Local,seniority_years proxy because no manager age column exists in the workbook,region proxy because no manager local/non-local column exists,26,0.3381842382480454,0.5384090024605441,0.48046736238344373,0.038461538461538464,0.5384615384615384,0.46153846153846156,0.0,0.5115941453492947,0.4866108375288061,0.0017950171218992018,Aversion,25,0.76,0.12,0.12,24,0.6666666666666666,0.041666666666666664
M0128,Early-career proxy,Local,Early-career proxy | Local,seniority_years proxy because no manager age column exists in the workbook,region proxy because no manager local/non-local column exists,26,0.3150642762365728,0.5479954880622577,0.4891994491771411,0.07692307692307693,0.2692307692307692,0.6538461538461539,0.07692307692307693,0.2670280440576216,0.610393097773835,0.12257885816854355,Neutral,25,0.72,0.12,0.16,24,0.6666666666666666,0.125
M0129,Mid-career proxy,Local,Mid-career proxy | Local,seniority_years proxy because no manager age column exists in the workbook,region proxy because no manager local/non-local column exists,26,0.15779610350780926,0.6106150235671388,0.3832397890937276,0.0,0.4230769230769231,0.5769230769230769,0.0,0.4106406719584585,0.5701858621542218,0.01917346588731962,Neutral,25,0.56,0.2,0.24,24,0.5833333333333334,0.25
M0130,Mid-career proxy,Local,Mid-career proxy | Local,seniority_years proxy because no manager age column exists in the workbook,region proxy because no manager local/non-local column exists,26,0.235663327391013,0.6173105862519991,0.4558184917853557,0.0,0.46153846153846156,0.46153846153846156,0.07692307692307693,0.4502624415570057,0.47281949059643913,0.07691806784655525,Neutral,25,0.52,0.24,0.24,24,0.6666666666666666,0.3333333333333333
M0131,Early-career proxy,Non-local,Early-career proxy | Non-local,seniority_years proxy because no manager age column exists in the workbook,region proxy because no manager local/non-local column exists,26,0.4879221297979565,0.5307948064034096,0.5560319519883191,0.07692307692307693,0.038461538461538464,0.5384615384615384,0.4230769230769231,0.032965255956753474,0.5520505416498988,0.4149842023933479,Neutral,25,0.8,0.12,0.08,24,0.7083333333333334,0.041666666666666664
M0132,Early-career proxy,Non-local,Early-career proxy | Non-local,seniority_years proxy because no manager age column exists in the workbook,region proxy because no manager local/non-local column exists,26,0.4155064420642717,0.5690753551534626,0.5287376161947009,0.11538461538461539,0.46153846153846156,0.5384615384615384,0.0,0.42363130617042866,0.5730095020214535,0.0033591918081177534,Neutral,25,0.4,0.28,0.32,24,0.5,0.375
M0133,Mid-career proxy,Local,Mid-career proxy | Local,seniority_years proxy because no manager age column exists in the workbook,region proxy because no manager local/non-local column exists,26,0.37055530313984725,0.5991944089751376,0.5305109605026559,0.038461538461538464,0.038461538461538464,0.6923076923076923,0.2692307692307692,0.05385274764372039,0.6783702121831573,0.26777704017312226,Neutral,25,0.76,0.12,0.12,24,0.625,0.041666666666666664
M0134,Senior-career proxy,Non-local,Senior-career proxy | Non-local,seniority_years proxy because no manager age column exists in the workbook,region proxy because no manager local/non-local column exists,26,0.3938386559849716,0.613905604944332,0.5225405870475026,0.038461538461538464,0.2692307692307692,0.7307692307692307,0.0,0.27028692113738406,0.7243450098058143,0.005368069056801946,Neutral,25,0.8,0.08,0.12,24,0.6666666666666666,0.041666666666666664
M0135,Early-career proxy,Non-local,Early-career proxy | Non-local,seniority_years proxy because no manager age column exists in the workbook,region proxy because no manager local/non-local column exists,26,0.3560878482849547,0.5473541323565717,0.48470473787235835,0.0,0.2692307692307692,0.5,0.23076923076923078,0.25099866755525313,0.5368586812776264,0.21214265116712053,Neutral,25,0.68,0.16,0.16,24,0.4583333333333333,0.041666666666666664
M0136,Early-career proxy,Local,Early-career proxy | Local,seniority_years proxy because no manager age column exists in the workbook,region proxy because no manager local/non-local column exists,26,0.5067936119704067,0.4724467776755341,0.5521888545694279,0.38461538461538464,0.15384615384615385,0.7307692307692307,0.11538461538461539,0.11134795926952501,0.7549960551560608,0.13365598557441405,Neutral,25,0.72,0.12,0.16,24,0.6666666666666666,0.08333333333333333
M0137,Mid-career proxy,Local,Mid-career proxy | Local,seniority_years proxy because no manager age column exists in the workbook,region proxy because no manager local/non-local column exists,26,0.3675927925191674,0.5593742627795861,0.5042136680842335,0.15384615384615385,0.34615384615384615,0.6153846153846154,0.038461538461538464,0.32065389891699153,0.6474235722419646,0.03192252884104379,Neutral,25,0.68,0.16,0.16,24,0.5416666666666666,0.08333333333333333
M0138,Mid-career proxy,Non-local,Mid-career proxy | Non-local,seniority_years proxy because no manager age column exists in the workbook,region proxy because no manager local/non-local column exists,26,0.30823295626572533,0.5267164530011119,0.4658676533633584,0.11538461538461539,0.2692307692307692,0.7307692307692307,0.0,0.25393938661043075,0.7317292086805629,0.014331404709006084,Neutral,25,0.88,0.04,0.08,24,0.75,0.0
M0139,Mid-career proxy,Local,Mid-career proxy | Local,seniority_years proxy because no manager age column exists in the workbook,region proxy because no manager local/non-local column exists,26,0.18757244897092712,0.5625866682941145,0.42704628827871666,0.0,0.6538461538461539,0.3076923076923077,0.038461538461538464,0.6451755559747411,0.3187788035670546,0.03604564045820428,Aversion,25,0.52,0.24,0.24,24,0.5,0.20833333333333334
M0140,Early-career proxy,Local,Early-career proxy | Local,seniority_years proxy because no manager age column exists in the workbook,region proxy because no manager local/non-local column exists,26,0.4223878963783992,0.5774742679935914,0.49801511638273954,0.11538461538461539,0.6153846153846154,0.38461538461538464,0.0,0.6007662322027418,0.39920057669112996,3.319110612816756e-05,Aversion,25,0.8,0.08,0.12,24,0.75,0.08333333333333333
M0141,Early-career proxy,Local,Early-career proxy | Local,seniority_years proxy because no manager age column exists in the workbook,region proxy because no manager local/non-local column exists,26,0.311250725843462,0.5649777448228543,0.49715594002720587,0.07692307692307693,0.19230769230769232,0.5384615384615384,0.2692307692307692,0.15859649830481473,0.5656567615713828,0.2757467401238027,Neutral,25,0.68,0.16,0.16,24,0.625,0.16666666666666666
M0142,Senior-career proxy,Local,Senior-career proxy | Local,seniority_years proxy because no manager age column exists in the workbook,region proxy because no manager local/non-local column exists,26,0.41823402339350824,0.546859462188175,0.5093469236730512,0.038461538461538464,0.0,0.46153846153846156,0.5384615384615384,6.2665201390139884e-15,0.4917221362519405,0.5082778637480533,Appreciation,25,0.96,0.04,0.0,24,0.9166666666666666,0.0
M0143,Early-career proxy,Non-local,Early-career proxy | Non-local,seniority_years proxy because no manager age column exists in the workbook,region proxy because no manager local/non-local column exists,26,0.1791284040412463,0.611599804388658,0.41556068638527566,0.0,0.2692307692307692,0.3076923076923077,0.4230769230769231,0.2525635294389445,0.30943278780535055,0.43800368275570484,Appreciation,25,0.8,0.12,0.08,24,0.7083333333333334,0.041666666666666664
M0144,Mid-career proxy,Non-local,Mid-career proxy | Non-local,seniority_years proxy because no manager age column exists in the workbook,region proxy because no manager local/non-local column exists,26,0.5655072521598088,0.43374209271254077,0.5883077314669231,0.34615384615384615,0.23076923076923078,0.6153846153846154,0.15384615384615385,0.2237538974986425,0.6237038959908762,0.15254220651048106,Neutral,25,0.8,0.08,0.12,24,0.6666666666666666,0.041666666666666664
M0145,Mid-career proxy,Local,Mid-career proxy | Local,seniority_years proxy because no manager age column exists in the workbook,region proxy because no manager local/non-local column exists,26,0.39879574957164327,0.5087145876324803,0.5259296822487127,0.19230769230769232,0.5,0.4230769230769231,0.07692307692307693,0.4926040124291538,0.44810398314845895,0.05929200442238723,Aversion,25,0.56,0.2,0.24,24,0.4166666666666667,0.16666666666666666
M0146,Senior-career proxy,Non-local,Senior-career proxy | Non-local,seniority_years proxy because no manager age column exists in the workbook,region proxy because no manager local/non-local column exists,26,0.44721904891675696,0.5726273682631106,0.533782090655009,0.0,0.23076923076923078,0.34615384615384615,0.4230769230769231,0.2189673642405057,0.359772509495166,0.4212601262643283,Appreciation,25,0.76,0.12,0.12,24,0.75,0.125
M0147,Early-career proxy,Non-local,Early-career proxy | Non-local,seniority_years proxy because no manager age column exists in the workbook,region proxy because no manager local/non-local column exists,26,0.5595899066040524,0.49743434000942444,0.5495764041725508,0.19230769230769232,0.3076923076923077,0.4230769230769231,0.2692307692307692,0.3308985776346345,0.42906783313108376,0.24003358923428164,Neutral,25,0.72,0.12,0.16,24,0.5833333333333334,0.041666666666666664
M0148,Mid-career proxy,Local,Mid-career proxy | Local,seniority_years proxy because no manager age column exists in the workbook,region proxy because no manager local/non-local column exists,26,0.3869055650235361,0.5222076519889832,0.5073421220364459,0.15384615384615385,0.4230769230769231,0.4230769230769231,0.15384615384615385,0.4277808346509558,0.4139357366901837,0.15828342865886047,Neutral,25,0.8,0.08,0.12,24,0.625,0.0
M0149,Mid-career proxy,Non-local,Mid-career proxy | Non-local,seniority_years proxy because no manager age column exists in the workbook,region proxy because no manager local/non-local column exists,26,0.36905945236201126,0.5335576621667028,0.48905180121221103,0.038461538461538464,0.3076923076923077,0.5384615384615384,0.15384615384615385,0.30101205792659547,0.5460257120863123,0.1529622299870923,Neutral,25,0.8,0.12,0.08,24,0.6666666666666666,0.041666666666666664
M0150,Early-career proxy,Local,Early-career proxy | Local,seniority_years proxy because no manager age column exists in the workbook,region proxy because no manager local/non-local column exists,26,0.4087395445744174,0.5481505348998637,0.4871816899335645,0.07692307692307693,0.8846153846153846,0.11538461538461539,0.0,0.8347836583912586,0.16521268525611962,3.656352621956133e-06,Aversion,25,0.88,0.04,0.08,24,0.8333333333333334,0.041666666666666664
M0151,Mid-career proxy,Local,Mid-career proxy | Local,seniority_years proxy because no manager age column exists in the workbook,region proxy because no manager local/non-local column exists,26,0.46934349568321204,0.4850735195733762,0.5144653141929794,0.11538461538461539,0.0,0.5384615384615384,0.46153846153846156,4.164257860907502e-12,0.5413057377205219,0.4586942622753138,Neutral,25,0.96,0.04,0.0,24,0.9166666666666666,0.0
M0152,Mid-career proxy,Local,Mid-career proxy | Local,seniority_years proxy because no manager age column exists in the workbook,region proxy because no manager local/non-local column exists,26,0.1617217949482352,0.6099930708429808,0.3920548373634112,0.0,0.11538461538461539,0.5769230769230769,0.3076923076923077,0.1444929779255982,0.5532774162453094,0.30222960582909275,Neutral,25,0.64,0.2,0.16,24,0.6666666666666666,0.16666666666666666
M0153,Early-career proxy,Local,Early-career proxy | Local,seniority_years proxy because no manager age column exists in the workbook,region proxy because no manager local/non-local column exists,26,0.3103989168383896,0.6185579314984007,0.4703923114407757,0.038461538461538464,0.23076923076923078,0.34615384615384615,0.4230769230769231,0.20532377452783346,0.40479214689595727,0.3898840785762091,Appreciation,25,0.8,0.12,0.08,24,0.7083333333333334,0.041666666666666664
M0154,Mid-career proxy,Local,Mid-career proxy | Local,seniority_years proxy because no manager age column exists in the workbook,region proxy because no manager local/non-local column exists,26,0.2981350514626383,0.5627040995257061,0.4924746490847385,0.038461538461538464,0.0,0.5384615384615384,0.46153846153846156,0.0003919108967196791,0.5439131052064803,0.45569498389679963,Neutral,25,0.96,0.04,0.0,24,0.9166666666666666,0.0
M0155,Early-career proxy,Non-local,Early-career proxy | Non-local,seniority_years proxy because no manager age column exists in the workbook,region proxy because no manager local/non-local column exists,26,0.40700024152010195,0.5419979934289061,0.48278486371039764,0.15384615384615385,0.38461538461538464,0.4230769230769231,0.19230769230769232,0.38023006214726485,0.4386925828004883,0.18107735505224704,Neutral,25,0.68,0.16,0.16,24,0.5833333333333334,0.08333333333333333
M0156,Senior-career proxy,Non-local,Senior-career proxy | Non-local,seniority_years proxy because no manager age column exists in the workbook,region proxy because no manager local/non-local column exists,26,0.4115646824109882,0.613217476227652,0.5151152653479903,0.11538461538461539,0.2692307692307692,0.34615384615384615,0.38461538461538464,0.2841793309102382,0.31491954375549014,0.40090112533427164,Appreciation,25,0.76,0.12,0.12,24,0.5833333333333334,0.0
M0157,Mid-career proxy,Non-local,Mid-career proxy | Non-local,seniority_years proxy because no manager age column exists in the workbook,region proxy because no manager local/non-local column exists,26,0.21193341239979396,0.636284731460894,0.440220669953353,0.0,0.15384615384615385,0.34615384615384615,0.5,0.11654900781154345,0.39877176318107466,0.4846792290073819,Appreciation,25,0.72,0.16,0.12,24,0.6666666666666666,0.125
M0158,Mid-career proxy,Local,Mid-career proxy | Local,seniority_years proxy because no manager age column exists in the workbook,region proxy because no manager local/non-local column exists,26,0.49541045875110756,0.5286612530283915,0.5192429077041752,0.11538461538461539,0.4230769230769231,0.5769230769230769,0.0,0.42334467850106733,0.5762201029754037,0.00043521852352892206,Neutral,25,0.96,0.0,0.04,24,0.9166666666666666,0.0
M0159,Senior-career proxy,Local,Senior-career proxy | Local,seniority_years proxy because no manager age column exists in the workbook,region proxy because no manager local/non-local column exists,26,0.30026528927442436,0.5157332630020031,0.46571919228946795,0.0,0.46153846153846156,0.38461538461538464,0.15384615384615385,0.40054045664051297,0.4461082097268587,0.15335133363262823,Aversion,25,0.72,0.16,0.12,24,0.6666666666666666,0.125
M0160,Senior-career proxy,Local,Senior-career proxy | Local,seniority_years proxy because no manager age column exists in the workbook,region proxy because no manager local/non-local column exists,26,0.29608239268465997,0.5703237616435552,0.4574225411821286,0.038461538461538464,0.23076923076923078,0.5384615384615384,0.23076923076923078,0.20556647082098134,0.619912364480758,0.17452116469826076,Neutral,25,0.72,0.12,0.16,24,0.6666666666666666,0.08333333333333333
M0161,Early-career proxy,Local,Early-career proxy | Local,seniority_years proxy because no manager age column exists in the workbook,region proxy because no manager local/non-local column exists,26,0.22848187931586433,0.646731991238551,0.4258875061258382,0.0,0.4230769230769231,0.46153846153846156,0.11538461538461539,0.4373218299986814,0.443548936644777,0.11912923335654152,Neutral,25,0.84,0.08,0.08,24,0.7083333333333334,0.041666666666666664
M0162,Early-career proxy,Non-local,Early-career proxy | Non-local,seniority_years proxy because no manager age column exists in the workbook,region proxy because no manager local/non-local column exists,26,0.23804090812632436,0.6182310950134559,0.43885106874671276,0.038461538461538464,0.23076923076923078,0.6923076923076923,0.07692307692307693,0.22749977854296155,0.6817661032544465,0.09073411820259175,Neutral,25,0.88,0.04,0.08,24,0.7916666666666666,0.0
M0163,Early-career proxy,Local,Early-career proxy | Local,seniority_years proxy because no manager age column exists in the workbook,region proxy because no manager local/non-local column exists,26,0.3667981473588726,0.5595258309746839,0.4885994042441205,0.19230769230769232,0.5769230769230769,0.4230769230769231,0.0,0.584402980966728,0.4155476670317389,4.9352001533009625e-05,Aversion,25,0.88,0.04,0.08,24,0.75,0.0
M0164,Early-career proxy,Local,Early-career proxy | Local,seniority_years proxy because no manager age column exists in the workbook,region proxy because no manager local/non-local column exists,26,0.4045720036205447,0.5465924444237762,0.4883856406374879,0.07692307692307693,0.23076923076923078,0.6538461538461539,0.11538461538461539,0.23466069923162564,0.6467706396743811,0.11856866109399325,Neutral,25,0.8,0.12,0.08,24,0.7083333333333334,0.041666666666666664
M0165,Mid-career proxy,Local,Mid-career proxy | Local,seniority_years proxy because no manager age column exists in the workbook,region proxy because no manager local/non-local column exists,26,0.31191855917934386,0.6127474913018675,0.45526119367026524,0.11538461538461539,0.19230769230769232,0.4230769230769231,0.38461538461538464,0.18800893078780823,0.4273624526358011,0.3846286165763907,Neutral,25,0.72,0.12,0.16,24,0.6666666666666666,0.08333333333333333
M0166,Senior-career proxy,Local,Senior-career proxy | Local,seniority_years proxy because no manager age column exists in the workbook,region proxy because no manager local/non-local column exists,26,0.31730375663967314,0.5846392673155711,0.5036941275977131,0.11538461538461539,0.38461538461538464,0.5384615384615384,0.07692307692307693,0.3578094288207325,0.5643859766172901,0.07780459456197757,Neutral,25,0.68,0.16,0.16,24,0.625,0.125
M0167,Early-career proxy,Local,Early-career proxy | Local,seniority_years proxy because no manager age column exists in the workbook,region proxy because no manager local/non-local column exists,26,0.449831948614738,0.4415654011434074,0.5290175147556815,0.23076923076923078,0.23076923076923078,0.4230769230769231,0.34615384615384615,0.21057785711583485,0.4524332489715047,0.3369888939126603,Neutral,25,0.76,0.12,0.12,24,0.625,0.041666666666666664
M0168,Senior-career proxy,Local,Senior-career proxy | Local,seniority_years proxy because no manager age column exists in the workbook,region proxy because no manager local/non-local column exists,26,0.1402783745478881,0.6267472973673738,0.37305017944908114,0.0,0.5769230769230769,0.3076923076923077,0.11538461538461539,0.5561018361296354,0.34728251843126634,0.09661564543909823,Aversion,25,0.72,0.12,0.16,24,0.5833333333333334,0.08333333333333333
M0169,Early-career proxy,Local,Early-career proxy | Local,seniority_years proxy because no manager age column exists in the workbook,region proxy because no manager local/non-local column exists,26,0.1562366693429031,0.6090909847178116,0.4022338552000606,0.0,0.23076923076923078,0.46153846153846156,0.3076923076923077,0.23845429953190317,0.4705560238717623,0.29098967659633435,Neutral,25,0.72,0.12,0.16,24,0.5416666666666666,0.041666666666666664
M0170,Mid-career proxy,Local,Mid-career proxy | Local,seniority_years proxy because no manager age column exists in the workbook,region proxy because no manager local/non-local column exists,26,0.3862766903513953,0.5291893872895833,0.5120177680066746,0.15384615384615385,0.2692307692307692,0.5384615384615384,0.19230769230769232,0.25227214575113727,0.5454204951959777,0.2023073590528851,Neutral,25,0.64,0.16,0.2,24,0.5,0.08333333333333333
M0171,Senior-career proxy,Non-local,Senior-career proxy | Non-local,seniority_years proxy because no manager age column exists in the workbook,region proxy because no manager local/non-local column exists,26,0.2199706742664605,0.5686368528091104,0.4379619547212363,0.0,0.19230769230769232,0.5,0.3076923076923077,0.18729930988385052,0.5137082547268381,0.29899243538931125,Neutral,25,0.8,0.12,0.08,24,0.7083333333333334,0.041666666666666664
M0172,Mid-career proxy,Local,Mid-career proxy | Local,seniority_years proxy because no manager age column exists in the workbook,region proxy because no manager local/non-local column exists,26,0.31033816057894936,0.5836159334295632,0.4906951391829993,0.0,0.2692307692307692,0.6538461538461539,0.07692307692307693,0.29124648006716747,0.6104708557623255,0.09828266417050689,Neutral,25,0.72,0.12,0.16,24,0.5416666666666666,0.041666666666666664
M0173,Senior-career proxy,Non-local,Senior-career proxy | Non-local,seniority_years proxy because no manager age column exists in the workbook,region proxy because no manager local/non-local column exists,26,0.4846698063924095,0.5319664019698493,0.5234770511567371,0.23076923076923078,0.5384615384615384,0.46153846153846156,0.0,0.5053685707077744,0.49452965675175936,0.00010177254046614914,Aversion,25,0.72,0.12,0.16,24,0.5,0.0
M0174,Mid-career proxy,Local,Mid-career proxy | Local,seniority_years proxy because no manager age column exists in the workbook,region proxy because no manager local/non-local column exists,26,0.19859741896410663,0.5259126317232586,0.43332625347300524,0.038461538461538464,0.34615384615384615,0.23076923076923078,0.4230769230769231,0.33175877557835426,0.2503475385317883,0.4178936858898574,Appreciation,25,0.56,0.24,0.2,24,0.75,0.2916666666666667
M0175,Mid-career proxy,Local,Mid-career proxy | Local,seniority_years proxy because no manager age column exists in the workbook,region proxy because no manager local/non-local column exists,26,0.3169944830049528,0.5728375346825563,0.48135893574801825,0.038461538461538464,0.38461538461538464,0.5769230769230769,0.038461538461538464,0.36768655996765864,0.6059700229044779,0.026343417127863332,Neutral,25,0.52,0.2,0.28,24,0.5833333333333334,0.2916666666666667
M0176,Mid-career proxy,Local,Mid-career proxy | Local,seniority_years proxy because no manager age column exists in the workbook,region proxy because no manager local/non-local column exists,26,0.4779667009192182,0.5486356459978516,0.5445429367992464,0.0,0.15384615384615385,0.6923076923076923,0.15384615384615385,0.17619682039683265,0.6677010721911033,0.15610210741206393,Neutral,25,0.76,0.12,0.12,24,0.75,0.125
M0177,Mid-career proxy,Non-local,Mid-career proxy | Non-local,seniority_years proxy because no manager age column exists in the workbook,region proxy because no manager local/non-local column exists,26,0.45104755345158976,0.5381243384219386,0.5335618608693727,0.07692307692307693,0.15384615384615385,0.5769230769230769,0.2692307692307692,0.1684823455982994,0.5639556917292594,0.26756196267244137,Neutral,25,0.92,0.04,0.04,24,0.8333333333333334,0.0
M0178,Mid-career proxy,Local,Mid-career proxy | Local,seniority_years proxy because no manager age column exists in the workbook,region proxy because no manager local/non-local column exists,26,0.33974459606362234,0.5537320981059386,0.49904648768458615,0.0,0.7307692307692307,0.2692307692307692,0.0,0.6700191161705079,0.3299311317560936,4.9752073398481467e-05,Aversion,25,0.76,0.12,0.12,24,0.5833333333333334,0.041666666666666664
M0179,Senior-career proxy,Local,Senior-career proxy | Local,seniority_years proxy because no manager age column exists in the workbook,region proxy because no manager local/non-local column exists,26,0.42035285396480354,0.5199349731502058,0.5442913653072557,0.07692307692307693,0.6538461538461539,0.34615384615384615,0.0,0.6202376209762274,0.37964648332140505,0.000115895702367518,Aversion,25,0.8,0.08,0.12,24,0.5833333333333334,0.0
M0180,Mid-career proxy,Local,Mid-career proxy | Local,seniority_years proxy because no manager age column exists in the workbook,region proxy because no manager local/non-local column exists,26,0.10175105693311266,0.5878964957123847,0.3893508415027084,0.0,0.7307692307692307,0.2692307692307692,0.0,0.7063507138485512,0.29335587798564033,0.00029340816580843425,Aversion,25,0.64,0.16,0.2,24,0.4583333333333333,0.08333333333333333
M0181,Senior-career proxy,Local,Senior-career proxy | Local,seniority_years proxy because no manager age column exists in the workbook,region proxy because no manager local/non-local column exists,26,0.5257720803809465,0.404570101646758,0.5347047417798405,0.2692307692307692,0.6153846153846154,0.2692307692307692,0.11538461538461539,0.5830972735649896,0.3014197526875756,0.11548297374743478,Aversion,25,0.8,0.12,0.08,24,0.625,0.0
M0182,Early-career proxy,Local,Early-career proxy | Local,seniority_years proxy because no manager age column exists in the workbook,region proxy because no manager local/non-local column exists,26,0.3436497744040029,0.4805271610662442,0.47539407826205776,0.15384615384615385,0.19230769230769232,0.46153846153846156,0.34615384615384615,0.16850866962853994,0.4818182962529448,0.34967303411851525,Neutral,25,0.72,0.16,0.12,24,0.625,0.08333333333333333
M0183,Mid-career proxy,Non-local,Mid-career proxy | Non-local,seniority_years proxy because no manager age column exists in the workbook,region proxy because no manager local/non-local column exists,26,0.21791410885333173,0.6194871537913075,0.4284652283668339,0.0,0.6923076923076923,0.3076923076923077,0.0,0.6905397157649105,0.30944506202586275,1.5222209226764463e-05,Aversion,25,0.72,0.12,0.16,24,0.75,0.16666666666666666
M0184,Senior-career proxy,Non-local,Senior-career proxy | Non-local,seniority_years proxy because no manager age column exists in the workbook,region proxy because no manager local/non-local column exists,26,0.4612988886185075,0.4847461963270938,0.5353576141862364,0.2692307692307692,0.15384615384615385,0.6153846153846154,0.23076923076923078,0.146132302511576,0.6365717300472894,0.21729596744113444,Neutral,25,0.72,0.16,0.12,24,0.7083333333333334,0.125
M0185,Mid-career proxy,Local,Mid-career proxy | Local,seniority_years proxy because no manager age column exists in the workbook,region proxy because no manager local/non-local column exists,26,0.30950172145159277,0.5358018985634044,0.4621023421017813,0.15384615384615385,0.2692307692307692,0.7307692307692307,0.0,0.24513558475273853,0.7406851924320355,0.01417922281522634,Neutral,25,0.64,0.16,0.2,24,0.625,0.16666666666666666
M0186,Senior-career proxy,Non-local,Senior-career proxy | Non-local,seniority_years proxy because no manager age column exists in the workbook,region proxy because no manager local/non-local column exists,26,0.4819472452995916,0.5091609834744611,0.5187498929339787,0.11538461538461539,0.5,0.4230769230769231,0.07692307692307693,0.44871705808120776,0.48043802581455836,0.07084491610423377,Aversion,25,0.64,0.16,0.2,24,0.5833333333333334,0.125
M0187,Early-career proxy,Local,Early-career proxy | Local,seniority_years proxy because no manager age column exists in the workbook,region proxy because no manager local/non-local column exists,26,0.4735286144859684,0.4681059414985904,0.5488117956853167,0.23076923076923078,0.38461538461538464,0.6153846153846154,0.0,0.40240768428444873,0.5791555918188337,0.018436723896717425,Neutral,25,0.52,0.24,0.24,24,0.5416666666666666,0.25
M0188,Mid-career proxy,Local,Mid-career proxy | Local,seniority_years proxy because no manager age column exists in the workbook,region proxy because no manager local/non-local column exists,26,0.12378081067569931,0.5954663009583407,0.37318900190696147,0.0,0.46153846153846156,0.38461538461538464,0.15384615384615385,0.4032849565174683,0.44231453741795873,0.15440050606457303,Aversion,25,0.52,0.24,0.24,24,0.5416666666666666,0.2916666666666667
M0189,Mid-career proxy,Local,Mid-career proxy | Local,seniority_years proxy because no manager age column exists in the workbook,region proxy because no manager local/non-local column exists,26,0.31504027649324734,0.5337081472654858,0.46348800431971277,0.11538461538461539,0.46153846153846156,0.46153846153846156,0.07692307692307693,0.43409516703978096,0.48937630672082155,0.07652852623939742,Neutral,25,0.64,0.2,0.16,24,0.5,0.125
M0190,Mid-career proxy,Local,Mid-career proxy | Local,seniority_years proxy because no manager age column exists in the workbook,region proxy because no manager local/non-local column exists,26,0.5131291944284905,0.5611207754167125,0.5363921248649255,0.038461538461538464,0.23076923076923078,0.7692307692307693,0.0,0.22371871610833957,0.7661731562186164,0.010108127673043931,Neutral,25,0.76,0.12,0.12,24,0.625,0.041666666666666664
M0191,Mid-career proxy,Local,Mid-career proxy | Local,seniority_years proxy because no manager age column exists in the workbook,region proxy because no manager local/non-local column exists,26,0.3222661940005768,0.5280206541240745,0.5011179522183457,0.038461538461538464,0.5769230769230769,0.38461538461538464,0.038461538461538464,0.5336604566842402,0.43016181021491684,0.03617773310084281,Aversion,25,0.76,0.08,0.16,24,0.625,0.041666666666666664
M0192,Early-career proxy,Local,Early-career proxy | Local,seniority_years proxy because no manager age column exists in the workbook,region proxy because no manager local/non-local column exists,26,0.48286698123896843,0.575917352998333,0.48878219505758363,0.038461538461538464,0.23076923076923078,0.6538461538461539,0.11538461538461539,0.24029649693391694,0.6486146597230277,0.11108884334305537,Neutral,25,0.76,0.12,0.12,24,0.5833333333333334,0.0
M0193,Mid-career proxy,Non-local,Mid-career proxy | Non-local,seniority_years proxy because no manager age column exists in the workbook,region proxy because no manager local/non-local column exists,26,0.3749856906665417,0.5291165248108353,0.4915559764136226,0.19230769230769232,0.11538461538461539,0.6538461538461539,0.23076923076923078,0.11175165212056888,0.6642821710994211,0.22396617678000982,Neutral,25,0.72,0.12,0.16,24,0.6666666666666666,0.08333333333333333
M0194,Mid-career proxy,Local,Mid-career proxy | Local,seniority_years proxy because no manager age column exists in the workbook,region proxy because no manager local/non-local column exists,26,0.31875498233944854,0.5393128418055662,0.4703007801412505,0.11538461538461539,0.0,0.6153846153846154,0.38461538461538464,6.921195093528844e-16,0.6132684220322208,0.3867315779677784,Neutral,25,0.96,0.04,0.0,24,0.9166666666666666,0.0
M0195,Mid-career proxy,Local,Mid-career proxy | Local,seniority_years proxy because no manager age column exists in the workbook,region proxy because no manager local/non-local column exists,26,0.21499903481050112,0.6245411691187557,0.44486926440484326,0.0,0.0,0.8076923076923077,0.19230769230769232,0.0003142900011865822,0.7838443598031782,0.21584135019563508,Neutral,25,0.88,0.08,0.04,24,0.7916666666666666,0.0
M0196,Mid-career proxy,Local,Mid-career proxy | Local,seniority_years proxy because no manager age column exists in the workbook,region proxy because no manager local/non-local column exists,26,0.4500734862716562,0.5946163561514741,0.5303125440086129,0.2692307692307692,0.4230769230769231,0.5384615384615384,0.038461538461538464,0.41378416858861294,0.5548444355364316,0.03137139587495537,Neutral,25,0.68,0.16,0.16,24,0.625,0.125
M0197,Early-career proxy,Local,Early-career proxy | Local,seniority_years proxy because no manager age column exists in the workbook,region proxy because no manager local/non-local column exists,26,0.39518523664530275,0.5163345094414233,0.48895834861595194,0.07692307692307693,0.15384615384615385,0.7692307692307693,0.07692307692307693,0.17027752923071438,0.7637977015497645,0.06592476921952134,Neutral,25,0.64,0.2,0.16,24,0.6666666666666666,0.16666666666666666
M0198,Mid-career proxy,Local,Mid-career proxy | Local,seniority_years proxy because no manager age column exists in the workbook,region proxy because no manager local/non-local column exists,26,0.5773510242407638,0.4364350265214633,0.5835896777736693,0.38461538461538464,0.5,0.19230769230769232,0.3076923076923077,0.47396733824264786,0.2224392652750325,0.3035933964823196,Aversion,25,0.76,0.12,0.12,24,0.6666666666666666,0.08333333333333333
M0199,Senior-career proxy,Local,Senior-career proxy | Local,seniority_years proxy because no manager age column exists in the workbook,region proxy because no manager local/non-local column exists,26,0.4432824956503874,0.5190180776187228,0.5288932602945647,0.0,0.4230769230769231,0.46153846153846156,0.11538461538461539,0.39684483141013344,0.4877717510881597,0.1153834175017068,Neutral,25,0.68,0.16,0.16,24,0.3333333333333333,0.0
M0200,Early-career proxy,Non-local,Early-career proxy | Non-local,seniority_years proxy because no manager age column exists in the workbook,region proxy because no manager local/non-local column exists,26,0.3355431652123511,0.5485608677701144,0.4478348734171538,0.0,0.6923076923076923,0.23076923076923078,0.07692307692307693,0.6556878090613535,0.276121319491875,0.06819087144677148,Aversion,25,0.64,0.16,0.2,24,0.5833333333333334,0.125
M0201,Senior-career proxy,Local,Senior-career proxy | Local,seniority_years proxy because no manager age column exists in the workbook,region proxy because no manager local/non-local column exists,26,0.42183765030108944,0.50901334032359,0.5138245358423155,0.038461538461538464,0.038461538461538464,0.5769230769230769,0.38461538461538464,0.037806216063888294,0.5800932680372328,0.3821005158988782,Neutral,25,0.88,0.08,0.04,24,0.8333333333333334,0.041666666666666664
M0202,Mid-career proxy,Non-local,Mid-career proxy | Non-local,seniority_years proxy because no manager age column exists in the workbook,region proxy because no manager local/non-local column exists,26,0.5149127467561413,0.45392887183372843,0.562935081425373,0.23076923076923078,0.19230769230769232,0.3076923076923077,0.5,0.21860175503421472,0.2828005103005535,0.49859773466523183,Appreciation,25,0.8,0.12,0.08,24,0.75,0.08333333333333333
M0203,Senior-career proxy,Local,Senior-career proxy | Local,seniority_years proxy because no manager age column exists in the workbook,region proxy because no manager local/non-local column exists,26,0.2437239292745294,0.5736658838140292,0.45502395690732,0.038461538461538464,0.5384615384615384,0.46153846153846156,0.0,0.5180220144328176,0.4808262737877774,0.0011517117794049372,Aversion,25,0.8,0.08,0.12,24,0.6666666666666666,0.041666666666666664
M0204,Mid-career proxy,Non-local,Mid-career proxy | Non-local,seniority_years proxy because no manager age column exists in the workbook,region proxy because no manager local/non-local column exists,26,0.4901027250565677,0.5204358858114059,0.5377417169606988,0.038461538461538464,0.2692307692307692,0.3076923076923077,0.4230769230769231,0.24730929808436988,0.3441177280284873,0.4085729738871428,Appreciation,25,0.8,0.12,0.08,24,0.625,0.0
M0205,Mid-career proxy,Non-local,Mid-career proxy | Non-local,seniority_years proxy because no manager age column exists in the workbook,region proxy because no manager local/non-local column exists,26,0.3310027499636909,0.549477522248425,0.497525086399366,0.23076923076923078,0.6538461538461539,0.34615384615384615,0.0,0.6150938824496911,0.37830081486017586,0.006605302690133015,Aversion,25,0.64,0.16,0.2,24,0.625,0.16666666666666666
M0206,Senior-career proxy,Local,Senior-career proxy | Local,seniority_years proxy because no manager age column exists in the workbook,region proxy because no manager local/non-local column exists,26,0.4185383888937935,0.5472764942325516,0.5469856656195619,0.07692307692307693,0.5769230769230769,0.4230769230769231,0.0,0.5628108737429349,0.43712678926305704,6.233699400804293e-05,Aversion,25,0.88,0.04,0.08,24,0.75,0.0
M0207,Mid-career proxy,Local,Mid-career proxy | Local,seniority_years proxy because no manager age column exists in the workbook,region proxy because no manager local/non-local column exists,26,0.28397879382857694,0.5672442229785036,0.4536231624432584,0.038461538461538464,0.34615384615384615,0.4230769230769231,0.23076923076923078,0.33122733292370055,0.438012167091187,0.23076049998511244,Neutral,25,0.72,0.16,0.12,24,0.7083333333333334,0.125
M0208,Early-career proxy,Local,Early-career proxy | Local,seniority_years proxy because no manager age column exists in the workbook,region proxy because no manager local/non-local column exists,26,0.5050342319311336,0.4983902581029967,0.5450415313351749,0.07692307692307693,0.2692307692307692,0.46153846153846156,0.2692307692307692,0.2662727623700757,0.4680135098261389,0.2657137278037855,Neutral,25,0.84,0.08,0.08,24,0.8333333333333334,0.08333333333333333
M0209,Mid-career proxy,Local,Mid-career proxy | Local,seniority_years proxy because no manager age column exists in the workbook,region proxy because no manager local/non-local column exists,26,0.38393076548068716,0.5726820615223208,0.48959003939008744,0.07692307692307693,0.19230769230769232,0.7692307692307693,0.038461538461538464,0.1791359182168692,0.782040123216981,0.038823958566149855,Neutral,25,0.72,0.16,0.12,24,0.625,0.08333333333333333
M0210,Early-career proxy,Non-local,Early-career proxy | Non-local,seniority_years proxy because no manager age column exists in the workbook,region proxy because no manager local/non-local column exists,26,0.43670545957536167,0.5109386563393217,0.5031350511013811,0.15384615384615385,0.34615384615384615,0.46153846153846156,0.19230769230769232,0.3554306753642053,0.45223432524373935,0.1923349993920553,Neutral,25,0.84,0.08,0.08,24,0.6666666666666666,0.0
M0211,Early-career proxy,Non-local,Early-career proxy | Non-local,seniority_years proxy because no manager age column exists in the workbook,region proxy because no manager local/non-local column exists,26,0.335692942811914,0.58249241526546,0.4765213521565411,0.07692307692307693,0.6538461538461539,0.15384615384615385,0.19230769230769232,0.6291187864551475,0.21713819550054206,0.15374301804431045,Aversion,25,0.72,0.12,0.16,24,0.625,0.041666666666666664
M0212,Senior-career proxy,Non-local,Senior-career proxy | Non-local,seniority_years proxy because no manager age column exists in the workbook,region proxy because no manager local/non-local column exists,26,0.4993541902666179,0.5103892561567442,0.537079598436239,0.15384615384615385,0.5,0.5,0.0,0.4911740356822659,0.5042864500772223,0.0045395142405119,Neutral,25,0.96,0.0,0.04,24,0.9166666666666666,0.0
M0213,Mid-career proxy,Local,Mid-career proxy | Local,seniority_years proxy because no manager age column exists in the workbook,region proxy because no manager local/non-local column exists,26,0.40628754017704516,0.5520399887963898,0.5219371979563221,0.038461538461538464,0.15384615384615385,0.7692307692307693,0.07692307692307693,0.18249943464965693,0.7443635230260042,0.07313704232433879,Neutral,25,0.64,0.2,0.16,24,0.7083333333333334,0.20833333333333334
M0214,Mid-career proxy,Non-local,Mid-career proxy | Non-local,seniority_years proxy because no manager age column exists in the workbook,region proxy because no manager local/non-local column exists,26,0.43502052646591377,0.5444211770714052,0.5386220464434895,0.23076923076923078,0.38461538461538464,0.6153846153846154,0.0,0.38376092120709215,0.6153061364518149,0.0009329423410931075,Neutral,25,0.72,0.12,0.16,24,0.75,0.16666666666666666
M0215,Early-career proxy,Non-local,Early-career proxy | Non-local,seniority_years proxy because no manager age column exists in the workbook,region proxy because no manager local/non-local column exists,26,0.5106919317622254,0.49742081336912314,0.5609215229916601,0.11538461538461539,0.11538461538461539,0.6923076923076923,0.19230769230769232,0.11518501549048515,0.6312286727211075,0.2535863117884074,Neutral,25,0.84,0.08,0.08,24,0.7083333333333334,0.0
M0216,Early-career proxy,Local,Early-career proxy | Local,seniority_years proxy because no manager age column exists in the workbook,region proxy because no manager local/non-local column exists,26,0.18748338152580696,0.5236823708564432,0.42992822338634684,0.038461538461538464,0.7307692307692307,0.23076923076923078,0.038461538461538464,0.6762590176938292,0.28527213337827895,0.038468848927891715,Aversion,25,0.56,0.24,0.2,24,0.5416666666666666,0.16666666666666666
M0217,Early-career proxy,Local,Early-career proxy | Local,seniority_years proxy because no manager age column exists in the workbook,region proxy because no manager local/non-local column exists,26,0.5035113686290712,0.5040493256159926,0.5305304420366516,0.19230769230769232,0.11538461538461539,0.4230769230769231,0.46153846153846156,0.11265938620578779,0.4438681528757257,0.44347246091848663,Appreciation,25,0.8,0.12,0.08,24,0.625,0.0
M0218,Senior-career proxy,Local,Senior-career proxy | Local,seniority_years proxy because no manager age column exists in the workbook,region proxy because no manager local/non-local column exists,26,0.5036754337294023,0.5275667540281984,0.5300180843491819,0.15384615384615385,0.5384615384615384,0.34615384615384615,0.11538461538461539,0.5166989845086034,0.36793624796098956,0.11536476753040704,Aversion,25,0.6,0.2,0.2,24,0.5,0.16666666666666666
M0219,Senior-career proxy,Local,Senior-career proxy | Local,seniority_years proxy because no manager age column exists in the workbook,region proxy because no manager local/non-local column exists,26,0.2615228052023421,0.561324512177462,0.4734341323092035,0.0,0.15384615384615385,0.38461538461538464,0.46153846153846156,0.13451131941729283,0.4039095298557997,0.46157915072690714,Appreciation,25,0.8,0.12,0.08,24,0.6666666666666666,0.041666666666666664
M0220,Mid-career proxy,Local,Mid-career proxy | Local,seniority_years proxy because no manager age column exists in the workbook,region proxy because no manager local/non-local column exists,26,0.401794650137399,0.5809519039244326,0.5230452995636411,0.0,0.34615384615384615,0.6538461538461539,0.0,0.34277675626210474,0.6538321742461655,0.00339106949172967,Neutral,25,0.84,0.08,0.08,24,0.7083333333333334,0.0
M0221,Mid-career proxy,Local,Mid-career proxy | Local,seniority_years proxy because no manager age column exists in the workbook,region proxy because no manager local/non-local column exists,26,0.25409691241115057,0.592764317468336,0.42518895645653026,0.038461538461538464,0.5769230769230769,0.34615384615384615,0.07692307692307693,0.504426026079483,0.4277095658054516,0.06786440811506546,Aversion,25,0.72,0.16,0.12,24,0.5833333333333334,0.08333333333333333
M0222,Mid-career proxy,Local,Mid-career proxy | Local,seniority_years proxy because no manager age column exists in the workbook,region proxy because no manager local/non-local column exists,26,0.1207214049082282,0.5817896824555424,0.3736437287123263,0.0,0.0,0.5,0.5,5.69080796890989e-25,0.4827926644804529,0.517207335519547,Neutral,25,0.88,0.08,0.04,24,0.75,0.0
M0223,Early-career proxy,Local,Early-career proxy | Local,seniority_years proxy because no manager age column exists in the workbook,region proxy because no manager local/non-local column exists,26,0.2718227295305445,0.5440478770572877,0.4466565201245944,0.0,0.38461538461538464,0.6153846153846154,0.0,0.3808371847981921,0.613381493908546,0.0057813212932618435,Neutral,25,0.8,0.08,0.12,24,0.5833333333333334,0.0
M0224,Mid-career proxy,Local,Mid-career proxy | Local,seniority_years proxy because no manager age column exists in the workbook,region proxy because no manager local/non-local column exists,26,0.5557826187318423,0.4534190239479901,0.5630596425703162,0.19230769230769232,0.23076923076923078,0.7692307692307693,0.0,0.23387743394829874,0.7603912994594757,0.005731266592225595,Neutral,25,0.8,0.08,0.12,24,0.6666666666666666,0.041666666666666664
M0225,Mid-career proxy,Local,Mid-career proxy | Local,seniority_years proxy because no manager age column exists in the workbook,region proxy because no manager local/non-local column exists,26,0.2906088468573203,0.5958222594138859,0.457386879943436,0.0,0.38461538461538464,0.34615384615384615,0.2692307692307692,0.3221236022487969,0.409238186886041,0.26863821086516215,Aversion,25,0.68,0.2,0.12,24,0.5416666666666666,0.08333333333333333
M0226,Senior-career proxy,Local,Senior-career proxy | Local,seniority_years proxy because no manager age column exists in the workbook,region proxy because no manager local/non-local column exists,26,0.3034708156384789,0.5897923607988281,0.5013173874061925,0.038461538461538464,0.6153846153846154,0.3076923076923077,0.07692307692307693,0.5935407771054383,0.32900580144544733,0.0774534214491144,Aversion,25,0.8,0.12,0.08,24,0.6666666666666666,0.041666666666666664
M0227,Mid-career proxy,Local,Mid-career proxy | Local,seniority_years proxy because no manager age column exists in the workbook,region proxy because no manager local/non-local column exists,26,0.09881870681979948,0.5690864631551059,0.394014727199386,0.0,0.6923076923076923,0.3076923076923077,0.0,0.6696133703369423,0.33035670174950293,2.9927913554755353e-05,Aversion,25,0.64,0.16,0.2,24,0.4583333333333333,0.08333333333333333
M0228,Mid-career proxy,Non-local,Mid-career proxy | Non-local,seniority_years proxy because no manager age column exists in the workbook,region proxy because no manager local/non-local column exists,26,0.38273294099369726,0.48578310397890867,0.49474228873821846,0.2692307692307692,0.4230769230769231,0.5384615384615384,0.038461538461538464,0.3951473988043407,0.5696721059205802,0.035180495275079396,Neutral,25,0.68,0.16,0.16,24,0.5416666666666666,0.08333333333333333
M0229,Mid-career proxy,Local,Mid-career proxy | Local,seniority_years proxy because no manager age column exists in the workbook,region proxy because no manager local/non-local column exists,26,0.3462551514007676,0.6029197248229186,0.521425612490513,0.038461538461538464,0.5,0.34615384615384615,0.15384615384615385,0.4519285372575108,0.39742117592684845,0.1506502868156407,Aversion,25,0.72,0.12,0.16,24,0.5833333333333334,0.08333333333333333
M0230,Senior-career proxy,Local,Senior-career proxy | Local,seniority_years proxy because no manager age column exists in the workbook,region proxy because no manager local/non-local column exists,26,0.16836586371087417,0.6107057564548161,0.4073519942526973,0.0,0.5384615384615384,0.46153846153846156,0.0,0.4763381372212725,0.5111286981008372,0.012533164677890108,Aversion,25,0.6,0.2,0.2,24,0.5833333333333334,0.20833333333333334
M0231,Early-career proxy,Non-local,Early-career proxy | Non-local,seniority_years proxy because no manager age column exists in the workbook,region proxy because no manager local/non-local column exists,26,0.08191827485998958,0.655641197791392,0.4002164486102979,0.0,0.38461538461538464,0.4230769230769231,0.19230769230769232,0.384673301663521,0.4585774043412669,0.15674929399521187,Neutral,25,0.6,0.16,0.24,24,0.4166666666666667,0.08333333333333333
M0232,Mid-career proxy,Non-local,Mid-career proxy | Non-local,seniority_years proxy because no manager age column exists in the workbook,region proxy because no manager local/non-local column exists,26,0.612546858830837,0.503757223533867,0.5732496127051591,0.34615384615384615,0.38461538461538464,0.4230769230769231,0.19230769230769232,0.3844778291625624,0.4050636382831403,0.21045853255429717,Neutral,25,0.68,0.16,0.16,24,0.5833333333333334,0.08333333333333333
M0233,Mid-career proxy,Local,Mid-career proxy | Local,seniority_years proxy because no manager age column exists in the workbook,region proxy because no manager local/non-local column exists,26,0.3643700298042848,0.5278229815819088,0.48398654022259635,0.038461538461538464,0.23076923076923078,0.6153846153846154,0.15384615384615385,0.21895313471657754,0.6358094268664547,0.14523743841696762,Neutral,25,0.8,0.08,0.12,24,0.7083333333333334,0.041666666666666664
M0234,Mid-career proxy,Local,Mid-career proxy | Local,seniority_years proxy because no manager age column exists in the workbook,region proxy because no manager local/non-local column exists,26,0.5241992909395732,0.5374651243970878,0.5466093222959376,0.2692307692307692,0.0,0.8076923076923077,0.19230769230769232,0.003777739086583127,0.7446710040516382,0.2515512568617783,Neutral,25,0.96,0.04,0.0,24,0.9166666666666666,0.0
M0235,Mid-career proxy,Non-local,Mid-career proxy | Non-local,seniority_years proxy because no manager age column exists in the workbook,region proxy because no manager local/non-local column exists,26,0.48793381887603543,0.4606329229861767,0.5301591947632314,0.038461538461538464,0.46153846153846156,0.5,0.038461538461538464,0.44464706265699927,0.5104082538921874,0.04494468345081337,Neutral,25,0.64,0.16,0.2,24,0.5,0.08333333333333333
M0236,Mid-career proxy,Local,Mid-career proxy | Local,seniority_years proxy because no manager age column exists in the workbook,region proxy because no manager local/non-local column exists,26,0.4620439505115098,0.5244646276314158,0.5265163698488813,0.2692307692307692,0.46153846153846156,0.3076923076923077,0.23076923076923078,0.4596166597929224,0.31744087799615983,0.2229424622109178,Aversion,25,0.64,0.2,0.16,24,0.5833333333333334,0.125
M0237,Senior-career proxy,Local,Senior-career proxy | Local,seniority_years proxy because no manager age column exists in the workbook,region proxy because no manager local/non-local column exists,26,0.18040058591443103,0.6025041913190718,0.4251106289043275,0.0,0.2692307692307692,0.46153846153846156,0.2692307692307692,0.22941649732569427,0.4989489183845842,0.27163458428972115,Neutral,25,0.72,0.16,0.12,24,0.4166666666666667,0.0
M0238,Early-career proxy,Local,Early-career proxy | Local,seniority_years proxy because no manager age column exists in the workbook,region proxy because no manager local/non-local column exists,26,0.4128352041983702,0.5195356628308855,0.5137351050971614,0.23076923076923078,0.34615384615384615,0.5,0.15384615384615385,0.341360813473342,0.5078783916868344,0.1507607948398238,Neutral,25,0.72,0.12,0.16,24,0.5416666666666666,0.041666666666666664
M0239,Early-career proxy,Local,Early-career proxy | Local,seniority_years proxy because no manager age column exists in the workbook,region proxy because no manager local/non-local column exists,26,0.21859576356145077,0.5999988341359777,0.41658427410342164,0.0,0.2692307692307692,0.6923076923076923,0.038461538461538464,0.289272429113214,0.6723284681347389,0.03839910275204712,Neutral,25,0.52,0.2,0.28,24,0.6666666666666666,0.3333333333333333
M0240,Early-career proxy,Local,Early-career proxy | Local,seniority_years proxy because no manager age column exists in the workbook,region proxy because no manager local/non-local column exists,26,0.3975315723570911,0.5142332647574249,0.49114121359352764,0.19230769230769232,0.23076923076923078,0.7692307692307693,0.0,0.22816005132997322,0.7620190899985407,0.009820858671486103,Neutral,25,0.8,0.08,0.12,24,0.6666666666666666,0.041666666666666664
M0241,Senior-career proxy,Local,Senior-career proxy | Local,seniority_years proxy because no manager age column exists in the workbook,region proxy because no manager local/non-local column exists,26,0.17722295214623132,0.5562742606568054,0.41035834875827454,0.0,0.46153846153846156,0.4230769230769231,0.11538461538461539,0.4475287881102016,0.4370759674804629,0.11539524440933556,Aversion,25,0.48,0.24,0.28,24,0.5416666666666666,0.25
M0242,Early-career proxy,Non-local,Early-career proxy | Non-local,seniority_years proxy because no manager age column exists in the workbook,region proxy because no manager local/non-local column exists,26,0.47124052890888557,0.44491250673762534,0.5286302341703086,0.11538461538461539,0.0,0.5384615384615384,0.46153846153846156,7.471122510948771e-10,0.5390117831067522,0.4609882161461355,Neutral,25,0.96,0.04,0.0,24,0.9166666666666666,0.0
M0243,Senior-career proxy,Local,Senior-career proxy | Local,seniority_years proxy because no manager age column exists in the workbook,region proxy because no manager local/non-local column exists,26,0.12946771386656825,0.6035835112644694,0.3986095504816208,0.0,0.038461538461538464,0.4230769230769231,0.5384615384615384,0.03500885941230514,0.48450469235346805,0.4804864482342268,Appreciation,25,0.88,0.08,0.04,24,0.8333333333333334,0.041666666666666664
M0244,Mid-career proxy,Non-local,Mid-career proxy | Non-local,seniority_years proxy because no manager age column exists in the workbook,region proxy because no manager local/non-local column exists,26,0.33631764793700686,0.5409836195219803,0.4813035253864197,0.07692307692307693,0.5384615384615384,0.4230769230769231,0.038461538461538464,0.5334836186121751,0.4325247265276977,0.03399165486012719,Aversion,25,0.76,0.12,0.12,24,0.7083333333333334,0.08333333333333333
M0245,Early-career proxy,Local,Early-career proxy | Local,seniority_years proxy because no manager age column exists in the workbook,region proxy because no manager local/non-local column exists,26,0.18971706160336024,0.5690213485482877,0.4228800369405223,0.0,0.19230769230769232,0.4230769230769231,0.38461538461538464,0.17919050328132283,0.46066165907403706,0.3601478376446401,Neutral,25,0.76,0.12,0.12,24,0.5833333333333334,0.041666666666666664
M0246,Mid-career proxy,Local,Mid-career proxy | Local,seniority_years proxy because no manager age column exists in the workbook,region proxy because no manager local/non-local column exists,26,0.4289190938470316,0.5390047556656907,0.5217403923104116,0.038461538461538464,0.46153846153846156,0.5,0.038461538461538464,0.42297068517235065,0.5394154958018195,0.03761381902582998,Neutral,25,0.72,0.16,0.12,24,0.5833333333333334,0.041666666666666664
M0247,Early-career proxy,Non-local,Early-career proxy | Non-local,seniority_years proxy because no manager age column exists in the workbook,region proxy because no manager local/non-local column exists,26,0.4120265473688968,0.5107719886833186,0.49750280979371947,0.07692307692307693,0.19230769230769232,0.8076923076923077,0.0,0.1896468502933602,0.7867350310161089,0.023618118690531327,Neutral,25,0.84,0.08,0.08,24,0.75,0.041666666666666664
M0248,Mid-career proxy,Local,Mid-career proxy | Local,seniority_years proxy because no manager age column exists in the workbook,region proxy because no manager local/non-local column exists,26,0.11859645863050984,0.566399118580937,0.3801034458099899,0.0,0.46153846153846156,0.23076923076923078,0.3076923076923077,0.4130330376017095,0.29597811047525413,0.29098885192303636,Aversion,25,0.68,0.16,0.16,24,0.7083333333333334,0.16666666666666666
M0249,Mid-career proxy,Local,Mid-career proxy | Local,seniority_years proxy because no manager age column exists in the workbook,region proxy because no manager local/non-local column exists,26,0.3677826553349215,0.5609667105562655,0.48201083423968505,0.0,0.46153846153846156,0.5,0.038461538461538464,0.4359561009896511,0.49997483667307036,0.06406906233727852,Neutral,25,0.52,0.2,0.28,24,0.5416666666666666,0.25
M0250,Senior-career proxy,Local,Senior-career proxy | Local,seniority_years proxy because no manager age column exists in the workbook,region proxy because no manager local/non-local column exists,26,0.2898863935963604,0.6395796366950365,0.48512118871322296,0.0,0.038461538461538464,0.5769230769230769,0.38461538461538464,0.0400959134810985,0.5788632384105893,0.3810408481083123,Neutral,25,0.88,0.08,0.04,24,0.8333333333333334,0.041666666666666664
M0251,Early-career proxy,Local,Early-career proxy | Local,seniority_years proxy because no manager age column exists in the workbook,region proxy because no manager local/non-local column exists,26,0.4906186102328303,0.5087010448005758,0.5284662594893532,0.038461538461538464,0.4230769230769231,0.5384615384615384,0.038461538461538464,0.43483304825860014,0.5204948198125845,0.04467213192881536,Neutral,25,0.68,0.16,0.16,24,0.625,0.125
M0252,Mid-career proxy,Local,Mid-career proxy | Local,seniority_years proxy because no manager age column exists in the workbook,region proxy because no manager local/non-local column exists,26,0.24308167918849483,0.5519200250459954,0.430419299673883,0.07692307692307693,0.2692307692307692,0.6153846153846154,0.11538461538461539,0.26512130899396147,0.570394988896742,0.16448370210929625,Neutral,25,0.8,0.12,0.08,24,0.5833333333333334,0.0
M0253,Mid-career proxy,Non-local,Mid-career proxy | Non-local,seniority_years proxy because no manager age column exists in the workbook,region proxy because no manager local/non-local column exists,26,0.22339391985410326,0.5424270120858682,0.42392378025536914,0.0,0.23076923076923078,0.4230769230769231,0.34615384615384615,0.2294223442791376,0.4229841783244652,0.3475934773963972,Neutral,25,0.56,0.2,0.24,24,0.375,0.08333333333333333
M0254,Early-career proxy,Non-local,Early-career proxy | Non-local,seniority_years proxy because no manager age column exists in the workbook,region proxy because no manager local/non-local column exists,26,0.3362392757346242,0.5603483944472853,0.46400966955783096,0.07692307692307693,0.5,0.15384615384615385,0.34615384615384615,0.502293000909565,0.15474628615212924,0.3429607129383057,Aversion,25,0.8,0.12,0.08,24,0.6666666666666666,0.0
M0255,Senior-career proxy,Non-local,Senior-career proxy | Non-local,seniority_years proxy because no manager age column exists in the workbook,region proxy because no manager local/non-local column exists,26,0.569554586996129,0.4626701294368543,0.5974459878035738,0.46153846153846156,0.6923076923076923,0.3076923076923077,0.0,0.6708003775037691,0.32894254812589463,0.00025707437033612763,Aversion,25,0.56,0.2,0.24,24,0.5,0.20833333333333334
M0256,Mid-career proxy,Local,Mid-career proxy | Local,seniority_years proxy because no manager age column exists in the workbook,region proxy because no manager local/non-local column exists,26,0.44249563128762665,0.5225606797985225,0.5363901332964538,0.15384615384615385,0.5,0.5,0.0,0.4740170209610547,0.525935331309631,4.764772931429668e-05,Neutral,25,0.72,0.12,0.16,24,0.7083333333333334,0.125
M0257,Early-career proxy,Local,Early-career proxy | Local,seniority_years proxy because no manager age column exists in the workbook,region proxy because no manager local/non-local column exists,26,0.3393495169794981,0.5982194028946175,0.5095968000029494,0.07692307692307693,0.038461538461538464,0.5,0.46153846153846156,0.04249617902746819,0.4784181584973728,0.4790856624751591,Neutral,25,0.8,0.12,0.08,24,0.7916666666666666,0.08333333333333333
M0258,Mid-career proxy,Local,Mid-career proxy | Local,seniority_years proxy because no manager age column exists in the workbook,region proxy because no manager local/non-local column exists,26,0.29906621962527125,0.5471155476504663,0.4692441582921202,0.0,0.6538461538461539,0.34615384615384615,0.0,0.5927005571944396,0.40729527267636834,4.170129191983813e-06,Aversion,25,0.64,0.16,0.2,24,0.5833333333333334,0.16666666666666666
M0259,Early-career proxy,Non-local,Early-career proxy | Non-local,seniority_years proxy because no manager age column exists in the workbook,region proxy because no manager local/non-local column exists,26,0.1833018402285373,0.5562243018877474,0.419086583635325,0.038461538461538464,0.5769230769230769,0.4230769230769231,0.0,0.5279014690406695,0.47203699192426135,6.153903506917214e-05,Aversion,25,0.56,0.2,0.24,24,0.4166666666666667,0.16666666666666666
M0260,Mid-career proxy,Local,Mid-career proxy | Local,seniority_years proxy because no manager age column exists in the workbook,region proxy because no manager local/non-local column exists,26,0.26672988038460876,0.4928667659268088,0.4337988352496987,0.07692307692307693,0.5,0.5,0.0,0.5009470319450217,0.49901208601087477,4.088204410346258e-05,Neutral,25,0.72,0.12,0.16,24,0.8333333333333334,0.20833333333333334
M0261,Early-career proxy,Local,Early-career proxy | Local,seniority_years proxy because no manager age column exists in the workbook,region proxy because no manager local/non-local column exists,26,0.23381696483422246,0.5210300762086219,0.4579226245262052,0.15384615384615385,0.038461538461538464,0.6153846153846154,0.34615384615384615,0.04463065166884294,0.5872866030922297,0.36808274523892737,Neutral,25,0.76,0.12,0.12,24,0.7083333333333334,0.08333333333333333
M0262,Mid-career proxy,Non-local,Mid-career proxy | Non-local,seniority_years proxy because no manager age column exists in the workbook,region proxy because no manager local/non-local column exists,26,0.22672952673463936,0.622372746526293,0.43070059976139263,0.0,0.38461538461538464,0.5384615384615384,0.07692307692307693,0.3905611654357199,0.5621720222289911,0.04726681233528897,Neutral,25,0.8,0.08,0.12,24,0.5833333333333334,0.0
M0263,Mid-career proxy,Local,Mid-career proxy | Local,seniority_years proxy because no manager age column exists in the workbook,region proxy because no manager local/non-local column exists,26,0.20293219732685486,0.5673816854115115,0.3922142362762252,0.0,0.11538461538461539,0.46153846153846156,0.4230769230769231,0.11917771655888396,0.4468459324406859,0.4339763510004301,Neutral,25,0.68,0.16,0.16,24,0.5416666666666666,0.125
M0264,Senior-career proxy,Local,Senior-career proxy | Local,seniority_years proxy because no manager age column exists in the workbook,region proxy because no manager local/non-local column exists,26,0.15467445484890532,0.6307295898287371,0.3720953508267566,0.0,0.6153846153846154,0.38461538461538464,0.0,0.5986296777538106,0.38870248103942934,0.012667841206760028,Aversion,25,0.76,0.12,0.12,24,0.5,0.0
M0265,Early-career proxy,Local,Early-career proxy | Local,seniority_years proxy because no manager age column exists in the workbook,region proxy because no manager local/non-local column exists,26,0.4282293746044763,0.5080090380732515,0.49577604982305085,0.15384615384615385,0.2692307692307692,0.46153846153846156,0.2692307692307692,0.28470040829946586,0.4452519880925222,0.27004760360801194,Neutral,25,0.84,0.08,0.08,24,0.7083333333333334,0.0
M0266,Mid-career proxy,Local,Mid-career proxy | Local,seniority_years proxy because no manager age column exists in the workbook,region proxy because no manager local/non-local column exists,26,0.237091471663536,0.5981367031222924,0.45781264269500765,0.07692307692307693,0.38461538461538464,0.6153846153846154,0.0,0.3703978675300764,0.6258068928728342,0.00379523959708927,Neutral,25,0.76,0.12,0.12,24,0.625,0.041666666666666664
M0267,Senior-career proxy,Local,Senior-career proxy | Local,seniority_years proxy because no manager age column exists in the workbook,region proxy because no manager local/non-local column exists,26,0.2575130484440014,0.5368676798449977,0.43444462509580417,0.07692307692307693,0.38461538461538464,0.2692307692307692,0.34615384615384615,0.3432876063749495,0.31139203820254224,0.34532035542250833,Aversion,25,0.68,0.16,0.16,24,0.5416666666666666,0.08333333333333333
M0268,Early-career proxy,Local,Early-career proxy | Local,seniority_years proxy because no manager age column exists in the workbook,region proxy because no manager local/non-local column exists,26,0.4252390470823151,0.5226040051659544,0.5439142479802007,0.15384615384615385,0.5,0.3076923076923077,0.19230769230769232,0.45460270133747016,0.34400954629905234,0.20138775236347747,Aversion,25,0.6,0.2,0.2,24,0.5416666666666666,0.125
M0269,Mid-career proxy,Non-local,Mid-career proxy | Non-local,seniority_years proxy because no manager age column exists in the workbook,region proxy because no manager local/non-local column exists,26,0.4604225243886254,0.4640014132952164,0.5228797625063698,0.2692307692307692,0.4230769230769231,0.5769230769230769,0.0,0.3816081939757317,0.6183757557669897,1.6050257278517193e-05,Neutral,25,0.64,0.16,0.2,24,0.5416666666666666,0.125
M0270,Senior-career proxy,Local,Senior-career proxy | Local,seniority_years proxy because no manager age column exists in the workbook,region proxy because no manager local/non-local column exists,26,0.2543733642055813,0.571711527355496,0.4376287046511696,0.038461538461538464,0.8076923076923077,0.19230769230769232,0.0,0.809571039237286,0.19041993801374704,9.022748966970518e-06,Aversion,25,0.64,0.16,0.2,24,0.625,0.16666666666666666
M0271,Mid-career proxy,Non-local,Mid-career proxy | Non-local,seniority_years proxy because no manager age column exists in the workbook,region proxy because no manager local/non-local column exists,26,0.5255527666733525,0.41738911124882905,0.5584953730198923,0.23076923076923078,0.38461538461538464,0.6153846153846154,0.0,0.42529320545741267,0.5744236585597103,0.00028313598287673324,Neutral,25,0.8,0.08,0.12,24,0.6666666666666666,0.041666666666666664
M0272,Senior-career proxy,Non-local,Senior-career proxy | Non-local,seniority_years proxy because no manager age column exists in the workbook,region proxy because no manager local/non-local column exists,26,0.17657334637097072,0.5851756063718794,0.44169177416841054,0.0,0.4230769230769231,0.5769230769230769,0.0,0.395589059549921,0.6038492235464792,0.0005617169035997716,Neutral,25,0.96,0.0,0.04,24,0.9166666666666666,0.0
M0273,Senior-career proxy,Local,Senior-career proxy | Local,seniority_years proxy because no manager age column exists in the workbook,region proxy because no manager local/non-local column exists,26,0.24067978223691072,0.5881580906874646,0.4540934419408814,0.0,0.5769230769230769,0.4230769230769231,0.0,0.5755336760067503,0.42441029533485247,5.602865839727227e-05,Aversion,25,0.56,0.2,0.24,24,0.5833333333333334,0.25
M0274,Early-career proxy,Local,Early-career proxy | Local,seniority_years proxy because no manager age column exists in the workbook,region proxy because no manager local/non-local column exists,26,0.17221664729259029,0.6324397429054353,0.4123150514433433,0.0,0.15384615384615385,0.5,0.34615384615384615,0.15310330869296515,0.52971790662795,0.31717878467908456,Neutral,25,0.68,0.16,0.16,24,0.5416666666666666,0.08333333333333333
M0275,Mid-career proxy,Non-local,Mid-career proxy | Non-local,seniority_years proxy because no manager age column exists in the workbook,region proxy because no manager local/non-local column exists,26,0.29199327829444416,0.5601197091399468,0.48535750774634506,0.0,0.15384615384615385,0.38461538461538464,0.46153846153846156,0.14723977857942408,0.3936614775096366,0.45909874391093936,Appreciation,25,0.64,0.2,0.16,24,0.5416666666666666,0.125
M0276,Senior-career proxy,Local,Senior-career proxy | Local,seniority_years proxy because no manager age column exists in the workbook,region proxy because no manager local/non-local column exists,26,0.21518819221408225,0.6140863244917649,0.4249768763750624,0.0,0.38461538461538464,0.34615384615384615,0.2692307692307692,0.4154297545663008,0.3003719928769516,0.2841982525567477,Aversion,25,0.48,0.28,0.24,24,0.6666666666666666,0.3333333333333333
M0277,Early-career proxy,Non-local,Early-career proxy | Non-local,seniority_years proxy because no manager age column exists in the workbook,region proxy because no manager local/non-local column exists,26,0.6125204032813757,0.4727396175786964,0.5617305753602809,0.34615384615384615,0.07692307692307693,0.6538461538461539,0.2692307692307692,0.07563631028051426,0.6587587241917944,0.2656049655276912,Neutral,25,0.88,0.08,0.04,24,0.75,0.0
M0278,Senior-career proxy,Local,Senior-career proxy | Local,seniority_years proxy because no manager age column exists in the workbook,region proxy because no manager local/non-local column exists,26,0.2958033110524001,0.5342678814923677,0.43576041542287397,0.0,0.038461538461538464,0.6923076923076923,0.2692307692307692,0.04519932217024925,0.684236876763126,0.27056380106662475,Neutral,25,0.88,0.08,0.04,24,0.8333333333333334,0.041666666666666664
M0279,Mid-career proxy,Local,Mid-career proxy | Local,seniority_years proxy because no manager age column exists in the workbook,region proxy because no manager local/non-local column exists,26,0.21269336600264935,0.598501296793022,0.4165774118069611,0.0,0.3076923076923077,0.5384615384615384,0.15384615384615385,0.30282045984200406,0.5508622698441494,0.1463172703138465,Neutral,25,0.56,0.2,0.24,24,0.5416666666666666,0.20833333333333334
M0280,Mid-career proxy,Non-local,Mid-career proxy | Non-local,seniority_years proxy because no manager age column exists in the workbook,region proxy because no manager local/non-local column exists,26,0.3987487262809201,0.5690783109770149,0.5200805990338435,0.038461538461538464,0.5769230769230769,0.2692307692307692,0.15384615384615385,0.560189447789729,0.2935548395245821,0.14625571268568888,Aversion,25,0.6,0.2,0.2,24,0.4583333333333333,0.125
M0281,Mid-career proxy,Local,Mid-career proxy | Local,seniority_years proxy because no manager age column exists in the workbook,region proxy because no manager local/non-local column exists,26,0.37977812527828697,0.46961908629965177,0.474958161768851,0.07692307692307693,0.23076923076923078,0.38461538461538464,0.38461538461538464,0.20391318586224824,0.4081182058720432,0.38796860826570856,Neutral,25,0.6,0.2,0.2,24,0.5,0.125
M0282,Senior-career proxy,Local,Senior-career proxy | Local,seniority_years proxy because no manager age column exists in the workbook,region proxy because no manager local/non-local column exists,26,0.5360850311614231,0.5265743389350364,0.5405130698964388,0.15384615384615385,0.3076923076923077,0.4230769230769231,0.2692307692307692,0.26874537149150624,0.4601406598467709,0.27111396866172305,Neutral,25,0.56,0.24,0.2,24,0.375,0.125
M0283,Early-career proxy,Local,Early-career proxy | Local,seniority_years proxy because no manager age column exists in the workbook,region proxy because no manager local/non-local column exists,26,0.37058511300198776,0.5379652766479165,0.4999512684773685,0.07692307692307693,0.0,0.5384615384615384,0.46153846153846156,0.0038615483364956254,0.5701312030712119,0.4260072485922925,Neutral,25,0.88,0.08,0.04,24,0.8333333333333334,0.041666666666666664
M0284,Early-career proxy,Local,Early-career proxy | Local,seniority_years proxy because no manager age column exists in the workbook,region proxy because no manager local/non-local column exists,26,0.4142241876066089,0.5011793432015391,0.5224742687919967,0.0,0.038461538461538464,0.5384615384615384,0.4230769230769231,0.02954188993509494,0.5772203962626381,0.393237713802267,Neutral,25,0.72,0.16,0.12,24,0.7083333333333334,0.125
M0285,Senior-career proxy,Local,Senior-career proxy | Local,seniority_years proxy because no manager age column exists in the workbook,region proxy because no manager local/non-local column exists,26,0.19363496375746106,0.6248210578540181,0.4262757562296915,0.0,0.38461538461538464,0.5,0.11538461538461539,0.3611868991500304,0.5271987632182392,0.11161433763173022,Neutral,25,0.52,0.24,0.24,24,0.5416666666666666,0.25
M0286,Early-career proxy,Local,Early-career proxy | Local,seniority_years proxy because no manager age column exists in the workbook,region proxy because no manager local/non-local column exists,26,0.24961849721312193,0.604317082800046,0.4381659922043865,0.038461538461538464,0.34615384615384615,0.38461538461538464,0.2692307692307692,0.34066294243134904,0.3776997601724605,0.28163729739619037,Neutral,25,0.72,0.16,0.12,24,0.5,0.041666666666666664
M0287,Mid-career proxy,Local,Mid-career proxy | Local,seniority_years proxy because no manager age column exists in the workbook,region proxy because no manager local/non-local column exists,26,0.41129690750820264,0.5846265256735325,0.538446011911152,0.07692307692307693,0.46153846153846156,0.38461538461538464,0.15384615384615385,0.436142584325982,0.40500847308390237,0.1588489425901155,Aversion,25,0.52,0.24,0.24,24,0.4166666666666667,0.16666666666666666
M0288,Mid-career proxy,Non-local,Mid-career proxy | Non-local,seniority_years proxy because no manager age column exists in the workbook,region proxy because no manager local/non-local column exists,26,0.6465182302541164,0.4151729958556816,0.5962146398271613,0.2692307692307692,0.038461538461538464,0.5769230769230769,0.38461538461538464,0.029409479468719614,0.6205939910477306,0.34999652948354953,Neutral,25,0.72,0.16,0.12,24,0.5416666666666666,0.041666666666666664
M0289,Mid-career proxy,Local,Mid-career proxy | Local,seniority_years proxy because no manager age column exists in the workbook,region proxy because no manager local/non-local column exists,26,0.3243400073610634,0.5370152821420097,0.47022468834143444,0.038461538461538464,0.3076923076923077,0.5769230769230769,0.11538461538461539,0.3341454282166204,0.5502697981353105,0.11558477364806898,Neutral,25,0.64,0.16,0.2,24,0.3333333333333333,0.041666666666666664
M0290,Senior-career proxy,Local,Senior-career proxy | Local,seniority_years proxy because no manager age column exists in the workbook,region proxy because no manager local/non-local column exists,26,0.12644241948061635,0.5565567154609966,0.41429106027626467,0.0,0.5769230769230769,0.3076923076923077,0.11538461538461539,0.5435854757133505,0.3409203195747973,0.11549420471185234,Aversion,25,0.56,0.24,0.2,24,0.4166666666666667,0.125
M0291,Senior-career proxy,Local,Senior-career proxy | Local,seniority_years proxy because no manager age column exists in the workbook,region proxy because no manager local/non-local column exists,26,0.47686683912995903,0.3910819370855024,0.515664921794212,0.15384615384615385,0.07692307692307693,0.5,0.4230769230769231,0.08359041675077197,0.5064505172658303,0.40995906598339776,Neutral,25,0.8,0.12,0.08,24,0.6666666666666666,0.041666666666666664
M0292,Senior-career proxy,Local,Senior-career proxy | Local,seniority_years proxy because no manager age column exists in the workbook,region proxy because no manager local/non-local column exists,26,0.3837176314865006,0.5530794084959435,0.4654890056604544,0.07692307692307693,0.23076923076923078,0.4230769230769231,0.34615384615384615,0.21775657269531928,0.4404056975432963,0.3418377297613844,Neutral,25,0.8,0.12,0.08,24,0.7083333333333334,0.041666666666666664
M0293,Mid-career proxy,Local,Mid-career proxy | Local,seniority_years proxy because no manager age column exists in the workbook,region proxy because no manager local/non-local column exists,26,0.52039833917958,0.5186561795098699,0.5300200484081219,0.23076923076923078,0.15384615384615385,0.5,0.34615384615384615,0.14318072488660322,0.5199908684473823,0.336828406666015,Neutral,25,0.72,0.16,0.12,24,0.6666666666666666,0.125
M0294,Mid-career proxy,Non-local,Mid-career proxy | Non-local,seniority_years proxy because no manager age column exists in the workbook,region proxy because no manager local/non-local column exists,26,0.4465411835441314,0.449152720187493,0.5308062558198418,0.15384615384615385,0.23076923076923078,0.4230769230769231,0.34615384615384615,0.217095693431714,0.4389522447306377,0.34395206183764826,Neutral,25,0.76,0.12,0.12,24,0.6666666666666666,0.041666666666666664
M0295,Early-career proxy,Local,Early-career proxy | Local,seniority_years proxy because no manager age column exists in the workbook,region proxy because no manager local/non-local column exists,26,0.42654221428699274,0.5500351707457726,0.5256984338736096,0.15384615384615385,0.6538461538461539,0.34615384615384615,0.0,0.666204912925171,0.3337923727557631,2.7143190658294685e-06,Aversion,25,0.64,0.16,0.2,24,0.6666666666666666,0.20833333333333334
M0296,Senior-career proxy,Local,Senior-career proxy | Local,seniority_years proxy because no manager age column exists in the workbook,region proxy because no manager local/non-local column exists,26,0.36713668830641616,0.4568819953621425,0.4760768216356742,0.11538461538461539,0.34615384615384615,0.6538461538461539,0.0,0.3165019951713349,0.6784964334761491,0.005001571352516012,Neutral,25,0.72,0.12,0.16,24,0.6666666666666666,0.125
M0297,Early-career proxy,Local,Early-career proxy | Local,seniority_years proxy because no manager age column exists in the workbook,region proxy because no manager local/non-local column exists,26,0.5290310038549241,0.4721281602754322,0.562286327638384,0.2692307692307692,0.15384615384615385,0.7307692307692307,0.11538461538461539,0.172593211613941,0.7121720409572987,0.11523474742876036,Neutral,25,0.68,0.16,0.16,24,0.5,0.08333333333333333
M0298,Mid-career proxy,Local,Mid-career proxy | Local,seniority_years proxy because no manager age column exists in the workbook,region proxy because no manager local/non-local column exists,26,0.2864626986081515,0.5919534538948243,0.46528041424135963,0.0,0.5,0.46153846153846156,0.038461538461538464,0.4774312675915272,0.4724125876116013,0.05015614479687141,Aversion,25,0.64,0.16,0.2,24,0.3333333333333333,0.041666666666666664
M0299,Mid-career proxy,Local,Mid-career proxy | Local,seniority_years proxy because no manager age column exists in the workbook,region proxy because no manager local/non-local column exists,26,0.18139446630610573,0.5959740461276992,0.4056590976560913,0.0,0.23076923076923078,0.38461538461538464,0.38461538461538464,0.21822164947802333,0.40265860008066234,0.37911975044131435,Neutral,25,0.8,0.12,0.08,24,0.6666666666666666,0.041666666666666664
M0300,Mid-career proxy,Local,Mid-career proxy | Local,seniority_years proxy because no manager age column exists in the workbook,region proxy because no manager local/non-local column exists,26,0.464844913902077,0.5531343641422253,0.5222693278588907,0.11538461538461539,0.46153846153846156,0.5384615384615384,0.0,0.45139953067738947,0.5462765354141649,0.002323933908445656,Neutral,25,0.72,0.12,0.16,24,0.5833333333333334,0.08333333333333333
M0301,Mid-career proxy,Local,Mid-career proxy | Local,seniority_years proxy because no manager age column exists in the workbook,region proxy because no manager local/non-local column exists,26,0.2535777516955365,0.5976155411981899,0.45105751955382306,0.0,0.3076923076923077,0.6538461538461539,0.038461538461538464,0.2580476249922532,0.705286304525826,0.03666607048192095,Neutral,25,0.44,0.24,0.32,24,0.5833333333333334,0.375
M0302,Early-career proxy,Local,Early-career proxy | Local,seniority_years proxy because no manager age column exists in the workbook,region proxy because no manager local/non-local column exists,26,0.2888454879925093,0.5821549729551124,0.43727435654081914,0.038461538461538464,0.5384615384615384,0.4230769230769231,0.038461538461538464,0.5167290511770114,0.4471019574764576,0.036168991346531,Aversion,25,0.72,0.12,0.16,24,0.5833333333333334,0.08333333333333333
M0303,Mid-career proxy,Local,Mid-career proxy | Local,seniority_years proxy because no manager age column exists in the workbook,region proxy because no manager local/non-local column exists,26,0.38051451710217565,0.5692331090949803,0.4958057319831888,0.07692307692307693,0.2692307692307692,0.6538461538461539,0.07692307692307693,0.26318525530293857,0.6721134042064345,0.06470134049062706,Neutral,25,0.68,0.16,0.16,24,0.5,0.041666666666666664
M0304,Senior-career proxy,Local,Senior-career proxy | Local,seniority_years proxy because no manager age column exists in the workbook,region proxy because no manager local/non-local column exists,26,0.17110461840411004,0.6635581409496145,0.4126162757503498,0.0,0.6153846153846154,0.38461538461538464,0.0,0.6058170052297153,0.39374255308540934,0.000440441684875413,Aversion,25,0.72,0.12,0.16,24,0.7083333333333334,0.125
M0305,Early-career proxy,Non-local,Early-career proxy | Non-local,seniority_years proxy because no manager age column exists in the workbook,region proxy because no manager local/non-local column exists,26,0.35343593252706473,0.4611266184066132,0.5046354140682241,0.11538461538461539,0.19230769230769232,0.5769230769230769,0.23076923076923078,0.18722473300253487,0.5950801928287742,0.21769507416869052,Neutral,25,0.72,0.12,0.16,24,0.75,0.125
M0306,Mid-career proxy,Local,Mid-career proxy | Local,seniority_years proxy because no manager age column exists in the workbook,region proxy because no manager local/non-local column exists,26,0.3513599260003837,0.5327119331788647,0.4903518528044055,0.0,0.7692307692307693,0.23076923076923078,0.0,0.6941761062533376,0.3057092622056434,0.00011463154101901201,Aversion,25,0.72,0.12,0.16,24,0.75,0.16666666666666666
M0307,Early-career proxy,Local,Early-career proxy | Local,seniority_years proxy because no manager age column exists in the workbook,region proxy because no manager local/non-local column exists,26,0.17293356057597492,0.6205255622404888,0.456666944861287,0.0,0.38461538461538464,0.6153846153846154,0.0,0.3732208191125244,0.6253099222682225,0.0014692586192528853,Neutral,25,0.92,0.04,0.04,24,0.8333333333333334,0.0
M0308,Mid-career proxy,Local,Mid-career proxy | Local,seniority_years proxy because no manager age column exists in the workbook,region proxy because no manager local/non-local column exists,26,0.2808923594845019,0.53608119646509,0.467323969781202,0.0,0.11538461538461539,0.46153846153846156,0.4230769230769231,0.12115708234064196,0.48508835158196667,0.3937545660773909,Neutral,25,0.52,0.24,0.24,24,0.375,0.16666666666666666
M0309,Mid-career proxy,Local,Mid-career proxy | Local,seniority_years proxy because no manager age column exists in the workbook,region proxy because no manager local/non-local column exists,26,0.427809479301393,0.49173616303877576,0.5406012777629587,0.15384615384615385,0.11538461538461539,0.6538461538461539,0.23076923076923078,0.10223072068016202,0.6789923130587623,0.21877696626107562,Neutral,25,0.72,0.16,0.12,24,0.5833333333333334,0.041666666666666664
M0310,Early-career proxy,Local,Early-career proxy | Local,seniority_years proxy because no manager age column exists in the workbook,region proxy because no manager local/non-local column exists,26,0.4041555767676108,0.5481797705930237,0.5360541066628993,0.15384615384615385,0.07692307692307693,0.6538461538461539,0.2692307692307692,0.05932783954920328,0.671971217721186,0.26870094272961087,Neutral,25,0.88,0.08,0.04,24,0.75,0.0
M0311,Senior-career proxy,Non-local,Senior-career proxy | Non-local,seniority_years proxy because no manager age column exists in the workbook,region proxy because no manager local/non-local column exists,26,0.43034451177892746,0.4804560847923114,0.5185876579012189,0.19230769230769232,0.6538461538461539,0.34615384615384615,0.0,0.6340655868535795,0.3658877353864144,4.6677760006083295e-05,Aversion,25,0.72,0.12,0.16,24,0.7083333333333334,0.125
M0312,Senior-career proxy,Local,Senior-career proxy | Local,seniority_years proxy because no manager age column exists in the workbook,region proxy because no manager local/non-local column exists,26,0.1503395455072744,0.5745773902186051,0.410658668433041,0.07692307692307693,0.11538461538461539,0.6538461538461539,0.23076923076923078,0.15087683715714129,0.6193823914958773,0.22974077134698148,Neutral,25,0.84,0.08,0.08,24,0.7083333333333334,0.0
M0313,Mid-career proxy,Local,Mid-career proxy | Local,seniority_years proxy because no manager age column exists in the workbook,region proxy because no manager local/non-local column exists,26,0.13860257294706074,0.6138550170508257,0.3933886887829454,0.0,0.6923076923076923,0.3076923076923077,0.0,0.6793814723523319,0.32059007953549207,2.84481121761012e-05,Aversion,25,0.72,0.12,0.16,24,0.6666666666666666,0.125
M0314,Senior-career proxy,Local,Senior-career proxy | Local,seniority_years proxy because no manager age column exists in the workbook,region proxy because no manager local/non-local column exists,26,0.32635674014266464,0.5301852663488196,0.47838035745118873,0.23076923076923078,0.0,0.5769230769230769,0.4230769230769231,4.871012603936499e-05,0.5661577312006585,0.4337935586733022,Neutral,25,0.92,0.04,0.04,24,0.8333333333333334,0.0
M0315,Senior-career proxy,Local,Senior-career proxy | Local,seniority_years proxy because no manager age column exists in the workbook,region proxy because no manager local/non-local column exists,26,0.2747487496503492,0.6054979045515294,0.47880609206664404,0.038461538461538464,0.5769230769230769,0.4230769230769231,0.0,0.5871154033120789,0.41258741243785324,0.00029718425006785697,Aversion,25,0.72,0.12,0.16,24,0.5833333333333334,0.08333333333333333
M0316,Mid-career proxy,Local,Mid-career proxy | Local,seniority_years proxy because no manager age column exists in the workbook,region proxy because no manager local/non-local column exists,26,0.2566477745927498,0.6070385973104699,0.4701326784409562,0.038461538461538464,0.19230769230769232,0.5384615384615384,0.2692307692307692,0.1625243059923407,0.5518378913248431,0.28563780268281647,Neutral,25,0.64,0.2,0.16,24,0.5,0.08333333333333333
M0317,Early-career proxy,Non-local,Early-career proxy | Non-local,seniority_years proxy because no manager age column exists in the workbook,region proxy because no manager local/non-local column exists,26,0.407117554659206,0.45713137512778845,0.5384703943233659,0.11538461538461539,0.2692307692307692,0.6923076923076923,0.038461538461538464,0.2402511107435767,0.7357384668885716,0.024010422367851794,Neutral,25,0.6,0.2,0.2,24,0.4583333333333333,0.125
M0318,Mid-career proxy,Local,Mid-career proxy | Local,seniority_years proxy because no manager age column exists in the workbook,region proxy because no manager local/non-local column exists,26,0.381474102825205,0.5417514308858066,0.4649658117507721,0.0,0.0,0.5769230769230769,0.4230769230769231,4.874617469099086e-12,0.5886440857923406,0.41135591420278456,Neutral,25,0.8,0.12,0.08,24,0.6666666666666666,0.041666666666666664
M0319,Mid-career proxy,Local,Mid-career proxy | Local,seniority_years proxy because no manager age column exists in the workbook,region proxy because no manager local/non-local column exists,26,0.24738984731276212,0.6137994988558623,0.4632182230010661,0.0,0.6538461538461539,0.34615384615384615,0.0,0.5856964354750218,0.41312443355536144,0.00117913096961672,Aversion,25,0.64,0.16,0.2,24,0.5833333333333334,0.16666666666666666
M0320,Mid-career proxy,Local,Mid-career proxy | Local,seniority_years proxy because no manager age column exists in the workbook,region proxy because no manager local/non-local column exists,26,0.44952735571920655,0.5215582705145677,0.5098085117439076,0.11538461538461539,0.4230769230769231,0.3076923076923077,0.2692307692307692,0.39234293733635145,0.353491296590023,0.2541657660736256,Aversion,25,0.72,0.12,0.16,24,0.625,0.08333333333333333
M0321,Early-career proxy,Non-local,Early-career proxy | Non-local,seniority_years proxy because no manager age column exists in the workbook,region proxy because no manager local/non-local column exists,26,0.4422391542117152,0.5589683280141279,0.5110224109411233,0.11538461538461539,0.6538461538461539,0.34615384615384615,0.0,0.6496567281007368,0.3501408791772284,0.00020239272203468047,Aversion,25,0.76,0.12,0.12,24,0.5833333333333334,0.041666666666666664
M0322,Mid-career proxy,Local,Mid-career proxy | Local,seniority_years proxy because no manager age column exists in the workbook,region proxy because no manager local/non-local column exists,26,0.23253307101266132,0.5740985211894389,0.4430930933966659,0.0,0.4230769230769231,0.5769230769230769,0.0,0.475097537086118,0.5238920293383336,0.0010104335755483974,Neutral,25,0.8,0.08,0.12,24,0.75,0.08333333333333333
M0323,Early-career proxy,Non-local,Early-career proxy | Non-local,seniority_years proxy because no manager age column exists in the workbook,region proxy because no manager local/non-local column exists,26,0.4020917819765139,0.5076751077930409,0.5217118272396277,0.11538461538461539,0.5769230769230769,0.4230769230769231,0.0,0.5724192124246067,0.41093879618878765,0.016641991386605597,Aversion,25,0.72,0.12,0.16,24,0.625,0.08333333333333333
M0324,Mid-career proxy,Non-local,Mid-career proxy | Non-local,seniority_years proxy because no manager age column exists in the workbook,region proxy because no manager local/non-local column exists,26,0.23147234613963713,0.5271459102134526,0.45770720953043764,0.038461538461538464,0.46153846153846156,0.5384615384615384,0.0,0.46412664480436966,0.5357314263681181,0.00014192882751222233,Neutral,25,0.64,0.16,0.2,24,0.5833333333333334,0.16666666666666666
M0325,Senior-career proxy,Local,Senior-career proxy | Local,seniority_years proxy because no manager age column exists in the workbook,region proxy because no manager local/non-local column exists,26,0.29432732771723147,0.5521293820243149,0.4513472026260485,0.038461538461538464,0.038461538461538464,0.6538461538461539,0.3076923076923077,0.07226863287167114,0.633853848261409,0.29387751886691976,Neutral,25,0.8,0.12,0.08,24,0.7083333333333334,0.041666666666666664
M0326,Early-career proxy,Local,Early-career proxy | Local,seniority_years proxy because no manager age column exists in the workbook,region proxy because no manager local/non-local column exists,26,0.2883557895027332,0.5191571197723622,0.4389591059134058,0.07692307692307693,0.5384615384615384,0.46153846153846156,0.0,0.48956182595008474,0.5103479813456989,9.019270421635466e-05,Aversion,25,0.56,0.2,0.24,24,0.4583333333333333,0.16666666666666666
M0327,Early-career proxy,Local,Early-career proxy | Local,seniority_years proxy because no manager age column exists in the workbook,region proxy because no manager local/non-local column exists,26,0.17443060375966116,0.6065317150954364,0.40003924224137105,0.0,0.5,0.4230769230769231,0.07692307692307693,0.49105799212391693,0.43111450246781763,0.07782750540826538,Aversion,25,0.8,0.08,0.12,24,0.6666666666666666,0.0
M0328,Senior-career proxy,Local,Senior-career proxy | Local,seniority_years proxy because no manager age column exists in the workbook,region proxy because no manager local/non-local column exists,26,0.48786987203475096,0.3807040123912484,0.5209681980166585,0.23076923076923078,0.3076923076923077,0.34615384615384615,0.34615384615384615,0.2919955855904273,0.3737447386626767,0.33425967574689597,Neutral,25,0.72,0.16,0.12,24,0.5,0.041666666666666664
M0329,Early-career proxy,Non-local,Early-career proxy | Non-local,seniority_years proxy because no manager age column exists in the workbook,region proxy because no manager local/non-local column exists,26,0.3522971636105035,0.5440653995089424,0.46726146801663987,0.07692307692307693,0.3076923076923077,0.46153846153846156,0.23076923076923078,0.3194918569542937,0.443946590552275,0.23656155249343122,Neutral,25,0.6,0.2,0.2,24,0.375,0.08333333333333333
M0330,Senior-career proxy,Local,Senior-career proxy | Local,seniority_years proxy because no manager age column exists in the workbook,region proxy because no manager local/non-local column exists,26,0.24854368535747126,0.5368730197230906,0.4473160596004678,0.038461538461538464,0.11538461538461539,0.7307692307692307,0.15384615384615385,0.13956298038774392,0.6978481547052398,0.1625888649070162,Neutral,25,0.76,0.12,0.12,24,0.625,0.041666666666666664
M0331,Senior-career proxy,Non-local,Senior-career proxy | Non-local,seniority_years proxy because no manager age column exists in the workbook,region proxy because no manager local/non-local column exists,26,0.18083838261724272,0.6116178680159489,0.39793933961884514,0.0,0.2692307692307692,0.38461538461538464,0.34615384615384615,0.2744234786588062,0.3792356306756674,0.34634089066552637,Neutral,25,0.8,0.08,0.12,24,0.625,0.0
M0332,Senior-career proxy,Local,Senior-career proxy | Local,seniority_years proxy because no manager age column exists in the workbook,region proxy because no manager local/non-local column exists,26,0.20198124532613526,0.6481213996534219,0.41709722875963734,0.038461538461538464,0.7307692307692307,0.2692307692307692,0.0,0.6950051414612667,0.30492806123880123,6.679729993201891e-05,Aversion,25,0.8,0.08,0.12,24,0.5833333333333334,0.0
M0333,Senior-career proxy,Local,Senior-career proxy | Local,seniority_years proxy because no manager age column exists in the workbook,region proxy because no manager local/non-local column exists,26,0.37059713616753176,0.46976211025072473,0.4947795848627691,0.11538461538461539,0.23076923076923078,0.7307692307692307,0.038461538461538464,0.22315149133834658,0.7430533056670925,0.033795202994560895,Neutral,25,0.6,0.2,0.2,24,0.75,0.25
M0334,Mid-career proxy,Local,Mid-career proxy | Local,seniority_years proxy because no manager age column exists in the workbook,region proxy because no manager local/non-local column exists,26,0.39540751455927176,0.5610950741375282,0.5333455820013472,0.038461538461538464,0.19230769230769232,0.6538461538461539,0.15384615384615385,0.1954852612323813,0.6510044664690733,0.1535102722985454,Neutral,25,0.8,0.08,0.12,24,0.7083333333333334,0.041666666666666664
M0335,Mid-career proxy,Local,Mid-career proxy | Local,seniority_years proxy because no manager age column exists in the workbook,region proxy because no manager local/non-local column exists,26,0.3635269056110938,0.5456386857085535,0.49429514445071754,0.15384615384615385,0.5,0.5,0.0,0.49012649338092995,0.5096735046422648,0.00020000197680522283,Neutral,25,0.72,0.12,0.16,24,0.5,0.041666666666666664
M0336,Mid-career proxy,Local,Mid-career proxy | Local,seniority_years proxy because no manager age column exists in the workbook,region proxy because no manager local/non-local column exists,26,0.49214652630630557,0.4539988845995071,0.5178940375507085,0.07692307692307693,0.4230769230769231,0.38461538461538464,0.19230769230769232,0.4079890956837319,0.40989817697920533,0.18211272733706277,Aversion,25,0.72,0.12,0.16,24,0.4583333333333333,0.0
M0337,Mid-career proxy,Non-local,Mid-career proxy | Non-local,seniority_years proxy because no manager age column exists in the workbook,region proxy because no manager local/non-local column exists,26,0.2791108800713876,0.5626507358958786,0.4637150431292329,0.07692307692307693,0.5769230769230769,0.4230769230769231,0.0,0.6044520395327406,0.39545563932698957,9.232114026979105e-05,Aversion,25,0.64,0.16,0.2,24,0.5,0.125
M0338,Mid-career proxy,Local,Mid-career proxy | Local,seniority_years proxy because no manager age column exists in the workbook,region proxy because no manager local/non-local column exists,26,0.4576377529912501,0.4846359459135492,0.5313576921248715,0.3076923076923077,0.5,0.5,0.0,0.44112850548533117,0.5582352191721623,0.000636275342506428,Neutral,25,0.56,0.2,0.24,24,0.5,0.20833333333333334
M0339,Mid-career proxy,Local,Mid-career proxy | Local,seniority_years proxy because no manager age column exists in the workbook,region proxy because no manager local/non-local column exists,26,0.428682774363954,0.5184557443522632,0.5501839650951743,0.07692307692307693,0.3076923076923077,0.6923076923076923,0.0,0.2762385505207884,0.7119809786188196,0.011780470860391457,Neutral,25,0.8,0.08,0.12,24,0.5833333333333334,0.0
M0340,Mid-career proxy,Local,Mid-career proxy | Local,seniority_years proxy because no manager age column exists in the workbook,region proxy because no manager local/non-local column exists,26,0.45128025866349086,0.5496301056731553,0.5262692843101301,0.3076923076923077,0.07692307692307693,0.4230769230769231,0.5,0.07452689973848417,0.4101405794182831,0.5153325208432327,Appreciation,25,0.8,0.12,0.08,24,0.8333333333333334,0.125
M0341,Mid-career proxy,Local,Mid-career proxy | Local,seniority_years proxy because no manager age column exists in the workbook,region proxy because no manager local/non-local column exists,26,0.23351851886928765,0.5516734253306391,0.43648576134732386,0.038461538461538464,0.19230769230769232,0.7692307692307693,0.038461538461538464,0.19644651711876182,0.7549074382446197,0.04864604463661856,Neutral,25,0.72,0.16,0.12,24,0.625,0.08333333333333333
M0342,Senior-career proxy,Local,Senior-career proxy | Local,seniority_years proxy because no manager age column exists in the workbook,region proxy because no manager local/non-local column exists,26,0.1945590955029191,0.6171040655526912,0.4310225448319329,0.0,0.5384615384615384,0.46153846153846156,0.0,0.47375053356410446,0.525464864397391,0.0007846020385045318,Aversion,25,0.72,0.12,0.16,24,0.5,0.041666666666666664
M0343,Mid-career proxy,Non-local,Mid-career proxy | Non-local,seniority_years proxy because no manager age column exists in the workbook,region proxy because no manager local/non-local column exists,26,0.08087158716160334,0.6247441060983032,0.40696112775308235,0.0,0.5769230769230769,0.3076923076923077,0.11538461538461539,0.5176693432938815,0.36695996148323534,0.11537069522288301,Aversion,25,0.68,0.16,0.16,24,0.5,0.08333333333333333
M0344,Mid-career proxy,Local,Mid-career proxy | Local,seniority_years proxy because no manager age column exists in the workbook,region proxy because no manager local/non-local column exists,26,0.17480175440986362,0.5862957176619099,0.39910051671477387,0.0,0.23076923076923078,0.6923076923076923,0.07692307692307693,0.24182387898015115,0.6828180115139891,0.07535810950585947,Neutral,25,0.72,0.12,0.16,24,0.5416666666666666,0.041666666666666664
M0345,Early-career proxy,Local,Early-career proxy | Local,seniority_years proxy because no manager age column exists in the workbook,region proxy because no manager local/non-local column exists,26,0.33038482814795234,0.5057607423475533,0.499777271473186,0.15384615384615385,0.038461538461538464,0.46153846153846156,0.5,0.050374547118067256,0.44614234535730496,0.5034831075246278,Appreciation,25,0.88,0.08,0.04,24,0.8333333333333334,0.041666666666666664
M0346,Senior-career proxy,Non-local,Senior-career proxy | Non-local,seniority_years proxy because no manager age column exists in the workbook,region proxy because no manager local/non-local column exists,26,0.11658525617956632,0.6422221671186734,0.4004644277123602,0.0,0.0,0.6153846153846154,0.38461538461538464,0.0011964243680239691,0.6127902220452673,0.3860133535867086,Neutral,25,0.88,0.08,0.04,24,0.8333333333333334,0.041666666666666664
M0347,Mid-career proxy,Local,Mid-career proxy | Local,seniority_years proxy because no manager age column exists in the workbook,region proxy because no manager local/non-local column exists,26,0.21280662622771077,0.6658788203375363,0.44324875828317833,0.0,0.23076923076923078,0.5384615384615384,0.23076923076923078,0.21294078256302565,0.5525479872513833,0.23451123018559109,Neutral,25,0.68,0.16,0.16,24,0.5,0.041666666666666664
M0348,Mid-career proxy,Local,Mid-career proxy | Local,seniority_years proxy because no manager age column exists in the workbook,region proxy because no manager local/non-local column exists,26,0.3369172957433089,0.5399774513440956,0.4491019515679461,0.038461538461538464,0.23076923076923078,0.46153846153846156,0.3076923076923077,0.19497617398159062,0.509057472198032,0.2959663538203773,Neutral,25,0.64,0.2,0.16,24,0.625,0.16666666666666666
M0349,Early-career proxy,Local,Early-career proxy | Local,seniority_years proxy because no manager age column exists in the workbook,region proxy because no manager local/non-local column exists,26,0.43013398226765476,0.5709852092209,0.5409287272167375,0.07692307692307693,0.23076923076923078,0.4230769230769231,0.34615384615384615,0.2131187298899723,0.4572599388740992,0.3296213312359286,Neutral,25,0.64,0.16,0.2,24,0.5416666666666666,0.08333333333333333
M0350,Early-career proxy,Local,Early-career proxy | Local,seniority_years proxy because no manager age column exists in the workbook,region proxy because no manager local/non-local column exists,26,0.28332457900481106,0.4770819280845228,0.4501631106177104,0.07692307692307693,0.34615384615384615,0.5,0.15384615384615385,0.32655941161365476,0.5142529872322565,0.15918760115408867,Neutral,25,0.64,0.16,0.2,24,0.375,0.041666666666666664
M0351,Senior-career proxy,Local,Senior-career proxy | Local,seniority_years proxy because no manager age column exists in the workbook,region proxy because no manager local/non-local column exists,26,0.35618981761177093,0.5763544058388831,0.49352163351042794,0.07692307692307693,0.07692307692307693,0.5769230769230769,0.34615384615384615,0.07070012965135519,0.5944265911743959,0.3348732791742488,Neutral,25,0.8,0.08,0.12,24,0.7083333333333334,0.041666666666666664
M0352,Early-career proxy,Local,Early-career proxy | Local,seniority_years proxy because no manager age column exists in the workbook,region proxy because no manager local/non-local column exists,26,0.3538397717172966,0.5969013277096858,0.511694242269153,0.038461538461538464,0.5384615384615384,0.46153846153846156,0.0,0.5366885536380633,0.46328672758098227,2.471878095427574e-05,Aversion,25,0.52,0.24,0.24,24,0.5416666666666666,0.25
M0353,Early-career proxy,Local,Early-career proxy | Local,seniority_years proxy because no manager age column exists in the workbook,region proxy because no manager local/non-local column exists,26,0.46889418648456843,0.5194035623799963,0.5211043568754419,0.11538461538461539,0.2692307692307692,0.2692307692307692,0.46153846153846156,0.2580008842652129,0.3124760637959597,0.4295230519388274,Appreciation,25,0.72,0.16,0.12,24,0.5416666666666666,0.041666666666666664
M0354,Mid-career proxy,Non-local,Mid-career proxy | Non-local,seniority_years proxy because no manager age column exists in the workbook,region proxy because no manager local/non-local column exists,26,0.34459755878694237,0.5567466224076092,0.4937688137199533,0.15384615384615385,0.46153846153846156,0.5384615384615384,0.0,0.4446464307671255,0.5512923739484815,0.004061195284392976,Neutral,25,0.8,0.08,0.12,24,0.6666666666666666,0.041666666666666664
M0355,Senior-career proxy,Non-local,Senior-career proxy | Non-local,seniority_years proxy because no manager age column exists in the workbook,region proxy because no manager local/non-local column exists,26,0.2681945360146303,0.598040320608792,0.4741826927836069,0.0,0.5,0.38461538461538464,0.11538461538461539,0.49275264042944633,0.39202087576739775,0.11522648380315591,Aversion,25,0.6,0.2,0.2,24,0.5833333333333334,0.20833333333333334
M0356,Mid-career proxy,Local,Mid-career proxy | Local,seniority_years proxy because no manager age column exists in the workbook,region proxy because no manager local/non-local column exists,26,0.3697618347806696,0.5146776467611769,0.46671573440817604,0.19230769230769232,0.19230769230769232,0.5769230769230769,0.23076923076923078,0.17633706237165903,0.5943760490583379,0.22928688857000318,Neutral,25,0.72,0.16,0.12,24,0.6666666666666666,0.125
M0357,Mid-career proxy,Local,Mid-career proxy | Local,seniority_years proxy because no manager age column exists in the workbook,region proxy because no manager local/non-local column exists,26,0.23535438337269546,0.571493098991503,0.4521550122977445,0.0,0.2692307692307692,0.6923076923076923,0.038461538461538464,0.25519044055521617,0.7056438164982821,0.03916574294650172,Neutral,25,0.72,0.12,0.16,24,0.625,0.08333333333333333
M0358,Senior-career proxy,Local,Senior-career proxy | Local,seniority_years proxy because no manager age column exists in the workbook,region proxy because no manager local/non-local column exists,26,0.32632794830081824,0.6355623772897396,0.464370496397077,0.0,0.38461538461538464,0.6153846153846154,0.0,0.3795338568225674,0.6190170775818282,0.0014490655956042491,Neutral,25,0.8,0.08,0.12,24,0.7916666666666666,0.08333333333333333
M0359,Mid-career proxy,Local,Mid-career proxy | Local,seniority_years proxy because no manager age column exists in the workbook,region proxy because no manager local/non-local column exists,26,0.31541084461573826,0.5652288017641458,0.4872166896424147,0.11538461538461539,0.34615384615384615,0.38461538461538464,0.2692307692307692,0.3686512263677908,0.36690530458585224,0.26444346904635674,Neutral,25,0.72,0.16,0.12,24,0.5416666666666666,0.041666666666666664
M0360,Senior-career proxy,Local,Senior-career proxy | Local,seniority_years proxy because no manager age column exists in the workbook,region proxy because no manager local/non-local column exists,26,0.4686661751247489,0.5410857075572614,0.5301812766396287,0.19230769230769232,0.19230769230769232,0.34615384615384615,0.46153846153846156,0.16531147273749466,0.3641970148105442,0.47049151245196114,Appreciation,25,0.8,0.12,0.08,24,0.5833333333333334,0.0
M0361,Early-career proxy,Non-local,Early-career proxy | Non-local,seniority_years proxy because no manager age column exists in the workbook,region proxy because no manager local/non-local column exists,26,0.4506576479969289,0.5390581306608467,0.5177755741778187,0.15384615384615385,0.38461538461538464,0.46153846153846156,0.15384615384615385,0.3820487449622943,0.46883822120523116,0.1491130338324744,Neutral,25,0.76,0.08,0.16,24,0.625,0.041666666666666664
M0362,Early-career proxy,Local,Early-career proxy | Local,seniority_years proxy because no manager age column exists in the workbook,region proxy because no manager local/non-local column exists,26,0.3063822901587032,0.5416848620487136,0.4803998901347246,0.07692307692307693,0.2692307692307692,0.7307692307692307,0.0,0.24212265705086294,0.75746915045684,0.00040819249229707055,Neutral,25,0.6,0.2,0.2,24,0.5416666666666666,0.16666666666666666
M0363,Senior-career proxy,Local,Senior-career proxy | Local,seniority_years proxy because no manager age column exists in the workbook,region proxy because no manager local/non-local column exists,26,0.45898519764214823,0.5036642416731407,0.5244329528870184,0.07692307692307693,0.0,0.4230769230769231,0.5769230769230769,0.006574018267540239,0.47101394836323285,0.5224120333692268,Appreciation,25,0.88,0.08,0.04,24,0.8333333333333334,0.041666666666666664
M0364,Mid-career proxy,Local,Mid-career proxy | Local,seniority_years proxy because no manager age column exists in the workbook,region proxy because no manager local/non-local column exists,26,0.25407442620631576,0.5934331096768661,0.46941286971355495,0.038461538461538464,0.8076923076923077,0.19230769230769232,0.0,0.7443699702469885,0.2546865646805458,0.0009434650724657825,Aversion,25,0.72,0.12,0.16,24,0.6666666666666666,0.125
M0365,Mid-career proxy,Local,Mid-career proxy | Local,seniority_years proxy because no manager age column exists in the workbook,region proxy because no manager local/non-local column exists,26,0.428714763284745,0.5341369938560774,0.539386873204972,0.038461538461538464,0.7692307692307693,0.23076923076923078,0.0,0.7335766963372561,0.26637975383027634,4.35498324674699e-05,Aversion,25,0.64,0.16,0.2,24,0.5833333333333334,0.16666666666666666
M0366,Mid-career proxy,Local,Mid-career proxy | Local,seniority_years proxy because no manager age column exists in the workbook,region proxy because no manager local/non-local column exists,26,0.26624852740381605,0.5932472567280308,0.4346191385624858,0.0,0.23076923076923078,0.5769230769230769,0.19230769230769232,0.1975397831295062,0.60472710389008,0.19773311298041374,Neutral,25,0.64,0.2,0.16,24,0.5833333333333334,0.16666666666666666
M0367,Mid-career proxy,Local,Mid-career proxy | Local,seniority_years proxy because no manager age column exists in the workbook,region proxy because no manager local/non-local column exists,26,0.28581741868645805,0.5784473822733412,0.4777090344442264,0.0,0.038461538461538464,0.5,0.46153846153846156,0.04870195221997074,0.4903882672327675,0.46090978054726184,Neutral,25,0.88,0.08,0.04,24,0.875,0.041666666666666664
M0368,Early-career proxy,Local,Early-career proxy | Local,seniority_years proxy because no manager age column exists in the workbook,region proxy because no manager local/non-local column exists,26,0.3963135064622072,0.5765226978400392,0.5324264793049006,0.038461538461538464,0.5,0.46153846153846156,0.038461538461538464,0.47270998713880363,0.46821383950080847,0.05907617336038788,Aversion,25,0.64,0.16,0.2,24,0.5833333333333334,0.16666666666666666
M0369,Senior-career proxy,Non-local,Senior-career proxy | Non-local,seniority_years proxy because no manager age column exists in the workbook,region proxy because no manager local/non-local column exists,26,0.2625592557597202,0.629442756637483,0.4726959481807637,0.038461538461538464,0.6153846153846154,0.38461538461538464,0.0,0.6203033222444035,0.37950896856524824,0.0001877091903481677,Aversion,25,0.68,0.16,0.16,24,0.4583333333333333,0.041666666666666664
M0370,Mid-career proxy,Local,Mid-career proxy | Local,seniority_years proxy because no manager age column exists in the workbook,region proxy because no manager local/non-local column exists,26,0.22327178259975622,0.6060718491857243,0.4318220603146735,0.0,0.4230769230769231,0.5384615384615384,0.038461538461538464,0.41350708222742283,0.5497752778809574,0.03671763989161971,Neutral,25,0.6,0.2,0.2,24,0.7083333333333334,0.25
M0371,Senior-career proxy,Non-local,Senior-career proxy | Non-local,seniority_years proxy because no manager age column exists in the workbook,region proxy because no manager local/non-local column exists,26,0.2941089797564894,0.601887774680348,0.4670430424594931,0.11538461538461539,0.38461538461538464,0.3076923076923077,0.3076923076923077,0.36590574467634307,0.32464144743000334,0.3094528078936536,Aversion,25,0.56,0.24,0.2,24,0.5833333333333334,0.20833333333333334
M0372,Early-career proxy,Local,Early-career proxy | Local,seniority_years proxy because no manager age column exists in the workbook,region proxy because no manager local/non-local column exists,26,0.32968009982786817,0.5253983718510801,0.47077627192923754,0.11538461538461539,0.11538461538461539,0.46153846153846156,0.4230769230769231,0.0822352018348845,0.5151635230965799,0.4026012750685357,Neutral,25,0.72,0.16,0.12,24,0.5416666666666666,0.041666666666666664
M0373,Mid-career proxy,Local,Mid-career proxy | Local,seniority_years proxy because no manager age column exists in the workbook,region proxy because no manager local/non-local column exists,26,0.3127371361449312,0.5764072438070463,0.46597411129033983,0.11538461538461539,0.3076923076923077,0.5,0.19230769230769232,0.23825118669845372,0.56210968894941,0.19963912435213646,Neutral,25,0.52,0.24,0.24,24,0.5416666666666666,0.25
M0374,Mid-career proxy,Non-local,Mid-career proxy | Non-local,seniority_years proxy because no manager age column exists in the workbook,region proxy because no manager local/non-local column exists,26,0.19260630866183973,0.5778549156458427,0.4277110763547862,0.0,0.34615384615384615,0.5769230769230769,0.07692307692307693,0.3471188967663841,0.5846058821142193,0.0682752211193968,Neutral,25,0.64,0.16,0.2,24,0.4583333333333333,0.08333333333333333
M0375,Senior-career proxy,Local,Senior-career proxy | Local,seniority_years proxy because no manager age column exists in the workbook,region proxy because no manager local/non-local column exists,26,0.3577139582104678,0.5996819264528559,0.512357535277488,0.038461538461538464,0.6923076923076923,0.3076923076923077,0.0,0.6560463289204742,0.34362267778380506,0.0003309932957206246,Aversion,25,0.6,0.2,0.2,24,0.5416666666666666,0.16666666666666666
M0376,Mid-career proxy,Local,Mid-career proxy | Local,seniority_years proxy because no manager age column exists in the workbook,region proxy because no manager local/non-local column exists,26,0.3357013432177058,0.5251645255421299,0.47234321680724844,0.15384615384615385,0.2692307692307692,0.4230769230769231,0.3076923076923077,0.22754863130714054,0.4860883167182856,0.28636305197457373,Neutral,25,0.64,0.2,0.16,24,0.4166666666666667,0.08333333333333333
M0377,Mid-career proxy,Local,Mid-career proxy | Local,seniority_years proxy because no manager age column exists in the workbook,region proxy because no manager local/non-local column exists,26,0.24915453399886558,0.5557111568738708,0.4345782616394854,0.038461538461538464,0.5,0.34615384615384615,0.15384615384615385,0.4813131705062051,0.3678348855021525,0.15085194399164234,Aversion,25,0.48,0.24,0.28,24,0.4166666666666667,0.25
M0378,Mid-career proxy,Local,Mid-career proxy | Local,seniority_years proxy because no manager age column exists in the workbook,region proxy because no manager local/non-local column exists,26,0.1811032378274717,0.5883123160750012,0.39099984351013173,0.038461538461538464,0.19230769230769232,0.6538461538461539,0.15384615384615385,0.22970754807263807,0.6143241615525815,0.1559682903747806,Neutral,25,0.72,0.16,0.12,24,0.5833333333333334,0.08333333333333333
M0379,Mid-career proxy,Non-local,Mid-career proxy | Non-local,seniority_years proxy because no manager age column exists in the workbook,region proxy because no manager local/non-local column exists,26,0.45599559636599685,0.5627467827131267,0.5020397945195786,0.19230769230769232,0.11538461538461539,0.38461538461538464,0.5,0.09951926344623353,0.42344812557915174,0.47703261097461436,Appreciation,25,0.8,0.08,0.12,24,0.75,0.041666666666666664
M0380,Senior-career proxy,Non-local,Senior-career proxy | Non-local,seniority_years proxy because no manager age column exists in the workbook,region proxy because no manager local/non-local column exists,26,0.18809755474172507,0.5928141610245874,0.41718479870058484,0.038461538461538464,0.34615384615384615,0.3076923076923077,0.34615384615384615,0.3538760834943808,0.31430408636491003,0.33181983014070915,Aversion,25,0.64,0.16,0.2,24,0.625,0.125
M0381,Senior-career proxy,Local,Senior-career proxy | Local,seniority_years proxy because no manager age column exists in the workbook,region proxy because no manager local/non-local column exists,26,0.36213718386674565,0.5242258636571582,0.5064827261320077,0.15384615384615385,0.19230769230769232,0.7307692307692307,0.07692307692307693,0.20492009971406355,0.7072125831727875,0.08786731711314864,Neutral,25,0.72,0.12,0.16,24,0.75,0.16666666666666666
M0382,Mid-career proxy,Local,Mid-career proxy | Local,seniority_years proxy because no manager age column exists in the workbook,region proxy because no manager local/non-local column exists,26,0.3239664103020722,0.5548537624732194,0.43600186519072154,0.11538461538461539,0.5384615384615384,0.38461538461538464,0.07692307692307693,0.5126750823158017,0.4053633832307884,0.08196153445340999,Aversion,25,0.72,0.16,0.12,24,0.5416666666666666,0.041666666666666664
M0383,Early-career proxy,Non-local,Early-career proxy | Non-local,seniority_years proxy because no manager age column exists in the workbook,region proxy because no manager local/non-local column exists,26,0.15882637428784843,0.5681114727419431,0.40546937290539226,0.07692307692307693,0.6538461538461539,0.34615384615384615,0.0,0.6469611030018304,0.3529616113471279,7.728565104165184e-05,Aversion,25,0.56,0.2,0.24,24,0.5416666666666666,0.20833333333333334
M0384,Mid-career proxy,Non-local,Mid-career proxy | Non-local,seniority_years proxy because no manager age column exists in the workbook,region proxy because no manager local/non-local column exists,26,0.16584907908240915,0.5759522268933196,0.4082273173380981,0.0,0.19230769230769232,0.5769230769230769,0.23076923076923078,0.18965396864846193,0.5837614425021315,0.22658458884940627,Neutral,25,0.76,0.12,0.12,24,0.5833333333333334,0.041666666666666664
M0385,Mid-career proxy,Local,Mid-career proxy | Local,seniority_years proxy because no manager age column exists in the workbook,region proxy because no manager local/non-local column exists,26,0.42973091514744693,0.5218122515597565,0.5327314114169883,0.07692307692307693,0.038461538461538464,0.7692307692307693,0.19230769230769232,0.038423625966478456,0.7250768419582527,0.23649953207526855,Neutral,25,0.72,0.12,0.16,24,0.6666666666666666,0.08333333333333333
M0386,Early-career proxy,Local,Early-career proxy | Local,seniority_years proxy because no manager age column exists in the workbook,region proxy because no manager local/non-local column exists,26,0.3953061912339556,0.58048570829953,0.5101110090166924,0.07692307692307693,0.11538461538461539,0.6923076923076923,0.19230769230769232,0.13277454879594525,0.6701302596381249,0.19709519156592986,Neutral,25,0.84,0.08,0.08,24,0.75,0.041666666666666664
M0387,Mid-career proxy,Local,Mid-career proxy | Local,seniority_years proxy because no manager age column exists in the workbook,region proxy because no manager local/non-local column exists,26,0.33959812490117014,0.5504749558196461,0.5203883916391366,0.0,0.5769230769230769,0.4230769230769231,0.0,0.5309936925077843,0.4687399863475688,0.0002663211446469112,Aversion,25,0.56,0.2,0.24,24,0.6666666666666666,0.2916666666666667
M0388,Mid-career proxy,Local,Mid-career proxy | Local,seniority_years proxy because no manager age column exists in the workbook,region proxy because no manager local/non-local column exists,26,0.23616320940654686,0.5758514961750459,0.43874862781787977,0.11538461538461539,0.5384615384615384,0.46153846153846156,0.0,0.513744106276224,0.485524798382119,0.0007310953416570253,Aversion,25,0.72,0.12,0.16,24,0.4583333333333333,0.0
M0389,Mid-career proxy,Local,Mid-career proxy | Local,seniority_years proxy because no manager age column exists in the workbook,region proxy because no manager local/non-local column exists,26,0.14819092536700193,0.5752049396739684,0.38582438840983885,0.0,0.19230769230769232,0.6153846153846154,0.19230769230769232,0.2251974834681552,0.5825371693111445,0.19226534722070024,Neutral,25,0.8,0.12,0.08,24,0.6666666666666666,0.041666666666666664
M0390,Mid-career proxy,Local,Mid-career proxy | Local,seniority_years proxy because no manager age column exists in the workbook,region proxy because no manager local/non-local column exists,26,0.2560973288906117,0.5900642881441247,0.441591537973422,0.0,0.3076923076923077,0.6153846153846154,0.07692307692307693,0.29151038044702876,0.6269189523459472,0.08157066720702402,Neutral,25,0.84,0.08,0.08,24,0.7083333333333334,0.0
M0391,Mid-career proxy,Local,Mid-career proxy | Local,seniority_years proxy because no manager age column exists in the workbook,region proxy because no manager local/non-local column exists,26,0.6513799043166608,0.4140875102742937,0.5866068298348425,0.34615384615384615,0.38461538461538464,0.6153846153846154,0.0,0.38460962893772993,0.6145289864504928,0.0008613846117771528,Neutral,25,0.84,0.08,0.08,24,0.875,0.08333333333333333
M0392,Mid-career proxy,Local,Mid-career proxy | Local,seniority_years proxy because no manager age column exists in the workbook,region proxy because no manager local/non-local column exists,26,0.40178201487181947,0.5088187159198498,0.47913132902022404,0.038461538461538464,0.5,0.5,0.0,0.4364709909082407,0.5634361749204141,9.28341713451824e-05,Neutral,25,0.6,0.2,0.2,24,0.5,0.16666666666666666
M0393,Mid-career proxy,Local,Mid-career proxy | Local,seniority_years proxy because no manager age column exists in the workbook,region proxy because no manager local/non-local column exists,26,0.3398677379831626,0.513888734718182,0.49824322019399064,0.15384615384615385,0.11538461538461539,0.5384615384615384,0.34615384615384615,0.11325860362718408,0.5427358061752248,0.34400559019759114,Neutral,25,0.88,0.08,0.04,24,0.75,0.0
M0394,Senior-career proxy,Local,Senior-career proxy | Local,seniority_years proxy because no manager age column exists in the workbook,region proxy because no manager local/non-local column exists,26,0.30182082124519677,0.5422437567287561,0.4376540046605157,0.0,0.2692307692307692,0.7307692307692307,0.0,0.2625796579053018,0.7359761241996797,0.001444217895018431,Neutral,25,0.8,0.08,0.12,24,0.75,0.08333333333333333
M0395,Mid-career proxy,Non-local,Mid-career proxy | Non-local,seniority_years proxy because no manager age column exists in the workbook,region proxy because no manager local/non-local column exists,26,0.32724354868214456,0.5341230226453675,0.45812549807882874,0.038461538461538464,0.07692307692307693,0.5769230769230769,0.34615384615384615,0.051011537678289844,0.6204271366492807,0.3285613256724294,Neutral,25,0.76,0.12,0.12,24,0.7083333333333334,0.08333333333333333
M0396,Mid-career proxy,Local,Mid-career proxy | Local,seniority_years proxy because no manager age column exists in the workbook,region proxy because no manager local/non-local column exists,26,0.4378981262474028,0.543331137643709,0.5033384492489706,0.19230769230769232,0.3076923076923077,0.5,0.19230769230769232,0.26936442444682657,0.5328596397871009,0.19777593576607264,Neutral,25,0.56,0.24,0.2,24,0.375,0.08333333333333333
M0397,Mid-career proxy,Local,Mid-career proxy | Local,seniority_years proxy because no manager age column exists in the workbook,region proxy because no manager local/non-local column exists,26,0.40908726567909015,0.48330289513605157,0.4796056951173892,0.11538461538461539,0.3076923076923077,0.6153846153846154,0.07692307692307693,0.2659051424305752,0.6552291758538047,0.0788656817156203,Neutral,25,0.52,0.24,0.24,24,0.5,0.25
M0398,Senior-career proxy,Local,Senior-career proxy | Local,seniority_years proxy because no manager age column exists in the workbook,region proxy because no manager local/non-local column exists,26,0.5869820813576685,0.4366606251649611,0.5598426278778111,0.3076923076923077,0.07692307692307693,0.4230769230769231,0.5,0.08316864231082863,0.4528923508805391,0.4639390068086324,Appreciation,25,0.84,0.08,0.08,24,0.7916666666666666,0.08333333333333333
M0399,Early-career proxy,Non-local,Early-career proxy | Non-local,seniority_years proxy because no manager age column exists in the workbook,region proxy because no manager local/non-local column exists,26,0.18502971950773606,0.5951941517358261,0.44025932664537043,0.0,0.23076923076923078,0.7692307692307693,0.0,0.2287170858370483,0.756650149761406,0.014632764401545838,Neutral,25,0.88,0.04,0.08,24,0.875,0.041666666666666664
M0400,Senior-career proxy,Local,Senior-career proxy | Local,seniority_years proxy because no manager age column exists in the workbook,region proxy because no manager local/non-local column exists,26,0.21792752021299738,0.5839460018733068,0.41815765923245607,0.038461538461538464,0.3076923076923077,0.6923076923076923,0.0,0.2922908788667252,0.6978390081419387,0.009870112991336154,Neutral,25,0.72,0.12,0.16,24,0.6666666666666666,0.125
M0401,Senior-career proxy,Local,Senior-career proxy | Local,seniority_years proxy because no manager age column exists in the workbook,region proxy because no manager local/non-local column exists,26,0.42130052333397994,0.5437095977715821,0.508110363013126,0.038461538461538464,0.0,0.5769230769230769,0.4230769230769231,0.006089994595549374,0.5727625647861706,0.42114744061827947,Neutral,25,0.88,0.08,0.04,24,0.9166666666666666,0.08333333333333333
M0402,Mid-career proxy,Local,Mid-career proxy | Local,seniority_years proxy because no manager age column exists in the workbook,region proxy because no manager local/non-local column exists,26,0.26155665860536204,0.5418552924909676,0.4571973433674602,0.0,0.5,0.4230769230769231,0.07692307692307693,0.5092670503054554,0.3936760277464097,0.09705692194813491,Aversion,25,0.72,0.16,0.12,24,0.5416666666666666,0.041666666666666664
M0403,Senior-career proxy,Local,Senior-career proxy | Local,seniority_years proxy because no manager age column exists in the workbook,region proxy because no manager local/non-local column exists,26,0.48658394828239404,0.4539726882937722,0.5707753721876371,0.038461538461538464,0.34615384615384615,0.5769230769230769,0.07692307692307693,0.3625239536785231,0.5620213938495838,0.07545465247189312,Neutral,25,0.6,0.2,0.2,24,0.375,0.08333333333333333
M0404,Mid-career proxy,Non-local,Mid-career proxy | Non-local,seniority_years proxy because no manager age column exists in the workbook,region proxy because no manager local/non-local column exists,26,0.34975905961743275,0.5786643940463753,0.4942210860656578,0.11538461538461539,0.5769230769230769,0.4230769230769231,0.0,0.5986200962039585,0.4013570582500441,2.2845545997399527e-05,Aversion,25,0.68,0.16,0.16,24,0.625,0.125
M0405,Senior-career proxy,Local,Senior-career proxy | Local,seniority_years proxy because no manager age column exists in the workbook,region proxy because no manager local/non-local column exists,26,0.2430907896825637,0.5198159989914385,0.44126340303949935,0.11538461538461539,0.4230769230769231,0.5769230769230769,0.0,0.4196950199173506,0.5772079343650488,0.0030970457176006843,Neutral,25,0.6,0.2,0.2,24,0.4583333333333333,0.125
M0406,Mid-career proxy,Non-local,Mid-career proxy | Non-local,seniority_years proxy because no manager age column exists in the workbook,region proxy because no manager local/non-local column exists,26,0.4855870103949024,0.49469264076671976,0.5120589464816898,0.15384615384615385,0.46153846153846156,0.5384615384615384,0.0,0.44146301617690126,0.5532655142179036,0.00527146960519514,Neutral,25,0.68,0.16,0.16,24,0.5416666666666666,0.08333333333333333
M0407,Mid-career proxy,Local,Mid-career proxy | Local,seniority_years proxy because no manager age column exists in the workbook,region proxy because no manager local/non-local column exists,26,0.2334396977142973,0.5093048264207127,0.4379882377801445,0.038461538461538464,0.5769230769230769,0.4230769230769231,0.0,0.5392802533183135,0.460417532946431,0.0003022137352554011,Aversion,25,0.64,0.16,0.2,24,0.4166666666666667,0.08333333333333333
M0408,Mid-career proxy,Local,Mid-career proxy | Local,seniority_years proxy because no manager age column exists in the workbook,region proxy because no manager local/non-local column exists,26,0.12015769286972196,0.6343390406477625,0.3924188912622284,0.0,0.5,0.4230769230769231,0.07692307692307693,0.47111332983968074,0.4409665610645325,0.08792010909578668,Aversion,25,0.72,0.12,0.16,24,0.5416666666666666,0.041666666666666664
M0409,Senior-career proxy,Local,Senior-career proxy | Local,seniority_years proxy because no manager age column exists in the workbook,region proxy because no manager local/non-local column exists,26,0.36438415788394046,0.4560577332153527,0.4815738557679958,0.07692307692307693,0.6538461538461539,0.34615384615384615,0.0,0.6368782489685733,0.36311781152031475,3.9395111119232095e-06,Aversion,25,0.72,0.12,0.16,24,0.6666666666666666,0.125
M0410,Mid-career proxy,Local,Mid-career proxy | Local,seniority_years proxy because no manager age column exists in the workbook,region proxy because no manager local/non-local column exists,26,0.24991253176222678,0.5176207577727855,0.4297405542651844,0.038461538461538464,0.38461538461538464,0.38461538461538464,0.23076923076923078,0.3937167921608744,0.3697832115577224,0.2364999962814031,Neutral,25,0.56,0.24,0.2,24,0.5,0.20833333333333334
M0411,Senior-career proxy,Local,Senior-career proxy | Local,seniority_years proxy because no manager age column exists in the workbook,region proxy because no manager local/non-local column exists,26,0.394759982275105,0.5360586795394178,0.49278952122102704,0.19230769230769232,0.038461538461538464,0.5769230769230769,0.38461538461538464,0.03699025842721724,0.5485585912096547,0.41445115036312796,Neutral,25,0.72,0.16,0.12,24,0.75,0.125
M0412,Mid-career proxy,Local,Mid-career proxy | Local,seniority_years proxy because no manager age column exists in the workbook,region proxy because no manager local/non-local column exists,26,0.39004582025611295,0.553765148342838,0.5059843946535547,0.15384615384615385,0.3076923076923077,0.6538461538461539,0.038461538461538464,0.31634035550061473,0.612820412034655,0.07083923246473015,Neutral,25,0.72,0.12,0.16,24,0.6666666666666666,0.08333333333333333
M0413,Early-career proxy,Local,Early-career proxy | Local,seniority_years proxy because no manager age column exists in the workbook,region proxy because no manager local/non-local column exists,26,0.3871424399964608,0.545072169382508,0.5094264874532587,0.038461538461538464,0.19230769230769232,0.34615384615384615,0.46153846153846156,0.15123632129538403,0.3989641994872475,0.44979947921736874,Appreciation,25,0.8,0.12,0.08,24,0.625,0.0
M0414,Mid-career proxy,Local,Mid-career proxy | Local,seniority_years proxy because no manager age column exists in the workbook,region proxy because no manager local/non-local column exists,26,0.5071328078078671,0.5106907380610315,0.556980919387041,0.038461538461538464,0.038461538461538464,0.5384615384615384,0.4230769230769231,0.03649070846908347,0.5256270942373326,0.4378821972935837,Neutral,25,0.88,0.08,0.04,24,0.8333333333333334,0.041666666666666664
M0415,Mid-career proxy,Non-local,Mid-career proxy | Non-local,seniority_years proxy because no manager age column exists in the workbook,region proxy because no manager local/non-local column exists,26,0.3535660263572594,0.5687160037806225,0.4905264258993022,0.0,0.11538461538461539,0.8076923076923077,0.07692307692307693,0.13590324940334905,0.7648659552740436,0.09923079532260705,Neutral,25,0.76,0.12,0.12,24,0.5833333333333334,0.041666666666666664
M0416,Senior-career proxy,Local,Senior-career proxy | Local,seniority_years proxy because no manager age column exists in the workbook,region proxy because no manager local/non-local column exists,26,0.09807596989361676,0.6401057158138271,0.40912914808008743,0.0,0.2692307692307692,0.3076923076923077,0.4230769230769231,0.2400617748028892,0.35551581723301706,0.4044224079640937,Appreciation,25,0.8,0.12,0.08,24,0.6666666666666666,0.041666666666666664
M0417,Mid-career proxy,Local,Mid-career proxy | Local,seniority_years proxy because no manager age column exists in the workbook,region proxy because no manager local/non-local column exists,26,0.24886078132736247,0.5941698401582246,0.4559578169257401,0.0,0.038461538461538464,0.7692307692307693,0.19230769230769232,0.058403984845796966,0.7158197263461662,0.22577628880803713,Neutral,25,0.88,0.08,0.04,24,0.8333333333333334,0.041666666666666664
M0418,Early-career proxy,Local,Early-career proxy | Local,seniority_years proxy because no manager age column exists in the workbook,region proxy because no manager local/non-local column exists,26,0.3227272962591258,0.6057444984585925,0.45692498296608297,0.038461538461538464,0.3076923076923077,0.46153846153846156,0.23076923076923078,0.26977897140632473,0.49743833754276756,0.23278269105090768,Neutral,25,0.64,0.2,0.16,24,0.5416666666666666,0.125
M0419,Mid-career proxy,Local,Mid-career proxy | Local,seniority_years proxy because no manager age column exists in the workbook,region proxy because no manager local/non-local column exists,26,0.3719997512823033,0.55869753098344,0.49888705054240473,0.0,0.6153846153846154,0.38461538461538464,0.0,0.5983933857521885,0.3998418136709968,0.0017648005768147225,Aversion,25,0.64,0.16,0.2,24,0.5833333333333334,0.125
M0420,Early-career proxy,Local,Early-career proxy | Local,seniority_years proxy because no manager age column exists in the workbook,region proxy because no manager local/non-local column exists,26,0.2590689059547192,0.5767173451798755,0.4790709495646706,0.038461538461538464,0.3076923076923077,0.38461538461538464,0.3076923076923077,0.3022813318776033,0.4089648245118335,0.28875384361056305,Neutral,25,0.68,0.16,0.16,24,0.5416666666666666,0.08333333333333333
M0421,Mid-career proxy,Non-local,Mid-career proxy | Non-local,seniority_years proxy because no manager age column exists in the workbook,region proxy because no manager local/non-local column exists,26,0.40536362105876855,0.5738101973881521,0.4758783056679209,0.07692307692307693,0.5384615384615384,0.46153846153846156,0.0,0.48459996730685817,0.5151425759937482,0.0002574566993936827,Aversion,25,0.56,0.2,0.24,24,0.5416666666666666,0.20833333333333334
M0422,Early-career proxy,Local,Early-career proxy | Local,seniority_years proxy because no manager age column exists in the workbook,region proxy because no manager local/non-local column exists,26,0.30430574935374766,0.5096079059059695,0.45364913443748134,0.0,0.6153846153846154,0.38461538461538464,0.0,0.603586492465089,0.39604643184509697,0.00036707568981382706,Aversion,25,0.72,0.12,0.16,24,0.8333333333333334,0.20833333333333334
M0423,Senior-career proxy,Local,Senior-career proxy | Local,seniority_years proxy because no manager age column exists in the workbook,region proxy because no manager local/non-local column exists,26,0.3332582949437422,0.5913390289049404,0.4982628276409685,0.07692307692307693,0.34615384615384615,0.4230769230769231,0.23076923076923078,0.3362756708207177,0.42234831405735423,0.24137601512192802,Neutral,25,0.68,0.16,0.16,24,0.5416666666666666,0.08333333333333333
M0424,Early-career proxy,Non-local,Early-career proxy | Non-local,seniority_years proxy because no manager age column exists in the workbook,region proxy because no manager local/non-local column exists,26,0.42400958566079405,0.5028755438978109,0.5139355853354297,0.0,0.3076923076923077,0.6923076923076923,0.0,0.2852950090650056,0.6698746473252528,0.04483034360974184,Neutral,25,0.76,0.12,0.12,24,0.6666666666666666,0.08333333333333333
M0425,Mid-career proxy,Local,Mid-career proxy | Local,seniority_years proxy because no manager age column exists in the workbook,region proxy because no manager local/non-local column exists,26,0.3334258633725172,0.5610730048102146,0.5121337546129161,0.0,0.2692307692307692,0.3076923076923077,0.4230769230769231,0.2567503421979597,0.3189634587013354,0.4242861991007048,Appreciation,25,0.88,0.08,0.04,24,0.7916666666666666,0.0
M0426,Mid-career proxy,Local,Mid-career proxy | Local,seniority_years proxy because no manager age column exists in the workbook,region proxy because no manager local/non-local column exists,26,0.36438192791654384,0.5246324783971948,0.4992367959852539,0.0,0.5,0.5,0.0,0.4420997438572156,0.5552505302293445,0.0026497259134396606,Neutral,25,0.6,0.2,0.2,24,0.4166666666666667,0.125
M0427,Mid-career proxy,Local,Mid-career proxy | Local,seniority_years proxy because no manager age column exists in the workbook,region proxy because no manager local/non-local column exists,26,0.32643187098065657,0.5874008964201388,0.49599541076011,0.038461538461538464,0.23076923076923078,0.7307692307692307,0.038461538461538464,0.21641428106720537,0.7406789864833884,0.04290673244940638,Neutral,25,0.72,0.12,0.16,24,0.8333333333333334,0.16666666666666666
M0428,Mid-career proxy,Non-local,Mid-career proxy | Non-local,seniority_years proxy because no manager age column exists in the workbook,region proxy because no manager local/non-local column exists,26,0.31362988749465714,0.5437578877170554,0.45930096249433383,0.038461538461538464,0.38461538461538464,0.2692307692307692,0.34615384615384615,0.36191308910470327,0.2824310148888049,0.3556558960064917,Aversion,25,0.8,0.12,0.08,24,0.625,0.0
M0429,Early-career proxy,Non-local,Early-career proxy | Non-local,seniority_years proxy because no manager age column exists in the workbook,region proxy because no manager local/non-local column exists,26,0.4242502416165711,0.5583239072238377,0.5083281392738261,0.038461538461538464,0.34615384615384615,0.46153846153846156,0.19230769230769232,0.35458555607876424,0.47363055242889984,0.17178389149233603,Neutral,25,0.72,0.16,0.12,24,0.4583333333333333,0.0
M0430,Early-career proxy,Local,Early-career proxy | Local,seniority_years proxy because no manager age column exists in the workbook,region proxy because no manager local/non-local column exists,26,0.4443474005857171,0.5788321134536664,0.5580214258463596,0.0,0.5769230769230769,0.4230769230769231,0.0,0.5533090746552868,0.44630007038549996,0.0003908549592131402,Aversion,25,0.96,0.0,0.04,24,0.9166666666666666,0.0
M0431,Senior-career proxy,Local,Senior-career proxy | Local,seniority_years proxy because no manager age column exists in the workbook,region proxy because no manager local/non-local column exists,26,0.4368606366939783,0.5316042460825895,0.528075990516446,0.11538461538461539,0.0,0.6153846153846154,0.38461538461538464,1.7305836057624317e-13,0.5837817316228315,0.4162182683769953,Neutral,25,0.96,0.04,0.0,24,0.9166666666666666,0.0
M0432,Mid-career proxy,Local,Mid-career proxy | Local,seniority_years proxy because no manager age column exists in the workbook,region proxy because no manager local/non-local column exists,26,0.12199270433825869,0.5652387573934708,0.3713528195449599,0.0,0.46153846153846156,0.5384615384615384,0.0,0.46007765526826194,0.539772798911405,0.0001495458203331122,Neutral,25,0.8,0.08,0.12,24,0.7083333333333334,0.041666666666666664
M0433,Mid-career proxy,Local,Mid-career proxy | Local,seniority_years proxy because no manager age column exists in the workbook,region proxy because no manager local/non-local column exists,26,0.25719025369596654,0.5159713968721626,0.4838202376647847,0.07692307692307693,0.23076923076923078,0.4230769230769231,0.34615384615384615,0.2604136584631486,0.4080036430662012,0.33158269847065,Neutral,25,0.64,0.2,0.16,24,0.4583333333333333,0.08333333333333333
M0434,Mid-career proxy,Non-local,Mid-career proxy | Non-local,seniority_years proxy because no manager age column exists in the workbook,region proxy because no manager local/non-local column exists,26,0.5090812404001649,0.5380403808465303,0.5312463122891516,0.23076923076923078,0.46153846153846156,0.4230769230769231,0.11538461538461539,0.47161585931492755,0.4275844188605262,0.10079972182454616,Aversion,25,0.56,0.24,0.2,24,0.4166666666666667,0.16666666666666666
M0435,Mid-career proxy,Non-local,Mid-career proxy | Non-local,seniority_years proxy because no manager age column exists in the workbook,region proxy because no manager local/non-local column exists,26,0.2542172991698403,0.6239196521313003,0.49644856992161335,0.0,0.34615384615384615,0.5,0.15384615384615385,0.3376214624063829,0.5085457476344448,0.15383278995917224,Neutral,25,0.6,0.2,0.2,24,0.5416666666666666,0.20833333333333334
M0436,Mid-career proxy,Local,Mid-career proxy | Local,seniority_years proxy because no manager age column exists in the workbook,region proxy because no manager local/non-local column exists,26,0.318142927112899,0.5188023838417335,0.4915626457550457,0.07692307692307693,0.3076923076923077,0.38461538461538464,0.3076923076923077,0.28124677451527197,0.40023749946616155,0.3185157260185664,Neutral,25,0.48,0.24,0.28,24,0.5,0.25
M0437,Senior-career proxy,Local,Senior-career proxy | Local,seniority_years proxy because no manager age column exists in the workbook,region proxy because no manager local/non-local column exists,26,0.342503356205339,0.5197268958842307,0.4767257542232378,0.038461538461538464,0.0,0.7307692307692307,0.2692307692307692,0.0012631862747814044,0.7022736865298188,0.2964631271953997,Neutral,25,0.92,0.04,0.04,24,0.8333333333333334,0.0
M0438,Mid-career proxy,Local,Mid-career proxy | Local,seniority_years proxy because no manager age column exists in the workbook,region proxy because no manager local/non-local column exists,26,0.26064699077572245,0.5603433450038611,0.4594103447426226,0.0,0.3076923076923077,0.5,0.19230769230769232,0.30632577568929725,0.5035867924597093,0.19008743185099344,Neutral,25,0.72,0.12,0.16,24,0.5,0.041666666666666664
M0439,Mid-career proxy,Non-local,Mid-career proxy | Non-local,seniority_years proxy because no manager age column exists in the workbook,region proxy because no manager local/non-local column exists,26,0.40117875745963183,0.5433782353043929,0.48830103551858084,0.038461538461538464,0.38461538461538464,0.46153846153846156,0.15384615384615385,0.3561732571101785,0.5254628249287763,0.11836391796104541,Neutral,25,0.72,0.12,0.16,24,0.5416666666666666,0.041666666666666664
M0440,Mid-career proxy,Local,Mid-career proxy | Local,seniority_years proxy because no manager age column exists in the workbook,region proxy because no manager local/non-local column exists,26,0.18183204539712378,0.6079410018107911,0.42160429069018224,0.0,0.19230769230769232,0.5769230769230769,0.23076923076923078,0.18859485990465746,0.5685805055897938,0.2428246345055488,Neutral,25,0.64,0.16,0.2,24,0.625,0.125
M0441,Mid-career proxy,Non-local,Mid-career proxy | Non-local,seniority_years proxy because no manager age column exists in the workbook,region proxy because no manager local/non-local column exists,26,0.396541216991027,0.49084314404389884,0.5028591194515781,0.11538461538461539,0.19230769230769232,0.6538461538461539,0.15384615384615385,0.1462592386762104,0.6975198883331021,0.15622087299068757,Neutral,25,0.68,0.16,0.16,24,0.5,0.08333333333333333
M0442,Mid-career proxy,Local,Mid-career proxy | Local,seniority_years proxy because no manager age column exists in the workbook,region proxy because no manager local/non-local column exists,26,0.49273784467844783,0.5160723180364605,0.5595792110935783,0.2692307692307692,0.0,0.6538461538461539,0.34615384615384615,0.01781190822469161,0.6125628734104802,0.36962521836482803,Neutral,25,0.88,0.08,0.04,24,0.75,0.0
M0443,Senior-career proxy,Local,Senior-career proxy | Local,seniority_years proxy because no manager age column exists in the workbook,region proxy because no manager local/non-local column exists,26,0.2625906085232719,0.5557355615608145,0.44583450326996366,0.11538461538461539,0.5384615384615384,0.46153846153846156,0.0,0.5148239676300007,0.4849379373766208,0.00023809499337845003,Aversion,25,0.8,0.08,0.12,24,0.75,0.08333333333333333
M0444,Senior-career proxy,Local,Senior-career proxy | Local,seniority_years proxy because no manager age column exists in the workbook,region proxy because no manager local/non-local column exists,26,0.3755647208199843,0.5599694426726937,0.48720657257841365,0.038461538461538464,0.15384615384615385,0.5769230769230769,0.2692307692307692,0.14129582125541743,0.6085734175135126,0.2501307612310702,Neutral,25,0.64,0.16,0.2,24,0.625,0.125
M0445,Senior-career proxy,Local,Senior-career proxy | Local,seniority_years proxy because no manager age column exists in the workbook,region proxy because no manager local/non-local column exists,26,0.22173010238770896,0.5376462636013742,0.4141013237448503,0.038461538461538464,0.2692307692307692,0.6153846153846154,0.11538461538461539,0.24058832157889085,0.6647243286581003,0.09468734976300883,Neutral,25,0.56,0.2,0.24,24,0.375,0.125
M0446,Early-career proxy,Local,Early-career proxy | Local,seniority_years proxy because no manager age column exists in the workbook,region proxy because no manager local/non-local column exists,26,0.34378635098162075,0.6382238823951962,0.5152582601238254,0.038461538461538464,0.3076923076923077,0.6923076923076923,0.0,0.3161688024315491,0.6832093562446301,0.0006218413238206366,Neutral,25,0.72,0.12,0.16,24,0.7083333333333334,0.125
M0447,Early-career proxy,Non-local,Early-career proxy | Non-local,seniority_years proxy because no manager age column exists in the workbook,region proxy because no manager local/non-local column exists,26,0.1573215988400913,0.5575496805166756,0.41215776164652607,0.0,0.5769230769230769,0.4230769230769231,0.0,0.5753927341939012,0.4245522865175222,5.497928857654414e-05,Aversion,25,0.64,0.16,0.2,24,0.625,0.16666666666666666
M0448,Mid-career proxy,Non-local,Mid-career proxy | Non-local,seniority_years proxy because no manager age column exists in the workbook,region proxy because no manager local/non-local column exists,26,0.1786909989432311,0.5996240103907486,0.4013715374580267,0.0,0.6538461538461539,0.34615384615384615,0.0,0.6282393823772732,0.3717508401570849,9.777465641758221e-06,Aversion,25,0.56,0.2,0.24,24,0.5416666666666666,0.20833333333333334
M0449,Early-career proxy,Non-local,Early-career proxy | Non-local,seniority_years proxy because no manager age column exists in the workbook,region proxy because no manager local/non-local column exists,26,0.5189415169259822,0.4831212792452815,0.564633635689897,0.11538461538461539,0.11538461538461539,0.6153846153846154,0.2692307692307692,0.1332843903615357,0.6170351498047126,0.24968045983375164,Neutral,25,0.8,0.12,0.08,24,0.625,0.0
M0450,Mid-career proxy,Local,Mid-career proxy | Local,seniority_years proxy because no manager age column exists in the workbook,region proxy because no manager local/non-local column exists,26,0.3191960238402997,0.4606886993449872,0.45710425539334365,0.038461538461538464,0.3076923076923077,0.5769230769230769,0.11538461538461539,0.28602741906790513,0.593749771941501,0.12022280899059387,Neutral,25,0.72,0.16,0.12,24,0.4583333333333333,0.0
M0451,Mid-career proxy,Non-local,Mid-career proxy | Non-local,seniority_years proxy because no manager age column exists in the workbook,region proxy because no manager local/non-local column exists,26,0.5455625773591632,0.5387056140621101,0.5484827967244313,0.3076923076923077,0.11538461538461539,0.6153846153846154,0.2692307692307692,0.08659111386680086,0.6220038445408278,0.29140504159237146,Neutral,25,0.8,0.12,0.08,24,0.6666666666666666,0.041666666666666664
M0452,Mid-career proxy,Local,Mid-career proxy | Local,seniority_years proxy because no manager age column exists in the workbook,region proxy because no manager local/non-local column exists,26,0.16142239134556982,0.5806857422479228,0.39041378834888607,0.0,0.4230769230769231,0.5769230769230769,0.0,0.39425177909449177,0.5700299903666406,0.03571823053886737,Neutral,25,0.68,0.16,0.16,24,0.5,0.08333333333333333
M0453,Mid-career proxy,Local,Mid-career proxy | Local,seniority_years proxy because no manager age column exists in the workbook,region proxy because no manager local/non-local column exists,26,0.3423384355982541,0.6013615464354202,0.4688143226060616,0.15384615384615385,0.5384615384615384,0.46153846153846156,0.0,0.5189780779773833,0.48100499086222237,1.693116039426858e-05,Aversion,25,0.72,0.12,0.16,24,0.5833333333333334,0.08333333333333333
M0454,Senior-career proxy,Local,Senior-career proxy | Local,seniority_years proxy because no manager age column exists in the workbook,region proxy because no manager local/non-local column exists,26,0.4008154447429822,0.49983780306068504,0.4876908186453312,0.07692307692307693,0.0,0.7307692307692307,0.2692307692307692,0.008038765770603393,0.6617959209197051,0.33016531330969195,Neutral,25,0.8,0.12,0.08,24,0.6666666666666666,0.041666666666666664
M0455,Mid-career proxy,Local,Mid-career proxy | Local,seniority_years proxy because no manager age column exists in the workbook,region proxy because no manager local/non-local column exists,26,0.3174335130411737,0.5439779838891522,0.4602309704816658,0.038461538461538464,0.07692307692307693,0.6153846153846154,0.3076923076923077,0.07379370001787586,0.6557371980606549,0.2704691019214694,Neutral,25,0.72,0.16,0.12,24,0.5833333333333334,0.041666666666666664
M0456,Senior-career proxy,Local,Senior-career proxy | Local,seniority_years proxy because no manager age column exists in the workbook,region proxy because no manager local/non-local column exists,26,0.4435451133167177,0.4793410329608607,0.5058188397082467,0.038461538461538464,0.15384615384615385,0.6153846153846154,0.23076923076923078,0.16165020483825993,0.6121190824556284,0.22623071270611134,Neutral,25,0.52,0.24,0.24,24,0.4583333333333333,0.20833333333333334
M0457,Mid-career proxy,Local,Mid-career proxy | Local,seniority_years proxy because no manager age column exists in the workbook,region proxy because no manager local/non-local column exists,26,0.3940043108351396,0.5516815750507359,0.4845557321142909,0.038461538461538464,0.6923076923076923,0.3076923076923077,0.0,0.6450397670034899,0.3549583708096164,1.8621868938427734e-06,Aversion,25,0.64,0.16,0.2,24,0.375,0.041666666666666664
M0458,Mid-career proxy,Local,Mid-career proxy | Local,seniority_years proxy because no manager age column exists in the workbook,region proxy because no manager local/non-local column exists,26,0.4475768616151703,0.38774932727044953,0.5167527947805248,0.038461538461538464,0.038461538461538464,0.9615384615384616,0.0,0.03509953487147311,0.9574434922202288,0.007456972908297213,Neutral,25,0.92,0.04,0.04,24,0.9166666666666666,0.041666666666666664
M0459,Mid-career proxy,Non-local,Mid-career proxy | Non-local,seniority_years proxy because no manager age column exists in the workbook,region proxy because no manager local/non-local column exists,26,0.42937719199681723,0.4883935968786608,0.516053801735551,0.3076923076923077,0.15384615384615385,0.34615384615384615,0.5,0.13486621792060582,0.4039722314624967,0.4611615506168973,Appreciation,25,0.72,0.16,0.12,24,0.75,0.125
M0460,Mid-career proxy,Local,Mid-career proxy | Local,seniority_years proxy because no manager age column exists in the workbook,region proxy because no manager local/non-local column exists,26,0.3279790398112122,0.5701329794485658,0.4812092459664855,0.0,0.6153846153846154,0.38461538461538464,0.0,0.6431533385175301,0.3568194848767861,2.7176605683841073e-05,Aversion,25,0.72,0.12,0.16,24,0.75,0.16666666666666666
M0461,Mid-career proxy,Local,Mid-career proxy | Local,seniority_years proxy because no manager age column exists in the workbook,region proxy because no manager local/non-local column exists,26,0.27446256926118084,0.5681906518628427,0.4661342378453758,0.0,0.07692307692307693,0.4230769230769231,0.5,0.07870334750235346,0.4530416113374561,0.46825504116019034,Appreciation,25,0.8,0.12,0.08,24,0.8333333333333334,0.125
M0462,Senior-career proxy,Local,Senior-career proxy | Local,seniority_years proxy because no manager age column exists in the workbook,region proxy because no manager local/non-local column exists,26,0.25941702055822,0.6031601845446227,0.44700426830195766,0.038461538461538464,0.19230769230769232,0.46153846153846156,0.34615384615384615,0.18724957561746805,0.46046139103655265,0.35228903334597955,Neutral,25,0.72,0.16,0.12,24,0.5833333333333334,0.08333333333333333
M0463,Mid-career proxy,Local,Mid-career proxy | Local,seniority_years proxy because no manager age column exists in the workbook,region proxy because no manager local/non-local column exists,26,0.26227297948492406,0.5936549115283296,0.46933616865424865,0.07692307692307693,0.3076923076923077,0.6923076923076923,0.0,0.36909620392029363,0.6236200827993142,0.007283713280392117,Neutral,25,0.72,0.12,0.16,24,0.6666666666666666,0.125
M0464,Early-career proxy,Non-local,Early-career proxy | Non-local,seniority_years proxy because no manager age column exists in the workbook,region proxy because no manager local/non-local column exists,26,0.5710136667880309,0.45976237161208783,0.559310292430211,0.2692307692307692,0.34615384615384615,0.3076923076923077,0.34615384615384615,0.32623368810817926,0.3279341085271298,0.3458322033646911,Aversion,25,0.8,0.12,0.08,24,0.7083333333333334,0.041666666666666664
M0465,Mid-career proxy,Local,Mid-career proxy | Local,seniority_years proxy because no manager age column exists in the workbook,region proxy because no manager local/non-local column exists,26,0.34736810620341857,0.5419111803446532,0.4993731489599763,0.07692307692307693,0.46153846153846156,0.5384615384615384,0.0,0.423076421784041,0.5698100422991716,0.007113535916787339,Neutral,25,0.56,0.2,0.24,24,0.625,0.25
M0466,Mid-career proxy,Local,Mid-career proxy | Local,seniority_years proxy because no manager age column exists in the workbook,region proxy because no manager local/non-local column exists,26,0.3454667664197687,0.569051331042731,0.4939975187007707,0.11538461538461539,0.038461538461538464,0.4230769230769231,0.5384615384615384,0.0369392264064661,0.43568095052310746,0.5273798230704261,Appreciation,25,0.88,0.04,0.08,24,0.8333333333333334,0.0
M0467,Mid-career proxy,Local,Mid-career proxy | Local,seniority_years proxy because no manager age column exists in the workbook,region proxy because no manager local/non-local column exists,26,0.32774005501827536,0.5843789791695257,0.49018670033669454,0.07692307692307693,0.3076923076923077,0.38461538461538464,0.3076923076923077,0.286303848846812,0.38687570175113406,0.3268204494020536,Neutral,25,0.64,0.2,0.16,24,0.4583333333333333,0.08333333333333333
M0468,Mid-career proxy,Non-local,Mid-career proxy | Non-local,seniority_years proxy because no manager age column exists in the workbook,region proxy because no manager local/non-local column exists,26,0.3238935419551374,0.5406721898922154,0.47597840239933836,0.07692307692307693,0.19230769230769232,0.8076923076923077,0.0,0.16667581585506555,0.8241252224514277,0.0091989616935067,Neutral,25,0.76,0.12,0.12,24,0.6666666666666666,0.08333333333333333
M0469,Early-career proxy,Non-local,Early-career proxy | Non-local,seniority_years proxy because no manager age column exists in the workbook,region proxy because no manager local/non-local column exists,26,0.402187286748057,0.5812339528704997,0.5077061407346691,0.07692307692307693,0.038461538461538464,0.4230769230769231,0.5384615384615384,0.03835336292227879,0.4626506037520392,0.4989960333256818,Appreciation,25,0.76,0.12,0.12,24,0.7916666666666666,0.125
M0470,Mid-career proxy,Local,Mid-career proxy | Local,seniority_years proxy because no manager age column exists in the workbook,region proxy because no manager local/non-local column exists,26,0.6638817022633045,0.4050182505658384,0.5884017726443751,0.34615384615384615,0.0,0.5384615384615384,0.46153846153846156,0.0010273128240358349,0.5242950050534089,0.47467768212255546,Neutral,25,0.84,0.08,0.08,24,0.7083333333333334,0.0
M0471,Early-career proxy,Non-local,Early-career proxy | Non-local,seniority_years proxy because no manager age column exists in the workbook,region proxy because no manager local/non-local column exists,26,0.30247987440636187,0.5486847926816474,0.4668111975321087,0.11538461538461539,0.6538461538461539,0.34615384615384615,0.0,0.637763611770593,0.36221140928774986,2.497894165704631e-05,Aversion,25,0.64,0.16,0.2,24,0.5416666666666666,0.125
M0472,Senior-career proxy,Local,Senior-career proxy | Local,seniority_years proxy because no manager age column exists in the workbook,region proxy because no manager local/non-local column exists,26,0.444195881234499,0.5687245332212705,0.5175121938533879,0.19230769230769232,0.5384615384615384,0.46153846153846156,0.0,0.5379325238740786,0.4620579881609197,9.487965001646453e-06,Aversion,25,0.64,0.16,0.2,24,0.625,0.16666666666666666
M0473,Early-career proxy,Local,Early-career proxy | Local,seniority_years proxy because no manager age column exists in the workbook,region proxy because no manager local/non-local column exists,26,0.42266276089066895,0.47354044501219417,0.5131172218286845,0.2692307692307692,0.23076923076923078,0.46153846153846156,0.3076923076923077,0.2411215418550792,0.45030460279843354,0.3085738553464872,Neutral,25,0.72,0.16,0.12,24,0.7083333333333334,0.125
M0474,Mid-career proxy,Local,Mid-career proxy | Local,seniority_years proxy because no manager age column exists in the workbook,region proxy because no manager local/non-local column exists,26,0.4772039927500766,0.49583309552306704,0.5460940253107719,0.19230769230769232,0.11538461538461539,0.5384615384615384,0.34615384615384615,0.10313062454174693,0.559244547228828,0.3376248282294249,Neutral,25,0.8,0.12,0.08,24,0.75,0.08333333333333333
M0475,Mid-career proxy,Non-local,Mid-career proxy | Non-local,seniority_years proxy because no manager age column exists in the workbook,region proxy because no manager local/non-local column exists,26,0.4175011768749738,0.5264224047935661,0.5015981327600504,0.0,0.38461538461538464,0.6153846153846154,0.0,0.4012549992009272,0.5935057773931252,0.005239223405947725,Neutral,25,0.72,0.12,0.16,24,0.6666666666666666,0.125
M0476,Mid-career proxy,Non-local,Mid-career proxy | Non-local,seniority_years proxy because no manager age column exists in the workbook,region proxy because no manager local/non-local column exists,26,0.3338858585160269,0.4963517845179202,0.48211648655161343,0.19230769230769232,0.11538461538461539,0.7692307692307693,0.11538461538461539,0.11313680617358882,0.7639256071994232,0.12293758662698832,Neutral,25,0.84,0.04,0.12,24,0.7083333333333334,0.0
M0477,Mid-career proxy,Non-local,Mid-career proxy | Non-local,seniority_years proxy because no manager age column exists in the workbook,region proxy because no manager local/non-local column exists,26,0.33852749649721486,0.47339580476352605,0.503224563955167,0.15384615384615385,0.038461538461538464,0.5384615384615384,0.4230769230769231,0.04282729596409404,0.5454754529818728,0.41169725105403315,Neutral,25,0.88,0.08,0.04,24,0.8333333333333334,0.041666666666666664
M0478,Mid-career proxy,Local,Mid-career proxy | Local,seniority_years proxy because no manager age column exists in the workbook,region proxy because no manager local/non-local column exists,26,0.31051710653501835,0.5308206363889636,0.45263049689330465,0.07692307692307693,0.2692307692307692,0.23076923076923078,0.5,0.24414115345898488,0.27608681627501824,0.4797720302659968,Appreciation,25,0.72,0.16,0.12,24,0.6666666666666666,0.125
M0479,Early-career proxy,Local,Early-career proxy | Local,seniority_years proxy because no manager age column exists in the workbook,region proxy because no manager local/non-local column exists,26,0.4971075352151909,0.4949220437320624,0.5627243474552013,0.11538461538461539,0.038461538461538464,0.5,0.46153846153846156,0.051399766979013196,0.4869625775897013,0.4616376554312855,Neutral,25,0.8,0.12,0.08,24,0.75,0.08333333333333333
M0480,Mid-career proxy,Local,Mid-career proxy | Local,seniority_years proxy because no manager age column exists in the workbook,region proxy because no manager local/non-local column exists,26,0.4945097435307534,0.5190256557784589,0.5693417990200855,0.07692307692307693,0.0,0.6153846153846154,0.38461538461538464,0.013962858542640573,0.5999268244860544,0.3861103169713055,Neutral,25,0.84,0.08,0.08,24,0.75,0.041666666666666664
M0481,Early-career proxy,Non-local,Early-career proxy | Non-local,seniority_years proxy because no manager age column exists in the workbook,region proxy because no manager local/non-local column exists,26,0.4293510076535853,0.5080375025391862,0.5262995427521641,0.038461538461538464,0.11538461538461539,0.5769230769230769,0.3076923076923077,0.09709887385292792,0.5692994066535969,0.3336017194934752,Neutral,25,0.76,0.16,0.08,24,0.7083333333333334,0.08333333333333333
M0482,Senior-career proxy,Non-local,Senior-career proxy | Non-local,seniority_years proxy because no manager age column exists in the workbook,region proxy because no manager local/non-local column exists,26,0.4260376294640811,0.5537150394472273,0.5231184821518226,0.038461538461538464,0.0,0.4230769230769231,0.5769230769230769,6.911293957642202e-07,0.41356270839492804,0.586436600475676,Appreciation,25,0.88,0.08,0.04,24,0.8333333333333334,0.041666666666666664
M0483,Mid-career proxy,Local,Mid-career proxy | Local,seniority_years proxy because no manager age column exists in the workbook,region proxy because no manager local/non-local column exists,26,0.42676710737443957,0.5310589643394446,0.5059611970112243,0.0,0.07692307692307693,0.6538461538461539,0.2692307692307692,0.07427764211267966,0.6515067960014945,0.27421556188582585,Neutral,25,0.76,0.12,0.12,24,0.625,0.08333333333333333
M0484,Mid-career proxy,Local,Mid-career proxy | Local,seniority_years proxy because no manager age column exists in the workbook,region proxy because no manager local/non-local column exists,26,0.6273196516099617,0.4857441061903287,0.5777814327249069,0.23076923076923078,0.5384615384615384,0.46153846153846156,0.0,0.5210501449426672,0.4787725290407777,0.00017732601655508508,Aversion,25,0.8,0.08,0.12,24,0.75,0.08333333333333333
M0485,Early-career proxy,Local,Early-career proxy | Local,seniority_years proxy because no manager age column exists in the workbook,region proxy because no manager local/non-local column exists,26,0.3823488546050224,0.5814905179198377,0.5420399102426139,0.038461538461538464,0.38461538461538464,0.5,0.11538461538461539,0.3653456155740607,0.5180906058681126,0.11656377855782653,Neutral,25,0.76,0.12,0.12,24,0.625,0.08333333333333333
M0486,Early-career proxy,Local,Early-career proxy | Local,seniority_years proxy because no manager age column exists in the workbook,region proxy because no manager local/non-local column exists,26,0.37984919112501775,0.5111677213289991,0.4942950898725602,0.19230769230769232,0.23076923076923078,0.4230769230769231,0.34615384615384615,0.23145795595468702,0.42704559350276844,0.3414964505425445,Neutral,25,0.72,0.16,0.12,24,0.5416666666666666,0.041666666666666664
M0487,Mid-career proxy,Non-local,Mid-career proxy | Non-local,seniority_years proxy because no manager age column exists in the workbook,region proxy because no manager local/non-local column exists,26,0.47432094040971823,0.5264047847318892,0.5300879310074919,0.19230769230769232,0.5769230769230769,0.4230769230769231,0.0,0.5604995486610523,0.43901373078524875,0.00048672055369888725,Aversion,25,0.48,0.24,0.28,24,0.5833333333333334,0.3333333333333333
M0488,Senior-career proxy,Local,Senior-career proxy | Local,seniority_years proxy because no manager age column exists in the workbook,region proxy because no manager local/non-local column exists,26,0.37451948153217524,0.5758003338504335,0.5155509665474942,0.07692307692307693,0.11538461538461539,0.7307692307692307,0.15384615384615385,0.10590940587859758,0.7486900441230563,0.14540054999834623,Neutral,25,0.72,0.12,0.16,24,0.5833333333333334,0.08333333333333333
M0489,Early-career proxy,Non-local,Early-career proxy | Non-local,seniority_years proxy because no manager age column exists in the workbook,region proxy because no manager local/non-local column exists,26,0.2774845282613008,0.5295388448939231,0.4679819107249766,0.0,0.7307692307692307,0.19230769230769232,0.07692307692307693,0.7022600654824178,0.22150418784778883,0.07623574666979314,Aversion,25,0.84,0.08,0.08,24,0.75,0.041666666666666664
M0490,Senior-career proxy,Local,Senior-career proxy | Local,seniority_years proxy because no manager age column exists in the workbook,region proxy because no manager local/non-local column exists,26,0.3080532002980363,0.5721121079060638,0.45113687389709567,0.038461538461538464,0.6153846153846154,0.38461538461538464,0.0,0.59451849093188,0.4041985360753338,0.0012829729927861407,Aversion,25,0.6,0.2,0.2,24,0.7083333333333334,0.25
M0491,Early-career proxy,Local,Early-career proxy | Local,seniority_years proxy because no manager age column exists in the workbook,region proxy because no manager local/non-local column exists,26,0.2828970240159791,0.5503432485417424,0.44200855693726404,0.038461538461538464,0.3076923076923077,0.5384615384615384,0.15384615384615385,0.2651331327082562,0.5802012047131891,0.1546656625785545,Neutral,25,0.64,0.16,0.2,24,0.3333333333333333,0.041666666666666664
M0492,Mid-career proxy,Non-local,Mid-career proxy | Non-local,seniority_years proxy because no manager age column exists in the workbook,region proxy because no manager local/non-local column exists,26,0.22438261586032587,0.6199886342749376,0.46080462735056354,0.0,0.38461538461538464,0.34615384615384615,0.2692307692307692,0.3565977627226408,0.3801909751783458,0.26321126209901324,Aversion,25,0.6,0.2,0.2,24,0.5,0.16666666666666666
M0493,Mid-career proxy,Local,Mid-career proxy | Local,seniority_years proxy because no manager age column exists in the workbook,region proxy because no manager local/non-local column exists,26,0.24091030577776257,0.5535188031741721,0.44934229966947853,0.038461538461538464,0.4230769230769231,0.5769230769230769,0.0,0.4209000010548569,0.5788472565545939,0.0002527423905491194,Neutral,25,0.4,0.28,0.32,24,0.5,0.3333333333333333
M0494,Senior-career proxy,Local,Senior-career proxy | Local,seniority_years proxy because no manager age column exists in the workbook,region proxy because no manager local/non-local column exists,26,0.2944171377954198,0.5427946346722505,0.46414009900209224,0.038461538461538464,0.2692307692307692,0.7307692307692307,0.0,0.23404691604237657,0.7356665769616568,0.030286506995966557,Neutral,25,0.72,0.12,0.16,24,0.7083333333333334,0.125
M0495,Mid-career proxy,Local,Mid-career proxy | Local,seniority_years proxy because no manager age column exists in the workbook,region proxy because no manager local/non-local column exists,26,0.35115294646937745,0.5308270885869986,0.48501080504243227,0.11538461538461539,0.0,0.7307692307692307,0.2692307692307692,9.537309840944874e-10,0.6961589972430873,0.3038410018031817,Neutral,25,0.92,0.04,0.04,24,0.8333333333333334,0.0
M0496,Mid-career proxy,Non-local,Mid-career proxy | Non-local,seniority_years proxy because no manager age column exists in the workbook,region proxy because no manager local/non-local column exists,26,0.33664997250272616,0.5251308245155147,0.5042392427203123,0.15384615384615385,0.0,0.6153846153846154,0.38461538461538464,0.017787113803148846,0.5932826401815445,0.3889302460153067,Neutral,25,0.84,0.08,0.08,24,0.75,0.041666666666666664
M0497,Senior-career proxy,Local,Senior-career proxy | Local,seniority_years proxy because no manager age column exists in the workbook,region proxy because no manager local/non-local column exists,26,0.29952965019060185,0.5135928344216436,0.4671088143941169,0.0,0.5384615384615384,0.46153846153846156,0.0,0.5138411110449175,0.48614257384482384,1.631511025857795e-05,Aversion,25,0.64,0.16,0.2,24,0.5,0.125
M0498,Senior-career proxy,Local,Senior-career proxy | Local,seniority_years proxy because no manager age column exists in the workbook,region proxy because no manager local/non-local column exists,26,0.4239294864408709,0.5045841413295405,0.5157104212181819,0.11538461538461539,0.11538461538461539,0.6153846153846154,0.2692307692307692,0.13003295433535336,0.6412409514631985,0.22872609420144802,Neutral,25,0.84,0.08,0.08,24,0.7083333333333334,0.0
M0499,Mid-career proxy,Non-local,Mid-career proxy | Non-local,seniority_years proxy because no manager age column exists in the workbook,region proxy because no manager local/non-local column exists,26,0.3316803110090361,0.5125081039539063,0.48638430705180213,0.11538461538461539,0.15384615384615385,0.2692307692307692,0.5769230769230769,0.12547411119769072,0.3552383263777876,0.5192875624245211,Appreciation,25,0.84,0.08,0.08,24,0.6666666666666666,0.0
M0500,Senior-career proxy,Local,Senior-career proxy | Local,seniority_years proxy because no manager age column exists in the workbook,region proxy because no manager local/non-local column exists,26,0.38669366701829155,0.5687468617390491,0.5091468044490229,0.07692307692307693,0.38461538461538464,0.5384615384615384,0.07692307692307693,0.3398268375682315,0.5777884718272307,0.08238469060453765,Neutral,25,0.8,0.12,0.08,24,0.625,0.0
M0501,Mid-career proxy,Non-local,Mid-career proxy | Non-local,seniority_years proxy because no manager age column exists in the workbook,region proxy because no manager local/non-local column exists,26,0.2836815815456469,0.6220092925777992,0.48270355704469087,0.07692307692307693,0.38461538461538464,0.5,0.11538461538461539,0.3686001865833566,0.5331574089048849,0.09824240451175856,Neutral,25,0.6,0.2,0.2,24,0.5416666666666666,0.16666666666666666
M0502,Mid-career proxy,Local,Mid-career proxy | Local,seniority_years proxy because no manager age column exists in the workbook,region proxy because no manager local/non-local column exists,26,0.22023129802896108,0.5797941748373566,0.44171387173919696,0.038461538461538464,0.4230769230769231,0.2692307692307692,0.3076923076923077,0.4181572369632125,0.31477688969696743,0.26706587333982007,Aversion,25,0.76,0.12,0.12,24,0.6666666666666666,0.08333333333333333
M0503,Mid-career proxy,Non-local,Mid-career proxy | Non-local,seniority_years proxy because no manager age column exists in the workbook,region proxy because no manager local/non-local column exists,26,0.5107684968427108,0.5212750686064098,0.5408857596576485,0.19230769230769232,0.6923076923076923,0.3076923076923077,0.0,0.6281719503553435,0.3717394670687211,8.858257593539866e-05,Aversion,25,0.8,0.08,0.12,24,0.6666666666666666,0.041666666666666664
M0504,Mid-career proxy,Local,Mid-career proxy | Local,seniority_years proxy because no manager age column exists in the workbook,region proxy because no manager local/non-local column exists,26,0.3304051501641918,0.5616455639214417,0.4918248588276996,0.11538461538461539,0.34615384615384615,0.5384615384615384,0.11538461538461539,0.3030278260506999,0.5893096266270849,0.1076625473222152,Neutral,25,0.76,0.08,0.16,24,0.6666666666666666,0.08333333333333333
M0505,Early-career proxy,Local,Early-career proxy | Local,seniority_years proxy because no manager age column exists in the workbook,region proxy because no manager local/non-local column exists,26,0.24082574248133945,0.5741091843240718,0.44915505011558426,0.038461538461538464,0.19230769230769232,0.46153846153846156,0.34615384615384615,0.1731804044574695,0.474432313680621,0.35238728186190926,Neutral,25,0.8,0.12,0.08,24,0.75,0.08333333333333333
M0506,Mid-career proxy,Local,Mid-career proxy | Local,seniority_years proxy because no manager age column exists in the workbook,region proxy because no manager local/non-local column exists,26,0.3103725536446659,0.5720989450066606,0.4623898903886117,0.0,0.7307692307692307,0.2692307692307692,0.0,0.6813810078829803,0.3165530601713033,0.0020659319457163607,Aversion,25,0.56,0.2,0.24,24,0.625,0.25
M0507,Early-career proxy,Local,Early-career proxy | Local,seniority_years proxy because no manager age column exists in the workbook,region proxy because no manager local/non-local column exists,26,0.16848065372487683,0.5860240664151861,0.4326968590333054,0.0,0.11538461538461539,0.6923076923076923,0.19230769230769232,0.12116395651790245,0.6801645896612188,0.19867145382087872,Neutral,25,0.8,0.12,0.08,24,0.625,0.0
M0508,Mid-career proxy,Local,Mid-career proxy | Local,seniority_years proxy because no manager age column exists in the workbook,region proxy because no manager local/non-local column exists,26,0.24634331648308416,0.5660051842393155,0.44327319765693696,0.0,0.07692307692307693,0.8461538461538461,0.07692307692307693,0.058618319950548045,0.86640529495629,0.07497638509316173,Neutral,25,0.68,0.16,0.16,24,0.7083333333333334,0.16666666666666666
M0509,Mid-career proxy,Local,Mid-career proxy | Local,seniority_years proxy because no manager age column exists in the workbook,region proxy because no manager local/non-local column exists,26,0.1166579081101689,0.6469794365627894,0.37836957252403225,0.0,0.46153846153846156,0.2692307692307692,0.2692307692307692,0.40455348200420194,0.3287646771308363,0.26668184086496166,Aversion,25,0.68,0.16,0.16,24,0.7083333333333334,0.16666666666666666
M0510,Mid-career proxy,Local,Mid-career proxy | Local,seniority_years proxy because no manager age column exists in the workbook,region proxy because no manager local/non-local column exists,26,0.3955720069756587,0.5837065739412656,0.49813130095998864,0.11538461538461539,0.6538461538461539,0.2692307692307692,0.07692307692307693,0.5964027154154942,0.3267726561448981,0.07682462843960756,Aversion,25,0.64,0.2,0.16,24,0.5,0.08333333333333333
M0511,Mid-career proxy,Local,Mid-career proxy | Local,seniority_years proxy because no manager age column exists in the workbook,region proxy because no manager local/non-local column exists,26,0.30447347058400936,0.5815432566893145,0.4458048676437575,0.11538461538461539,0.11538461538461539,0.46153846153846156,0.4230769230769231,0.09575675043438614,0.4929812888555927,0.4112619607100212,Neutral,25,0.76,0.12,0.12,24,0.7083333333333334,0.041666666666666664
M0512,Mid-career proxy,Local,Mid-career proxy | Local,seniority_years proxy because no manager age column exists in the workbook,region proxy because no manager local/non-local column exists,26,0.2861461294596879,0.5695734022153183,0.4657571039477541,0.0,0.2692307692307692,0.6153846153846154,0.11538461538461539,0.272346929711878,0.5992800293999238,0.1283730408881983,Neutral,25,0.76,0.12,0.12,24,0.5833333333333334,0.0
M0513,Mid-career proxy,Local,Mid-career proxy | Local,seniority_years proxy because no manager age column exists in the workbook,region proxy because no manager local/non-local column exists,26,0.26832336918118344,0.6369739818987642,0.46971544108779434,0.0,0.11538461538461539,0.4230769230769231,0.46153846153846156,0.09425945094218412,0.4286682700398738,0.477072279017942,Appreciation,25,0.8,0.12,0.08,24,0.6666666666666666,0.041666666666666664
M0514,Senior-career proxy,Non-local,Senior-career proxy | Non-local,seniority_years proxy because no manager age column exists in the workbook,region proxy because no manager local/non-local column exists,26,0.22979521834812774,0.587816818832844,0.41290610577192777,0.0,0.6153846153846154,0.38461538461538464,0.0,0.6513962457710777,0.3486013882337306,2.3659951916619032e-06,Aversion,25,0.8,0.08,0.12,24,0.75,0.08333333333333333
M0515,Early-career proxy,Local,Early-career proxy | Local,seniority_years proxy because no manager age column exists in the workbook,region proxy because no manager local/non-local column exists,26,0.37252945073177113,0.599976631463335,0.5118493671499631,0.038461538461538464,0.3076923076923077,0.6923076923076923,0.0,0.2989166596367489,0.6465579455214404,0.05452539484181064,Neutral,25,0.68,0.16,0.16,24,0.625,0.125
M0516,Mid-career proxy,Local,Mid-career proxy | Local,seniority_years proxy because no manager age column exists in the workbook,region proxy because no manager local/non-local column exists,26,0.25521408590373007,0.5177895206128906,0.4720428303246948,0.038461538461538464,0.2692307692307692,0.5769230769230769,0.15384615384615385,0.2652963685575953,0.5672903395970236,0.16741329184538076,Neutral,25,0.64,0.16,0.2,24,0.5,0.08333333333333333
M0517,Early-career proxy,Local,Early-career proxy | Local,seniority_years proxy because no manager age column exists in the workbook,region proxy because no manager local/non-local column exists,26,0.1944401372412733,0.5691978237042794,0.39299300241698265,0.038461538461538464,0.6923076923076923,0.2692307692307692,0.038461538461538464,0.6687582513431264,0.2953815399122646,0.035860208744608955,Aversion,25,0.8,0.12,0.08,24,0.6666666666666666,0.0
M0518,Mid-career proxy,Non-local,Mid-career proxy | Non-local,seniority_years proxy because no manager age column exists in the workbook,region proxy because no manager local/non-local column exists,26,0.5526592317140064,0.49076003462812356,0.5659847540587579,0.3076923076923077,0.15384615384615385,0.7692307692307693,0.07692307692307693,0.1415484929228542,0.7813134187511257,0.07713808832602015,Neutral,25,0.72,0.16,0.12,24,0.6666666666666666,0.125
M0519,Early-career proxy,Local,Early-career proxy | Local,seniority_years proxy because no manager age column exists in the workbook,region proxy because no manager local/non-local column exists,26,0.27656575135736505,0.6136216978579822,0.4638766353729507,0.0,0.34615384615384615,0.6538461538461539,0.0,0.3792530911294669,0.6151762072187021,0.005570701651830741,Neutral,25,0.52,0.24,0.24,24,0.5416666666666666,0.25
M0520,Early-career proxy,Local,Early-career proxy | Local,seniority_years proxy because no manager age column exists in the workbook,region proxy because no manager local/non-local column exists,26,0.25589721749639455,0.604110544662276,0.45478994285607216,0.038461538461538464,0.6923076923076923,0.3076923076923077,0.0,0.675789124479778,0.3241519793639686,5.8896156253406135e-05,Aversion,25,0.64,0.16,0.2,24,0.6666666666666666,0.20833333333333334
M0521,Mid-career proxy,Non-local,Mid-career proxy | Non-local,seniority_years proxy because no manager age column exists in the workbook,region proxy because no manager local/non-local column exists,26,0.1890879924566716,0.568567684369635,0.4208671665489709,0.0,0.46153846153846156,0.5,0.038461538461538464,0.4381044163485234,0.5307063323162893,0.03118925133518743,Neutral,25,0.64,0.16,0.2,24,0.5416666666666666,0.125
M0522,Mid-career proxy,Non-local,Mid-career proxy | Non-local,seniority_years proxy because no manager age column exists in the workbook,region proxy because no manager local/non-local column exists,26,0.4553283780278162,0.44592371822169596,0.5063777228898438,0.19230769230769232,0.34615384615384615,0.5,0.15384615384615385,0.28011047464305816,0.5660035974856487,0.15388592787129293,Neutral,25,0.56,0.24,0.2,24,0.625,0.25
M0523,Early-career proxy,Local,Early-career proxy | Local,seniority_years proxy because no manager age column exists in the workbook,region proxy because no manager local/non-local column exists,26,0.3431864962902579,0.5305076084168078,0.47578475944641124,0.0,0.15384615384615385,0.6538461538461539,0.19230769230769232,0.16592497946146437,0.6294080904636767,0.20466693007485878,Neutral,25,0.8,0.12,0.08,24,0.6666666666666666,0.041666666666666664
M0524,Early-career proxy,Local,Early-career proxy | Local,seniority_years proxy because no manager age column exists in the workbook,region proxy because no manager local/non-local column exists,26,0.4863496376437133,0.536258121736676,0.5014617326219439,0.2692307692307692,0.15384615384615385,0.3076923076923077,0.5384615384615384,0.16869143874065334,0.30574552179974446,0.5255630394596023,Appreciation,25,0.8,0.12,0.08,24,0.7083333333333334,0.041666666666666664
M0525,Senior-career proxy,Non-local,Senior-career proxy | Non-local,seniority_years proxy because no manager age column exists in the workbook,region proxy because no manager local/non-local column exists,26,0.39795583448211613,0.5234341859293722,0.5491360646224926,0.07692307692307693,0.19230769230769232,0.38461538461538464,0.4230769230769231,0.1844959309745347,0.38803979865211724,0.4274642703733479,Appreciation,25,0.8,0.12,0.08,24,0.6666666666666666,0.041666666666666664
M0526,Early-career proxy,Non-local,Early-career proxy | Non-local,seniority_years proxy because no manager age column exists in the workbook,region proxy because no manager local/non-local column exists,26,0.09838427314695698,0.6708482559781104,0.3986747709570686,0.0,0.4230769230769231,0.3076923076923077,0.2692307692307692,0.4020901032350975,0.33969089591211016,0.25821900085279226,Aversion,25,0.76,0.12,0.12,24,0.625,0.041666666666666664
M0527,Senior-career proxy,Local,Senior-career proxy | Local,seniority_years proxy because no manager age column exists in the workbook,region proxy because no manager local/non-local column exists,26,0.3083952348317884,0.554340653821019,0.4509742615000358,0.0,0.2692307692307692,0.5384615384615384,0.19230769230769232,0.2468706108179184,0.5765726942291836,0.17655669495289844,Neutral,25,0.72,0.12,0.16,24,0.625,0.08333333333333333
M0528,Mid-career proxy,Local,Mid-career proxy | Local,seniority_years proxy because no manager age column exists in the workbook,region proxy because no manager local/non-local column exists,26,0.4692207252610116,0.5249887956195576,0.5343939555815034,0.11538461538461539,0.11538461538461539,0.6153846153846154,0.2692307692307692,0.10669662201226432,0.6193803038616258,0.27392307412610983,Neutral,25,0.64,0.2,0.16,24,0.4583333333333333,0.041666666666666664
M0529,Mid-career proxy,Non-local,Mid-career proxy | Non-local,seniority_years proxy because no manager age column exists in the workbook,region proxy because no manager local/non-local column exists,26,0.26136093912105074,0.5934435894278373,0.45625855138733395,0.0,0.11538461538461539,0.5,0.38461538461538464,0.10774470338253808,0.5149788611838114,0.37727643543365047,Neutral,25,0.8,0.12,0.08,24,0.75,0.08333333333333333
M0530,Early-career proxy,Local,Early-career proxy | Local,seniority_years proxy because no manager age column exists in the workbook,region proxy because no manager local/non-local column exists,26,0.10026395418244624,0.612374181752431,0.3890571316227601,0.0,0.5,0.38461538461538464,0.11538461538461539,0.5109773645686955,0.37263828449665076,0.11638435093465384,Aversion,25,0.68,0.16,0.16,24,0.4583333333333333,0.041666666666666664
M0531,Mid-career proxy,Local,Mid-career proxy | Local,seniority_years proxy because no manager age column exists in the workbook,region proxy because no manager local/non-local column exists,26,0.25125126656968494,0.6236043581097425,0.47693426273353484,0.038461538461538464,0.5769230769230769,0.4230769230769231,0.0,0.5274411288829858,0.47097499803054804,0.001583873086466129,Aversion,25,0.72,0.12,0.16,24,0.5416666666666666,0.041666666666666664
M0532,Mid-career proxy,Local,Mid-career proxy | Local,seniority_years proxy because no manager age column exists in the workbook,region proxy because no manager local/non-local column exists,26,0.23239210676155092,0.613040753430099,0.4548401930511459,0.0,0.5769230769230769,0.3076923076923077,0.11538461538461539,0.5368496750830498,0.3338286008686323,0.12932172404831793,Aversion,25,0.72,0.16,0.12,24,0.5833333333333334,0.041666666666666664
M0533,Mid-career proxy,Local,Mid-career proxy | Local,seniority_years proxy because no manager age column exists in the workbook,region proxy because no manager local/non-local column exists,26,0.3863501690718686,0.6166870317776372,0.4923587606707549,0.0,0.5769230769230769,0.4230769230769231,0.0,0.5555764496936866,0.44436066967801313,6.288062830020854e-05,Aversion,25,0.64,0.16,0.2,24,0.5,0.125
M0534,Early-career proxy,Non-local,Early-career proxy | Non-local,seniority_years proxy because no manager age column exists in the workbook,region proxy because no manager local/non-local column exists,26,0.5776006113551332,0.5011137595756612,0.5755646208222852,0.3076923076923077,0.5384615384615384,0.46153846153846156,0.0,0.5260830143083919,0.4739009926747084,1.59930168996728e-05,Aversion,25,0.8,0.08,0.12,24,0.6666666666666666,0.041666666666666664
M0535,Senior-career proxy,Local,Senior-career proxy | Local,seniority_years proxy because no manager age column exists in the workbook,region proxy because no manager local/non-local column exists,26,0.19712970533898683,0.552577313889688,0.42299763202674723,0.038461538461538464,0.34615384615384615,0.6153846153846154,0.038461538461538464,0.3324773803735662,0.6315504737095322,0.03597214591690161,Neutral,25,0.72,0.12,0.16,24,0.5833333333333334,0.08333333333333333
M0536,Mid-career proxy,Local,Mid-career proxy | Local,seniority_years proxy because no manager age column exists in the workbook,region proxy because no manager local/non-local column exists,26,0.3415129653988735,0.5167564559064107,0.4730876956990913,0.0,0.34615384615384615,0.6538461538461539,0.0,0.3268397523920715,0.6724767689762773,0.0006834786316510886,Neutral,25,0.8,0.08,0.12,24,0.75,0.08333333333333333
M0537,Mid-career proxy,Non-local,Mid-career proxy | Non-local,seniority_years proxy because no manager age column exists in the workbook,region proxy because no manager local/non-local column exists,26,0.26807966010415646,0.5522798619166397,0.4405092315914217,0.038461538461538464,0.38461538461538464,0.6153846153846154,0.0,0.37970439927653543,0.6202407161334802,5.488458998442295e-05,Neutral,25,0.72,0.12,0.16,24,0.4583333333333333,0.0
M0538,Senior-career proxy,Local,Senior-career proxy | Local,seniority_years proxy because no manager age column exists in the workbook,region proxy because no manager local/non-local column exists,26,0.28946780838468417,0.5644199944852046,0.45027141935194126,0.0,0.4230769230769231,0.34615384615384615,0.23076923076923078,0.3879149661816221,0.37486758948953597,0.23721744432884195,Aversion,25,0.72,0.16,0.12,24,0.5416666666666666,0.041666666666666664
M0539,Early-career proxy,Local,Early-career proxy | Local,seniority_years proxy because no manager age column exists in the workbook,region proxy because no manager local/non-local column exists,26,0.2959091032297102,0.5888132810428335,0.46112239761307744,0.038461538461538464,0.0,0.46153846153846156,0.5384615384615384,0.002054595478379622,0.4937122613860759,0.5042331431355443,Appreciation,25,0.88,0.08,0.04,24,0.8333333333333334,0.041666666666666664
M0540,Mid-career proxy,Local,Mid-career proxy | Local,seniority_years proxy because no manager age column exists in the workbook,region proxy because no manager local/non-local column exists,26,0.4150653528675386,0.5311836674706734,0.5076665071904052,0.11538461538461539,0.38461538461538464,0.6153846153846154,0.0,0.37653329184271256,0.6233796067703996,8.7101386887811e-05,Neutral,25,0.76,0.12,0.12,24,0.5,0.0
M0541,Senior-career proxy,Local,Senior-career proxy | Local,seniority_years proxy because no manager age column exists in the workbook,region proxy because no manager local/non-local column exists,26,0.13023470374648063,0.585484740389528,0.38593216323370905,0.0,0.7692307692307693,0.23076923076923078,0.0,0.733442136905775,0.26652799550421824,2.9867590006827043e-05,Aversion,25,0.56,0.2,0.24,24,0.7916666666666666,0.3333333333333333
M0542,Senior-career proxy,Local,Senior-career proxy | Local,seniority_years proxy because no manager age column exists in the workbook,region proxy because no manager local/non-local column exists,26,0.2882960300650805,0.5595686003034113,0.4591958157984412,0.0,0.4230769230769231,0.5769230769230769,0.0,0.3742197932006599,0.6083277093527604,0.017452497446579604,Neutral,25,0.72,0.12,0.16,24,0.5833333333333334,0.08333333333333333
M0543,Mid-career proxy,Non-local,Mid-career proxy | Non-local,seniority_years proxy because no manager age column exists in the workbook,region proxy because no manager local/non-local column exists,26,0.2746936938444824,0.545149465622168,0.43677147969304075,0.07692307692307693,0.3076923076923077,0.5769230769230769,0.11538461538461539,0.30115406934346384,0.5537508678603064,0.14509506279622977,Neutral,25,0.72,0.16,0.12,24,0.4583333333333333,0.0
M0544,Mid-career proxy,Local,Mid-career proxy | Local,seniority_years proxy because no manager age column exists in the workbook,region proxy because no manager local/non-local column exists,26,0.4403850878813373,0.5170283236392156,0.5188972869315651,0.15384615384615385,0.5,0.2692307692307692,0.23076923076923078,0.47506984047341067,0.29417175057644535,0.23075840895014393,Aversion,25,0.72,0.16,0.12,24,0.5833333333333334,0.08333333333333333
M0545,Early-career proxy,Local,Early-career proxy | Local,seniority_years proxy because no manager age column exists in the workbook,region proxy because no manager local/non-local column exists,26,0.2299248408571093,0.6168300352173935,0.46082686247211563,0.0,0.34615384615384615,0.6153846153846154,0.038461538461538464,0.35384136333619676,0.6098967731701904,0.03626186349361293,Neutral,25,0.56,0.2,0.24,24,0.7083333333333334,0.2916666666666667
M0546,Senior-career proxy,Local,Senior-career proxy | Local,seniority_years proxy because no manager age column exists in the workbook,region proxy because no manager local/non-local column exists,26,0.2871532155021822,0.5428120286500302,0.46465506117794236,0.11538461538461539,0.15384615384615385,0.38461538461538464,0.46153846153846156,0.1487721848813266,0.4032476128772181,0.4479802022414552,Appreciation,25,0.8,0.12,0.08,24,0.75,0.08333333333333333
M0547,Mid-career proxy,Non-local,Mid-career proxy | Non-local,seniority_years proxy because no manager age column exists in the workbook,region proxy because no manager local/non-local column exists,26,0.21792911049191085,0.5661482986515745,0.40982860573063606,0.0,0.23076923076923078,0.7692307692307693,0.0,0.23059447791655877,0.7678406740797713,0.0015648480036700543,Neutral,25,0.88,0.04,0.08,24,0.75,0.0
M0548,Early-career proxy,Local,Early-career proxy | Local,seniority_years proxy because no manager age column exists in the workbook,region proxy because no manager local/non-local column exists,26,0.3061380609322825,0.4481611049145774,0.47966884363547746,0.11538461538461539,0.38461538461538464,0.6153846153846154,0.0,0.40280360848521873,0.5971209808481377,7.541066664372075e-05,Neutral,25,0.76,0.12,0.12,24,0.7083333333333334,0.08333333333333333
M0549,Mid-career proxy,Local,Mid-career proxy | Local,seniority_years proxy because no manager age column exists in the workbook,region proxy because no manager local/non-local column exists,26,0.39575997433570276,0.5383869258714411,0.49795414183095266,0.07692307692307693,0.038461538461538464,0.5384615384615384,0.4230769230769231,0.05059315309259555,0.5263830594702439,0.42302378743716074,Neutral,25,0.8,0.12,0.08,24,0.6666666666666666,0.041666666666666664
M0550,Mid-career proxy,Local,Mid-career proxy | Local,seniority_years proxy because no manager age column exists in the workbook,region proxy because no manager local/non-local column exists,26,0.2546189377637381,0.5810901525092611,0.4462666178205016,0.038461538461538464,0.5384615384615384,0.46153846153846156,0.0,0.5226396091618015,0.4756451951955584,0.001715195642640101,Aversion,25,0.64,0.16,0.2,24,0.5416666666666666,0.125
M0551,Senior-career proxy,Local,Senior-career proxy | Local,seniority_years proxy because no manager age column exists in the workbook,region proxy because no manager local/non-local column exists,26,0.41842411115409495,0.4951386920548142,0.5290246940829312,0.11538461538461539,0.0,0.6923076923076923,0.3076923076923077,0.0004516334464779635,0.667670195726719,0.3318781708268031,Neutral,25,0.88,0.08,0.04,24,0.8333333333333334,0.041666666666666664
M0552,Mid-career proxy,Non-local,Mid-career proxy | Non-local,seniority_years proxy because no manager age column exists in the workbook,region proxy because no manager local/non-local column exists,26,0.16036891102305054,0.6010834420064102,0.40155197777959484,0.0,0.5769230769230769,0.4230769230769231,0.0,0.544468226402602,0.4516078329506622,0.00392394064673558,Aversion,25,0.6,0.2,0.2,24,0.6666666666666666,0.20833333333333334
M0553,Mid-career proxy,Local,Mid-career proxy | Local,seniority_years proxy because no manager age column exists in the workbook,region proxy because no manager local/non-local column exists,26,0.43727585802068425,0.49695945548347437,0.5208531920724041,0.07692307692307693,0.46153846153846156,0.46153846153846156,0.07692307692307693,0.4064274709357794,0.5159037616580623,0.07766876740615831,Neutral,25,0.8,0.12,0.08,24,0.6666666666666666,0.041666666666666664
M0554,Senior-career proxy,Local,Senior-career proxy | Local,seniority_years proxy because no manager age column exists in the workbook,region proxy because no manager local/non-local column exists,26,0.25601364877758365,0.577346818367905,0.4530257149279263,0.038461538461538464,0.0,0.6153846153846154,0.38461538461538464,0.013290132675286986,0.5834851568498048,0.4032247104749083,Neutral,25,0.92,0.04,0.04,24,0.8333333333333334,0.0
M0555,Mid-career proxy,Local,Mid-career proxy | Local,seniority_years proxy because no manager age column exists in the workbook,region proxy because no manager local/non-local column exists,26,0.4789813371357383,0.4782634401260465,0.5314034390688696,0.19230769230769232,0.34615384615384615,0.4230769230769231,0.23076923076923078,0.32365918642227626,0.4398121099435376,0.23652870363418635,Neutral,25,0.72,0.12,0.16,24,0.5,0.0
M0556,Early-career proxy,Local,Early-career proxy | Local,seniority_years proxy because no manager age column exists in the workbook,region proxy because no manager local/non-local column exists,26,0.40653295225282027,0.4778574991920624,0.5162838768682504,0.07692307692307693,0.23076923076923078,0.46153846153846156,0.3076923076923077,0.21224362696839302,0.48156626862033264,0.3061901044112746,Neutral,25,0.88,0.08,0.04,24,0.7916666666666666,0.0
M0557,Early-career proxy,Local,Early-career proxy | Local,seniority_years proxy because no manager age column exists in the workbook,region proxy because no manager local/non-local column exists,26,0.4277995876934313,0.49870608109369663,0.5170768044249461,0.19230769230769232,0.23076923076923078,0.5769230769230769,0.19230769230769232,0.25970725161728087,0.5726979260398485,0.16759482234287065,Neutral,25,0.8,0.08,0.12,24,0.625,0.0
M0558,Senior-career proxy,Local,Senior-career proxy | Local,seniority_years proxy because no manager age column exists in the workbook,region proxy because no manager local/non-local column exists,26,0.25552262820565874,0.6461456548286889,0.442934463982619,0.038461538461538464,0.3076923076923077,0.5384615384615384,0.15384615384615385,0.3332171562664896,0.5111062508059633,0.1556765929275472,Neutral,25,0.72,0.16,0.12,24,0.5,0.0
M0559,Senior-career proxy,Local,Senior-career proxy | Local,seniority_years proxy because no manager age column exists in the workbook,region proxy because no manager local/non-local column exists,26,0.36926254676163983,0.5765269080572268,0.5099235660382246,0.038461538461538464,0.5,0.23076923076923078,0.2692307692307692,0.4645686358066798,0.26979988275192024,0.2656314814414,Aversion,25,0.92,0.04,0.04,24,0.8333333333333334,0.0
M0560,Senior-career proxy,Local,Senior-career proxy | Local,seniority_years proxy because no manager age column exists in the workbook,region proxy because no manager local/non-local column exists,26,0.5353998768613034,0.4685994987914641,0.5793862261313124,0.19230769230769232,0.11538461538461539,0.6923076923076923,0.19230769230769232,0.13191974458539601,0.6722512915451966,0.19582896386940776,Neutral,25,0.8,0.12,0.08,24,0.6666666666666666,0.041666666666666664
M0561,Mid-career proxy,Local,Mid-career proxy | Local,seniority_years proxy because no manager age column exists in the workbook,region proxy because no manager local/non-local column exists,26,0.18163305018687523,0.5826917392696582,0.41727317214813525,0.038461538461538464,0.23076923076923078,0.6923076923076923,0.07692307692307693,0.22321533934400697,0.6981218330726381,0.0786628275833551,Neutral,25,0.84,0.08,0.08,24,0.75,0.0
M0562,Mid-career proxy,Local,Mid-career proxy | Local,seniority_years proxy because no manager age column exists in the workbook,region proxy because no manager local/non-local column exists,26,0.24373177159433906,0.501718742879398,0.4213682630082512,0.0,0.38461538461538464,0.4230769230769231,0.19230769230769232,0.37182703397922295,0.44909336770487146,0.17907959831590559,Neutral,25,0.52,0.24,0.24,24,0.375,0.16666666666666666
M0563,Senior-career proxy,Local,Senior-career proxy | Local,seniority_years proxy because no manager age column exists in the workbook,region proxy because no manager local/non-local column exists,26,0.3922511749110497,0.4719229080987237,0.5036661675327129,0.07692307692307693,0.6538461538461539,0.15384615384615385,0.19230769230769232,0.632054902603772,0.189547137234849,0.17839796016137896,Aversion,25,0.72,0.16,0.12,24,0.75,0.125
M0564,Mid-career proxy,Local,Mid-career proxy | Local,seniority_years proxy because no manager age column exists in the workbook,region proxy because no manager local/non-local column exists,26,0.24646274872991025,0.5912648678550083,0.4554933447999375,0.0,0.3076923076923077,0.6538461538461539,0.038461538461538464,0.2945851099165762,0.6524589407000574,0.05295594938336642,Neutral,25,0.64,0.16,0.2,24,0.5,0.125
M0565,Senior-career proxy,Local,Senior-career proxy | Local,seniority_years proxy because no manager age column exists in the workbook,region proxy because no manager local/non-local column exists,26,0.1679946897978835,0.5851627609715048,0.41210633585641127,0.0,0.2692307692307692,0.2692307692307692,0.46153846153846156,0.23765680623595614,0.29969173523124293,0.4626514585328009,Appreciation,25,0.8,0.12,0.08,24,0.7083333333333334,0.041666666666666664
M0566,Mid-career proxy,Local,Mid-career proxy | Local,seniority_years proxy because no manager age column exists in the workbook,region proxy because no manager local/non-local column exists,26,0.3330032226425152,0.553219242736811,0.45734744066138594,0.07692307692307693,0.5,0.2692307692307692,0.23076923076923078,0.4720660623234477,0.29647015905553664,0.2314637786210156,Aversion,25,0.8,0.12,0.08,24,0.625,0.0
M0567,Mid-career proxy,Local,Mid-career proxy | Local,seniority_years proxy because no manager age column exists in the workbook,region proxy because no manager local/non-local column exists,26,0.41704214935109696,0.5730454612183891,0.5203519394506926,0.038461538461538464,0.6538461538461539,0.34615384615384615,0.0,0.6232260059983864,0.37670428623976987,6.97077618436802e-05,Aversion,25,0.72,0.12,0.16,24,0.5833333333333334,0.08333333333333333
M0568,Mid-career proxy,Local,Mid-career proxy | Local,seniority_years proxy because no manager age column exists in the workbook,region proxy because no manager local/non-local column exists,26,0.3830860939466237,0.5744972373948775,0.5038907318037241,0.038461538461538464,0.4230769230769231,0.4230769230769231,0.15384615384615385,0.4121727557611009,0.43849615871313563,0.14933108552576344,Neutral,25,0.56,0.2,0.24,24,0.4166666666666667,0.16666666666666666
M0569,Mid-career proxy,Local,Mid-career proxy | Local,seniority_years proxy because no manager age column exists in the workbook,region proxy because no manager local/non-local column exists,26,0.417710942202856,0.5492233578049268,0.5039582116563405,0.0,0.038461538461538464,0.8076923076923077,0.15384615384615385,0.04038439426150521,0.7661898722789432,0.19342573345955166,Neutral,25,0.8,0.12,0.08,24,0.7083333333333334,0.041666666666666664
M0570,Early-career proxy,Non-local,Early-career proxy | Non-local,seniority_years proxy because no manager age column exists in the workbook,region proxy because no manager local/non-local column exists,26,0.3270176536021087,0.535963454230571,0.47423256296866845,0.15384615384615385,0.15384615384615385,0.8461538461538461,0.0,0.1380089553742304,0.8586421291948508,0.003348915430918682,Neutral,25,0.88,0.04,0.08,24,0.9166666666666666,0.08333333333333333
M0571,Mid-career proxy,Non-local,Mid-career proxy | Non-local,seniority_years proxy because no manager age column exists in the workbook,region proxy because no manager local/non-local column exists,26,0.06901148908534817,0.6155497303915867,0.3669971194422812,0.0,0.3076923076923077,0.3076923076923077,0.38461538461538464,0.30035869017670175,0.3418935114581388,0.3577477983651595,Appreciation,25,0.64,0.2,0.16,24,0.5833333333333334,0.125
M0572,Early-career proxy,Local,Early-career proxy | Local,seniority_years proxy because no manager age column exists in the workbook,region proxy because no manager local/non-local column exists,26,0.16475648408529897,0.5912297154400036,0.41700481294184316,0.0,0.5384615384615384,0.46153846153846156,0.0,0.5484022404070994,0.4514955641213266,0.00010219547157399949,Aversion,25,0.8,0.08,0.12,24,0.75,0.08333333333333333
M0573,Early-career proxy,Local,Early-career proxy | Local,seniority_years proxy because no manager age column exists in the workbook,region proxy because no manager local/non-local column exists,26,0.3650663826453274,0.5849997277225658,0.49178297014727307,0.0,0.5384615384615384,0.46153846153846156,0.0,0.532014468546805,0.4675250745569552,0.00046045689623980875,Aversion,25,0.44,0.28,0.28,24,0.625,0.375
M0574,Early-career proxy,Local,Early-career proxy | Local,seniority_years proxy because no manager age column exists in the workbook,region proxy because no manager local/non-local column exists,26,0.34327028178725666,0.5597097857151708,0.500078101118165,0.07692307692307693,0.6153846153846154,0.38461538461538464,0.0,0.5405548957499852,0.4578068274919275,0.0016382767580872804,Aversion,25,0.56,0.2,0.24,24,0.5416666666666666,0.20833333333333334
M0575,Early-career proxy,Local,Early-career proxy | Local,seniority_years proxy because no manager age column exists in the workbook,region proxy because no manager local/non-local column exists,26,0.2389124096935533,0.5558337389841427,0.44694288310775726,0.0,0.5384615384615384,0.46153846153846156,0.0,0.5073735087940137,0.4906953563564613,0.0019311348495250143,Aversion,25,0.72,0.12,0.16,24,0.5416666666666666,0.041666666666666664
M0576,Mid-career proxy,Local,Mid-career proxy | Local,seniority_years proxy because no manager age column exists in the workbook,region proxy because no manager local/non-local column exists,26,0.22575095280503532,0.61117767180079,0.4164593697440659,0.0,0.8076923076923077,0.19230769230769232,0.0,0.7861163240390041,0.21384096385663562,4.2712104360124573e-05,Aversion,25,0.72,0.12,0.16,24,0.7083333333333334,0.125
M0577,Early-career proxy,Non-local,Early-career proxy | Non-local,seniority_years proxy because no manager age column exists in the workbook,region proxy because no manager local/non-local column exists,26,0.36992949217044574,0.5622424955661561,0.49340554275369636,0.07692307692307693,0.2692307692307692,0.7307692307692307,0.0,0.24072089784900833,0.7576071885432067,0.001671913607785219,Neutral,25,0.76,0.12,0.12,24,0.7083333333333334,0.08333333333333333
M0578,Mid-career proxy,Local,Mid-career proxy | Local,seniority_years proxy because no manager age column exists in the workbook,region proxy because no manager local/non-local column exists,26,0.36949286596591036,0.5486292976647591,0.47610832396191416,0.15384615384615385,0.3076923076923077,0.6538461538461539,0.038461538461538464,0.27432241922249995,0.6822510445571134,0.04342653622038635,Neutral,25,0.68,0.16,0.16,24,0.7083333333333334,0.16666666666666666
M0579,Mid-career proxy,Local,Mid-career proxy | Local,seniority_years proxy because no manager age column exists in the workbook,region proxy because no manager local/non-local column exists,26,0.3181602599020381,0.5510876666938642,0.47364289479947086,0.19230769230769232,0.5769230769230769,0.4230769230769231,0.0,0.5732450494461822,0.42670366471559296,5.128583822484864e-05,Aversion,25,0.64,0.16,0.2,24,0.5,0.125
M0580,Mid-career proxy,Non-local,Mid-career proxy | Non-local,seniority_years proxy because no manager age column exists in the workbook,region proxy because no manager local/non-local column exists,26,0.28743930260947226,0.5853237519948609,0.4550778467249052,0.038461538461538464,0.6923076923076923,0.23076923076923078,0.07692307692307693,0.6481239320542336,0.28150966196528915,0.07036640598047715,Aversion,25,0.68,0.16,0.16,24,0.4583333333333333,0.041666666666666664
M0581,Senior-career proxy,Local,Senior-career proxy | Local,seniority_years proxy because no manager age column exists in the workbook,region proxy because no manager local/non-local column exists,26,0.33066702023365024,0.5483071706461679,0.4860407969852529,0.07692307692307693,0.5,0.34615384615384615,0.15384615384615385,0.44608409597941273,0.40065703950376463,0.15325886451682275,Aversion,25,0.72,0.16,0.12,24,0.625,0.08333333333333333
M0582,Mid-career proxy,Local,Mid-career proxy | Local,seniority_years proxy because no manager age column exists in the workbook,region proxy because no manager local/non-local column exists,26,0.336044099526936,0.5134838695254867,0.48342957115019325,0.0,0.4230769230769231,0.5384615384615384,0.038461538461538464,0.3923292904908594,0.5787657178018327,0.02890499170730792,Neutral,25,0.44,0.28,0.28,24,0.4583333333333333,0.25
M0583,Senior-career proxy,Local,Senior-career proxy | Local,seniority_years proxy because no manager age column exists in the workbook,region proxy because no manager local/non-local column exists,26,0.35542290029529056,0.6049535733619714,0.5217964475270329,0.038461538461538464,0.6923076923076923,0.3076923076923077,0.0,0.656216956102244,0.34377339979335575,9.644104400214772e-06,Aversion,25,0.8,0.08,0.12,24,0.75,0.08333333333333333
M0584,Mid-career proxy,Local,Mid-career proxy | Local,seniority_years proxy because no manager age column exists in the workbook,region proxy because no manager local/non-local column exists,26,0.360309000733947,0.5584091577433912,0.5083167178777623,0.038461538461538464,0.46153846153846156,0.4230769230769231,0.11538461538461539,0.43013801556908465,0.4262552137931554,0.14360677063775978,Aversion,25,0.72,0.16,0.12,24,0.5833333333333334,0.041666666666666664
M0585,Mid-career proxy,Local,Mid-career proxy | Local,seniority_years proxy because no manager age column exists in the workbook,region proxy because no manager local/non-local column exists,26,0.2590622868659763,0.6292106743982185,0.44839020393521195,0.0,0.2692307692307692,0.5384615384615384,0.19230769230769232,0.27434087337733853,0.5331249207076422,0.19253420591501927,Neutral,25,0.8,0.12,0.08,24,0.5833333333333334,0.0
M0586,Mid-career proxy,Local,Mid-career proxy | Local,seniority_years proxy because no manager age column exists in the workbook,region proxy because no manager local/non-local column exists,26,0.33956470711094433,0.5174692506203762,0.4638139438096879,0.07692307692307693,0.5384615384615384,0.46153846153846156,0.0,0.484047250362274,0.5158985644909774,5.4185146748649254e-05,Aversion,25,0.64,0.16,0.2,24,0.8333333333333334,0.2916666666666667
M0587,Senior-career proxy,Local,Senior-career proxy | Local,seniority_years proxy because no manager age column exists in the workbook,region proxy because no manager local/non-local column exists,26,0.31739209831051496,0.5084149653684746,0.458686836757046,0.07692307692307693,0.2692307692307692,0.6538461538461539,0.07692307692307693,0.24217536284994529,0.6854765639409448,0.07234807320910999,Neutral,25,0.72,0.12,0.16,24,0.5416666666666666,0.08333333333333333
M0588,Early-career proxy,Local,Early-career proxy | Local,seniority_years proxy because no manager age column exists in the workbook,region proxy because no manager local/non-local column exists,26,0.37357398662987035,0.5221605578943215,0.48035910817371413,0.11538461538461539,0.5769230769230769,0.4230769230769231,0.0,0.5941849486411344,0.4058079377246636,7.1136342019859225e-06,Aversion,25,0.8,0.08,0.12,24,0.6666666666666666,0.041666666666666664
M0589,Mid-career proxy,Local,Mid-career proxy | Local,seniority_years proxy because no manager age column exists in the workbook,region proxy because no manager local/non-local column exists,26,0.14853261976044457,0.6147174467475398,0.39456688766874526,0.0,0.5769230769230769,0.4230769230769231,0.0,0.5508283809101434,0.44251072331055574,0.006660895779300809,Aversion,25,0.68,0.16,0.16,24,0.5,0.041666666666666664
M0590,Mid-career proxy,Local,Mid-career proxy | Local,seniority_years proxy because no manager age column exists in the workbook,region proxy because no manager local/non-local column exists,26,0.6243253654485179,0.4339944303096822,0.5837880999821278,0.34615384615384615,0.4230769230769231,0.5769230769230769,0.0,0.40097470874640034,0.5989673177205833,5.797353301633414e-05,Neutral,25,0.8,0.08,0.12,24,0.6666666666666666,0.041666666666666664
M0591,Mid-career proxy,Local,Mid-career proxy | Local,seniority_years proxy because no manager age column exists in the workbook,region proxy because no manager local/non-local column exists,26,0.49835669562939117,0.541014817842682,0.5634354342379229,0.07692307692307693,0.34615384615384615,0.6538461538461539,0.0,0.3458912339123096,0.6525836025781147,0.0015251635095757696,Neutral,25,0.88,0.04,0.08,24,0.75,0.0
M0592,Mid-career proxy,Local,Mid-career proxy | Local,seniority_years proxy because no manager age column exists in the workbook,region proxy because no manager local/non-local column exists,26,0.29862053384468457,0.6221490415788996,0.4731653170096815,0.0,0.19230769230769232,0.46153846153846156,0.34615384615384615,0.16663809035516391,0.5130514742694741,0.32031043537536197,Neutral,25,0.72,0.16,0.12,24,0.6666666666666666,0.125
M0593,Senior-career proxy,Non-local,Senior-career proxy | Non-local,seniority_years proxy because no manager age column exists in the workbook,region proxy because no manager local/non-local column exists,26,0.43730496000928604,0.5837144434718208,0.5213697280941456,0.038461538461538464,0.3076923076923077,0.6153846153846154,0.07692307692307693,0.30972364141283837,0.5997262193349004,0.09055013925226126,Neutral,25,0.72,0.16,0.12,24,0.5833333333333334,0.08333333333333333
M0594,Senior-career proxy,Local,Senior-career proxy | Local,seniority_years proxy because no manager age column exists in the workbook,region proxy because no manager local/non-local column exists,26,0.3376111410987242,0.5114934120412294,0.4892472323436847,0.0,0.11538461538461539,0.8076923076923077,0.07692307692307693,0.10539247118581173,0.8121509819081679,0.08245654690602078,Neutral,25,0.92,0.04,0.04,24,0.8333333333333334,0.0
M0595,Mid-career proxy,Local,Mid-career proxy | Local,seniority_years proxy because no manager age column exists in the workbook,region proxy because no manager local/non-local column exists,26,0.4084206383547014,0.39923206721569304,0.502229048636966,0.19230769230769232,0.38461538461538464,0.5769230769230769,0.038461538461538464,0.343062148717033,0.6048745154575512,0.052063335825415794,Neutral,25,0.68,0.16,0.16,24,0.4583333333333333,0.041666666666666664
M0596,Mid-career proxy,Local,Mid-career proxy | Local,seniority_years proxy because no manager age column exists in the workbook,region proxy because no manager local/non-local column exists,26,0.3786817294289554,0.540975409191727,0.4956206647718481,0.0,0.46153846153846156,0.5384615384615384,0.0,0.4293959937853308,0.5611896301555241,0.009414376059145024,Neutral,25,0.88,0.04,0.08,24,0.75,0.0
M0597,Senior-career proxy,Local,Senior-career proxy | Local,seniority_years proxy because no manager age column exists in the workbook,region proxy because no manager local/non-local column exists,26,0.33458411516904163,0.5504295704903059,0.5002441709411022,0.11538461538461539,0.7307692307692307,0.2692307692307692,0.0,0.6664543439932268,0.33350220781541107,4.344819136212222e-05,Aversion,25,0.64,0.16,0.2,24,0.625,0.16666666666666666
M0598,Senior-career proxy,Non-local,Senior-career proxy | Non-local,seniority_years proxy because no manager age column exists in the workbook,region proxy because no manager local/non-local column exists,26,0.1933071635075838,0.5584505519780085,0.4185772270357351,0.038461538461538464,0.2692307692307692,0.5,0.23076923076923078,0.25632310581245493,0.5124821877920899,0.2311947063954551,Neutral,25,0.6,0.2,0.2,24,0.5,0.16666666666666666
M0599,Mid-career proxy,Local,Mid-career proxy | Local,seniority_years proxy because no manager age column exists in the workbook,region proxy because no manager local/non-local column exists,26,0.3236084811333874,0.5110084550691285,0.46856700401688695,0.07692307692307693,0.5384615384615384,0.46153846153846156,0.0,0.5059470044902319,0.4940290887194472,2.390679032079972e-05,Aversion,25,0.64,0.16,0.2,24,0.625,0.16666666666666666
M0600,Senior-career proxy,Local,Senior-career proxy | Local,seniority_years proxy because no manager age column exists in the workbook,region proxy because no manager local/non-local column exists,26,0.23364182087471444,0.5859622163300624,0.44753296551466903,0.038461538461538464,0.5384615384615384,0.46153846153846156,0.0,0.5040681981663835,0.49588711141364705,4.4690419969386755e-05,Aversion,25,0.64,0.16,0.2,24,0.5,0.125
M0601,Mid-career proxy,Non-local,Mid-career proxy | Non-local,seniority_years proxy because no manager age column exists in the workbook,region proxy because no manager local/non-local column exists,26,0.3089568937101379,0.5613799022217472,0.4589846336642423,0.0,0.5384615384615384,0.46153846153846156,0.0,0.5160441067667733,0.4766902247144097,0.007265668518817022,Aversion,25,0.76,0.12,0.12,24,0.6666666666666666,0.08333333333333333
M0602,Mid-career proxy,Local,Mid-career proxy | Local,seniority_years proxy because no manager age column exists in the workbook,region proxy because no manager local/non-local column exists,26,0.18865327673657334,0.5969855422699172,0.412318048170478,0.0,0.3076923076923077,0.4230769230769231,0.2692307692307692,0.27709055266620586,0.46101149755761156,0.26189794977618247,Neutral,25,0.72,0.16,0.12,24,0.5833333333333334,0.041666666666666664
M0603,Mid-career proxy,Non-local,Mid-career proxy | Non-local,seniority_years proxy because no manager age column exists in the workbook,region proxy because no manager local/non-local column exists,26,0.5112608968005424,0.5159576381065596,0.5246778905791861,0.15384615384615385,0.07692307692307693,0.8076923076923077,0.11538461538461539,0.0789540907351065,0.8329460847553801,0.08809982450951356,Neutral,25,0.8,0.08,0.12,24,0.7916666666666666,0.08333333333333333
M0604,Early-career proxy,Local,Early-career proxy | Local,seniority_years proxy because no manager age column exists in the workbook,region proxy because no manager local/non-local column exists,26,0.4680366407330429,0.5480982050866618,0.47040173518031636,0.07692307692307693,0.34615384615384615,0.5769230769230769,0.07692307692307693,0.34165876904829723,0.5809796956189589,0.07736153533274384,Neutral,25,0.56,0.24,0.2,24,0.5833333333333334,0.25
M0605,Early-career proxy,Non-local,Early-career proxy | Non-local,seniority_years proxy because no manager age column exists in the workbook,region proxy because no manager local/non-local column exists,26,0.38782337172340353,0.614693428079355,0.5115071627459534,0.0,0.23076923076923078,0.6153846153846154,0.15384615384615385,0.22819468350471078,0.6422752010501778,0.12953011544511148,Neutral,25,0.8,0.08,0.12,24,0.7916666666666666,0.08333333333333333
M0606,Mid-career proxy,Local,Mid-career proxy | Local,seniority_years proxy because no manager age column exists in the workbook,region proxy because no manager local/non-local column exists,26,0.20033996853694963,0.5450197194999032,0.4217696813199645,0.0,0.7307692307692307,0.2692307692307692,0.0,0.7094004136185961,0.2905864311438918,1.3155237512267795e-05,Aversion,25,0.64,0.16,0.2,24,0.7083333333333334,0.20833333333333334
M0607,Mid-career proxy,Local,Mid-career proxy | Local,seniority_years proxy because no manager age column exists in the workbook,region proxy because no manager local/non-local column exists,26,0.34182869639939295,0.5882930992721648,0.48740244324161314,0.0,0.19230769230769232,0.4230769230769231,0.38461538461538464,0.16667429935977543,0.4448075873882478,0.38851811325197655,Neutral,25,0.68,0.16,0.16,24,0.625,0.16666666666666666
M0608,Mid-career proxy,Non-local,Mid-career proxy | Non-local,seniority_years proxy because no manager age column exists in the workbook,region proxy because no manager local/non-local column exists,26,0.5885773589921719,0.4489559315485379,0.5710556358744546,0.19230769230769232,0.5384615384615384,0.38461538461538464,0.07692307692307693,0.5106972696962457,0.4032994940331708,0.0860032362705834,Aversion,25,0.8,0.12,0.08,24,0.6666666666666666,0.041666666666666664
M0609,Early-career proxy,Non-local,Early-career proxy | Non-local,seniority_years proxy because no manager age column exists in the workbook,region proxy because no manager local/non-local column exists,26,0.3005625821645521,0.6190119598280888,0.4916667923263813,0.0,0.3076923076923077,0.46153846153846156,0.23076923076923078,0.31529331460984894,0.44573315655793044,0.23897352883222076,Neutral,25,0.56,0.24,0.2,24,0.375,0.125
M0610,Senior-career proxy,Local,Senior-career proxy | Local,seniority_years proxy because no manager age column exists in the workbook,region proxy because no manager local/non-local column exists,26,0.30687083984695224,0.6023182003471594,0.4908247528597237,0.0,0.23076923076923078,0.23076923076923078,0.5384615384615384,0.19688338397644364,0.2835935313510777,0.5195230846724785,Appreciation,25,0.88,0.08,0.04,24,0.75,0.0
M0611,Early-career proxy,Local,Early-career proxy | Local,seniority_years proxy because no manager age column exists in the workbook,region proxy because no manager local/non-local column exists,26,0.25668291359427947,0.5403446316802808,0.46467124327479387,0.11538461538461539,0.07692307692307693,0.4230769230769231,0.5,0.08218200722679161,0.4483985517958779,0.4694194409773299,Appreciation,25,0.72,0.16,0.12,24,0.625,0.08333333333333333
M0612,Senior-career proxy,Local,Senior-career proxy | Local,seniority_years proxy because no manager age column exists in the workbook,region proxy because no manager local/non-local column exists,26,0.26778754718329584,0.6124412270413102,0.4375150249628593,0.07692307692307693,0.34615384615384615,0.6153846153846154,0.038461538461538464,0.2980099057116385,0.6772582765709285,0.02473181771743311,Neutral,25,0.64,0.2,0.16,24,0.6666666666666666,0.16666666666666666
M0613,Senior-career proxy,Local,Senior-career proxy | Local,seniority_years proxy because no manager age column exists in the workbook,region proxy because no manager local/non-local column exists,26,0.52045203321505,0.5164685332297494,0.567501481649366,0.23076923076923078,0.07692307692307693,0.5384615384615384,0.38461538461538464,0.06449720808254804,0.5540716936111022,0.38143109830634986,Neutral,25,0.76,0.12,0.12,24,0.5833333333333334,0.041666666666666664
M0614,Mid-career proxy,Non-local,Mid-career proxy | Non-local,seniority_years proxy because no manager age column exists in the workbook,region proxy because no manager local/non-local column exists,26,0.2762366121414225,0.5829531075030149,0.4215230169650145,0.07692307692307693,0.38461538461538464,0.5,0.11538461538461539,0.363415785052628,0.46291716028068414,0.17366705466668797,Neutral,25,0.8,0.08,0.12,24,0.625,0.0
M0615,Senior-career proxy,Non-local,Senior-career proxy | Non-local,seniority_years proxy because no manager age column exists in the workbook,region proxy because no manager local/non-local column exists,26,0.330425161817872,0.4918609755761623,0.4802175754347734,0.07692307692307693,0.6538461538461539,0.3076923076923077,0.038461538461538464,0.6118754262684373,0.3564104981665875,0.03171407556497521,Aversion,25,0.64,0.2,0.16,24,0.6666666666666666,0.16666666666666666
M0616,Early-career proxy,Local,Early-career proxy | Local,seniority_years proxy because no manager age column exists in the workbook,region proxy because no manager local/non-local column exists,26,0.3051397294331405,0.5809780807649009,0.47040356729818067,0.0,0.46153846153846156,0.5384615384615384,0.0,0.424288404092082,0.5753717053843593,0.0003398905235586168,Neutral,25,0.52,0.24,0.24,24,0.4583333333333333,0.20833333333333334
M0617,Mid-career proxy,Local,Mid-career proxy | Local,seniority_years proxy because no manager age column exists in the workbook,region proxy because no manager local/non-local column exists,26,0.23428641856649224,0.5518413263692917,0.44029500255599857,0.038461538461538464,0.5384615384615384,0.46153846153846156,0.0,0.5342474052898676,0.46460938304581095,0.0011432116643214029,Aversion,25,0.48,0.24,0.28,24,0.375,0.20833333333333334
M0618,Early-career proxy,Non-local,Early-career proxy | Non-local,seniority_years proxy because no manager age column exists in the workbook,region proxy because no manager local/non-local column exists,26,0.1465861640151181,0.6223308959407886,0.40829873322633975,0.0,0.38461538461538464,0.23076923076923078,0.38461538461538464,0.36090925560634296,0.26798582975820745,0.3711049146354494,Aversion,25,0.64,0.16,0.2,24,0.5,0.08333333333333333
M0619,Mid-career proxy,Non-local,Mid-career proxy | Non-local,seniority_years proxy because no manager age column exists in the workbook,region proxy because no manager local/non-local column exists,26,0.32666751581892106,0.5406444565308494,0.47052416033901534,0.07692307692307693,0.34615384615384615,0.6153846153846154,0.038461538461538464,0.3203622749623242,0.6385786925443662,0.041059032493309514,Neutral,25,0.8,0.12,0.08,24,0.7083333333333334,0.041666666666666664
M0620,Mid-career proxy,Local,Mid-career proxy | Local,seniority_years proxy because no manager age column exists in the workbook,region proxy because no manager local/non-local column exists,26,0.30454449630343217,0.5566195895121808,0.46314228147376285,0.15384615384615385,0.23076923076923078,0.5,0.2692307692307692,0.21618286109643742,0.5042011482937178,0.2796159906098449,Neutral,25,0.8,0.12,0.08,24,0.5833333333333334,0.0
M0621,Mid-career proxy,Local,Mid-career proxy | Local,seniority_years proxy because no manager age column exists in the workbook,region proxy because no manager local/non-local column exists,26,0.278626344010134,0.5988246600901621,0.4391342917102558,0.07692307692307693,0.5,0.5,0.0,0.4591189713555843,0.5285363524542869,0.012344676190128865,Aversion,25,0.76,0.12,0.12,24,0.5833333333333334,0.041666666666666664
M0622,Mid-career proxy,Local,Mid-career proxy | Local,seniority_years proxy because no manager age column exists in the workbook,region proxy because no manager local/non-local column exists,26,0.39659293917601574,0.5803054559860168,0.49882333316775146,0.11538461538461539,0.5769230769230769,0.38461538461538464,0.038461538461538464,0.5411002356045684,0.41810649550472667,0.040793268890704865,Aversion,25,0.52,0.24,0.24,24,0.5,0.20833333333333334
M0623,Mid-career proxy,Local,Mid-career proxy | Local,seniority_years proxy because no manager age column exists in the workbook,region proxy because no manager local/non-local column exists,26,0.3133705386613955,0.5788453394334208,0.47219196014518816,0.15384615384615385,0.0,0.5,0.5,2.507774832146124e-16,0.5000514248821439,0.49994857511785573,Neutral,25,0.96,0.04,0.0,24,0.9166666666666666,0.0
M0624,Mid-career proxy,Local,Mid-career proxy | Local,seniority_years proxy because no manager age column exists in the workbook,region proxy because no manager local/non-local column exists,26,0.14031832821967238,0.6079609643382249,0.3853715472936574,0.0,0.38461538461538464,0.3076923076923077,0.3076923076923077,0.36679777509006545,0.3526365343739068,0.28056569053602765,Aversion,25,0.6,0.2,0.2,24,0.375,0.08333333333333333
M0625,Mid-career proxy,Local,Mid-career proxy | Local,seniority_years proxy because no manager age column exists in the workbook,region proxy because no manager local/non-local column exists,26,0.2381061867776676,0.5650147337556548,0.4750188157761344,0.0,0.23076923076923078,0.7692307692307693,0.0,0.23859321551754012,0.7528941556010283,0.008512628881431507,Neutral,25,0.88,0.04,0.08,24,0.8333333333333334,0.041666666666666664
M0626,Mid-career proxy,Local,Mid-career proxy | Local,seniority_years proxy because no manager age column exists in the workbook,region proxy because no manager local/non-local column exists,26,0.3857831340620877,0.5402012338544702,0.496543243233336,0.038461538461538464,0.5769230769230769,0.4230769230769231,0.0,0.568341438639395,0.4316080162732775,5.0545087327571035e-05,Aversion,25,0.6,0.2,0.2,24,0.625,0.20833333333333334
M0627,Mid-career proxy,Local,Mid-career proxy | Local,seniority_years proxy because no manager age column exists in the workbook,region proxy because no manager local/non-local column exists,26,0.31141790500392924,0.46956439382037474,0.47035233634355184,0.11538461538461539,0.15384615384615385,0.5384615384615384,0.3076923076923077,0.14557209749344832,0.5601472466434668,0.294280655863085,Neutral,25,0.56,0.24,0.2,24,0.6666666666666666,0.25
M0628,Early-career proxy,Non-local,Early-career proxy | Non-local,seniority_years proxy because no manager age column exists in the workbook,region proxy because no manager local/non-local column exists,26,0.20786280994898687,0.589131955308113,0.4172832920304274,0.038461538461538464,0.8076923076923077,0.19230769230769232,0.0,0.7319747889105978,0.2678578664294015,0.00016734466000063887,Aversion,25,0.88,0.04,0.08,24,0.8333333333333334,0.041666666666666664
M0629,Early-career proxy,Local,Early-career proxy | Local,seniority_years proxy because no manager age column exists in the workbook,region proxy because no manager local/non-local column exists,26,0.31385380329296697,0.5283688486661208,0.47854531522306293,0.07692307692307693,0.38461538461538464,0.6153846153846154,0.0,0.3785419593369462,0.620353764398422,0.0011042762646317568,Neutral,25,0.76,0.12,0.12,24,0.7083333333333334,0.08333333333333333
M0630,Early-career proxy,Non-local,Early-career proxy | Non-local,seniority_years proxy because no manager age column exists in the workbook,region proxy because no manager local/non-local column exists,26,0.5150923903727994,0.4877130040596862,0.5686329259210555,0.15384615384615385,0.23076923076923078,0.46153846153846156,0.3076923076923077,0.21523605134086796,0.4773734622109871,0.30739048644814493,Neutral,25,0.64,0.2,0.16,24,0.625,0.16666666666666666
M0631,Senior-career proxy,Local,Senior-career proxy | Local,seniority_years proxy because no manager age column exists in the workbook,region proxy because no manager local/non-local column exists,26,0.38572709117990417,0.5135986115166967,0.4975156135117655,0.07692307692307693,0.34615384615384615,0.4230769230769231,0.23076923076923078,0.3340900265335988,0.43141879814950224,0.2344911753168989,Neutral,25,0.8,0.12,0.08,24,0.6666666666666666,0.0
M0632,Early-career proxy,Local,Early-career proxy | Local,seniority_years proxy because no manager age column exists in the workbook,region proxy because no manager local/non-local column exists,26,0.5173392817966037,0.4441539112819035,0.557981105743318,0.23076923076923078,0.46153846153846156,0.4230769230769231,0.11538461538461539,0.4478941228226279,0.4370575034002832,0.11504837377708872,Aversion,25,0.64,0.2,0.16,24,0.4166666666666667,0.08333333333333333
M0633,Mid-career proxy,Non-local,Mid-career proxy | Non-local,seniority_years proxy because no manager age column exists in the workbook,region proxy because no manager local/non-local column exists,26,0.16142461304746553,0.5624136282558145,0.3981973328747879,0.0,0.15384615384615385,0.4230769230769231,0.4230769230769231,0.18899669918556483,0.4178138546738486,0.3931894461405865,Neutral,25,0.8,0.12,0.08,24,0.5833333333333334,0.0
M0634,Mid-career proxy,Non-local,Mid-career proxy | Non-local,seniority_years proxy because no manager age column exists in the workbook,region proxy because no manager local/non-local column exists,26,0.23869552629560745,0.6043432583575457,0.43303567673032517,0.038461538461538464,0.34615384615384615,0.6538461538461539,0.0,0.3494296278539315,0.6250000081165724,0.02557036402949605,Neutral,25,0.56,0.2,0.24,24,0.5416666666666666,0.20833333333333334
M0635,Mid-career proxy,Local,Mid-career proxy | Local,seniority_years proxy because no manager age column exists in the workbook,region proxy because no manager local/non-local column exists,26,0.17025754397294207,0.6150792019956147,0.4170554757317557,0.0,0.6923076923076923,0.3076923076923077,0.0,0.7101635752143073,0.2898183391351678,1.8085650524929687e-05,Aversion,25,0.72,0.12,0.16,24,0.5833333333333334,0.08333333333333333
M0636,Mid-career proxy,Non-local,Mid-career proxy | Non-local,seniority_years proxy because no manager age column exists in the workbook,region proxy because no manager local/non-local column exists,26,0.20570793795616574,0.5441404145522714,0.4276593015762925,0.0,0.11538461538461539,0.6153846153846154,0.2692307692307692,0.11599213144842299,0.6184107376303865,0.26559713092119075,Neutral,25,0.88,0.04,0.08,24,0.75,0.0
M0637,Senior-career proxy,Local,Senior-career proxy | Local,seniority_years proxy because no manager age column exists in the workbook,region proxy because no manager local/non-local column exists,26,0.3224325623652509,0.561481279292603,0.49249269959583875,0.11538461538461539,0.38461538461538464,0.4230769230769231,0.19230769230769232,0.37797311950358853,0.4161294539959772,0.20589742650043413,Neutral,25,0.72,0.12,0.16,24,0.5416666666666666,0.041666666666666664
M0638,Mid-career proxy,Non-local,Mid-career proxy | Non-local,seniority_years proxy because no manager age column exists in the workbook,region proxy because no manager local/non-local column exists,26,0.342813606939559,0.49478104804386536,0.4652654417016911,0.038461538461538464,0.6153846153846154,0.3076923076923077,0.07692307692307693,0.6070064228309854,0.3041095889660292,0.08888398820298543,Aversion,25,0.72,0.16,0.12,24,0.5416666666666666,0.041666666666666664
M0639,Mid-career proxy,Local,Mid-career proxy | Local,seniority_years proxy because no manager age column exists in the workbook,region proxy because no manager local/non-local column exists,26,0.40994426387626615,0.53022666564405,0.48140159466272225,0.11538461538461539,0.15384615384615385,0.5384615384615384,0.3076923076923077,0.16885679221337788,0.5697175721944723,0.2614256355921498,Neutral,25,0.68,0.16,0.16,24,0.5,0.08333333333333333
M0640,Early-career proxy,Local,Early-career proxy | Local,seniority_years proxy because no manager age column exists in the workbook,region proxy because no manager local/non-local column exists,26,0.22389722158009637,0.5776802225593626,0.4259562655054643,0.038461538461538464,0.07692307692307693,0.5,0.4230769230769231,0.0848783808916062,0.49557574206974864,0.41954587703864527,Neutral,25,0.8,0.12,0.08,24,0.75,0.08333333333333333
M0641,Mid-career proxy,Local,Mid-career proxy | Local,seniority_years proxy because no manager age column exists in the workbook,region proxy because no manager local/non-local column exists,26,0.31225635818609665,0.6171962289770889,0.4965408274289158,0.0,0.3076923076923077,0.34615384615384615,0.34615384615384615,0.2659605650178717,0.38512480026560464,0.3489146347165236,Neutral,25,0.6,0.2,0.2,24,0.5833333333333334,0.16666666666666666
M0642,Senior-career proxy,Local,Senior-career proxy | Local,seniority_years proxy because no manager age column exists in the workbook,region proxy because no manager local/non-local column exists,26,0.4162049390561471,0.5246916472700656,0.5172054638708998,0.19230769230769232,0.0,0.5384615384615384,0.46153846153846156,1.9917071503434906e-05,0.5400390502014601,0.4599410327270367,Neutral,25,0.92,0.04,0.04,24,0.8333333333333334,0.0
M0643,Senior-career proxy,Local,Senior-career proxy | Local,seniority_years proxy because no manager age column exists in the workbook,region proxy because no manager local/non-local column exists,26,0.3616413745866734,0.4954229126444168,0.48764702116530945,0.15384615384615385,0.038461538461538464,0.6923076923076923,0.2692307692307692,0.04366419748216119,0.6880000771836379,0.2683357253342009,Neutral,25,0.88,0.04,0.08,24,0.7916666666666666,0.0
M0644,Senior-career proxy,Local,Senior-career proxy | Local,seniority_years proxy because no manager age column exists in the workbook,region proxy because no manager local/non-local column exists,26,0.1850205954973912,0.5661404254506293,0.41765238078480843,0.0,0.23076923076923078,0.38461538461538464,0.38461538461538464,0.1939045988194749,0.43430804937481615,0.37178735180570927,Neutral,25,0.72,0.16,0.12,24,0.625,0.08333333333333333
M0645,Mid-career proxy,Local,Mid-career proxy | Local,seniority_years proxy because no manager age column exists in the workbook,region proxy because no manager local/non-local column exists,26,0.420204234947929,0.5535665027258737,0.4986045544424813,0.07692307692307693,0.07692307692307693,0.5384615384615384,0.38461538461538464,0.06720772470644247,0.5485721097429301,0.3842201655506274,Neutral,25,0.88,0.04,0.08,24,0.75,0.0
M0646,Mid-career proxy,Local,Mid-career proxy | Local,seniority_years proxy because no manager age column exists in the workbook,region proxy because no manager local/non-local column exists,26,0.20328512000186333,0.5779913897049638,0.4284572921274966,0.038461538461538464,0.38461538461538464,0.5,0.11538461538461539,0.386876977188603,0.4979154493288724,0.11520757348252458,Neutral,25,0.56,0.24,0.2,24,0.5416666666666666,0.20833333333333334
M0647,Mid-career proxy,Local,Mid-career proxy | Local,seniority_years proxy because no manager age column exists in the workbook,region proxy because no manager local/non-local column exists,26,0.503762100138796,0.4622681056423211,0.5283907856703126,0.2692307692307692,0.23076923076923078,0.38461538461538464,0.38461538461538464,0.21760042817982544,0.39671071113500567,0.3856888606851688,Neutral,25,0.76,0.12,0.12,24,0.5416666666666666,0.0
M0648,Mid-career proxy,Local,Mid-career proxy | Local,seniority_years proxy because no manager age column exists in the workbook,region proxy because no manager local/non-local column exists,26,0.36672624554164696,0.5589082556256758,0.5109729516222721,0.0,0.5769230769230769,0.38461538461538464,0.038461538461538464,0.5254959967842692,0.433291663595232,0.04121233962049875,Aversion,25,0.72,0.16,0.12,24,0.8333333333333334,0.16666666666666666
M0649,Senior-career proxy,Local,Senior-career proxy | Local,seniority_years proxy because no manager age column exists in the workbook,region proxy because no manager local/non-local column exists,26,0.4481988150041677,0.555897291601615,0.5300828896944971,0.11538461538461539,0.15384615384615385,0.4230769230769231,0.4230769230769231,0.1592934034907653,0.4441406464699149,0.3965659500393198,Neutral,25,0.76,0.12,0.12,24,0.6666666666666666,0.041666666666666664
M0650,Mid-career proxy,Non-local,Mid-career proxy | Non-local,seniority_years proxy because no manager age column exists in the workbook,region proxy because no manager local/non-local column exists,26,0.42150195131007767,0.5908551704815316,0.5085985082253252,0.038461538461538464,0.11538461538461539,0.7692307692307693,0.11538461538461539,0.10715977046979495,0.7818463495687968,0.11099387996140785,Neutral,25,0.8,0.12,0.08,24,0.7083333333333334,0.041666666666666664
M0651,Early-career proxy,Local,Early-career proxy | Local,seniority_years proxy because no manager age column exists in the workbook,region proxy because no manager local/non-local column exists,26,0.31669583784429,0.6027459737908551,0.4906813034944054,0.0,0.5384615384615384,0.46153846153846156,0.0,0.520134385278327,0.4797726059203627,9.30088013102285e-05,Aversion,25,0.84,0.08,0.08,24,0.7083333333333334,0.0
M0652,Mid-career proxy,Local,Mid-career proxy | Local,seniority_years proxy because no manager age column exists in the workbook,region proxy because no manager local/non-local column exists,26,0.39933908193101775,0.5867069660472516,0.5055808155349555,0.038461538461538464,0.34615384615384615,0.2692307692307692,0.38461538461538464,0.33469396207142255,0.30003304926730173,0.36527298866127555,Appreciation,25,0.72,0.12,0.16,24,0.625,0.08333333333333333
M0653,Mid-career proxy,Local,Mid-career proxy | Local,seniority_years proxy because no manager age column exists in the workbook,region proxy because no manager local/non-local column exists,26,0.32000476333468864,0.5609344431523045,0.5046069871089228,0.0,0.4230769230769231,0.5769230769230769,0.0,0.4270649541012563,0.5397773629294926,0.03315768296925102,Neutral,25,0.84,0.08,0.08,24,0.7083333333333334,0.0
M0654,Early-career proxy,Local,Early-career proxy | Local,seniority_years proxy because no manager age column exists in the workbook,region proxy because no manager local/non-local column exists,26,0.24193934403466388,0.5919493264365439,0.4399573628798822,0.0,0.2692307692307692,0.4230769230769231,0.3076923076923077,0.2591509358966313,0.43348108957375014,0.30736797452961845,Neutral,25,0.72,0.12,0.16,24,0.625,0.08333333333333333
M0655,Early-career proxy,Non-local,Early-career proxy | Non-local,seniority_years proxy because no manager age column exists in the workbook,region proxy because no manager local/non-local column exists,26,0.17548668363831943,0.5793365038905206,0.43477741251362484,0.038461538461538464,0.46153846153846156,0.5,0.038461538461538464,0.43720436870733903,0.5170993527544226,0.04569627853823833,Neutral,25,0.72,0.12,0.16,24,0.6666666666666666,0.08333333333333333
M0656,Senior-career proxy,Local,Senior-career proxy | Local,seniority_years proxy because no manager age column exists in the workbook,region proxy because no manager local/non-local column exists,26,0.6632664833034307,0.43746308460613637,0.5930295431809834,0.23076923076923078,0.23076923076923078,0.6538461538461539,0.11538461538461539,0.22448939151064023,0.6626759134478898,0.11283469504147013,Neutral,25,0.88,0.04,0.08,24,0.75,0.0
M0657,Mid-career proxy,Non-local,Mid-career proxy | Non-local,seniority_years proxy because no manager age column exists in the workbook,region proxy because no manager local/non-local column exists,26,0.3497025331943902,0.5325103121437661,0.48389072628073543,0.15384615384615385,0.6153846153846154,0.2692307692307692,0.11538461538461539,0.5682257105828683,0.297870717008394,0.13390357240873768,Aversion,25,0.72,0.16,0.12,24,0.5,0.041666666666666664
M0658,Mid-career proxy,Non-local,Mid-career proxy | Non-local,seniority_years proxy because no manager age column exists in the workbook,region proxy because no manager local/non-local column exists,26,0.40738399030883143,0.4587731943676205,0.5190320554504176,0.038461538461538464,0.11538461538461539,0.5769230769230769,0.3076923076923077,0.12840377009272888,0.5923572819291919,0.27923894797807924,Neutral,25,0.76,0.12,0.12,24,0.7083333333333334,0.041666666666666664
M0659,Senior-career proxy,Non-local,Senior-career proxy | Non-local,seniority_years proxy because no manager age column exists in the workbook,region proxy because no manager local/non-local column exists,26,0.1396033985584883,0.5569372891384806,0.3902310906654106,0.0,0.19230769230769232,0.5,0.3076923076923077,0.20336349969099404,0.5372245996853002,0.25941190062370595,Neutral,25,0.8,0.08,0.12,24,0.7083333333333334,0.041666666666666664
M0660,Mid-career proxy,Local,Mid-career proxy | Local,seniority_years proxy because no manager age column exists in the workbook,region proxy because no manager local/non-local column exists,26,0.3602228345857252,0.5832771404164159,0.48697335664757097,0.15384615384615385,0.2692307692307692,0.34615384615384615,0.38461538461538464,0.22791030124650577,0.3872026068634891,0.3848870918900052,Appreciation,25,0.64,0.2,0.16,24,0.625,0.16666666666666666
M0661,Early-career proxy,Non-local,Early-career proxy | Non-local,seniority_years proxy because no manager age column exists in the workbook,region proxy because no manager local/non-local column exists,26,0.29331712308885227,0.5541196164405259,0.47913447355057975,0.0,0.5769230769230769,0.4230769230769231,0.0,0.5460172544738701,0.45382262948215174,0.00016011604397829333,Aversion,25,0.88,0.04,0.08,24,0.8333333333333334,0.041666666666666664
M0662,Early-career proxy,Non-local,Early-career proxy | Non-local,seniority_years proxy because no manager age column exists in the workbook,region proxy because no manager local/non-local column exists,26,0.2219591456127269,0.6030932596405958,0.4385216899899781,0.038461538461538464,0.5384615384615384,0.38461538461538464,0.07692307692307693,0.5438307036967853,0.3776500850474335,0.07851921125578107,Aversion,25,0.44,0.24,0.32,24,0.5,0.3333333333333333
M0663,Senior-career proxy,Local,Senior-career proxy | Local,seniority_years proxy because no manager age column exists in the workbook,region proxy because no manager local/non-local column exists,26,0.44975691733485956,0.46912703609486706,0.5054241276860993,0.038461538461538464,0.0,0.46153846153846156,0.5384615384615384,3.098173847980647e-16,0.4917059784279184,0.5082940215720811,Appreciation,25,0.84,0.08,0.08,24,0.7916666666666666,0.041666666666666664
M0664,Mid-career proxy,Local,Mid-career proxy | Local,seniority_years proxy because no manager age column exists in the workbook,region proxy because no manager local/non-local column exists,26,0.2869979706328033,0.5734672758646515,0.47443080757622924,0.038461538461538464,0.4230769230769231,0.3076923076923077,0.2692307692307692,0.3843417116136148,0.3437272386549158,0.27193104973146925,Aversion,25,0.56,0.24,0.2,24,0.4166666666666667,0.125
M0665,Senior-career proxy,Local,Senior-career proxy | Local,seniority_years proxy because no manager age column exists in the workbook,region proxy because no manager local/non-local column exists,26,0.1908049904219133,0.609327866831166,0.4388138793547076,0.0,0.6538461538461539,0.34615384615384615,0.0,0.6237207977501098,0.36810560029362854,0.008173601956261756,Aversion,25,0.56,0.2,0.24,24,0.625,0.25
M0666,Senior-career proxy,Non-local,Senior-career proxy | Non-local,seniority_years proxy because no manager age column exists in the workbook,region proxy because no manager local/non-local column exists,26,0.37738980350216106,0.5343858677213067,0.5062087649862732,0.0,0.34615384615384615,0.38461538461538464,0.2692307692307692,0.28391908280783507,0.4468893800559842,0.2691915371361807,Neutral,25,0.6,0.16,0.24,24,0.375,0.08333333333333333
M0667,Early-career proxy,Local,Early-career proxy | Local,seniority_years proxy because no manager age column exists in the workbook,region proxy because no manager local/non-local column exists,26,0.45857561492094584,0.548843488338566,0.5536674531555124,0.11538461538461539,0.4230769230769231,0.5,0.07692307692307693,0.409791405087674,0.500884837885813,0.08932375702651299,Neutral,25,0.64,0.16,0.2,24,0.3333333333333333,0.041666666666666664
M0668,Mid-career proxy,Local,Mid-career proxy | Local,seniority_years proxy because no manager age column exists in the workbook,region proxy because no manager local/non-local column exists,26,0.1749896346579865,0.5771284027186488,0.4276484517893358,0.038461538461538464,0.3076923076923077,0.46153846153846156,0.23076923076923078,0.285406450948078,0.47912022090405676,0.23547332814786515,Neutral,25,0.72,0.16,0.12,24,0.625,0.08333333333333333
M0669,Early-career proxy,Local,Early-career proxy | Local,seniority_years proxy because no manager age column exists in the workbook,region proxy because no manager local/non-local column exists,26,0.18051902492329974,0.5738138424375384,0.4116557858926853,0.0,0.23076923076923078,0.5769230769230769,0.19230769230769232,0.2133543231171105,0.6037426120925068,0.18290306479038254,Neutral,25,0.72,0.12,0.16,24,0.625,0.08333333333333333
M0670,Senior-career proxy,Local,Senior-career proxy | Local,seniority_years proxy because no manager age column exists in the workbook,region proxy because no manager local/non-local column exists,26,0.41245906153426,0.5567644412713361,0.49324723977685153,0.0,0.5,0.34615384615384615,0.15384615384615385,0.5076836837277203,0.3400349014197094,0.15228141485257035,Aversion,25,0.48,0.24,0.28,24,0.5833333333333334,0.2916666666666667
M0671,Mid-career proxy,Non-local,Mid-career proxy | Non-local,seniority_years proxy because no manager age column exists in the workbook,region proxy because no manager local/non-local column exists,26,0.2402734809679775,0.5683505872513599,0.43540554394908565,0.038461538461538464,0.6153846153846154,0.38461538461538464,0.0,0.5725982440204928,0.4273947651605334,6.9908189738164705e-06,Aversion,25,0.56,0.2,0.24,24,0.5833333333333334,0.25
M0672,Senior-career proxy,Local,Senior-career proxy | Local,seniority_years proxy because no manager age column exists in the workbook,region proxy because no manager local/non-local column exists,26,0.27233526900303245,0.5292723539870618,0.4287247221635569,0.0,0.23076923076923078,0.6153846153846154,0.15384615384615385,0.22007914808717174,0.6344738986154315,0.14544695329739651,Neutral,25,0.88,0.08,0.04,24,0.7916666666666666,0.0
M0673,Senior-career proxy,Local,Senior-career proxy | Local,seniority_years proxy because no manager age column exists in the workbook,region proxy because no manager local/non-local column exists,26,0.46131735514685157,0.4949189250994761,0.5460608119103003,0.0,0.5,0.5,0.0,0.4832994004879204,0.5158372766269141,0.0008633228851654217,Neutral,25,0.8,0.08,0.12,24,0.75,0.08333333333333333
M0674,Mid-career proxy,Non-local,Mid-career proxy | Non-local,seniority_years proxy because no manager age column exists in the workbook,region proxy because no manager local/non-local column exists,26,0.40749572657051863,0.5422610363217285,0.5223498765335817,0.0,0.46153846153846156,0.5384615384615384,0.0,0.43623011734758965,0.533192387012646,0.03057749563976405,Neutral,25,0.68,0.16,0.16,24,0.625,0.125
M0675,Early-career proxy,Local,Early-career proxy | Local,seniority_years proxy because no manager age column exists in the workbook,region proxy because no manager local/non-local column exists,26,0.4571904429218932,0.5587354519592403,0.5333525722436859,0.11538461538461539,0.038461538461538464,0.5769230769230769,0.38461538461538464,0.037521318320994854,0.59256535532828,0.3699133263507251,Neutral,25,0.84,0.08,0.08,24,0.75,0.041666666666666664
M0676,Mid-career proxy,Local,Mid-career proxy | Local,seniority_years proxy because no manager age column exists in the workbook,region proxy because no manager local/non-local column exists,26,0.26425208079795653,0.4649568342561905,0.45561899195966393,0.07692307692307693,0.7307692307692307,0.2692307692307692,0.0,0.7186236249642257,0.28130895317450616,6.742186126815454e-05,Aversion,25,0.72,0.12,0.16,24,0.6666666666666666,0.125
M0677,Mid-career proxy,Local,Mid-career proxy | Local,seniority_years proxy because no manager age column exists in the workbook,region proxy because no manager local/non-local column exists,26,0.4860972643529031,0.5098121502050659,0.5397102867585273,0.07692307692307693,0.07692307692307693,0.5384615384615384,0.38461538461538464,0.07919064881181347,0.5384796726906335,0.38232967849755295,Neutral,25,0.88,0.08,0.04,24,0.75,0.0
M0678,Early-career proxy,Local,Early-career proxy | Local,seniority_years proxy because no manager age column exists in the workbook,region proxy because no manager local/non-local column exists,26,0.1555176433875644,0.5796359586416526,0.42397026767060264,0.0,0.5769230769230769,0.4230769230769231,0.0,0.5771274113651901,0.4213947251618435,0.0014778634729662838,Aversion,25,0.6,0.2,0.2,24,0.4583333333333333,0.125
M0679,Early-career proxy,Local,Early-career proxy | Local,seniority_years proxy because no manager age column exists in the workbook,region proxy because no manager local/non-local column exists,26,0.12883437236991707,0.6456895098767741,0.3962487181437056,0.0,0.38461538461538464,0.38461538461538464,0.23076923076923078,0.3781069469888539,0.3729726824133266,0.24892037059781946,Aversion,25,0.64,0.2,0.16,24,0.5,0.08333333333333333
M0680,Senior-career proxy,Local,Senior-career proxy | Local,seniority_years proxy because no manager age column exists in the workbook,region proxy because no manager local/non-local column exists,26,0.38406443069999935,0.518508045228098,0.5109626251825783,0.07692307692307693,0.11538461538461539,0.4230769230769231,0.46153846153846156,0.10903487857336189,0.4351169600888368,0.45584816133780137,Appreciation,25,0.72,0.16,0.12,24,0.6666666666666666,0.125
M0681,Senior-career proxy,Non-local,Senior-career proxy | Non-local,seniority_years proxy because no manager age column exists in the workbook,region proxy because no manager local/non-local column exists,26,0.28730334951962194,0.6079115297605727,0.48203491022280887,0.038461538461538464,0.7307692307692307,0.2692307692307692,0.0,0.7071800822693851,0.29279926112280574,2.0656607809297637e-05,Aversion,25,0.76,0.12,0.12,24,0.7083333333333334,0.08333333333333333
M0682,Early-career proxy,Local,Early-career proxy | Local,seniority_years proxy because no manager age column exists in the workbook,region proxy because no manager local/non-local column exists,26,0.41523764198350926,0.4971954852553827,0.5336195904285865,0.11538461538461539,0.19230769230769232,0.3076923076923077,0.5,0.20425986661651324,0.2888624016859516,0.5068777316975354,Appreciation,25,0.8,0.12,0.08,24,0.75,0.08333333333333333
M0683,Mid-career proxy,Non-local,Mid-career proxy | Non-local,seniority_years proxy because no manager age column exists in the workbook,region proxy because no manager local/non-local column exists,26,0.2982146821451187,0.5929203691402907,0.45935477056068513,0.0,0.6153846153846154,0.38461538461538464,0.0,0.5878673051204687,0.3914963648556641,0.020636330023867135,Aversion,25,0.72,0.12,0.16,24,0.7083333333333334,0.125
M0684,Mid-career proxy,Local,Mid-career proxy | Local,seniority_years proxy because no manager age column exists in the workbook,region proxy because no manager local/non-local column exists,26,0.1945874114087931,0.6172249508913961,0.4291970309687822,0.0,0.19230769230769232,0.5769230769230769,0.23076923076923078,0.19297202216551604,0.6199273757665059,0.18710060206797818,Neutral,25,0.68,0.16,0.16,24,0.5416666666666666,0.08333333333333333
M0685,Mid-career proxy,Local,Mid-career proxy | Local,seniority_years proxy because no manager age column exists in the workbook,region proxy because no manager local/non-local column exists,26,0.3896263067161808,0.5025101350923598,0.4613181103994331,0.11538461538461539,0.0,0.4230769230769231,0.5769230769230769,1.2002449164904402e-07,0.4239109227002173,0.5760889572752907,Appreciation,25,0.96,0.04,0.0,24,0.9166666666666666,0.0
M0686,Senior-career proxy,Non-local,Senior-career proxy | Non-local,seniority_years proxy because no manager age column exists in the workbook,region proxy because no manager local/non-local column exists,26,0.2182327272736893,0.5480496288450762,0.4390896480910422,0.0,0.23076923076923078,0.4230769230769231,0.34615384615384615,0.2089968716434982,0.44684036255570275,0.34416276580079913,Neutral,25,0.64,0.2,0.16,24,0.75,0.25
M0687,Mid-career proxy,Local,Mid-career proxy | Local,seniority_years proxy because no manager age column exists in the workbook,region proxy because no manager local/non-local column exists,26,0.46860395181463405,0.5201385107979977,0.5328155561825906,0.11538461538461539,0.6153846153846154,0.38461538461538464,0.0,0.5618165660325135,0.4374227081691084,0.0007607257983779771,Aversion,25,0.64,0.16,0.2,24,0.625,0.16666666666666666
M0688,Early-career proxy,Local,Early-career proxy | Local,seniority_years proxy because no manager age column exists in the workbook,region proxy because no manager local/non-local column exists,26,0.3153017473469478,0.60045587119419,0.47905820794787624,0.038461538461538464,0.4230769230769231,0.5769230769230769,0.0,0.3928446191883009,0.568074498954155,0.03908088185754406,Neutral,25,0.6,0.2,0.2,24,0.4583333333333333,0.125
M0689,Senior-career proxy,Local,Senior-career proxy | Local,seniority_years proxy because no manager age column exists in the workbook,region proxy because no manager local/non-local column exists,26,0.4500014097564812,0.5067492342801153,0.5243690852220938,0.11538461538461539,0.4230769230769231,0.38461538461538464,0.19230769230769232,0.3854667058773923,0.42108397511658097,0.1934493190060267,Aversion,25,0.56,0.2,0.24,24,0.4166666666666667,0.16666666666666666
M0690,Mid-career proxy,Local,Mid-career proxy | Local,seniority_years proxy because no manager age column exists in the workbook,region proxy because no manager local/non-local column exists,26,0.3468507104965435,0.5790691715874106,0.48566860444709936,0.0,0.6153846153846154,0.3076923076923077,0.07692307692307693,0.5770820303871258,0.3452696000795725,0.0776483695333016,Aversion,25,0.64,0.16,0.2,24,0.4166666666666667,0.041666666666666664
M0691,Early-career proxy,Local,Early-career proxy | Local,seniority_years proxy because no manager age column exists in the workbook,region proxy because no manager local/non-local column exists,26,0.31888288881363486,0.6009760343094788,0.47767208157377744,0.07692307692307693,0.3076923076923077,0.5769230769230769,0.11538461538461539,0.3735900483229381,0.501740619437543,0.12466933223951861,Neutral,25,0.64,0.16,0.2,24,0.5,0.08333333333333333
M0692,Mid-career proxy,Local,Mid-career proxy | Local,seniority_years proxy because no manager age column exists in the workbook,region proxy because no manager local/non-local column exists,26,0.2416156059562116,0.5675484061871342,0.4754907173890138,0.038461538461538464,0.6923076923076923,0.2692307692307692,0.038461538461538464,0.6399551715856882,0.3175583040960871,0.042486524318224715,Aversion,25,0.84,0.04,0.12,24,0.75,0.041666666666666664
M0693,Senior-career proxy,Non-local,Senior-career proxy | Non-local,seniority_years proxy because no manager age column exists in the workbook,region proxy because no manager local/non-local column exists,26,0.3991344554474839,0.49217069954096837,0.5057320008485631,0.15384615384615385,0.38461538461538464,0.5769230769230769,0.038461538461538464,0.358237698740328,0.58234051269608,0.059421788563592,Neutral,25,0.76,0.12,0.12,24,0.625,0.041666666666666664
M0694,Mid-career proxy,Local,Mid-career proxy | Local,seniority_years proxy because no manager age column exists in the workbook,region proxy because no manager local/non-local column exists,26,0.23878443384145953,0.6352972557037261,0.4351826509580169,0.0,0.34615384615384615,0.5769230769230769,0.07692307692307693,0.3417126905903612,0.574223621437004,0.08406368797263478,Neutral,25,0.8,0.08,0.12,24,0.7083333333333334,0.041666666666666664
M0695,Senior-career proxy,Local,Senior-career proxy | Local,seniority_years proxy because no manager age column exists in the workbook,region proxy because no manager local/non-local column exists,26,0.5086860777318699,0.5298558076069042,0.5730784864509787,0.07692307692307693,0.11538461538461539,0.46153846153846156,0.4230769230769231,0.13678242609103092,0.45767718266127605,0.4055403912476928,Neutral,25,0.8,0.12,0.08,24,0.6666666666666666,0.041666666666666664
M0696,Early-career proxy,Local,Early-career proxy | Local,seniority_years proxy because no manager age column exists in the workbook,region proxy because no manager local/non-local column exists,26,0.22884718446736202,0.5684823785389388,0.4579247862850226,0.0,0.46153846153846156,0.5,0.038461538461538464,0.4282588727157624,0.5474683398179673,0.024272787466270287,Neutral,25,0.6,0.16,0.24,24,0.5833333333333334,0.25
M0697,Mid-career proxy,Local,Mid-career proxy | Local,seniority_years proxy because no manager age column exists in the workbook,region proxy because no manager local/non-local column exists,26,0.2410033594562583,0.540515120890155,0.44478199733186574,0.07692307692307693,0.46153846153846156,0.46153846153846156,0.07692307692307693,0.44978571182382343,0.477203979989612,0.0730103081865645,Neutral,25,0.72,0.12,0.16,24,0.5833333333333334,0.041666666666666664
M0698,Mid-career proxy,Non-local,Mid-career proxy | Non-local,seniority_years proxy because no manager age column exists in the workbook,region proxy because no manager local/non-local column exists,26,0.39853166022626946,0.5574233631071238,0.5210617719466799,0.038461538461538464,0.38461538461538464,0.6153846153846154,0.0,0.356856664908804,0.6408636935844333,0.0022796415067627943,Neutral,25,0.88,0.04,0.08,24,0.875,0.041666666666666664
M0699,Mid-career proxy,Local,Mid-career proxy | Local,seniority_years proxy because no manager age column exists in the workbook,region proxy because no manager local/non-local column exists,26,0.22060953423938193,0.5926590093705143,0.426798187859258,0.07692307692307693,0.11538461538461539,0.4230769230769231,0.46153846153846156,0.09809367129361239,0.4538359497903119,0.4480703789160756,Appreciation,25,0.8,0.12,0.08,24,0.5833333333333334,0.0
M0700,Mid-career proxy,Local,Mid-career proxy | Local,seniority_years proxy because no manager age column exists in the workbook,region proxy because no manager local/non-local column exists,26,0.25796193154990094,0.5465217204327352,0.4428954779421978,0.07692307692307693,0.23076923076923078,0.38461538461538464,0.38461538461538464,0.24285900707601565,0.37561417409918035,0.38152681882480377,Neutral,25,0.72,0.16,0.12,24,0.6666666666666666,0.125
M0701,Senior-career proxy,Non-local,Senior-career proxy | Non-local,seniority_years proxy because no manager age column exists in the workbook,region proxy because no manager local/non-local column exists,26,0.32393244274606575,0.48494644605456905,0.4800409829508285,0.038461538461538464,0.38461538461538464,0.5384615384615384,0.07692307692307693,0.37005429838004233,0.5577852736812104,0.0721604279387472,Neutral,25,0.6,0.2,0.2,24,0.7083333333333334,0.25
M0702,Senior-career proxy,Local,Senior-career proxy | Local,seniority_years proxy because no manager age column exists in the workbook,region proxy because no manager local/non-local column exists,26,0.2812895804775044,0.6156463576889359,0.46882091566441386,0.038461538461538464,0.38461538461538464,0.4230769230769231,0.19230769230769232,0.37848558704815044,0.4314472090475494,0.19006720390430015,Neutral,25,0.72,0.12,0.16,24,0.5416666666666666,0.041666666666666664
M0703,Senior-career proxy,Local,Senior-career proxy | Local,seniority_years proxy because no manager age column exists in the workbook,region proxy because no manager local/non-local column exists,26,0.351318030561791,0.5661747523353563,0.486901073239429,0.07692307692307693,0.34615384615384615,0.46153846153846156,0.19230769230769232,0.3361075911318825,0.4713109526584715,0.19258145620964578,Neutral,25,0.76,0.12,0.12,24,0.6666666666666666,0.041666666666666664
M0704,Mid-career proxy,Local,Mid-career proxy | Local,seniority_years proxy because no manager age column exists in the workbook,region proxy because no manager local/non-local column exists,26,0.21774351199437686,0.6042003788902671,0.4164968632307149,0.0,0.34615384615384615,0.5769230769230769,0.07692307692307693,0.3449039553408343,0.57715029426559,0.0779457503935758,Neutral,25,0.68,0.12,0.2,24,0.5833333333333334,0.08333333333333333
M0705,Mid-career proxy,Non-local,Mid-career proxy | Non-local,seniority_years proxy because no manager age column exists in the workbook,region proxy because no manager local/non-local column exists,26,0.3849137114342804,0.5268268102598397,0.5034408392812286,0.038461538461538464,0.3076923076923077,0.5384615384615384,0.15384615384615385,0.3022017492901631,0.5433734845720524,0.15442476613778464,Neutral,25,0.84,0.08,0.08,24,0.6666666666666666,0.0
M0706,Mid-career proxy,Non-local,Mid-career proxy | Non-local,seniority_years proxy because no manager age column exists in the workbook,region proxy because no manager local/non-local column exists,26,0.24694089125880417,0.5643562998006624,0.43654216733032913,0.0,0.6538461538461539,0.23076923076923078,0.11538461538461539,0.6097955719517335,0.2746586646011696,0.11554576344709676,Aversion,25,0.64,0.2,0.16,24,0.5416666666666666,0.125
M0707,Mid-career proxy,Local,Mid-career proxy | Local,seniority_years proxy because no manager age column exists in the workbook,region proxy because no manager local/non-local column exists,26,0.27001977601376015,0.5780823634787233,0.47665428772852236,0.19230769230769232,0.46153846153846156,0.38461538461538464,0.15384615384615385,0.41092920655841253,0.4223086817993831,0.16676211164220434,Aversion,25,0.8,0.12,0.08,24,0.625,0.0
M0708,Early-career proxy,Local,Early-career proxy | Local,seniority_years proxy because no manager age column exists in the workbook,region proxy because no manager local/non-local column exists,26,0.2590819422909234,0.5806755038704294,0.47573507361698775,0.0,0.5769230769230769,0.38461538461538464,0.038461538461538464,0.5429967135040867,0.4323620355303077,0.024641250965605578,Aversion,25,0.6,0.2,0.2,24,0.4166666666666667,0.125
M0709,Senior-career proxy,Local,Senior-career proxy | Local,seniority_years proxy because no manager age column exists in the workbook,region proxy because no manager local/non-local column exists,26,0.2868902417306885,0.448755393324049,0.4446204421146875,0.15384615384615385,0.46153846153846156,0.5384615384615384,0.0,0.46809015512267327,0.5311626591495251,0.0007471857278016693,Neutral,25,0.96,0.0,0.04,24,0.9166666666666666,0.0
M0710,Senior-career proxy,Non-local,Senior-career proxy | Non-local,seniority_years proxy because no manager age column exists in the workbook,region proxy because no manager local/non-local column exists,26,0.4415096676334811,0.5991698067931107,0.5302591016800094,0.038461538461538464,0.6538461538461539,0.19230769230769232,0.15384615384615385,0.6137802556588847,0.23234246079390258,0.15387728354721267,Aversion,25,0.72,0.16,0.12,24,0.625,0.08333333333333333
M0711,Mid-career proxy,Local,Mid-career proxy | Local,seniority_years proxy because no manager age column exists in the workbook,region proxy because no manager local/non-local column exists,26,0.25745754632908613,0.5157958085209565,0.4748354557819718,0.038461538461538464,0.4230769230769231,0.5,0.07692307692307693,0.3777671217643936,0.551639901544569,0.07059297669103731,Neutral,25,0.68,0.16,0.16,24,0.4583333333333333,0.041666666666666664
M0712,Senior-career proxy,Non-local,Senior-career proxy | Non-local,seniority_years proxy because no manager age column exists in the workbook,region proxy because no manager local/non-local column exists,26,0.2615323500675152,0.5756012772872009,0.4875822808114918,0.0,0.23076923076923078,0.4230769230769231,0.34615384615384615,0.2263489377238974,0.4579725602225598,0.3156785020535428,Neutral,25,0.8,0.08,0.12,24,0.7083333333333334,0.08333333333333333
M0713,Mid-career proxy,Local,Mid-career proxy | Local,seniority_years proxy because no manager age column exists in the workbook,region proxy because no manager local/non-local column exists,26,0.2080956715046562,0.5895607819262799,0.4177363002051155,0.0,0.34615384615384615,0.6538461538461539,0.0,0.331144053074091,0.6616492350926375,0.007206711833271672,Neutral,25,0.6,0.2,0.2,24,0.4166666666666667,0.125
M0714,Mid-career proxy,Local,Mid-career proxy | Local,seniority_years proxy because no manager age column exists in the workbook,region proxy because no manager local/non-local column exists,26,0.49459885844741325,0.4872938999392972,0.5230358752391419,0.15384615384615385,0.2692307692307692,0.38461538461538464,0.34615384615384615,0.25605046410390964,0.3985188164935757,0.3454307194025147,Neutral,25,0.88,0.08,0.04,24,0.7916666666666666,0.0
M0715,Mid-career proxy,Local,Mid-career proxy | Local,seniority_years proxy because no manager age column exists in the workbook,region proxy because no manager local/non-local column exists,26,0.12875093716788924,0.632702128944476,0.3938125263406995,0.07692307692307693,0.11538461538461539,0.5384615384615384,0.34615384615384615,0.13216483131404141,0.5098710896553856,0.35796407903057265,Neutral,25,0.64,0.2,0.16,24,0.5416666666666666,0.08333333333333333
M0716,Mid-career proxy,Local,Mid-career proxy | Local,seniority_years proxy because no manager age column exists in the workbook,region proxy because no manager local/non-local column exists,26,0.33593866396503036,0.5902678916782226,0.4955784624676433,0.0,0.38461538461538464,0.38461538461538464,0.23076923076923078,0.3784478084602244,0.41444604774895405,0.20710614379082162,Neutral,25,0.8,0.08,0.12,24,0.625,0.0
M0717,Mid-career proxy,Non-local,Mid-career proxy | Non-local,seniority_years proxy because no manager age column exists in the workbook,region proxy because no manager local/non-local column exists,26,0.3547040048899296,0.5684550234836925,0.4922515382772049,0.11538461538461539,0.0,0.6923076923076923,0.3076923076923077,0.001406206787390507,0.6835248168201381,0.3150689763924716,Neutral,25,0.88,0.08,0.04,24,0.8333333333333334,0.041666666666666664
M0718,Senior-career proxy,Non-local,Senior-career proxy | Non-local,seniority_years proxy because no manager age column exists in the workbook,region proxy because no manager local/non-local column exists,26,0.24645893286689094,0.5840434631558122,0.4634371758510999,0.0,0.5384615384615384,0.46153846153846156,0.0,0.5322147145726511,0.4665266648297063,0.0012586205976425264,Aversion,25,0.64,0.16,0.2,24,0.4166666666666667,0.08333333333333333
M0719,Mid-career proxy,Local,Mid-career proxy | Local,seniority_years proxy because no manager age column exists in the workbook,region proxy because no manager local/non-local column exists,26,0.4302725478447957,0.530958198674172,0.5249476454278645,0.11538461538461539,0.0,0.5384615384615384,0.46153846153846156,9.88229989286348e-13,0.5616238085680719,0.4383761914309399,Neutral,25,0.88,0.08,0.04,24,0.8333333333333334,0.041666666666666664
M0720,Senior-career proxy,Local,Senior-career proxy | Local,seniority_years proxy because no manager age column exists in the workbook,region proxy because no manager local/non-local column exists,26,0.3623932934560187,0.5545926809098526,0.5199524429082025,0.038461538461538464,0.23076923076923078,0.6538461538461539,0.11538461538461539,0.23788422367482498,0.6525188332680751,0.1095969430570996,Neutral,25,0.64,0.16,0.2,24,0.5,0.08333333333333333
M0721,Senior-career proxy,Local,Senior-career proxy | Local,seniority_years proxy because no manager age column exists in the workbook,region proxy because no manager local/non-local column exists,26,0.2328103403879086,0.5862839532576557,0.43370330099794224,0.0,0.34615384615384615,0.46153846153846156,0.19230769230769232,0.3238204080351013,0.4752957288594414,0.20088386310545733,Neutral,25,0.56,0.24,0.2,24,0.4583333333333333,0.16666666666666666
M0722,Mid-career proxy,Local,Mid-career proxy | Local,seniority_years proxy because no manager age column exists in the workbook,region proxy because no manager local/non-local column exists,26,0.4130012775117959,0.5823490379539233,0.5129700958126707,0.19230769230769232,0.38461538461538464,0.6153846153846154,0.0,0.38288813498080765,0.6152830318008333,0.0018288332183588568,Neutral,25,0.72,0.12,0.16,24,0.6666666666666666,0.125
M0723,Mid-career proxy,Local,Mid-career proxy | Local,seniority_years proxy because no manager age column exists in the workbook,region proxy because no manager local/non-local column exists,26,0.3947379247574325,0.6114587594926666,0.5393461101659145,0.07692307692307693,0.34615384615384615,0.5769230769230769,0.07692307692307693,0.3334565501819848,0.5868652845685264,0.07967816524948883,Neutral,25,0.8,0.12,0.08,24,0.625,0.0
M0724,Senior-career proxy,Local,Senior-career proxy | Local,seniority_years proxy because no manager age column exists in the workbook,region proxy because no manager local/non-local column exists,26,0.30006117403362026,0.5350664707289551,0.47308587716132844,0.07692307692307693,0.46153846153846156,0.46153846153846156,0.07692307692307693,0.4371329654848622,0.4920592697398782,0.07080776477525942,Neutral,25,0.68,0.16,0.16,24,0.5833333333333334,0.08333333333333333
M0725,Senior-career proxy,Non-local,Senior-career proxy | Non-local,seniority_years proxy because no manager age column exists in the workbook,region proxy because no manager local/non-local column exists,26,0.3992488138897935,0.47571425171345727,0.5051068939741676,0.038461538461538464,0.3076923076923077,0.34615384615384615,0.34615384615384615,0.26172148306677295,0.39271205092164413,0.345566466011583,Neutral,25,0.56,0.24,0.2,24,0.6666666666666666,0.25
M0726,Early-career proxy,Non-local,Early-career proxy | Non-local,seniority_years proxy because no manager age column exists in the workbook,region proxy because no manager local/non-local column exists,26,0.3246006620609909,0.5237170962095108,0.459802206088678,0.0,0.11538461538461539,0.6923076923076923,0.19230769230769232,0.10862611765127467,0.6931077052709704,0.19826617707775482,Neutral,25,0.72,0.16,0.12,24,0.5,0.041666666666666664
M0727,Senior-career proxy,Local,Senior-career proxy | Local,seniority_years proxy because no manager age column exists in the workbook,region proxy because no manager local/non-local column exists,26,0.330255454308702,0.5298666354634879,0.46438007416130606,0.07692307692307693,0.038461538461538464,0.46153846153846156,0.5,0.053570220599227746,0.4343492007364584,0.5120805786643139,Appreciation,25,0.8,0.12,0.08,24,0.6666666666666666,0.041666666666666664
M0728,Senior-career proxy,Local,Senior-career proxy | Local,seniority_years proxy because no manager age column exists in the workbook,region proxy because no manager local/non-local column exists,26,0.10982214480898188,0.5541329507146385,0.40521570636798737,0.0,0.0,0.5769230769230769,0.4230769230769231,0.011158850439199659,0.5752103513289645,0.41363079823183596,Neutral,25,0.88,0.08,0.04,24,0.75,0.0
M0729,Early-career proxy,Local,Early-career proxy | Local,seniority_years proxy because no manager age column exists in the workbook,region proxy because no manager local/non-local column exists,26,0.49152979922797935,0.4818381045161115,0.5451251529872383,0.23076923076923078,0.11538461538461539,0.6153846153846154,0.2692307692307692,0.1225832043276671,0.6270547787339453,0.25036201693838767,Neutral,25,0.88,0.04,0.08,24,0.75,0.0
M0730,Senior-career proxy,Non-local,Senior-career proxy | Non-local,seniority_years proxy because no manager age column exists in the workbook,region proxy because no manager local/non-local column exists,26,0.31511165651443646,0.5706024546015361,0.4544219514794392,0.0,0.5769230769230769,0.34615384615384615,0.07692307692307693,0.5303747607519429,0.3769066519453039,0.0927185873027533,Aversion,25,0.56,0.24,0.2,24,0.4583333333333333,0.16666666666666666
M0731,Senior-career proxy,Local,Senior-career proxy | Local,seniority_years proxy because no manager age column exists in the workbook,region proxy because no manager local/non-local column exists,26,0.24710029406985987,0.5590429896035094,0.44321782687415284,0.0,0.6538461538461539,0.34615384615384615,0.0,0.6294145926156768,0.3704609234676988,0.00012448391662444924,Aversion,25,0.76,0.12,0.12,24,0.7083333333333334,0.08333333333333333
M0732,Senior-career proxy,Local,Senior-career proxy | Local,seniority_years proxy because no manager age column exists in the workbook,region proxy because no manager local/non-local column exists,26,0.29939916900105606,0.5932799071422654,0.46214339014802697,0.038461538461538464,0.6538461538461539,0.34615384615384615,0.0,0.6109468450979363,0.38844979659881396,0.0006033583032497458,Aversion,25,0.72,0.12,0.16,24,0.75,0.16666666666666666
M0733,Senior-career proxy,Local,Senior-career proxy | Local,seniority_years proxy because no manager age column exists in the workbook,region proxy because no manager local/non-local column exists,26,0.32674811675583637,0.5528777652677666,0.4851698600514904,0.0,0.19230769230769232,0.6538461538461539,0.15384615384615385,0.19124196511499728,0.6685721836217986,0.14018585126320415,Neutral,25,0.88,0.04,0.08,24,0.75,0.0
M0734,Senior-career proxy,Local,Senior-career proxy | Local,seniority_years proxy because no manager age column exists in the workbook,region proxy because no manager local/non-local column exists,26,0.39122818169735435,0.5768286298179977,0.48234655534122045,0.11538461538461539,0.6538461538461539,0.34615384615384615,0.0,0.6624808057531142,0.3373328936605647,0.00018630058632120882,Aversion,25,0.56,0.2,0.24,24,0.5,0.16666666666666666
M0735,Mid-career proxy,Local,Mid-career proxy | Local,seniority_years proxy because no manager age column exists in the workbook,region proxy because no manager local/non-local column exists,26,0.43692777056641025,0.5401021522803187,0.5583828095222318,0.23076923076923078,0.0,0.5384615384615384,0.46153846153846156,8.673045668476908e-21,0.5697530855279059,0.43024691447209457,Neutral,25,0.88,0.08,0.04,24,0.7916666666666666,0.0
M0736,Mid-career proxy,Local,Mid-career proxy | Local,seniority_years proxy because no manager age column exists in the workbook,region proxy because no manager local/non-local column exists,26,0.2940687067958422,0.5579429144939423,0.4671426416971205,0.07692307692307693,0.4230769230769231,0.5,0.07692307692307693,0.37693607537976903,0.5466878294688149,0.0763760951514162,Neutral,25,0.64,0.2,0.16,24,0.625,0.16666666666666666
M0737,Mid-career proxy,Local,Mid-career proxy | Local,seniority_years proxy because no manager age column exists in the workbook,region proxy because no manager local/non-local column exists,26,0.34844445275023056,0.5774710536402975,0.4763923752904544,0.038461538461538464,0.15384615384615385,0.6153846153846154,0.23076923076923078,0.18415235464321073,0.5514008721888163,0.26444677316797305,Neutral,25,0.72,0.12,0.16,24,0.6666666666666666,0.125
M0738,Mid-career proxy,Local,Mid-career proxy | Local,seniority_years proxy because no manager age column exists in the workbook,region proxy because no manager local/non-local column exists,26,0.324709995794615,0.5240124672280324,0.4654725260704877,0.07692307692307693,0.6538461538461539,0.34615384615384615,0.0,0.6528983337992293,0.34706825385857865,3.341234219204526e-05,Aversion,25,0.72,0.12,0.16,24,0.8333333333333334,0.20833333333333334
M0739,Mid-career proxy,Local,Mid-career proxy | Local,seniority_years proxy because no manager age column exists in the workbook,region proxy because no manager local/non-local column exists,26,0.29284585556781384,0.5235611726681157,0.4564053537341766,0.038461538461538464,0.07692307692307693,0.6538461538461539,0.2692307692307692,0.12889291159681673,0.5645398369201811,0.3065672514830025,Neutral,25,0.68,0.16,0.16,24,0.5,0.08333333333333333
M0740,Mid-career proxy,Non-local,Mid-career proxy | Non-local,seniority_years proxy because no manager age column exists in the workbook,region proxy because no manager local/non-local column exists,26,0.2977871496664096,0.5827910205207893,0.46376221099792664,0.07692307692307693,0.46153846153846156,0.5384615384615384,0.0,0.40924098162573025,0.5779775484815075,0.012781469892762123,Neutral,25,0.72,0.12,0.16,24,0.5,0.041666666666666664
M0741,Mid-career proxy,Non-local,Mid-career proxy | Non-local,seniority_years proxy because no manager age column exists in the workbook,region proxy because no manager local/non-local column exists,26,0.5347912921963359,0.4695574878304121,0.5336221319597269,0.2692307692307692,0.23076923076923078,0.7692307692307693,0.0,0.22312736659002,0.77679030273644,8.233067353954347e-05,Neutral,25,0.8,0.08,0.12,24,0.5833333333333334,0.0
M0742,Mid-career proxy,Local,Mid-career proxy | Local,seniority_years proxy because no manager age column exists in the workbook,region proxy because no manager local/non-local column exists,26,0.3865496571514164,0.4413340334889696,0.5106098689878344,0.11538461538461539,0.2692307692307692,0.46153846153846156,0.2692307692307692,0.2641196883245293,0.5375498017458735,0.19833050992959708,Neutral,25,0.88,0.04,0.08,24,0.75,0.0
M0743,Mid-career proxy,Local,Mid-career proxy | Local,seniority_years proxy because no manager age column exists in the workbook,region proxy because no manager local/non-local column exists,26,0.3319308762374077,0.5702413389890426,0.49202460845321355,0.038461538461538464,0.2692307692307692,0.7307692307692307,0.0,0.28800161005829233,0.6865431969749765,0.02545519296673113,Neutral,25,0.84,0.08,0.08,24,0.75,0.041666666666666664
M0744,Early-career proxy,Local,Early-career proxy | Local,seniority_years proxy because no manager age column exists in the workbook,region proxy because no manager local/non-local column exists,26,0.322972431273408,0.5534988567644336,0.49134497846512537,0.07692307692307693,0.4230769230769231,0.5769230769230769,0.0,0.40108683807239476,0.5982320571976801,0.0006811047299251134,Neutral,25,0.64,0.16,0.2,24,0.6666666666666666,0.20833333333333334
M0745,Senior-career proxy,Local,Senior-career proxy | Local,seniority_years proxy because no manager age column exists in the workbook,region proxy because no manager local/non-local column exists,26,0.24241712309400454,0.5127038626781962,0.43702738454228746,0.0,0.3076923076923077,0.5,0.19230769230769232,0.28488344689214756,0.51802253357894,0.1970940195289123,Neutral,25,0.6,0.2,0.2,24,0.4166666666666667,0.08333333333333333
M0746,Early-career proxy,Local,Early-career proxy | Local,seniority_years proxy because no manager age column exists in the workbook,region proxy because no manager local/non-local column exists,26,0.42348917397502733,0.5214013209389786,0.5403358099164844,0.19230769230769232,0.19230769230769232,0.46153846153846156,0.34615384615384615,0.1925474905641233,0.5151131133698035,0.2923393960660732,Neutral,25,0.8,0.08,0.12,24,0.625,0.0
M0747,Early-career proxy,Local,Early-career proxy | Local,seniority_years proxy because no manager age column exists in the workbook,region proxy because no manager local/non-local column exists,26,0.5549241814974892,0.47213176557104514,0.5654863001828838,0.19230769230769232,0.0,0.38461538461538464,0.6153846153846154,1.887093465929698e-13,0.4261637916294364,0.5738362083703749,Appreciation,25,0.88,0.08,0.04,24,0.8333333333333334,0.041666666666666664
M0748,Mid-career proxy,Local,Mid-career proxy | Local,seniority_years proxy because no manager age column exists in the workbook,region proxy because no manager local/non-local column exists,26,0.4213024816474872,0.43021603503700356,0.5160221587230673,0.15384615384615385,0.038461538461538464,0.5769230769230769,0.38461538461538464,0.03060026897588883,0.6108473178145494,0.3585524132095618,Neutral,25,0.8,0.12,0.08,24,0.75,0.08333333333333333
M0749,Mid-career proxy,Local,Mid-career proxy | Local,seniority_years proxy because no manager age column exists in the workbook,region proxy because no manager local/non-local column exists,26,0.4957587060170097,0.5389369023976711,0.5500368751654763,0.038461538461538464,0.4230769230769231,0.46153846153846156,0.11538461538461539,0.4408900435137607,0.44961949828412745,0.10949045820211176,Neutral,25,0.52,0.2,0.28,24,0.5,0.25
M0750,Mid-career proxy,Local,Mid-career proxy | Local,seniority_years proxy because no manager age column exists in the workbook,region proxy because no manager local/non-local column exists,26,0.2514276869843032,0.5460293354259695,0.42866674126101945,0.07692307692307693,0.3076923076923077,0.6923076923076923,0.0,0.34488399204819387,0.6550707840779311,4.5223873874868644e-05,Neutral,25,0.52,0.24,0.24,24,0.4583333333333333,0.20833333333333334
M0751,Early-career proxy,Non-local,Early-career proxy | Non-local,seniority_years proxy because no manager age column exists in the workbook,region proxy because no manager local/non-local column exists,26,0.33150620586373286,0.5553806718974045,0.4885694281680944,0.038461538461538464,0.11538461538461539,0.8076923076923077,0.07692307692307693,0.11684612999064271,0.8171449015196355,0.06600896848972226,Neutral,25,0.84,0.08,0.08,24,0.6666666666666666,0.0
M0752,Mid-career proxy,Local,Mid-career proxy | Local,seniority_years proxy because no manager age column exists in the workbook,region proxy because no manager local/non-local column exists,26,0.5402547375147103,0.44336435021703857,0.5575561970346334,0.19230769230769232,0.15384615384615385,0.6153846153846154,0.23076923076923078,0.14216526137848579,0.592657558968279,0.26517717965323523,Neutral,25,0.64,0.2,0.16,24,0.5,0.08333333333333333
M0753,Early-career proxy,Local,Early-career proxy | Local,seniority_years proxy because no manager age column exists in the workbook,region proxy because no manager local/non-local column exists,26,0.38148153074802627,0.49994351137858584,0.4989338898792938,0.0,0.07692307692307693,0.34615384615384615,0.5769230769230769,0.08950078966774118,0.33596339505638423,0.5745358152758746,Appreciation,25,0.88,0.08,0.04,24,0.7916666666666666,0.0
M0754,Early-career proxy,Local,Early-career proxy | Local,seniority_years proxy because no manager age column exists in the workbook,region proxy because no manager local/non-local column exists,26,0.3674056248691216,0.4872590794097186,0.4893427691361031,0.11538461538461539,0.2692307692307692,0.38461538461538464,0.34615384615384615,0.2634378480330465,0.3905303702026667,0.3460317817642867,Neutral,25,0.72,0.16,0.12,24,0.75,0.16666666666666666
M0755,Early-career proxy,Local,Early-career proxy | Local,seniority_years proxy because no manager age column exists in the workbook,region proxy because no manager local/non-local column exists,26,0.25813165816142936,0.5963923978683232,0.43817459276779464,0.038461538461538464,0.6153846153846154,0.34615384615384615,0.038461538461538464,0.5588258086356354,0.40187805086809913,0.039296140496265536,Aversion,25,0.64,0.2,0.16,24,0.5416666666666666,0.125
M0756,Early-career proxy,Local,Early-career proxy | Local,seniority_years proxy because no manager age column exists in the workbook,region proxy because no manager local/non-local column exists,26,0.35837523520263237,0.6097958981972595,0.5164617565030487,0.038461538461538464,0.3076923076923077,0.6538461538461539,0.038461538461538464,0.2936414883931413,0.6789300995503085,0.027428412056550163,Neutral,25,0.56,0.2,0.24,24,0.5833333333333334,0.20833333333333334
M0757,Mid-career proxy,Local,Mid-career proxy | Local,seniority_years proxy because no manager age column exists in the workbook,region proxy because no manager local/non-local column exists,26,0.2988042041219775,0.5490571054530329,0.471098412775893,0.0,0.34615384615384615,0.34615384615384615,0.3076923076923077,0.3273816817541936,0.38802823460250396,0.2845900836433023,Neutral,25,0.64,0.2,0.16,24,0.4583333333333333,0.08333333333333333
M0758,Early-career proxy,Local,Early-career proxy | Local,seniority_years proxy because no manager age column exists in the workbook,region proxy because no manager local/non-local column exists,26,0.32887138503491414,0.49559828822001584,0.47365298825058166,0.15384615384615385,0.23076923076923078,0.38461538461538464,0.38461538461538464,0.21512260750050058,0.4018821217746443,0.3829952707248551,Neutral,25,0.72,0.16,0.12,24,0.6666666666666666,0.125
M0759,Senior-career proxy,Local,Senior-career proxy | Local,seniority_years proxy because no manager age column exists in the workbook,region proxy because no manager local/non-local column exists,26,0.38317445860037214,0.520746178457676,0.4748417031568684,0.15384615384615385,0.23076923076923078,0.5769230769230769,0.19230769230769232,0.24442086810734628,0.566356106171903,0.18922302572075084,Neutral,25,0.64,0.2,0.16,24,0.625,0.16666666666666666
M0760,Mid-career proxy,Local,Mid-career proxy | Local,seniority_years proxy because no manager age column exists in the workbook,region proxy because no manager local/non-local column exists,26,0.3644935594147112,0.5607389153339706,0.49655207590214573,0.038461538461538464,0.19230769230769232,0.38461538461538464,0.4230769230769231,0.15898158842714638,0.42320145997990494,0.4178169515929489,Appreciation,25,0.8,0.12,0.08,24,0.6666666666666666,0.041666666666666664
M0761,Early-career proxy,Local,Early-career proxy | Local,seniority_years proxy because no manager age column exists in the workbook,region proxy because no manager local/non-local column exists,26,0.4367142786274929,0.5574960685380835,0.5141270326759029,0.11538461538461539,0.5769230769230769,0.4230769230769231,0.0,0.5640877803634539,0.42718053864908695,0.008731680987459085,Aversion,25,0.72,0.12,0.16,24,0.6666666666666666,0.125
M0762,Senior-career proxy,Local,Senior-career proxy | Local,seniority_years proxy because no manager age column exists in the workbook,region proxy because no manager local/non-local column exists,26,0.2329716825235881,0.5822635823825603,0.43957740390135414,0.0,0.4230769230769231,0.5,0.07692307692307693,0.41397972495603746,0.51042532420726,0.0755949508367025,Neutral,25,0.64,0.2,0.16,24,0.5416666666666666,0.125
M0763,Senior-career proxy,Local,Senior-career proxy | Local,seniority_years proxy because no manager age column exists in the workbook,region proxy because no manager local/non-local column exists,26,0.2306073155381237,0.5486237222533242,0.4378719133204739,0.0,0.7307692307692307,0.2692307692307692,0.0,0.6996096032247827,0.30032981190603697,6.058486918019678e-05,Aversion,25,0.6,0.2,0.2,24,0.5833333333333334,0.16666666666666666
M0764,Mid-career proxy,Local,Mid-career proxy | Local,seniority_years proxy because no manager age column exists in the workbook,region proxy because no manager local/non-local column exists,26,0.18794116613931394,0.5580298422080915,0.4298324352072014,0.038461538461538464,0.46153846153846156,0.5384615384615384,0.0,0.481524580519421,0.5168150350870034,0.0016603843935756558,Neutral,25,0.6,0.2,0.2,24,0.4583333333333333,0.125
M0765,Senior-career proxy,Local,Senior-career proxy | Local,seniority_years proxy because no manager age column exists in the workbook,region proxy because no manager local/non-local column exists,26,0.4860106283261161,0.5590433500723416,0.4939276942450216,0.23076923076923078,0.11538461538461539,0.5769230769230769,0.3076923076923077,0.11089662785728126,0.5802638244013485,0.3088395477413703,Neutral,25,0.64,0.16,0.2,24,0.625,0.125
M0766,Mid-career proxy,Non-local,Mid-career proxy | Non-local,seniority_years proxy because no manager age column exists in the workbook,region proxy because no manager local/non-local column exists,26,0.4973814530146047,0.42620186769999074,0.5233255881215094,0.19230769230769232,0.34615384615384615,0.5384615384615384,0.11538461538461539,0.33063406434445547,0.55339439602816,0.11597153962738418,Neutral,25,0.64,0.16,0.2,24,0.5,0.125
M0767,Mid-career proxy,Local,Mid-career proxy | Local,seniority_years proxy because no manager age column exists in the workbook,region proxy because no manager local/non-local column exists,26,0.2124831089240848,0.622330699459054,0.4262309698620591,0.038461538461538464,0.15384615384615385,0.6538461538461539,0.19230769230769232,0.15531809583878184,0.6757676119047363,0.16891429225648172,Neutral,25,0.68,0.12,0.2,24,0.5833333333333334,0.125
M0768,Senior-career proxy,Local,Senior-career proxy | Local,seniority_years proxy because no manager age column exists in the workbook,region proxy because no manager local/non-local column exists,26,0.1838783422596267,0.59941774495116,0.41418470795411605,0.0,0.4230769230769231,0.5769230769230769,0.0,0.42549692107199444,0.5742128232436656,0.0002902556843399864,Neutral,25,0.56,0.2,0.24,24,0.5,0.20833333333333334
M0769,Mid-career proxy,Local,Mid-career proxy | Local,seniority_years proxy because no manager age column exists in the workbook,region proxy because no manager local/non-local column exists,26,0.3284031812780273,0.5368579476316288,0.4762354283450942,0.038461538461538464,0.2692307692307692,0.5769230769230769,0.15384615384615385,0.2968494228909855,0.5436832400737974,0.1594673370352169,Neutral,25,0.56,0.24,0.2,24,0.5416666666666666,0.20833333333333334
M0770,Early-career proxy,Local,Early-career proxy | Local,seniority_years proxy because no manager age column exists in the workbook,region proxy because no manager local/non-local column exists,26,0.4444242665692612,0.5133773226367702,0.508299681134331,0.038461538461538464,0.7692307692307693,0.23076923076923078,0.0,0.7412598728935862,0.2585030976294412,0.00023702947697244836,Aversion,25,0.72,0.12,0.16,24,0.625,0.08333333333333333
M0771,Early-career proxy,Local,Early-career proxy | Local,seniority_years proxy because no manager age column exists in the workbook,region proxy because no manager local/non-local column exists,26,0.18732367001204725,0.5811879655644602,0.4282046055007474,0.0,0.5384615384615384,0.46153846153846156,0.0,0.5086316852865089,0.49033122602440915,0.001037088689081818,Aversion,25,0.6,0.2,0.2,24,0.5416666666666666,0.16666666666666666
M0772,Senior-career proxy,Local,Senior-career proxy | Local,seniority_years proxy because no manager age column exists in the workbook,region proxy because no manager local/non-local column exists,26,0.5115403031036474,0.5097670492068646,0.5433968677624599,0.11538461538461539,0.0,0.6923076923076923,0.3076923076923077,4.707640831081715e-25,0.6343093856768672,0.36569061432313277,Neutral,25,0.88,0.08,0.04,24,0.8333333333333334,0.041666666666666664
M0773,Mid-career proxy,Local,Mid-career proxy | Local,seniority_years proxy because no manager age column exists in the workbook,region proxy because no manager local/non-local column exists,26,0.2785691394242988,0.6237889381279165,0.4835412177132554,0.0,0.38461538461538464,0.5,0.11538461538461539,0.35359130652959825,0.522331948675286,0.12407674479511545,Neutral,25,0.68,0.16,0.16,24,0.5416666666666666,0.08333333333333333
M0774,Mid-career proxy,Non-local,Mid-career proxy | Non-local,seniority_years proxy because no manager age column exists in the workbook,region proxy because no manager local/non-local column exists,26,0.265698380173072,0.5742994246737086,0.4308223147847499,0.038461538461538464,0.038461538461538464,0.6923076923076923,0.2692307692307692,0.03874918304441748,0.6927309409780487,0.26851987597753396,Neutral,25,0.88,0.08,0.04,24,0.8333333333333334,0.041666666666666664
M0775,Senior-career proxy,Local,Senior-career proxy | Local,seniority_years proxy because no manager age column exists in the workbook,region proxy because no manager local/non-local column exists,26,0.5221497425603505,0.48161256229074234,0.5585847905671856,0.2692307692307692,0.46153846153846156,0.5384615384615384,0.0,0.4511026702492464,0.5471227701433263,0.0017745596074272131,Neutral,25,0.76,0.12,0.12,24,0.7083333333333334,0.08333333333333333
M0776,Senior-career proxy,Local,Senior-career proxy | Local,seniority_years proxy because no manager age column exists in the workbook,region proxy because no manager local/non-local column exists,26,0.23618994383519484,0.6280953778103849,0.44976087251066593,0.0,0.38461538461538464,0.5,0.11538461538461539,0.3575260179765688,0.527411940790572,0.11506204123285944,Neutral,25,0.88,0.08,0.04,24,0.7916666666666666,0.0
M0777,Mid-career proxy,Local,Mid-career proxy | Local,seniority_years proxy because no manager age column exists in the workbook,region proxy because no manager local/non-local column exists,26,0.3724638532621948,0.5430848636309842,0.5142692633606878,0.15384615384615385,0.23076923076923078,0.6923076923076923,0.07692307692307693,0.21568811698091128,0.7074936705608952,0.07681821245819344,Neutral,25,0.72,0.16,0.12,24,0.5833333333333334,0.08333333333333333
M0778,Early-career proxy,Local,Early-career proxy | Local,seniority_years proxy because no manager age column exists in the workbook,region proxy because no manager local/non-local column exists,26,0.40258411181957643,0.4972271198776378,0.5178583804278227,0.07692307692307693,0.07692307692307693,0.5384615384615384,0.38461538461538464,0.07349140385972838,0.5474935343772127,0.3790150617630586,Neutral,25,0.84,0.08,0.08,24,0.7083333333333334,0.0
M0779,Early-career proxy,Local,Early-career proxy | Local,seniority_years proxy because no manager age column exists in the workbook,region proxy because no manager local/non-local column exists,26,0.37571270040148497,0.504512697727213,0.522561392760779,0.2692307692307692,0.4230769230769231,0.46153846153846156,0.11538461538461539,0.4161493522280739,0.4622797675697289,0.12157088020219728,Neutral,25,0.68,0.16,0.16,24,0.5,0.041666666666666664
M0780,Early-career proxy,Local,Early-career proxy | Local,seniority_years proxy because no manager age column exists in the workbook,region proxy because no manager local/non-local column exists,26,0.277623252812394,0.5412644422767888,0.44446033542604696,0.0,0.19230769230769232,0.6923076923076923,0.11538461538461539,0.19045418936674657,0.6997079669713465,0.10983784366190688,Neutral,25,0.84,0.08,0.08,24,0.6666666666666666,0.0
M0781,Mid-career proxy,Non-local,Mid-career proxy | Non-local,seniority_years proxy because no manager age column exists in the workbook,region proxy because no manager local/non-local column exists,26,0.45053577882324436,0.4896979094908654,0.5151962662592177,0.19230769230769232,0.5,0.5,0.0,0.479680714530418,0.5198147037297591,0.0005045817398228702,Neutral,25,0.96,0.0,0.04,24,0.9166666666666666,0.0
M0782,Mid-career proxy,Local,Mid-career proxy | Local,seniority_years proxy because no manager age column exists in the workbook,region proxy because no manager local/non-local column exists,26,0.18029959549772803,0.5711456647196729,0.42510167923919095,0.0,0.3076923076923077,0.5384615384615384,0.15384615384615385,0.2702593578084962,0.5750016290828828,0.154739013108621,Neutral,25,0.64,0.2,0.16,24,0.5,0.125
M0783,Early-career proxy,Local,Early-career proxy | Local,seniority_years proxy because no manager age column exists in the workbook,region proxy because no manager local/non-local column exists,26,0.39331505344306095,0.5497870355306579,0.5075309480002027,0.19230769230769232,0.11538461538461539,0.5,0.38461538461538464,0.1026208896891029,0.5431742321964904,0.3542048781144069,Neutral,25,0.8,0.12,0.08,24,0.6666666666666666,0.041666666666666664
M0784,Mid-career proxy,Non-local,Mid-career proxy | Non-local,seniority_years proxy because no manager age column exists in the workbook,region proxy because no manager local/non-local column exists,26,0.3341155273996405,0.5074926292509514,0.4627631301140497,0.0,0.3076923076923077,0.23076923076923078,0.46153846153846156,0.285271307467418,0.2508965118524392,0.46383218068014276,Appreciation,25,0.8,0.12,0.08,24,0.625,0.0
M0785,Senior-career proxy,Local,Senior-career proxy | Local,seniority_years proxy because no manager age column exists in the workbook,region proxy because no manager local/non-local column exists,26,0.3843109023948361,0.570493080226684,0.4683841502373936,0.15384615384615385,0.5769230769230769,0.4230769230769231,0.0,0.5301625834173992,0.4693530885176812,0.0004843280649195359,Aversion,25,0.64,0.16,0.2,24,0.5416666666666666,0.125
M0786,Early-career proxy,Local,Early-career proxy | Local,seniority_years proxy because no manager age column exists in the workbook,region proxy because no manager local/non-local column exists,26,0.4895274653328628,0.5345264409915229,0.5225464589781341,0.07692307692307693,0.038461538461538464,0.6538461538461539,0.3076923076923077,0.03830661510683108,0.6500406742051694,0.3116527106879994,Neutral,25,0.88,0.08,0.04,24,0.875,0.041666666666666664
M0787,Mid-career proxy,Non-local,Mid-career proxy | Non-local,seniority_years proxy because no manager age column exists in the workbook,region proxy because no manager local/non-local column exists,26,0.46145992674077185,0.4710325950218455,0.5124676215929361,0.15384615384615385,0.46153846153846156,0.34615384615384615,0.19230769230769232,0.4316186082183859,0.3832194686773904,0.18516192310422358,Aversion,25,0.64,0.16,0.2,24,0.5416666666666666,0.125
M0788,Senior-career proxy,Local,Senior-career proxy | Local,seniority_years proxy because no manager age column exists in the workbook,region proxy because no manager local/non-local column exists,26,0.3080508376115895,0.5812375200348072,0.4989821877514313,0.038461538461538464,0.7307692307692307,0.2692307692307692,0.0,0.6961700160049591,0.30379053362809344,3.945036694726648e-05,Aversion,25,0.64,0.16,0.2,24,0.4583333333333333,0.08333333333333333
M0789,Early-career proxy,Local,Early-career proxy | Local,seniority_years proxy because no manager age column exists in the workbook,region proxy because no manager local/non-local column exists,26,0.43584683087156784,0.5217347664256751,0.5422330955437539,0.0,0.7307692307692307,0.2692307692307692,0.0,0.6752345670121467,0.3246761384456351,8.929454221817484e-05,Aversion,25,0.64,0.16,0.2,24,0.625,0.16666666666666666
M0790,Mid-career proxy,Local,Mid-career proxy | Local,seniority_years proxy because no manager age column exists in the workbook,region proxy because no manager local/non-local column exists,26,0.2569245036309317,0.6210386220628479,0.454449162550704,0.07692307692307693,0.38461538461538464,0.34615384615384615,0.2692307692307692,0.39479285433008243,0.3520974072049991,0.2531097384649184,Aversion,25,0.36,0.28,0.36,24,0.5833333333333334,0.4166666666666667
M0791,Mid-career proxy,Local,Mid-career proxy | Local,seniority_years proxy because no manager age column exists in the workbook,region proxy because no manager local/non-local column exists,26,0.5000545790773478,0.4742067002331862,0.5315457180603811,0.3076923076923077,0.2692307692307692,0.6538461538461539,0.07692307692307693,0.2591033584143357,0.6696135930958671,0.07128304848979712,Neutral,25,0.72,0.16,0.12,24,0.75,0.125
M0792,Mid-career proxy,Non-local,Mid-career proxy | Non-local,seniority_years proxy because no manager age column exists in the workbook,region proxy because no manager local/non-local column exists,26,0.2756632118078798,0.5829168070656368,0.4530069100164264,0.11538461538461539,0.11538461538461539,0.7692307692307693,0.11538461538461539,0.12624239687737035,0.7370788930168336,0.13667871010579577,Neutral,25,0.8,0.08,0.12,24,0.6666666666666666,0.041666666666666664
M0793,Mid-career proxy,Local,Mid-career proxy | Local,seniority_years proxy because no manager age column exists in the workbook,region proxy because no manager local/non-local column exists,26,0.1371758063321395,0.6145338105020666,0.37254165969121644,0.0,0.7692307692307693,0.23076923076923078,0.0,0.7429662582725864,0.2570276442159274,6.097511486194077e-06,Aversion,25,0.72,0.12,0.16,24,0.6666666666666666,0.125
M0794,Mid-career proxy,Local,Mid-career proxy | Local,seniority_years proxy because no manager age column exists in the workbook,region proxy because no manager local/non-local column exists,26,0.16375493493102294,0.5893765440528178,0.4325604250668205,0.0,0.5,0.34615384615384615,0.15384615384615385,0.4334153568646718,0.4102370776185457,0.1563475655167824,Aversion,25,0.68,0.12,0.2,24,0.625,0.125
M0795,Early-career proxy,Local,Early-career proxy | Local,seniority_years proxy because no manager age column exists in the workbook,region proxy because no manager local/non-local column exists,26,0.2152712818340586,0.6054210527394916,0.4220588251028928,0.0,0.34615384615384615,0.3076923076923077,0.34615384615384615,0.35145656746257126,0.32347241932250703,0.32507101321492154,Aversion,25,0.68,0.16,0.16,24,0.5,0.041666666666666664
M0796,Early-career proxy,Local,Early-career proxy | Local,seniority_years proxy because no manager age column exists in the workbook,region proxy because no manager local/non-local column exists,26,0.4505140054251933,0.5526086134155287,0.5322011685950502,0.11538461538461539,0.6538461538461539,0.34615384615384615,0.0,0.6093409754545835,0.3906470227735935,1.2001771822932144e-05,Aversion,25,0.88,0.04,0.08,24,0.75,0.0
M0797,Mid-career proxy,Local,Mid-career proxy | Local,seniority_years proxy because no manager age column exists in the workbook,region proxy because no manager local/non-local column exists,26,0.32227562191268777,0.5747682296931979,0.47927171025047605,0.038461538461538464,0.46153846153846156,0.5384615384615384,0.0,0.45571719267141675,0.5325350738602104,0.011747733468372908,Neutral,25,0.72,0.12,0.16,24,0.7916666666666666,0.16666666666666666
M0798,Early-career proxy,Local,Early-career proxy | Local,seniority_years proxy because no manager age column exists in the workbook,region proxy because no manager local/non-local column exists,26,0.5317925998353401,0.5115666360061093,0.5763539566678865,0.038461538461538464,0.5384615384615384,0.2692307692307692,0.19230769230769232,0.5102861221599682,0.28224981956147494,0.2074640582785569,Aversion,25,0.8,0.08,0.12,24,0.625,0.0
M0799,Senior-career proxy,Non-local,Senior-career proxy | Non-local,seniority_years proxy because no manager age column exists in the workbook,region proxy because no manager local/non-local column exists,26,0.5386837849284046,0.4859454997401722,0.5409061272241363,0.11538461538461539,0.38461538461538464,0.2692307692307692,0.34615384615384615,0.3536811893109483,0.30048596941478,0.34583284127427166,Aversion,25,0.64,0.2,0.16,24,0.625,0.16666666666666666
M0800,Mid-career proxy,Local,Mid-career proxy | Local,seniority_years proxy because no manager age column exists in the workbook,region proxy because no manager local/non-local column exists,26,0.479661460428288,0.5084375313813477,0.5695849813374959,0.34615384615384615,0.4230769230769231,0.46153846153846156,0.11538461538461539,0.4087479566106586,0.46025392227168604,0.13099812111765538,Neutral,25,0.64,0.16,0.2,24,0.4166666666666667,0.041666666666666664
M0801,Senior-career proxy,Local,Senior-career proxy | Local,seniority_years proxy because no manager age column exists in the workbook,region proxy because no manager local/non-local column exists,26,0.3942211867997161,0.5589554815993826,0.5323580564826556,0.11538461538461539,0.2692307692307692,0.6153846153846154,0.11538461538461539,0.2892824121395297,0.5965542702509827,0.11416331760948747,Neutral,25,0.8,0.08,0.12,24,0.7083333333333334,0.041666666666666664
M0802,Early-career proxy,Non-local,Early-career proxy | Non-local,seniority_years proxy because no manager age column exists in the workbook,region proxy because no manager local/non-local column exists,26,0.48548634701974724,0.533596333675946,0.5407264713728973,0.07692307692307693,0.0,0.6923076923076923,0.3076923076923077,0.030176239102042555,0.6654683192529919,0.3043554416449653,Neutral,25,0.88,0.08,0.04,24,0.75,0.0
M0803,Senior-career proxy,Local,Senior-career proxy | Local,seniority_years proxy because no manager age column exists in the workbook,region proxy because no manager local/non-local column exists,26,0.45848222341398337,0.5459889479737478,0.5161157027481076,0.038461538461538464,0.038461538461538464,0.5384615384615384,0.4230769230769231,0.040163173316837594,0.568609628196399,0.39122719848676357,Neutral,25,0.8,0.12,0.08,24,0.6666666666666666,0.041666666666666664
M0804,Mid-career proxy,Non-local,Mid-career proxy | Non-local,seniority_years proxy because no manager age column exists in the workbook,region proxy because no manager local/non-local column exists,26,0.33253252707006786,0.564145301631757,0.4637006141822769,0.07692307692307693,0.46153846153846156,0.23076923076923078,0.3076923076923077,0.43172851218786135,0.2699240483873821,0.2983474394247566,Aversion,25,0.64,0.2,0.16,24,0.6666666666666666,0.16666666666666666
M0805,Early-career proxy,Local,Early-career proxy | Local,seniority_years proxy because no manager age column exists in the workbook,region proxy because no manager local/non-local column exists,26,0.21395933762491273,0.589139350597255,0.45188312920273904,0.0,0.46153846153846156,0.4230769230769231,0.11538461538461539,0.4379507709577491,0.44737110278514086,0.11467812625710999,Aversion,25,0.68,0.16,0.16,24,0.5,0.08333333333333333
M0806,Mid-career proxy,Non-local,Mid-career proxy | Non-local,seniority_years proxy because no manager age column exists in the workbook,region proxy because no manager local/non-local column exists,26,0.2681448120576802,0.6008544636758123,0.4554115136725583,0.0,0.4230769230769231,0.34615384615384615,0.23076923076923078,0.41436690615264266,0.3982445463452142,0.18738854750214318,Aversion,25,0.44,0.24,0.32,24,0.5833333333333334,0.3333333333333333
M0807,Early-career proxy,Local,Early-career proxy | Local,seniority_years proxy because no manager age column exists in the workbook,region proxy because no manager local/non-local column exists,26,0.22748327801165313,0.5708438579646035,0.44768527029169025,0.0,0.4230769230769231,0.5769230769230769,0.0,0.4082272835407481,0.5890361220551743,0.0027365944040778013,Neutral,25,0.6,0.2,0.2,24,0.5,0.16666666666666666
M0808,Mid-career proxy,Non-local,Mid-career proxy | Non-local,seniority_years proxy because no manager age column exists in the workbook,region proxy because no manager local/non-local column exists,26,0.34674195266056734,0.562190867385101,0.4842984545734602,0.11538461538461539,0.2692307692307692,0.34615384615384615,0.38461538461538464,0.265839690362088,0.34647132092394367,0.38768898871396823,Appreciation,25,0.88,0.08,0.04,24,0.75,0.0
M0809,Senior-career proxy,Local,Senior-career proxy | Local,seniority_years proxy because no manager age column exists in the workbook,region proxy because no manager local/non-local column exists,26,0.4983505746273067,0.5718701199751768,0.5381223363788983,0.19230769230769232,0.8076923076923077,0.19230769230769232,0.0,0.7526081570168958,0.24688806007270778,0.0005037829103963948,Aversion,25,0.76,0.12,0.12,24,0.6666666666666666,0.041666666666666664
M0810,Mid-career proxy,Local,Mid-career proxy | Local,seniority_years proxy because no manager age column exists in the workbook,region proxy because no manager local/non-local column exists,26,0.30527582515084084,0.5650260541142729,0.4565477566924537,0.19230769230769232,0.23076923076923078,0.34615384615384615,0.4230769230769231,0.20442675861744772,0.38030050900597767,0.4152727323765746,Appreciation,25,0.8,0.12,0.08,24,0.6666666666666666,0.041666666666666664
M0811,Senior-career proxy,Non-local,Senior-career proxy | Non-local,seniority_years proxy because no manager age column exists in the workbook,region proxy because no manager local/non-local column exists,26,0.5185860464034306,0.43393046213519876,0.5348956872876908,0.19230769230769232,0.11538461538461539,0.5,0.38461538461538464,0.12760904169233273,0.4870897753646829,0.3853011829429844,Neutral,25,0.8,0.08,0.12,24,0.7083333333333334,0.041666666666666664
M0812,Senior-career proxy,Local,Senior-career proxy | Local,seniority_years proxy because no manager age column exists in the workbook,region proxy because no manager local/non-local column exists,26,0.6344059835371696,0.45330764234637155,0.5693607080385784,0.19230769230769232,0.23076923076923078,0.7692307692307693,0.0,0.2203769817217638,0.7734547312920175,0.006168286986219016,Neutral,25,0.72,0.12,0.16,24,0.7083333333333334,0.125
M0813,Mid-career proxy,Local,Mid-career proxy | Local,seniority_years proxy because no manager age column exists in the workbook,region proxy because no manager local/non-local column exists,26,0.22240223491117536,0.5162504461286901,0.42196795021601036,0.0,0.5384615384615384,0.4230769230769231,0.038461538461538464,0.5309548998382547,0.44665587322533795,0.02238922693640729,Aversion,25,0.56,0.2,0.24,24,0.5,0.20833333333333334
M0814,Mid-career proxy,Local,Mid-career proxy | Local,seniority_years proxy because no manager age column exists in the workbook,region proxy because no manager local/non-local column exists,26,0.3279667084658178,0.5561819317161877,0.46659439497532784,0.0,0.3076923076923077,0.46153846153846156,0.23076923076923078,0.30492810611552235,0.4652432217160148,0.22982867216846262,Neutral,25,0.72,0.16,0.12,24,0.5,0.041666666666666664
M0815,Mid-career proxy,Non-local,Mid-career proxy | Non-local,seniority_years proxy because no manager age column exists in the workbook,region proxy because no manager local/non-local column exists,26,0.6221726197225312,0.4583736521629013,0.5693789592470592,0.3076923076923077,0.3076923076923077,0.6923076923076923,0.0,0.2969394407568134,0.7028559803326254,0.00020457891056106401,Neutral,25,0.76,0.12,0.12,24,0.6666666666666666,0.08333333333333333
M0816,Mid-career proxy,Local,Mid-career proxy | Local,seniority_years proxy because no manager age column exists in the workbook,region proxy because no manager local/non-local column exists,26,0.24931457973576562,0.5757058501447262,0.49727151395142505,0.0,0.6538461538461539,0.34615384615384615,0.0,0.628362510433202,0.36777221121397324,0.003865278352824824,Aversion,25,0.64,0.16,0.2,24,0.5,0.125
M0817,Early-career proxy,Local,Early-career proxy | Local,seniority_years proxy because no manager age column exists in the workbook,region proxy because no manager local/non-local column exists,26,0.4402317671058334,0.48450146845057307,0.5146788975251072,0.11538461538461539,0.4230769230769231,0.5769230769230769,0.0,0.38932534445343453,0.6098671193914111,0.0008075361551543829,Neutral,25,0.64,0.16,0.2,24,0.5,0.125
M0818,Mid-career proxy,Local,Mid-career proxy | Local,seniority_years proxy because no manager age column exists in the workbook,region proxy because no manager local/non-local column exists,26,0.2730339425243879,0.5415240230296976,0.47628355615951146,0.07692307692307693,0.2692307692307692,0.5769230769230769,0.15384615384615385,0.2529201932130958,0.5961447801749821,0.1509350266119222,Neutral,25,0.52,0.24,0.24,24,0.4166666666666667,0.16666666666666666
M0819,Mid-career proxy,Local,Mid-career proxy | Local,seniority_years proxy because no manager age column exists in the workbook,region proxy because no manager local/non-local column exists,26,0.3527353851132697,0.5948636322236129,0.4861040564888099,0.07692307692307693,0.5,0.5,0.0,0.4796204993678513,0.5174038177722721,0.0029756828598766004,Neutral,25,0.8,0.08,0.12,24,0.8333333333333334,0.125
M0820,Mid-career proxy,Local,Mid-career proxy | Local,seniority_years proxy because no manager age column exists in the workbook,region proxy because no manager local/non-local column exists,26,0.24640327195733563,0.5287326870652734,0.4800478039849263,0.038461538461538464,0.5384615384615384,0.46153846153846156,0.0,0.5157359884862809,0.4780070649157147,0.006256946598004364,Aversion,25,0.72,0.12,0.16,24,0.5833333333333334,0.08333333333333333
M0821,Mid-career proxy,Local,Mid-career proxy | Local,seniority_years proxy because no manager age column exists in the workbook,region proxy because no manager local/non-local column exists,26,0.31699246945758625,0.4935921220687829,0.45979321411661606,0.07692307692307693,0.34615384615384615,0.3076923076923077,0.34615384615384615,0.29716507769715994,0.3613347413649175,0.34150018093792267,Aversion,25,0.56,0.2,0.24,24,0.625,0.20833333333333334
M0822,Senior-career proxy,Local,Senior-career proxy | Local,seniority_years proxy because no manager age column exists in the workbook,region proxy because no manager local/non-local column exists,26,0.360378229402388,0.57373053717577,0.459222018969306,0.15384615384615385,0.2692307692307692,0.5,0.23076923076923078,0.24083673031410857,0.5143004579458282,0.2448628117400631,Neutral,25,0.68,0.16,0.16,24,0.5416666666666666,0.041666666666666664
M0823,Senior-career proxy,Non-local,Senior-career proxy | Non-local,seniority_years proxy because no manager age column exists in the workbook,region proxy because no manager local/non-local column exists,26,0.4424820718849579,0.6194715094114149,0.5332629251104397,0.07692307692307693,0.6538461538461539,0.2692307692307692,0.07692307692307693,0.6501564227623813,0.2730755463998216,0.07676803083779703,Aversion,25,0.6,0.16,0.24,24,0.4583333333333333,0.125
M0824,Early-career proxy,Non-local,Early-career proxy | Non-local,seniority_years proxy because no manager age column exists in the workbook,region proxy because no manager local/non-local column exists,26,0.3890352214986985,0.5619520970114787,0.5145481239559953,0.15384615384615385,0.38461538461538464,0.6153846153846154,0.0,0.4037596791885061,0.5689436547043252,0.027296666107168886,Neutral,25,0.56,0.2,0.24,24,0.5,0.16666666666666666
M0825,Senior-career proxy,Local,Senior-career proxy | Local,seniority_years proxy because no manager age column exists in the workbook,region proxy because no manager local/non-local column exists,26,0.21915559292147188,0.5796710532768263,0.4146199277288018,0.0,0.38461538461538464,0.5769230769230769,0.038461538461538464,0.3656984248841685,0.5992023872977166,0.03509918781811488,Neutral,25,0.72,0.16,0.12,24,0.5833333333333334,0.041666666666666664
M0826,Mid-career proxy,Local,Mid-career proxy | Local,seniority_years proxy because no manager age column exists in the workbook,region proxy because no manager local/non-local column exists,26,0.3885879637183613,0.5304679772895339,0.4898585136171744,0.11538461538461539,0.3076923076923077,0.6923076923076923,0.0,0.27240168611946386,0.7144342978977204,0.013164015982815778,Neutral,25,0.68,0.16,0.16,24,0.5,0.08333333333333333
M0827,Mid-career proxy,Local,Mid-career proxy | Local,seniority_years proxy because no manager age column exists in the workbook,region proxy because no manager local/non-local column exists,26,0.43446159130795103,0.48458384538975197,0.5351896293654492,0.23076923076923078,0.3076923076923077,0.23076923076923078,0.46153846153846156,0.26019662884696165,0.2835924447081367,0.4562109264449018,Appreciation,25,0.64,0.2,0.16,24,0.7083333333333334,0.20833333333333334
M0828,Mid-career proxy,Local,Mid-career proxy | Local,seniority_years proxy because no manager age column exists in the workbook,region proxy because no manager local/non-local column exists,26,0.4001744839147326,0.5863786976861417,0.5243507744820113,0.038461538461538464,0.23076923076923078,0.34615384615384615,0.4230769230769231,0.2173599488741084,0.3548687096040254,0.42777134152186613,Appreciation,25,0.72,0.16,0.12,24,0.625,0.08333333333333333
M0829,Mid-career proxy,Local,Mid-career proxy | Local,seniority_years proxy because no manager age column exists in the workbook,region proxy because no manager local/non-local column exists,26,0.37902223041913313,0.5358048200359469,0.4893703153812368,0.038461538461538464,0.07692307692307693,0.46153846153846156,0.46153846153846156,0.0609592763405831,0.46363680048130534,0.47540392317811164,Neutral,25,0.72,0.16,0.12,24,0.75,0.16666666666666666
M0830,Mid-career proxy,Local,Mid-career proxy | Local,seniority_years proxy because no manager age column exists in the workbook,region proxy because no manager local/non-local column exists,26,0.5355690989023691,0.5214018946739686,0.5466502177529017,0.19230769230769232,0.34615384615384615,0.38461538461538464,0.2692307692307692,0.3283088595083666,0.43065828675488554,0.24103285373674785,Neutral,25,0.68,0.16,0.16,24,0.5,0.041666666666666664
M0831,Senior-career proxy,Non-local,Senior-career proxy | Non-local,seniority_years proxy because no manager age column exists in the workbook,region proxy because no manager local/non-local column exists,26,0.24547399230719227,0.6328141303411825,0.4378690912910128,0.038461538461538464,0.2692307692307692,0.5769230769230769,0.15384615384615385,0.25542546117894094,0.6054385429776784,0.13913599584338057,Neutral,25,0.8,0.12,0.08,24,0.7083333333333334,0.041666666666666664
M0832,Senior-career proxy,Non-local,Senior-career proxy | Non-local,seniority_years proxy because no manager age column exists in the workbook,region proxy because no manager local/non-local column exists,26,0.18473819026063998,0.6198698147032284,0.4401789060181262,0.0,0.6153846153846154,0.38461538461538464,0.0,0.6116125837042639,0.3779029981406697,0.010484418155066483,Aversion,25,0.76,0.12,0.12,24,0.5833333333333334,0.041666666666666664
M0833,Mid-career proxy,Non-local,Mid-career proxy | Non-local,seniority_years proxy because no manager age column exists in the workbook,region proxy because no manager local/non-local column exists,26,0.22419012529686194,0.6304683891661635,0.4512688559036982,0.0,0.2692307692307692,0.46153846153846156,0.2692307692307692,0.2503704361714313,0.48744320807362257,0.2621863557549462,Neutral,25,0.56,0.24,0.2,24,0.5416666666666666,0.20833333333333334
M0834,Mid-career proxy,Local,Mid-career proxy | Local,seniority_years proxy because no manager age column exists in the workbook,region proxy because no manager local/non-local column exists,26,0.4329882466777449,0.503764889292783,0.5374286928821429,0.07692307692307693,0.3076923076923077,0.38461538461538464,0.3076923076923077,0.3070059113388863,0.4034443223423854,0.28954976631872825,Neutral,25,0.72,0.16,0.12,24,0.6666666666666666,0.125
M0835,Mid-career proxy,Non-local,Mid-career proxy | Non-local,seniority_years proxy because no manager age column exists in the workbook,region proxy because no manager local/non-local column exists,26,0.18038244362429937,0.6099032416735697,0.44628404050537607,0.0,0.5,0.2692307692307692,0.23076923076923078,0.4965579846095626,0.2801211028376254,0.22332091255281192,Aversion,25,0.8,0.12,0.08,24,0.7083333333333334,0.041666666666666664
M0836,Senior-career proxy,Local,Senior-career proxy | Local,seniority_years proxy because no manager age column exists in the workbook,region proxy because no manager local/non-local column exists,26,0.5464920622063152,0.47376971090770365,0.5409043764091072,0.15384615384615385,0.4230769230769231,0.5769230769230769,0.0,0.40681659703636674,0.5930600474881712,0.00012335547546191042,Neutral,25,0.72,0.12,0.16,24,0.5416666666666666,0.041666666666666664
M0837,Mid-career proxy,Local,Mid-career proxy | Local,seniority_years proxy because no manager age column exists in the workbook,region proxy because no manager local/non-local column exists,26,0.5367721109638501,0.48813279878725013,0.5653735141659854,0.19230769230769232,0.3076923076923077,0.6153846153846154,0.07692307692307693,0.3164926901771758,0.6078933763403994,0.07561393348242453,Neutral,25,0.76,0.12,0.12,24,0.5833333333333334,0.041666666666666664
M0838,Mid-career proxy,Local,Mid-career proxy | Local,seniority_years proxy because no manager age column exists in the workbook,region proxy because no manager local/non-local column exists,26,0.1825692363096355,0.587926831171814,0.40126521778325147,0.038461538461538464,0.2692307692307692,0.5384615384615384,0.19230769230769232,0.23646699081150901,0.5356359383258152,0.2278970708626756,Neutral,25,0.76,0.12,0.12,24,0.6666666666666666,0.041666666666666664
M0839,Mid-career proxy,Local,Mid-career proxy | Local,seniority_years proxy because no manager age column exists in the workbook,region proxy because no manager local/non-local column exists,26,0.26370195530676627,0.5561907336630643,0.4549213762897081,0.038461538461538464,0.2692307692307692,0.6923076923076923,0.038461538461538464,0.2987450472219296,0.6356138365079315,0.06564111627013886,Neutral,25,0.68,0.16,0.16,24,0.5833333333333334,0.08333333333333333
M0840,Mid-career proxy,Local,Mid-career proxy | Local,seniority_years proxy because no manager age column exists in the workbook,region proxy because no manager local/non-local column exists,26,0.27164297377777213,0.6230928212992868,0.4504798728952498,0.0,0.8076923076923077,0.19230769230769232,0.0,0.7956032361384152,0.20434706442310077,4.9699438484035376e-05,Aversion,25,0.8,0.08,0.12,24,0.75,0.08333333333333333
M0841,Mid-career proxy,Local,Mid-career proxy | Local,seniority_years proxy because no manager age column exists in the workbook,region proxy because no manager local/non-local column exists,26,0.2055282252655696,0.6495885415231624,0.4381264300026958,0.038461538461538464,0.38461538461538464,0.46153846153846156,0.15384615384615385,0.4030950957437967,0.44559508536400655,0.15130981889219677,Neutral,25,0.56,0.2,0.24,24,0.4166666666666667,0.125
M0842,Senior-career proxy,Local,Senior-career proxy | Local,seniority_years proxy because no manager age column exists in the workbook,region proxy because no manager local/non-local column exists,26,0.1880780680031721,0.566274971022732,0.39311409072296893,0.038461538461538464,0.2692307692307692,0.38461538461538464,0.34615384615384615,0.26596708578028205,0.39512301899437446,0.3389098952253435,Neutral,25,0.68,0.16,0.16,24,0.6666666666666666,0.16666666666666666
M0843,Senior-career proxy,Local,Senior-career proxy | Local,seniority_years proxy because no manager age column exists in the workbook,region proxy because no manager local/non-local column exists,26,0.19216234373420824,0.5874586131643705,0.44759065676456,0.0,0.38461538461538464,0.5384615384615384,0.07692307692307693,0.40338862962123806,0.5442994349274236,0.05231193545133835,Neutral,25,0.72,0.12,0.16,24,0.5833333333333334,0.08333333333333333
M0844,Early-career proxy,Local,Early-career proxy | Local,seniority_years proxy because no manager age column exists in the workbook,region proxy because no manager local/non-local column exists,26,0.11794809207698452,0.6310200582365206,0.3575478896967986,0.0,0.5384615384615384,0.23076923076923078,0.23076923076923078,0.5049936649527311,0.2621159533862619,0.2328903816610069,Aversion,25,0.8,0.12,0.08,24,0.7083333333333334,0.041666666666666664
M0845,Mid-career proxy,Local,Mid-career proxy | Local,seniority_years proxy because no manager age column exists in the workbook,region proxy because no manager local/non-local column exists,26,0.28827659688633545,0.5588252509634845,0.4940629421494823,0.038461538461538464,0.11538461538461539,0.4230769230769231,0.46153846153846156,0.10264619907898037,0.4510200692475929,0.4463337316734266,Appreciation,25,0.84,0.08,0.08,24,0.75,0.041666666666666664
M0846,Senior-career proxy,Local,Senior-career proxy | Local,seniority_years proxy because no manager age column exists in the workbook,region proxy because no manager local/non-local column exists,26,0.4304506989892848,0.48676077938030793,0.5201189195628209,0.34615384615384615,0.07692307692307693,0.6153846153846154,0.3076923076923077,0.0660362680427758,0.5627312525234229,0.37123247943380105,Neutral,25,0.8,0.12,0.08,24,0.7916666666666666,0.08333333333333333
M0847,Early-career proxy,Local,Early-career proxy | Local,seniority_years proxy because no manager age column exists in the workbook,region proxy because no manager local/non-local column exists,26,0.3990833052036565,0.5493424387548645,0.5107496081126409,0.0,0.15384615384615385,0.6153846153846154,0.23076923076923078,0.15171558039409824,0.6113938673086833,0.2368905522972184,Neutral,25,0.76,0.12,0.12,24,0.6666666666666666,0.08333333333333333
M0848,Senior-career proxy,Local,Senior-career proxy | Local,seniority_years proxy because no manager age column exists in the workbook,region proxy because no manager local/non-local column exists,26,0.22811247097233422,0.5387378688547616,0.44053655478693626,0.038461538461538464,0.5769230769230769,0.4230769230769231,0.0,0.559456588452869,0.44049730351017125,4.610803695977191e-05,Aversion,25,0.52,0.24,0.24,24,0.5416666666666666,0.25
M0849,Mid-career proxy,Non-local,Mid-career proxy | Non-local,seniority_years proxy because no manager age column exists in the workbook,region proxy because no manager local/non-local column exists,26,0.4227276287409918,0.5460220427056204,0.500938939208585,0.11538461538461539,0.6153846153846154,0.38461538461538464,0.0,0.5674255974069186,0.4324373799654575,0.00013702262762384617,Aversion,25,0.52,0.24,0.24,24,0.5833333333333334,0.2916666666666667
M0850,Mid-career proxy,Non-local,Mid-career proxy | Non-local,seniority_years proxy because no manager age column exists in the workbook,region proxy because no manager local/non-local column exists,26,0.14515561713292674,0.6218493061893112,0.4160768903563363,0.0,0.19230769230769232,0.4230769230769231,0.38461538461538464,0.1971648128145893,0.4205716311213872,0.3822635560640235,Neutral,25,0.8,0.12,0.08,24,0.7083333333333334,0.041666666666666664
M0851,Senior-career proxy,Non-local,Senior-career proxy | Non-local,seniority_years proxy because no manager age column exists in the workbook,region proxy because no manager local/non-local column exists,26,0.44565351548009385,0.5367811060310526,0.5404029921979818,0.07692307692307693,0.07692307692307693,0.8846153846153846,0.038461538461538464,0.06412280065994368,0.8946928204258818,0.04118437891417459,Neutral,25,0.84,0.08,0.08,24,0.75,0.041666666666666664
M0852,Mid-career proxy,Local,Mid-career proxy | Local,seniority_years proxy because no manager age column exists in the workbook,region proxy because no manager local/non-local column exists,26,0.32766766713798146,0.533666716117051,0.46880534461732937,0.07692307692307693,0.4230769230769231,0.5769230769230769,0.0,0.4240675465188252,0.5755967783381393,0.0003356751430354538,Neutral,25,0.56,0.2,0.24,24,0.4166666666666667,0.16666666666666666
M0853,Early-career proxy,Local,Early-career proxy | Local,seniority_years proxy because no manager age column exists in the workbook,region proxy because no manager local/non-local column exists,26,0.48819283104125877,0.5609935094537964,0.540258086446181,0.3076923076923077,0.6153846153846154,0.38461538461538464,0.0,0.5775328848348601,0.42240996502359657,5.7150141543373234e-05,Aversion,25,0.72,0.12,0.16,24,0.75,0.16666666666666666
M0854,Senior-career proxy,Local,Senior-career proxy | Local,seniority_years proxy because no manager age column exists in the workbook,region proxy because no manager local/non-local column exists,26,0.47412650077632085,0.43897011373483175,0.5265166461411023,0.11538461538461539,0.11538461538461539,0.5769230769230769,0.3076923076923077,0.1106200276878086,0.5785240482981353,0.310855924014056,Neutral,25,0.88,0.04,0.08,24,0.75,0.0
M0855,Mid-career proxy,Local,Mid-career proxy | Local,seniority_years proxy because no manager age column exists in the workbook,region proxy because no manager local/non-local column exists,26,0.3304113310979133,0.5633879556248924,0.49527524799833744,0.0,0.23076923076923078,0.46153846153846156,0.3076923076923077,0.21139808760230988,0.44746305752330867,0.3411388548743815,Neutral,25,0.68,0.2,0.12,24,0.4583333333333333,0.041666666666666664
M0856,Senior-career proxy,Local,Senior-career proxy | Local,seniority_years proxy because no manager age column exists in the workbook,region proxy because no manager local/non-local column exists,26,0.45354968210916274,0.5408863250302971,0.5014817967054368,0.15384615384615385,0.038461538461538464,0.7307692307692307,0.23076923076923078,0.03701123216351842,0.7036745887792553,0.25931417905722626,Neutral,25,0.8,0.12,0.08,24,0.75,0.08333333333333333
M0857,Senior-career proxy,Local,Senior-career proxy | Local,seniority_years proxy because no manager age column exists in the workbook,region proxy because no manager local/non-local column exists,26,0.4847023943186961,0.4817897356031665,0.5279098373534565,0.19230769230769232,0.5769230769230769,0.3076923076923077,0.11538461538461539,0.5418739537784302,0.3442570639184958,0.11386898230307393,Aversion,25,0.56,0.24,0.2,24,0.5416666666666666,0.20833333333333334
M0858,Senior-career proxy,Local,Senior-career proxy | Local,seniority_years proxy because no manager age column exists in the workbook,region proxy because no manager local/non-local column exists,26,0.4873296144170394,0.48184522507355887,0.5329585697376686,0.34615384615384615,0.2692307692307692,0.4230769230769231,0.3076923076923077,0.2741593644167329,0.4395127531665477,0.2863278824167193,Neutral,25,0.52,0.24,0.24,24,0.625,0.2916666666666667
M0859,Senior-career proxy,Local,Senior-career proxy | Local,seniority_years proxy because no manager age column exists in the workbook,region proxy because no manager local/non-local column exists,26,0.25574453224913074,0.5709474975114315,0.45853554229176285,0.0,0.11538461538461539,0.5384615384615384,0.34615384615384615,0.11087173681906244,0.5788479742538717,0.31028028892706605,Neutral,25,0.72,0.12,0.16,24,0.75,0.125
M0860,Mid-career proxy,Local,Mid-career proxy | Local,seniority_years proxy because no manager age column exists in the workbook,region proxy because no manager local/non-local column exists,26,0.2722757625125706,0.5841063786369808,0.46988653202648756,0.0,0.6153846153846154,0.38461538461538464,0.0,0.5942398215909596,0.4056252624859166,0.00013491592312378885,Aversion,25,0.6,0.2,0.2,24,0.3333333333333333,0.08333333333333333
M0861,Early-career proxy,Non-local,Early-career proxy | Non-local,seniority_years proxy because no manager age column exists in the workbook,region proxy because no manager local/non-local column exists,26,0.39435900706779176,0.5794191409203072,0.5215698934262155,0.15384615384615385,0.19230769230769232,0.5,0.3076923076923077,0.18669259288213544,0.5016116577355626,0.31169574938230177,Neutral,25,0.64,0.2,0.16,24,0.625,0.16666666666666666
M0862,Mid-career proxy,Local,Mid-career proxy | Local,seniority_years proxy because no manager age column exists in the workbook,region proxy because no manager local/non-local column exists,26,0.5121873389039121,0.48026719179223415,0.5446088947338775,0.38461538461538464,0.38461538461538464,0.5,0.11538461538461539,0.3653111147365306,0.5264863945213901,0.1082024907420793,Neutral,25,0.4,0.32,0.28,24,0.4583333333333333,0.3333333333333333
M0863,Senior-career proxy,Local,Senior-career proxy | Local,seniority_years proxy because no manager age column exists in the workbook,region proxy because no manager local/non-local column exists,26,0.44310291989502126,0.5175983234814194,0.50378563422952,0.15384615384615385,0.23076923076923078,0.34615384615384615,0.4230769230769231,0.2039583114695485,0.3884026071187722,0.4076390814116793,Appreciation,25,0.8,0.08,0.12,24,0.625,0.0
M0864,Early-career proxy,Local,Early-career proxy | Local,seniority_years proxy because no manager age column exists in the workbook,region proxy because no manager local/non-local column exists,26,0.3019443897131547,0.5471532428675007,0.4791447586350253,0.038461538461538464,0.5,0.38461538461538464,0.11538461538461539,0.4708090174977586,0.40966634746187075,0.1195246350403705,Aversion,25,0.52,0.24,0.24,24,0.3333333333333333,0.125
M0865,Senior-career proxy,Local,Senior-career proxy | Local,seniority_years proxy because no manager age column exists in the workbook,region proxy because no manager local/non-local column exists,26,0.28271322014682965,0.5705490754921394,0.46519342964298654,0.0,0.34615384615384615,0.6153846153846154,0.038461538461538464,0.3068465141309722,0.6540286050785347,0.03912488079049315,Neutral,25,0.72,0.16,0.12,24,0.6666666666666666,0.08333333333333333
M0866,Early-career proxy,Local,Early-career proxy | Local,seniority_years proxy because no manager age column exists in the workbook,region proxy because no manager local/non-local column exists,26,0.44970050611058365,0.4733156565317734,0.5082354790983926,0.15384615384615385,0.07692307692307693,0.46153846153846156,0.46153846153846156,0.06625665979263032,0.49571044942793,0.43803289077943963,Neutral,25,0.8,0.12,0.08,24,0.875,0.125
M0867,Mid-career proxy,Local,Mid-career proxy | Local,seniority_years proxy because no manager age column exists in the workbook,region proxy because no manager local/non-local column exists,26,0.32968600776953416,0.5778397445175473,0.4907382094271356,0.038461538461538464,0.46153846153846156,0.38461538461538464,0.15384615384615385,0.4301306707738439,0.41701539209925015,0.15285393712690593,Aversion,25,0.8,0.12,0.08,24,0.6666666666666666,0.041666666666666664
M0868,Senior-career proxy,Local,Senior-career proxy | Local,seniority_years proxy because no manager age column exists in the workbook,region proxy because no manager local/non-local column exists,26,0.4542493729377509,0.4947788360800664,0.5442199906835002,0.3076923076923077,0.6153846153846154,0.2692307692307692,0.11538461538461539,0.5441552771057382,0.33788335573657113,0.11796136715769062,Aversion,25,0.64,0.2,0.16,24,0.5416666666666666,0.125
M0869,Mid-career proxy,Local,Mid-career proxy | Local,seniority_years proxy because no manager age column exists in the workbook,region proxy because no manager local/non-local column exists,26,0.483217339179298,0.4740476509737083,0.5200571696183625,0.19230769230769232,0.23076923076923078,0.4230769230769231,0.34615384615384615,0.2145477675589123,0.4296085579429032,0.35584367449818444,Neutral,25,0.76,0.12,0.12,24,0.625,0.041666666666666664
M0870,Mid-career proxy,Local,Mid-career proxy | Local,seniority_years proxy because no manager age column exists in the workbook,region proxy because no manager local/non-local column exists,26,0.32576316595715077,0.5188892860387081,0.4857098003559222,0.11538461538461539,0.0,0.5,0.5,4.929872094087874e-06,0.5263211861256795,0.47367388400222626,Neutral,25,0.96,0.04,0.0,24,0.9166666666666666,0.0
M0871,Mid-career proxy,Local,Mid-career proxy | Local,seniority_years proxy because no manager age column exists in the workbook,region proxy because no manager local/non-local column exists,26,0.1481928012386999,0.604193604834109,0.4103615440556132,0.0,0.7307692307692307,0.2692307692307692,0.0,0.6791861907377801,0.3203311319159956,0.00048267734622431125,Aversion,25,0.56,0.2,0.24,24,0.625,0.25
M0872,Senior-career proxy,Local,Senior-career proxy | Local,seniority_years proxy because no manager age column exists in the workbook,region proxy because no manager local/non-local column exists,26,0.42928863823211255,0.5036273043103988,0.52181731359717,0.23076923076923078,0.6153846153846154,0.38461538461538464,0.0,0.5655055425512909,0.43448706235897094,7.3950897380819195e-06,Aversion,25,0.72,0.12,0.16,24,0.5833333333333334,0.08333333333333333
M0873,Mid-career proxy,Local,Mid-career proxy | Local,seniority_years proxy because no manager age column exists in the workbook,region proxy because no manager local/non-local column exists,26,0.17599102894460186,0.6304989525460505,0.4071265842194572,0.0,0.38461538461538464,0.6153846153846154,0.0,0.34798268183778686,0.651534602683806,0.00048271547840716153,Neutral,25,0.64,0.16,0.2,24,0.5416666666666666,0.125
M0874,Mid-career proxy,Local,Mid-career proxy | Local,seniority_years proxy because no manager age column exists in the workbook,region proxy because no manager local/non-local column exists,26,0.3589535603617037,0.5493717399677152,0.4866451770076734,0.11538461538461539,0.34615384615384615,0.6538461538461539,0.0,0.33302523081634605,0.6324681770192941,0.03450659216435966,Neutral,25,0.96,0.0,0.04,24,0.9166666666666666,0.0
M0875,Mid-career proxy,Local,Mid-career proxy | Local,seniority_years proxy because no manager age column exists in the workbook,region proxy because no manager local/non-local column exists,26,0.36850309471718806,0.5737186842600379,0.49264633312587924,0.0,0.4230769230769231,0.5384615384615384,0.038461538461538464,0.3744436215637561,0.5933216956791161,0.032234682757128,Neutral,25,0.64,0.2,0.16,24,0.625,0.16666666666666666
