manager_id,age_basis_value,age_group,age_group_source,locality_group,locality_group_source,age_x_locality,seniority_years,region,site_id,baseline_ai_attitude,risk_aversion_index,governance_mode,high_pressure
M0001,6.645662884391548,Mid-career proxy,seniority_years proxy because no manager age column exists in the workbook,Local,region proxy because no manager local/non-local column exists,Mid-career proxy | Local,6.645662884391548,DE-East,S007,-0.1600447579496131,0.8534105850856133,fearful_exclusion,0
M0002,3.160579187545198,Early-career proxy,seniority_years proxy because no manager age column exists in the workbook,Local,region proxy because no manager local/non-local column exists,Early-career proxy | Local,3.160579187545198,DE-West,S011,-0.7498087299005035,0.7044479417452906,fearful_exclusion,1
M0003,10.1619795204102,Senior-career proxy,seniority_years proxy because no manager age column exists in the workbook,Non-local,region proxy because no manager local/non-local column exists,Senior-career proxy | Non-local,10.1619795204102,EU-Other,S001,-0.1040325138134919,0.4834628165538372,controlled_opening,1
M0004,9.870970621958557,Senior-career proxy,seniority_years proxy because no manager age column exists in the workbook,Non-local,region proxy because no manager local/non-local column exists,Senior-career proxy | Non-local,9.870970621958557,EU-Other,S001,-0.2189543430996023,0.707818953764042,controlled_opening,0
M0005,8.723620158408455,Senior-career proxy,seniority_years proxy because no manager age column exists in the workbook,Non-local,region proxy because no manager local/non-local column exists,Senior-career proxy | Non-local,8.723620158408455,EU-Other,S006,-1.0,0.4447006582590102,fearful_exclusion,0
M0006,8.454527292936547,Senior-career proxy,seniority_years proxy because no manager age column exists in the workbook,Local,region proxy because no manager local/non-local column exists,Senior-career proxy | Local,8.454527292936547,DE-West,S005,0.2088968865057714,0.2564084620334141,opportunistic_teaming,0
M0007,0.0,Early-career proxy,seniority_years proxy because no manager age column exists in the workbook,Non-local,region proxy because no manager local/non-local column exists,Early-career proxy | Non-local,0.0,EU-Other,S001,0.1458620342921905,0.6279861455550848,controlled_opening,0
M0008,8.972614933395638,Senior-career proxy,seniority_years proxy because no manager age column exists in the workbook,Non-local,region proxy because no manager local/non-local column exists,Senior-career proxy | Non-local,8.972614933395638,EU-Other,S001,-0.00905631476397284,0.4213065284235185,controlled_opening,0
M0009,8.97720052984427,Senior-career proxy,seniority_years proxy because no manager age column exists in the workbook,Local,region proxy because no manager local/non-local column exists,Senior-career proxy | Local,8.97720052984427,DE-East,S003,-0.1415134383571929,0.2503380560639418,controlled_opening,1
M0010,5.686295609634986,Mid-career proxy,seniority_years proxy because no manager age column exists in the workbook,Local,region proxy because no manager local/non-local column exists,Mid-career proxy | Local,5.686295609634986,DE-West,S005,-1.0,0.8635107753996402,fearful_exclusion,0
M0011,7.55997974831776,Mid-career proxy,seniority_years proxy because no manager age column exists in the workbook,Local,region proxy because no manager local/non-local column exists,Mid-career proxy | Local,7.55997974831776,DE-East,S007,0.9372020623454591,0.5662560733283917,opportunistic_teaming,0
M0012,4.504586801420541,Mid-career proxy,seniority_years proxy because no manager age column exists in the workbook,Local,region proxy because no manager local/non-local column exists,Mid-career proxy | Local,4.504586801420541,DE-West,S005,0.2845053659149211,0.468566210240472,controlled_opening,0
M0013,8.443601776606652,Senior-career proxy,seniority_years proxy because no manager age column exists in the workbook,Local,region proxy because no manager local/non-local column exists,Senior-career proxy | Local,8.443601776606652,DE-East,S004,-0.1600257401999626,0.726886864019098,fearful_exclusion,0
M0014,7.855155741787865,Mid-career proxy,seniority_years proxy because no manager age column exists in the workbook,Local,region proxy because no manager local/non-local column exists,Mid-career proxy | Local,7.855155741787865,DE-West,S005,-0.2960808676760148,0.5511938648777371,controlled_opening,1
M0015,5.484445212350451,Mid-career proxy,seniority_years proxy because no manager age column exists in the workbook,Non-local,region proxy because no manager local/non-local column exists,Mid-career proxy | Non-local,5.484445212350451,EU-Other,S002,-0.02107985791984945,0.6493150175622424,fearful_exclusion,0
M0016,7.763593626810361,Mid-career proxy,seniority_years proxy because no manager age column exists in the workbook,Local,region proxy because no manager local/non-local column exists,Mid-career proxy | Local,7.763593626810361,DE-West,S012,-0.6089085058684228,0.5187217227623094,controlled_opening,1
M0017,7.893861118926661,Mid-career proxy,seniority_years proxy because no manager age column exists in the workbook,Local,region proxy because no manager local/non-local column exists,Mid-career proxy | Local,7.893861118926661,DE-West,S005,-0.07499535449758814,0.4371532791331617,controlled_opening,1
M0018,6.781364101667103,Mid-career proxy,seniority_years proxy because no manager age column exists in the workbook,Local,region proxy because no manager local/non-local column exists,Mid-career proxy | Local,6.781364101667103,DE-South,S010,-0.5256359660728683,0.7503297782950035,controlled_opening,0
M0019,9.012213895539903,Senior-career proxy,seniority_years proxy because no manager age column exists in the workbook,Non-local,region proxy because no manager local/non-local column exists,Senior-career proxy | Non-local,9.012213895539903,EU-Other,S001,-0.2777863396180268,0.6445123887168379,controlled_opening,1
M0020,8.279779321165568,Senior-career proxy,seniority_years proxy because no manager age column exists in the workbook,Local,region proxy because no manager local/non-local column exists,Senior-career proxy | Local,8.279779321165568,DE-East,S008,-0.3618211588784016,0.8073900401591989,fearful_exclusion,1
M0021,7.524050742193165,Mid-career proxy,seniority_years proxy because no manager age column exists in the workbook,Local,region proxy because no manager local/non-local column exists,Mid-career proxy | Local,7.524050742193165,DE-East,S007,-0.1492479396931691,0.6312825762405277,controlled_opening,0
M0022,4.880455116772368,Mid-career proxy,seniority_years proxy because no manager age column exists in the workbook,Non-local,region proxy because no manager local/non-local column exists,Mid-career proxy | Non-local,4.880455116772368,EU-Other,S001,0.4302405439326511,0.3630110412571438,controlled_opening,0
M0023,5.829517784357299,Mid-career proxy,seniority_years proxy because no manager age column exists in the workbook,Local,region proxy because no manager local/non-local column exists,Mid-career proxy | Local,5.829517784357299,DE-East,S004,1.0,0.1782234639216012,opportunistic_teaming,1
M0024,8.820212720962974,Senior-career proxy,seniority_years proxy because no manager age column exists in the workbook,Local,region proxy because no manager local/non-local column exists,Senior-career proxy | Local,8.820212720962974,DE-South,S010,0.1939046169518179,0.3034303973221621,controlled_opening,0
M0025,9.544948729854955,Senior-career proxy,seniority_years proxy because no manager age column exists in the workbook,Local,region proxy because no manager local/non-local column exists,Senior-career proxy | Local,9.544948729854955,DE-East,S008,-0.08651283268042365,0.4209226588949081,controlled_opening,0
M0026,2.12414299919847,Early-career proxy,seniority_years proxy because no manager age column exists in the workbook,Local,region proxy because no manager local/non-local column exists,Early-career proxy | Local,2.12414299919847,DE-South,S010,-0.4230116250123531,0.7407902057366736,fearful_exclusion,0
M0027,8.384106351707425,Senior-career proxy,seniority_years proxy because no manager age column exists in the workbook,Non-local,region proxy because no manager local/non-local column exists,Senior-career proxy | Non-local,8.384106351707425,EU-Other,S001,-0.4103246534703169,0.5793111876624104,controlled_opening,1
M0028,5.920908559706272,Mid-career proxy,seniority_years proxy because no manager age column exists in the workbook,Local,region proxy because no manager local/non-local column exists,Mid-career proxy | Local,5.920908559706272,DE-East,S004,-1.0,0.8831853566752568,fearful_exclusion,1
M0029,5.842253213703493,Mid-career proxy,seniority_years proxy because no manager age column exists in the workbook,Local,region proxy because no manager local/non-local column exists,Mid-career proxy | Local,5.842253213703493,DE-East,S008,0.1601190422053839,0.5376282441974043,controlled_opening,1
M0030,3.783503348092299,Early-career proxy,seniority_years proxy because no manager age column exists in the workbook,Local,region proxy because no manager local/non-local column exists,Early-career proxy | Local,3.783503348092299,DE-East,S003,-1.0,0.6461891174288265,fearful_exclusion,1
M0031,4.65779086914948,Mid-career proxy,seniority_years proxy because no manager age column exists in the workbook,Local,region proxy because no manager local/non-local column exists,Mid-career proxy | Local,4.65779086914948,DE-East,S004,0.3667459475359532,0.557067985919589,controlled_opening,0
M0032,3.992459641559209,Early-career proxy,seniority_years proxy because no manager age column exists in the workbook,Non-local,region proxy because no manager local/non-local column exists,Early-career proxy | Non-local,3.992459641559209,EU-Other,S001,-0.08320026545328008,0.5419807316742915,controlled_opening,1
M0033,2.079373814875531,Early-career proxy,seniority_years proxy because no manager age column exists in the workbook,Local,region proxy because no manager local/non-local column exists,Early-career proxy | Local,2.079373814875531,DE-East,S003,-0.9650039251565037,0.826666314736459,fearful_exclusion,0
M0034,4.638296206049388,Mid-career proxy,seniority_years proxy because no manager age column exists in the workbook,Local,region proxy because no manager local/non-local column exists,Mid-career proxy | Local,4.638296206049388,DE-East,S009,0.4974245997980551,0.1513031674033795,opportunistic_teaming,1
M0035,3.97407696011116,Early-career proxy,seniority_years proxy because no manager age column exists in the workbook,Local,region proxy because no manager local/non-local column exists,Early-career proxy | Local,3.97407696011116,DE-East,S007,0.6325366243845741,0.0,opportunistic_teaming,1
M0036,3.08089524764446,Early-career proxy,seniority_years proxy because no manager age column exists in the workbook,Local,region proxy because no manager local/non-local column exists,Early-career proxy | Local,3.08089524764446,DE-West,S011,-0.6942714661771416,0.7232611854926554,fearful_exclusion,0
M0037,9.713364687277428,Senior-career proxy,seniority_years proxy because no manager age column exists in the workbook,Local,region proxy because no manager local/non-local column exists,Senior-career proxy | Local,9.713364687277428,DE-West,S012,-0.7943367754172765,0.6915854542686923,fearful_exclusion,0
M0038,5.901680788288142,Mid-career proxy,seniority_years proxy because no manager age column exists in the workbook,Local,region proxy because no manager local/non-local column exists,Mid-career proxy | Local,5.901680788288142,DE-East,S003,0.7341144562564281,0.3665222881495478,opportunistic_teaming,0
M0039,3.872171427901771,Early-career proxy,seniority_years proxy because no manager age column exists in the workbook,Non-local,region proxy because no manager local/non-local column exists,Early-career proxy | Non-local,3.872171427901771,EU-Other,S006,0.429140329047322,0.6333531852712119,controlled_opening,1
M0040,3.840515028059215,Early-career proxy,seniority_years proxy because no manager age column exists in the workbook,Local,region proxy because no manager local/non-local column exists,Early-career proxy | Local,3.840515028059215,DE-East,S009,0.6773405564794863,0.3601325837465982,opportunistic_teaming,0
M0041,7.862744748364238,Mid-career proxy,seniority_years proxy because no manager age column exists in the workbook,Local,region proxy because no manager local/non-local column exists,Mid-career proxy | Local,7.862744748364238,DE-South,S010,0.3626119636068785,0.315913612549916,opportunistic_teaming,1
M0042,6.634822994054185,Mid-career proxy,seniority_years proxy because no manager age column exists in the workbook,Non-local,region proxy because no manager local/non-local column exists,Mid-career proxy | Non-local,6.634822994054185,EU-Other,S002,-0.899038431353925,0.8826877548843908,fearful_exclusion,0
M0043,4.837281455680119,Mid-career proxy,seniority_years proxy because no manager age column exists in the workbook,Local,region proxy because no manager local/non-local column exists,Mid-career proxy | Local,4.837281455680119,DE-South,S010,0.3902413085514311,0.2597635621814801,opportunistic_teaming,1
M0044,7.606211799768825,Mid-career proxy,seniority_years proxy because no manager age column exists in the workbook,Non-local,region proxy because no manager local/non-local column exists,Mid-career proxy | Non-local,7.606211799768825,EU-Other,S006,1.0,0.3112832007101413,opportunistic_teaming,1
M0045,6.186589232608343,Mid-career proxy,seniority_years proxy because no manager age column exists in the workbook,Non-local,region proxy because no manager local/non-local column exists,Mid-career proxy | Non-local,6.186589232608343,EU-Other,S001,-0.9874258585230192,0.9419500907765684,fearful_exclusion,1
M0046,8.192120254158242,Senior-career proxy,seniority_years proxy because no manager age column exists in the workbook,Local,region proxy because no manager local/non-local column exists,Senior-career proxy | Local,8.192120254158242,DE-East,S003,0.6936869909977883,0.6428376415530167,opportunistic_teaming,1
M0047,11.34425002011893,Senior-career proxy,seniority_years proxy because no manager age column exists in the workbook,Non-local,region proxy because no manager local/non-local column exists,Senior-career proxy | Non-local,11.34425002011893,EU-Other,S006,0.4177004738214073,0.6939393072101299,controlled_opening,0
M0048,7.839793539511858,Mid-career proxy,seniority_years proxy because no manager age column exists in the workbook,Local,region proxy because no manager local/non-local column exists,Mid-career proxy | Local,7.839793539511858,DE-East,S007,-0.1718589994862893,0.5821680918164622,controlled_opening,1
M0049,5.780544306787843,Mid-career proxy,seniority_years proxy because no manager age column exists in the workbook,Local,region proxy because no manager local/non-local column exists,Mid-career proxy | Local,5.780544306787843,DE-East,S003,-0.1293893962366116,0.6255281297491077,controlled_opening,0
M0050,9.91444325823281,Senior-career proxy,seniority_years proxy because no manager age column exists in the workbook,Local,region proxy because no manager local/non-local column exists,Senior-career proxy | Local,9.91444325823281,DE-West,S012,-0.4642150198946794,0.4579982382349189,fearful_exclusion,1
M0051,5.134479652934177,Mid-career proxy,seniority_years proxy because no manager age column exists in the workbook,Local,region proxy because no manager local/non-local column exists,Mid-career proxy | Local,5.134479652934177,DE-East,S004,-0.6985038871532754,0.4942977224663725,controlled_opening,1
M0052,7.715946143288986,Mid-career proxy,seniority_years proxy because no manager age column exists in the workbook,Local,region proxy because no manager local/non-local column exists,Mid-career proxy | Local,7.715946143288986,DE-South,S010,-0.8727588948112408,0.574417270454517,fearful_exclusion,0
M0053,4.822661957072536,Mid-career proxy,seniority_years proxy because no manager age column exists in the workbook,Local,region proxy because no manager local/non-local column exists,Mid-career proxy | Local,4.822661957072536,DE-East,S009,-0.5028197324588015,0.7168160907593951,controlled_opening,0
M0054,8.747728141518857,Senior-career proxy,seniority_years proxy because no manager age column exists in the workbook,Local,region proxy because no manager local/non-local column exists,Senior-career proxy | Local,8.747728141518857,DE-East,S008,-0.6462243268267749,0.6916781907896278,fearful_exclusion,0
M0055,10.68539032390496,Senior-career proxy,seniority_years proxy because no manager age column exists in the workbook,Local,region proxy because no manager local/non-local column exists,Senior-career proxy | Local,10.68539032390496,DE-West,S012,0.433067608628168,0.3824637276691434,opportunistic_teaming,1
M0056,5.4377187667119,Mid-career proxy,seniority_years proxy because no manager age column exists in the workbook,Local,region proxy because no manager local/non-local column exists,Mid-career proxy | Local,5.4377187667119,DE-East,S008,0.03723317533295051,0.4934388324398356,controlled_opening,0
M0057,4.349569904422639,Mid-career proxy,seniority_years proxy because no manager age column exists in the workbook,Local,region proxy because no manager local/non-local column exists,Mid-career proxy | Local,4.349569904422639,DE-West,S005,0.1819148711731179,0.6195747184684091,controlled_opening,0
M0058,6.897206640665527,Mid-career proxy,seniority_years proxy because no manager age column exists in the workbook,Local,region proxy because no manager local/non-local column exists,Mid-career proxy | Local,6.897206640665527,DE-East,S009,-0.7342953083762793,0.7056440668001511,fearful_exclusion,1
M0059,5.439685456064827,Mid-career proxy,seniority_years proxy because no manager age column exists in the workbook,Local,region proxy because no manager local/non-local column exists,Mid-career proxy | Local,5.439685456064827,DE-East,S007,0.2734476420144522,0.3745761788499651,opportunistic_teaming,0
M0060,4.976617092572461,Mid-career proxy,seniority_years proxy because no manager age column exists in the workbook,Non-local,region proxy because no manager local/non-local column exists,Mid-career proxy | Non-local,4.976617092572461,EU-Other,S001,-0.2247203592728858,0.8005856723772694,fearful_exclusion,0
M0061,3.051744749017948,Early-career proxy,seniority_years proxy because no manager age column exists in the workbook,Local,region proxy because no manager local/non-local column exists,Early-career proxy | Local,3.051744749017948,DE-East,S003,-0.2876503880800823,0.4259068148793196,controlled_opening,0
M0062,6.682568654627719,Mid-career proxy,seniority_years proxy because no manager age column exists in the workbook,Local,region proxy because no manager local/non-local column exists,Mid-career proxy | Local,6.682568654627719,DE-East,S009,0.8090059789440989,0.1205942442323952,opportunistic_teaming,0
M0063,10.56418882550328,Senior-career proxy,seniority_years proxy because no manager age column exists in the workbook,Local,region proxy because no manager local/non-local column exists,Senior-career proxy | Local,10.56418882550328,DE-East,S009,-0.2813593911817331,0.7747452524597319,controlled_opening,0
M0064,3.960437876612397,Early-career proxy,seniority_years proxy because no manager age column exists in the workbook,Local,region proxy because no manager local/non-local column exists,Early-career proxy | Local,3.960437876612397,DE-West,S005,0.1056862649022135,0.5267526140387789,controlled_opening,0
M0065,7.834456485746879,Mid-career proxy,seniority_years proxy because no manager age column exists in the workbook,Local,region proxy because no manager local/non-local column exists,Mid-career proxy | Local,7.834456485746879,DE-West,S005,-0.08181569066935082,0.6937694430821796,controlled_opening,0
M0066,11.00983497046127,Senior-career proxy,seniority_years proxy because no manager age column exists in the workbook,Local,region proxy because no manager local/non-local column exists,Senior-career proxy | Local,11.00983497046127,DE-West,S005,-0.4785190411242261,0.2790460718374592,controlled_opening,1
M0067,1.76581847271413,Early-career proxy,seniority_years proxy because no manager age column exists in the workbook,Local,region proxy because no manager local/non-local column exists,Early-career proxy | Local,1.76581847271413,DE-East,S008,-0.4808124548859495,0.4385087663420079,controlled_opening,0
M0068,6.885580431694837,Mid-career proxy,seniority_years proxy because no manager age column exists in the workbook,Local,region proxy because no manager local/non-local column exists,Mid-career proxy | Local,6.885580431694837,DE-West,S012,-0.3958431104611911,0.6366728053546974,fearful_exclusion,1
M0069,3.375290702798362,Early-career proxy,seniority_years proxy because no manager age column exists in the workbook,Local,region proxy because no manager local/non-local column exists,Early-career proxy | Local,3.375290702798362,DE-West,S011,-0.7424072512168228,0.8291804180367593,controlled_opening,0
M0070,7.654483165792396,Mid-career proxy,seniority_years proxy because no manager age column exists in the workbook,Non-local,region proxy because no manager local/non-local column exists,Mid-career proxy | Non-local,7.654483165792396,EU-Other,S001,-0.5826097322189696,1.0,fearful_exclusion,0
M0071,8.65645884238653,Senior-career proxy,seniority_years proxy because no manager age column exists in the workbook,Non-local,region proxy because no manager local/non-local column exists,Senior-career proxy | Non-local,8.65645884238653,EU-Other,S006,-0.3385632816313201,0.8730567314306635,fearful_exclusion,0
M0072,6.330184919002408,Mid-career proxy,seniority_years proxy because no manager age column exists in the workbook,Local,region proxy because no manager local/non-local column exists,Mid-career proxy | Local,6.330184919002408,DE-East,S004,-1.0,0.6289940153523812,controlled_opening,1
M0073,5.13798140381472,Mid-career proxy,seniority_years proxy because no manager age column exists in the workbook,Non-local,region proxy because no manager local/non-local column exists,Mid-career proxy | Non-local,5.13798140381472,EU-Other,S006,-0.6271976852238471,0.4034113224252854,controlled_opening,0
M0074,4.464825648956193,Mid-career proxy,seniority_years proxy because no manager age column exists in the workbook,Local,region proxy because no manager local/non-local column exists,Mid-career proxy | Local,4.464825648956193,DE-East,S008,-0.7628324977791349,0.4909514932148524,controlled_opening,1
M0075,5.577213114610001,Mid-career proxy,seniority_years proxy because no manager age column exists in the workbook,Local,region proxy because no manager local/non-local column exists,Mid-career proxy | Local,5.577213114610001,DE-West,S012,-0.1231958598779663,0.5441989930697342,controlled_opening,1
M0076,6.325869810735791,Mid-career proxy,seniority_years proxy because no manager age column exists in the workbook,Local,region proxy because no manager local/non-local column exists,Mid-career proxy | Local,6.325869810735791,DE-South,S010,-0.6227437454166873,0.6588568087118345,fearful_exclusion,1
M0077,11.7864850255579,Senior-career proxy,seniority_years proxy because no manager age column exists in the workbook,Non-local,region proxy because no manager local/non-local column exists,Senior-career proxy | Non-local,11.7864850255579,EU-Other,S006,-0.6363704422144271,0.7875012460289929,fearful_exclusion,0
M0078,8.90782593322219,Senior-career proxy,seniority_years proxy because no manager age column exists in the workbook,Local,region proxy because no manager local/non-local column exists,Senior-career proxy | Local,8.90782593322219,DE-West,S005,-0.2920661180997342,0.5850851999814364,controlled_opening,0
M0079,7.301389996760939,Mid-career proxy,seniority_years proxy because no manager age column exists in the workbook,Local,region proxy because no manager local/non-local column exists,Mid-career proxy | Local,7.301389996760939,DE-East,S008,-0.3157671689317482,0.505846958617323,controlled_opening,1
M0080,8.856659945118423,Senior-career proxy,seniority_years proxy because no manager age column exists in the workbook,Non-local,region proxy because no manager local/non-local column exists,Senior-career proxy | Non-local,8.856659945118423,EU-Other,S001,-0.748511045365058,0.693959450983779,fearful_exclusion,0
M0081,8.90192035997253,Senior-career proxy,seniority_years proxy because no manager age column exists in the workbook,Non-local,region proxy because no manager local/non-local column exists,Senior-career proxy | Non-local,8.90192035997253,EU-Other,S002,-1.0,0.7853384863516716,fearful_exclusion,1
M0082,11.48673087206635,Senior-career proxy,seniority_years proxy because no manager age column exists in the workbook,Non-local,region proxy because no manager local/non-local column exists,Senior-career proxy | Non-local,11.48673087206635,EU-Other,S006,0.09331896236453935,0.3003097439809204,controlled_opening,1
M0083,6.249744473797745,Mid-career proxy,seniority_years proxy because no manager age column exists in the workbook,Non-local,region proxy because no manager local/non-local column exists,Mid-career proxy | Non-local,6.249744473797745,EU-Other,S001,-0.8287755423074976,0.7110809912547846,fearful_exclusion,0
M0084,4.547579773895202,Mid-career proxy,seniority_years proxy because no manager age column exists in the workbook,Local,region proxy because no manager local/non-local column exists,Mid-career proxy | Local,4.547579773895202,DE-West,S011,0.0882604902091228,0.725420648798966,controlled_opening,0
M0085,7.373376333388375,Mid-career proxy,seniority_years proxy because no manager age column exists in the workbook,Local,region proxy because no manager local/non-local column exists,Mid-career proxy | Local,7.373376333388375,DE-West,S012,-0.6515391228519185,0.3701220527899552,fearful_exclusion,0
M0086,2.272667301906406,Early-career proxy,seniority_years proxy because no manager age column exists in the workbook,Local,region proxy because no manager local/non-local column exists,Early-career proxy | Local,2.272667301906406,DE-East,S008,0.3454069122590093,0.4943731968732411,controlled_opening,0
M0087,5.81365892017904,Mid-career proxy,seniority_years proxy because no manager age column exists in the workbook,Non-local,region proxy because no manager local/non-local column exists,Mid-career proxy | Non-local,5.81365892017904,EU-Other,S006,-0.184532357721179,0.3608694048865675,controlled_opening,0
M0088,2.096813479024303,Early-career proxy,seniority_years proxy because no manager age column exists in the workbook,Local,region proxy because no manager local/non-local column exists,Early-career proxy | Local,2.096813479024303,DE-East,S003,0.2481805801473738,0.4341447980450229,controlled_opening,1
M0089,0.2265655732018068,Early-career proxy,seniority_years proxy because no manager age column exists in the workbook,Local,region proxy because no manager local/non-local column exists,Early-career proxy | Local,0.2265655732018068,DE-East,S009,0.0389571423677712,0.5035896166604753,controlled_opening,0
M0090,8.494978510291018,Senior-career proxy,seniority_years proxy because no manager age column exists in the workbook,Non-local,region proxy because no manager local/non-local column exists,Senior-career proxy | Non-local,8.494978510291018,EU-Other,S002,-0.1192991164873529,0.5962614439625513,controlled_opening,1
M0091,5.994960369133854,Mid-career proxy,seniority_years proxy because no manager age column exists in the workbook,Local,region proxy because no manager local/non-local column exists,Mid-career proxy | Local,5.994960369133854,DE-East,S004,-0.889255252261861,0.4997689776794423,controlled_opening,0
M0092,7.60480181312945,Mid-career proxy,seniority_years proxy because no manager age column exists in the workbook,Non-local,region proxy because no manager local/non-local column exists,Mid-career proxy | Non-local,7.60480181312945,EU-Other,S001,-0.3351199719166969,0.335937320601871,fearful_exclusion,0
M0093,6.192372071740442,Mid-career proxy,seniority_years proxy because no manager age column exists in the workbook,Local,region proxy because no manager local/non-local column exists,Mid-career proxy | Local,6.192372071740442,DE-East,S008,0.8972659876837681,0.3968844252119371,opportunistic_teaming,0
M0094,7.599771062965933,Mid-career proxy,seniority_years proxy because no manager age column exists in the workbook,Local,region proxy because no manager local/non-local column exists,Mid-career proxy | Local,7.599771062965933,DE-South,S010,0.2171836510774879,0.8436167822342636,controlled_opening,1
M0095,9.24331214389332,Senior-career proxy,seniority_years proxy because no manager age column exists in the workbook,Local,region proxy because no manager local/non-local column exists,Senior-career proxy | Local,9.24331214389332,DE-West,S005,-0.1106096562562026,0.7704038554706718,controlled_opening,0
M0096,8.195266923353032,Senior-career proxy,seniority_years proxy because no manager age column exists in the workbook,Local,region proxy because no manager local/non-local column exists,Senior-career proxy | Local,8.195266923353032,DE-East,S004,0.8658411319423973,0.1235833462822651,opportunistic_teaming,0
M0097,5.63476369487477,Mid-career proxy,seniority_years proxy because no manager age column exists in the workbook,Non-local,region proxy because no manager local/non-local column exists,Mid-career proxy | Non-local,5.63476369487477,EU-Other,S001,0.8634679902082176,0.4240955126230472,opportunistic_teaming,1
M0098,7.795224795561355,Mid-career proxy,seniority_years proxy because no manager age column exists in the workbook,Local,region proxy because no manager local/non-local column exists,Mid-career proxy | Local,7.795224795561355,DE-East,S003,-0.2162476527619667,0.6132502273586067,fearful_exclusion,1
M0099,4.181196338091394,Mid-career proxy,seniority_years proxy because no manager age column exists in the workbook,Non-local,region proxy because no manager local/non-local column exists,Mid-career proxy | Non-local,4.181196338091394,EU-Other,S001,0.5910307104451687,0.2115543173205352,opportunistic_teaming,0
M0100,4.696039791855238,Mid-career proxy,seniority_years proxy because no manager age column exists in the workbook,Local,region proxy because no manager local/non-local column exists,Mid-career proxy | Local,4.696039791855238,DE-West,S011,-0.253710583415508,0.7316855358064502,controlled_opening,0
M0101,7.875829287189095,Mid-career proxy,seniority_years proxy because no manager age column exists in the workbook,Local,region proxy because no manager local/non-local column exists,Mid-career proxy | Local,7.875829287189095,DE-East,S004,0.4367105317989312,0.5313347790633054,controlled_opening,1
M0102,7.9344708312411,Mid-career proxy,seniority_years proxy because no manager age column exists in the workbook,Non-local,region proxy because no manager local/non-local column exists,Mid-career proxy | Non-local,7.9344708312411,EU-Other,S001,-0.6761808995247031,0.3344905728168849,controlled_opening,1
M0103,0.8461189287147768,Early-career proxy,seniority_years proxy because no manager age column exists in the workbook,Local,region proxy because no manager local/non-local column exists,Early-career proxy | Local,0.8461189287147768,DE-East,S007,-0.3833006923168515,0.6997645801929789,fearful_exclusion,0
M0104,2.831308957725248,Early-career proxy,seniority_years proxy because no manager age column exists in the workbook,Local,region proxy because no manager local/non-local column exists,Early-career proxy | Local,2.831308957725248,DE-South,S010,-0.2038814742733291,0.7459375157899513,fearful_exclusion,0
M0105,8.182280492534323,Senior-career proxy,seniority_years proxy because no manager age column exists in the workbook,Local,region proxy because no manager local/non-local column exists,Senior-career proxy | Local,8.182280492534323,DE-East,S008,-1.0,0.5944191237561871,fearful_exclusion,1
M0106,4.710231060256898,Mid-career proxy,seniority_years proxy because no manager age column exists in the workbook,Local,region proxy because no manager local/non-local column exists,Mid-career proxy | Local,4.710231060256898,DE-East,S004,-0.3508001461562061,1.0,fearful_exclusion,1
M0107,4.887377382032398,Mid-career proxy,seniority_years proxy because no manager age column exists in the workbook,Local,region proxy because no manager local/non-local column exists,Mid-career proxy | Local,4.887377382032398,DE-South,S010,0.1349666043628948,0.473766640107913,controlled_opening,1
M0108,7.292867262830329,Mid-career proxy,seniority_years proxy because no manager age column exists in the workbook,Non-local,region proxy because no manager local/non-local column exists,Mid-career proxy | Non-local,7.292867262830329,EU-Other,S001,-1.0,0.8456564690245812,fearful_exclusion,0
M0109,7.191630109071321,Mid-career proxy,seniority_years proxy because no manager age column exists in the workbook,Local,region proxy because no manager local/non-local column exists,Mid-career proxy | Local,7.191630109071321,DE-East,S003,-1.0,0.8051811847611352,fearful_exclusion,1
M0110,5.376435701662157,Mid-career proxy,seniority_years proxy because no manager age column exists in the workbook,Local,region proxy because no manager local/non-local column exists,Mid-career proxy | Local,5.376435701662157,DE-West,S005,-0.9083323350430795,0.7325420690847276,controlled_opening,1
M0111,3.148363320199345,Early-career proxy,seniority_years proxy because no manager age column exists in the workbook,Local,region proxy because no manager local/non-local column exists,Early-career proxy | Local,3.148363320199345,DE-South,S010,-0.7308526895442014,0.4159169724430624,controlled_opening,1
M0112,9.489033845040119,Senior-career proxy,seniority_years proxy because no manager age column exists in the workbook,Local,region proxy because no manager local/non-local column exists,Senior-career proxy | Local,9.489033845040119,DE-East,S007,0.6198664226695433,0.1234465020071183,opportunistic_teaming,0
M0113,7.088925164811323,Mid-career proxy,seniority_years proxy because no manager age column exists in the workbook,Non-local,region proxy because no manager local/non-local column exists,Mid-career proxy | Non-local,7.088925164811323,EU-Other,S002,-0.7889223055060923,0.6581292834893739,fearful_exclusion,1
M0114,6.233854318624779,Mid-career proxy,seniority_years proxy because no manager age column exists in the workbook,Local,region proxy because no manager local/non-local column exists,Mid-career proxy | Local,6.233854318624779,DE-East,S004,-0.13736384120927,0.8558702401277337,fearful_exclusion,1
M0115,0.8563791927530886,Early-career proxy,seniority_years proxy because no manager age column exists in the workbook,Local,region proxy because no manager local/non-local column exists,Early-career proxy | Local,0.8563791927530886,DE-West,S011,-0.7019294961437427,0.7637942848527444,fearful_exclusion,1
M0116,7.728574327193275,Mid-career proxy,seniority_years proxy because no manager age column exists in the workbook,Non-local,region proxy because no manager local/non-local column exists,Mid-career proxy | Non-local,7.728574327193275,EU-Other,S006,0.1981947644824377,0.7395608958057079,fearful_exclusion,1
M0117,0.0,Early-career proxy,seniority_years proxy because no manager age column exists in the workbook,Non-local,region proxy because no manager local/non-local column exists,Early-career proxy | Non-local,0.0,EU-Other,S002,0.4274944260188642,0.4877413761402147,opportunistic_teaming,1
M0118,7.284209200930912,Mid-career proxy,seniority_years proxy because no manager age column exists in the workbook,Non-local,region proxy because no manager local/non-local column exists,Mid-career proxy | Non-local,7.284209200930912,EU-Other,S002,-0.0710389367123284,0.4719912002117393,controlled_opening,1
M0119,4.210798006216026,Mid-career proxy,seniority_years proxy because no manager age column exists in the workbook,Non-local,region proxy because no manager local/non-local column exists,Mid-career proxy | Non-local,4.210798006216026,EU-Other,S001,0.7322388681100565,0.4409413214164291,opportunistic_teaming,0
M0120,2.702569762513932,Early-career proxy,seniority_years proxy because no manager age column exists in the workbook,Local,region proxy because no manager local/non-local column exists,Early-career proxy | Local,2.702569762513932,DE-West,S012,-0.3329688330403614,0.6309352800058782,controlled_opening,0
M0121,5.367636969597587,Mid-career proxy,seniority_years proxy because no manager age column exists in the workbook,Local,region proxy because no manager local/non-local column exists,Mid-career proxy | Local,5.367636969597587,DE-West,S012,-0.3271205373747375,0.6057332145626652,controlled_opening,0
M0122,6.700987065795839,Mid-career proxy,seniority_years proxy because no manager age column exists in the workbook,Local,region proxy because no manager local/non-local column exists,Mid-career proxy | Local,6.700987065795839,DE-West,S012,-0.3646338998224874,0.4120923663060593,controlled_opening,1
M0123,4.022190639517646,Mid-career proxy,seniority_years proxy because no manager age column exists in the workbook,Local,region proxy because no manager local/non-local column exists,Mid-career proxy | Local,4.022190639517646,DE-West,S005,-0.6181405482958625,0.4533940774969489,fearful_exclusion,1
M0124,7.157727217397274,Mid-career proxy,seniority_years proxy because no manager age column exists in the workbook,Local,region proxy because no manager local/non-local column exists,Mid-career proxy | Local,7.157727217397274,DE-East,S009,-0.3789208430480689,0.7557028120523304,fearful_exclusion,0
M0125,7.096362742987741,Mid-career proxy,seniority_years proxy because no manager age column exists in the workbook,Local,region proxy because no manager local/non-local column exists,Mid-career proxy | Local,7.096362742987741,DE-South,S010,-1.0,0.725304637229442,fearful_exclusion,1
M0126,7.128871858960082,Mid-career proxy,seniority_years proxy because no manager age column exists in the workbook,Local,region proxy because no manager local/non-local column exists,Mid-career proxy | Local,7.128871858960082,DE-East,S009,-0.5634639675452154,0.5683023689023989,fearful_exclusion,1
M0127,6.025749567599993,Mid-career proxy,seniority_years proxy because no manager age column exists in the workbook,Local,region proxy because no manager local/non-local column exists,Mid-career proxy | Local,6.025749567599993,DE-East,S007,-0.5677601602266269,0.6538236349140659,fearful_exclusion,1
M0128,3.239537226777248,Early-career proxy,seniority_years proxy because no manager age column exists in the workbook,Local,region proxy because no manager local/non-local column exists,Early-career proxy | Local,3.239537226777248,DE-East,S009,0.3000841090186024,0.598853521105409,fearful_exclusion,1
M0129,4.411351210884827,Mid-career proxy,seniority_years proxy because no manager age column exists in the workbook,Local,region proxy because no manager local/non-local column exists,Mid-career proxy | Local,4.411351210884827,DE-West,S012,0.3304750340424197,0.3455598075143734,opportunistic_teaming,1
M0130,4.046683541293497,Mid-career proxy,seniority_years proxy because no manager age column exists in the workbook,Local,region proxy because no manager local/non-local column exists,Mid-career proxy | Local,4.046683541293497,DE-East,S007,-0.605917375975667,0.4880448868310239,controlled_opening,1
M0131,3.317101066445255,Early-career proxy,seniority_years proxy because no manager age column exists in the workbook,Non-local,region proxy because no manager local/non-local column exists,Early-career proxy | Non-local,3.317101066445255,EU-Other,S001,0.1794531741771617,0.6333798267986983,controlled_opening,1
M0132,2.783130785478728,Early-career proxy,seniority_years proxy because no manager age column exists in the workbook,Non-local,region proxy because no manager local/non-local column exists,Early-career proxy | Non-local,2.783130785478728,EU-Other,S001,-1.0,0.6296720647257317,fearful_exclusion,1
M0133,7.268994474555444,Mid-career proxy,seniority_years proxy because no manager age column exists in the workbook,Local,region proxy because no manager local/non-local column exists,Mid-career proxy | Local,7.268994474555444,DE-East,S003,0.2283522687148,0.4597743934572885,controlled_opening,1
M0134,8.833889069510768,Senior-career proxy,seniority_years proxy because no manager age column exists in the workbook,Non-local,region proxy because no manager local/non-local column exists,Senior-career proxy | Non-local,8.833889069510768,EU-Other,S001,0.470313336340648,0.3989335131328466,opportunistic_teaming,1
M0135,3.614215460068416,Early-career proxy,seniority_years proxy because no manager age column exists in the workbook,Non-local,region proxy because no manager local/non-local column exists,Early-career proxy | Non-local,3.614215460068416,EU-Other,S002,-0.5946150899926852,0.766430695310286,fearful_exclusion,1
M0136,2.636861865393157,Early-career proxy,seniority_years proxy because no manager age column exists in the workbook,Local,region proxy because no manager local/non-local column exists,Early-career proxy | Local,2.636861865393157,DE-East,S009,-0.2962344790514083,1.0,fearful_exclusion,0
M0137,4.290985862553457,Mid-career proxy,seniority_years proxy because no manager age column exists in the workbook,Local,region proxy because no manager local/non-local column exists,Mid-career proxy | Local,4.290985862553457,DE-West,S012,-0.424513519186802,0.5333346463068925,controlled_opening,0
M0138,4.458341196134562,Mid-career proxy,seniority_years proxy because no manager age column exists in the workbook,Non-local,region proxy because no manager local/non-local column exists,Mid-career proxy | Non-local,4.458341196134562,EU-Other,S001,-0.1972725184728928,0.568070669920192,controlled_opening,0
M0139,6.332042205084791,Mid-career proxy,seniority_years proxy because no manager age column exists in the workbook,Local,region proxy because no manager local/non-local column exists,Mid-career proxy | Local,6.332042205084791,DE-East,S003,-0.4384564020395859,0.5138362376837748,controlled_opening,1
M0140,2.445355190260972,Early-career proxy,seniority_years proxy because no manager age column exists in the workbook,Local,region proxy because no manager local/non-local column exists,Early-career proxy | Local,2.445355190260972,DE-West,S005,0.897120675291821,0.6969232072819793,opportunistic_teaming,0
M0141,3.730272080614617,Early-career proxy,seniority_years proxy because no manager age column exists in the workbook,Local,region proxy because no manager local/non-local column exists,Early-career proxy | Local,3.730272080614617,DE-East,S009,-0.0642629363757504,0.7821635591406746,controlled_opening,1
M0142,9.06880553762541,Senior-career proxy,seniority_years proxy because no manager age column exists in the workbook,Local,region proxy because no manager local/non-local column exists,Senior-career proxy | Local,9.06880553762541,DE-West,S012,0.5655316791148052,0.2490992008210722,opportunistic_teaming,1
M0143,3.046969542729028,Early-career proxy,seniority_years proxy because no manager age column exists in the workbook,Non-local,region proxy because no manager local/non-local column exists,Early-career proxy | Non-local,3.046969542729028,EU-Other,S001,-0.782586311495694,0.429917414873239,fearful_exclusion,0
M0144,7.877387038212246,Mid-career proxy,seniority_years proxy because no manager age column exists in the workbook,Non-local,region proxy because no manager local/non-local column exists,Mid-career proxy | Non-local,7.877387038212246,EU-Other,S002,0.262703519274158,0.481433991178516,controlled_opening,0
M0145,6.998670738033949,Mid-career proxy,seniority_years proxy because no manager age column exists in the workbook,Local,region proxy because no manager local/non-local column exists,Mid-career proxy | Local,6.998670738033949,DE-East,S007,0.316184015993036,0.3419330643603273,controlled_opening,0
M0146,11.83432548214691,Senior-career proxy,seniority_years proxy because no manager age column exists in the workbook,Non-local,region proxy because no manager local/non-local column exists,Senior-career proxy | Non-local,11.83432548214691,EU-Other,S006,-0.1339115331786682,0.3549648453422616,controlled_opening,1
M0147,2.408446384385554,Early-career proxy,seniority_years proxy because no manager age column exists in the workbook,Non-local,region proxy because no manager local/non-local column exists,Early-career proxy | Non-local,2.408446384385554,EU-Other,S001,0.04221226568404624,0.6571126948591645,controlled_opening,0
M0148,5.77452506790691,Mid-career proxy,seniority_years proxy because no manager age column exists in the workbook,Local,region proxy because no manager local/non-local column exists,Mid-career proxy | Local,5.77452506790691,DE-East,S004,-0.7722517773826236,0.7600551722800817,fearful_exclusion,0
M0149,7.025826892073205,Mid-career proxy,seniority_years proxy because no manager age column exists in the workbook,Non-local,region proxy because no manager local/non-local column exists,Mid-career proxy | Non-local,7.025826892073205,EU-Other,S006,-0.5251605026880557,0.8827641549882423,fearful_exclusion,1
M0150,1.329432155892842,Early-career proxy,seniority_years proxy because no manager age column exists in the workbook,Local,region proxy because no manager local/non-local column exists,Early-career proxy | Local,1.329432155892842,DE-West,S005,-0.3170566424211977,0.7022784040453363,fearful_exclusion,0
M0151,4.81286512543204,Mid-career proxy,seniority_years proxy because no manager age column exists in the workbook,Local,region proxy because no manager local/non-local column exists,Mid-career proxy | Local,4.81286512543204,DE-West,S005,0.7325095187780196,0.4684800814826714,opportunistic_teaming,0
M0152,6.861816996694528,Mid-career proxy,seniority_years proxy because no manager age column exists in the workbook,Local,region proxy because no manager local/non-local column exists,Mid-career proxy | Local,6.861816996694528,DE-East,S009,-0.6272549443380634,0.9040952952542443,fearful_exclusion,1
M0153,3.080199790309239,Early-career proxy,seniority_years proxy because no manager age column exists in the workbook,Local,region proxy because no manager local/non-local column exists,Early-career proxy | Local,3.080199790309239,DE-West,S012,0.41996045128808,0.2166819093373963,opportunistic_teaming,1
M0154,7.393222723404246,Mid-career proxy,seniority_years proxy because no manager age column exists in the workbook,Local,region proxy because no manager local/non-local column exists,Mid-career proxy | Local,7.393222723404246,DE-East,S007,0.4906522858206604,0.4245235282536253,opportunistic_teaming,1
M0155,1.615981815933065,Early-career proxy,seniority_years proxy because no manager age column exists in the workbook,Non-local,region proxy because no manager local/non-local column exists,Early-career proxy | Non-local,1.615981815933065,EU-Other,S002,-0.6326509683428441,0.8360344421786685,fearful_exclusion,0
M0156,10.50688075599614,Senior-career proxy,seniority_years proxy because no manager age column exists in the workbook,Non-local,region proxy because no manager local/non-local column exists,Senior-career proxy | Non-local,10.50688075599614,EU-Other,S006,-0.5710308055528565,0.6149387685592275,fearful_exclusion,0
M0157,5.659167051564371,Mid-career proxy,seniority_years proxy because no manager age column exists in the workbook,Non-local,region proxy because no manager local/non-local column exists,Mid-career proxy | Non-local,5.659167051564371,EU-Other,S006,-0.4744186165168872,0.8087389523625502,fearful_exclusion,1
M0158,7.033314737951498,Mid-career proxy,seniority_years proxy because no manager age column exists in the workbook,Local,region proxy because no manager local/non-local column exists,Mid-career proxy | Local,7.033314737951498,DE-West,S005,-0.2643013766356562,0.6506587789415901,fearful_exclusion,0
M0159,10.55526991573661,Senior-career proxy,seniority_years proxy because no manager age column exists in the workbook,Local,region proxy because no manager local/non-local column exists,Senior-career proxy | Local,10.55526991573661,DE-West,S012,0.3998282659689074,0.0787285466388507,opportunistic_teaming,1
M0160,11.38841206251329,Senior-career proxy,seniority_years proxy because no manager age column exists in the workbook,Local,region proxy because no manager local/non-local column exists,Senior-career proxy | Local,11.38841206251329,DE-East,S003,-0.85039585416025,0.7171044306555032,fearful_exclusion,1
M0161,1.7806348162565,Early-career proxy,seniority_years proxy because no manager age column exists in the workbook,Local,region proxy because no manager local/non-local column exists,Early-career proxy | Local,1.7806348162565,DE-South,S010,-0.8146046334695531,0.4049725585166053,controlled_opening,1
M0162,3.448255003980611,Early-career proxy,seniority_years proxy because no manager age column exists in the workbook,Non-local,region proxy because no manager local/non-local column exists,Early-career proxy | Non-local,3.448255003980611,EU-Other,S006,0.004692053400372778,0.5020399281680977,controlled_opening,0
M0163,3.646633049719278,Early-career proxy,seniority_years proxy because no manager age column exists in the workbook,Local,region proxy because no manager local/non-local column exists,Early-career proxy | Local,3.646633049719278,DE-South,S010,-0.5564743670113668,0.6039948423776528,fearful_exclusion,0
M0164,1.632382908522782,Early-career proxy,seniority_years proxy because no manager age column exists in the workbook,Local,region proxy because no manager local/non-local column exists,Early-career proxy | Local,1.632382908522782,DE-West,S005,0.009299496333447843,0.4525625245293801,fearful_exclusion,1
M0165,7.786424388770957,Mid-career proxy,seniority_years proxy because no manager age column exists in the workbook,Local,region proxy because no manager local/non-local column exists,Mid-career proxy | Local,7.786424388770957,DE-West,S011,-0.6930582120088539,0.5430106878588994,fearful_exclusion,0
M0166,9.915175509358733,Senior-career proxy,seniority_years proxy because no manager age column exists in the workbook,Local,region proxy because no manager local/non-local column exists,Senior-career proxy | Local,9.915175509358733,DE-East,S009,-0.4056693788149024,0.489290828646632,controlled_opening,1
M0167,2.025792662330462,Early-career proxy,seniority_years proxy because no manager age column exists in the workbook,Local,region proxy because no manager local/non-local column exists,Early-career proxy | Local,2.025792662330462,DE-East,S008,0.8026283996663013,0.2939278009415827,opportunistic_teaming,0
M0168,10.51997909964985,Senior-career proxy,seniority_years proxy because no manager age column exists in the workbook,Local,region proxy because no manager local/non-local column exists,Senior-career proxy | Local,10.51997909964985,DE-West,S005,0.1624369586684703,0.4554953950293162,controlled_opening,1
M0169,3.876661304338159,Early-career proxy,seniority_years proxy because no manager age column exists in the workbook,Local,region proxy because no manager local/non-local column exists,Early-career proxy | Local,3.876661304338159,DE-East,S007,0.2042371452668428,0.7236785541274656,controlled_opening,1
M0170,6.356268928897082,Mid-career proxy,seniority_years proxy because no manager age column exists in the workbook,Local,region proxy because no manager local/non-local column exists,Mid-career proxy | Local,6.356268928897082,DE-East,S008,-0.0852427677444565,0.3891954310454264,fearful_exclusion,0
M0171,9.518978423057046,Senior-career proxy,seniority_years proxy because no manager age column exists in the workbook,Non-local,region proxy because no manager local/non-local column exists,Senior-career proxy | Non-local,9.518978423057046,EU-Other,S002,-0.00499300096380717,0.5179581978061828,controlled_opening,1
M0172,5.517300197325921,Mid-career proxy,seniority_years proxy because no manager age column exists in the workbook,Local,region proxy because no manager local/non-local column exists,Mid-career proxy | Local,5.517300197325921,DE-East,S007,-0.05362029769977979,0.5831139756919419,controlled_opening,1
M0173,10.34675966079474,Senior-career proxy,seniority_years proxy because no manager age column exists in the workbook,Non-local,region proxy because no manager local/non-local column exists,Senior-career proxy | Non-local,10.34675966079474,EU-Other,S006,0.2619130471891328,0.6559836439012914,opportunistic_teaming,0
M0174,6.502087634277972,Mid-career proxy,seniority_years proxy because no manager age column exists in the workbook,Local,region proxy because no manager local/non-local column exists,Mid-career proxy | Local,6.502087634277972,DE-West,S011,-0.3256354797852877,0.783159021436882,fearful_exclusion,0
M0175,5.717969465306337,Mid-career proxy,seniority_years proxy because no manager age column exists in the workbook,Local,region proxy because no manager local/non-local column exists,Mid-career proxy | Local,5.717969465306337,DE-East,S008,0.1607179254953119,0.4902769520962838,controlled_opening,1
M0176,7.488863421322982,Mid-career proxy,seniority_years proxy because no manager age column exists in the workbook,Local,region proxy because no manager local/non-local column exists,Mid-career proxy | Local,7.488863421322982,DE-South,S010,0.4367374409448171,0.5062723329082298,opportunistic_teaming,1
M0177,7.666562279155387,Mid-career proxy,seniority_years proxy because no manager age column exists in the workbook,Non-local,region proxy because no manager local/non-local column exists,Mid-career proxy | Non-local,7.666562279155387,EU-Other,S002,-0.1445648807350705,0.5038290676147501,controlled_opening,1
M0178,7.188844842227252,Mid-career proxy,seniority_years proxy because no manager age column exists in the workbook,Local,region proxy because no manager local/non-local column exists,Mid-career proxy | Local,7.188844842227252,DE-West,S005,0.2379548632979192,0.276628088143998,opportunistic_teaming,1
M0179,13.32436314006418,Senior-career proxy,seniority_years proxy because no manager age column exists in the workbook,Local,region proxy because no manager local/non-local column exists,Senior-career proxy | Local,13.32436314006418,DE-East,S008,-0.3735736474149851,0.209121710437874,controlled_opening,1
M0180,7.076204437681293,Mid-career proxy,seniority_years proxy because no manager age column exists in the workbook,Local,region proxy because no manager local/non-local column exists,Mid-career proxy | Local,7.076204437681293,DE-West,S012,0.1267159300929857,0.3493615742579137,controlled_opening,1
M0181,9.733075707604552,Senior-career proxy,seniority_years proxy because no manager age column exists in the workbook,Local,region proxy because no manager local/non-local column exists,Senior-career proxy | Local,9.733075707604552,DE-East,S008,-0.7786030116832898,0.9084093841790336,fearful_exclusion,0
M0182,3.909362038803688,Early-career proxy,seniority_years proxy because no manager age column exists in the workbook,Local,region proxy because no manager local/non-local column exists,Early-career proxy | Local,3.909362038803688,DE-West,S011,-0.384022073115624,0.6580952255234814,fearful_exclusion,0
M0183,6.825454462379742,Mid-career proxy,seniority_years proxy because no manager age column exists in the workbook,Non-local,region proxy because no manager local/non-local column exists,Mid-career proxy | Non-local,6.825454462379742,EU-Other,S006,-0.5663569360027683,1.0,fearful_exclusion,1
M0184,8.146697610075801,Senior-career proxy,seniority_years proxy because no manager age column exists in the workbook,Non-local,region proxy because no manager local/non-local column exists,Senior-career proxy | Non-local,8.146697610075801,EU-Other,S002,-0.1575060113545865,0.6155965800062997,controlled_opening,0
M0185,4.770161216722717,Mid-career proxy,seniority_years proxy because no manager age column exists in the workbook,Local,region proxy because no manager local/non-local column exists,Mid-career proxy | Local,4.770161216722717,DE-West,S011,-0.4241715738809964,0.6304661251864893,controlled_opening,0
M0186,9.150114829099028,Senior-career proxy,seniority_years proxy because no manager age column exists in the workbook,Non-local,region proxy because no manager local/non-local column exists,Senior-career proxy | Non-local,9.150114829099028,EU-Other,S002,-0.4237123739368743,0.6609908470742212,fearful_exclusion,0
M0187,3.028470566292205,Early-career proxy,seniority_years proxy because no manager age column exists in the workbook,Local,region proxy because no manager local/non-local column exists,Early-career proxy | Local,3.028470566292205,DE-West,S011,-1.0,0.6993296171048959,fearful_exclusion,0
M0188,6.998059972611742,Mid-career proxy,seniority_years proxy because no manager age column exists in the workbook,Local,region proxy because no manager local/non-local column exists,Mid-career proxy | Local,6.998059972611742,DE-South,S010,-0.6017378905257978,0.737682389260215,fearful_exclusion,0
M0189,5.769725780955556,Mid-career proxy,seniority_years proxy because no manager age column exists in the workbook,Local,region proxy because no manager local/non-local column exists,Mid-career proxy | Local,5.769725780955556,DE-West,S011,-0.02055883283049138,0.646109312572085,controlled_opening,0
M0190,6.505086216627693,Mid-career proxy,seniority_years proxy because no manager age column exists in the workbook,Local,region proxy because no manager local/non-local column exists,Mid-career proxy | Local,6.505086216627693,DE-West,S005,-0.2021767264088792,0.958465190821715,fearful_exclusion,1
M0191,4.531967072687311,Mid-career proxy,seniority_years proxy because no manager age column exists in the workbook,Local,region proxy because no manager local/non-local column exists,Mid-career proxy | Local,4.531967072687311,DE-West,S012,-0.02669983345608071,0.4704161511745129,controlled_opening,1
M0192,2.48100286035891,Early-career proxy,seniority_years proxy because no manager age column exists in the workbook,Local,region proxy because no manager local/non-local column exists,Early-career proxy | Local,2.48100286035891,DE-East,S003,-0.9116905070311228,0.7469259105814328,fearful_exclusion,0
M0193,6.062550779009334,Mid-career proxy,seniority_years proxy because no manager age column exists in the workbook,Non-local,region proxy because no manager local/non-local column exists,Mid-career proxy | Non-local,6.062550779009334,EU-Other,S001,0.2092622845442811,0.4103534745464208,opportunistic_teaming,0
M0194,6.743611732667135,Mid-career proxy,seniority_years proxy because no manager age column exists in the workbook,Local,region proxy because no manager local/non-local column exists,Mid-career proxy | Local,6.743611732667135,DE-East,S008,-0.1716914833414532,0.545143756410728,controlled_opening,0
M0195,7.117891668623238,Mid-career proxy,seniority_years proxy because no manager age column exists in the workbook,Local,region proxy because no manager local/non-local column exists,Mid-career proxy | Local,7.117891668623238,DE-East,S007,-0.1431552467800862,0.7839989360187725,fearful_exclusion,1
M0196,6.66297447959631,Mid-career proxy,seniority_years proxy because no manager age column exists in the workbook,Local,region proxy because no manager local/non-local column exists,Mid-career proxy | Local,6.66297447959631,DE-East,S009,0.2634032063020899,0.2993933431272576,opportunistic_teaming,0
M0197,3.271509462813291,Early-career proxy,seniority_years proxy because no manager age column exists in the workbook,Local,region proxy because no manager local/non-local column exists,Early-career proxy | Local,3.271509462813291,DE-West,S012,0.3148913468794425,0.754288214767011,controlled_opening,0
M0198,7.053396768586865,Mid-career proxy,seniority_years proxy because no manager age column exists in the workbook,Local,region proxy because no manager local/non-local column exists,Mid-career proxy | Local,7.053396768586865,DE-East,S008,-0.2340941927526949,0.6866891282352955,controlled_opening,0
M0199,9.764679436306443,Senior-career proxy,seniority_years proxy because no manager age column exists in the workbook,Local,region proxy because no manager local/non-local column exists,Senior-career proxy | Local,9.764679436306443,DE-West,S005,-0.02326117552986667,0.6890063637189761,controlled_opening,1
M0200,3.990095372692322,Early-career proxy,seniority_years proxy because no manager age column exists in the workbook,Non-local,region proxy because no manager local/non-local column exists,Early-career proxy | Non-local,3.990095372692322,EU-Other,S006,-0.2598026953524082,0.4023698657330298,controlled_opening,1
M0201,10.85723393218373,Senior-career proxy,seniority_years proxy because no manager age column exists in the workbook,Local,region proxy because no manager local/non-local column exists,Senior-career proxy | Local,10.85723393218373,DE-West,S011,1.0,0.28228435908537,opportunistic_teaming,0
M0202,7.519393342313899,Mid-career proxy,seniority_years proxy because no manager age column exists in the workbook,Non-local,region proxy because no manager local/non-local column exists,Mid-career proxy | Non-local,7.519393342313899,EU-Other,S002,0.1766587511058932,0.4769020842569989,controlled_opening,0
M0203,8.384437503962749,Senior-career proxy,seniority_years proxy because no manager age column exists in the workbook,Local,region proxy because no manager local/non-local column exists,Senior-career proxy | Local,8.384437503962749,DE-East,S004,0.01571894460497621,0.5359762540891976,controlled_opening,0
M0204,6.150032503730266,Mid-career proxy,seniority_years proxy because no manager age column exists in the workbook,Non-local,region proxy because no manager local/non-local column exists,Mid-career proxy | Non-local,6.150032503730266,EU-Other,S001,-0.6443667012853015,0.8582497667304657,fearful_exclusion,1
M0205,4.351510440151095,Mid-career proxy,seniority_years proxy because no manager age column exists in the workbook,Non-local,region proxy because no manager local/non-local column exists,Mid-career proxy | Non-local,4.351510440151095,EU-Other,S002,-0.2881761364644219,0.6264479786325026,controlled_opening,0
M0206,10.12054668339699,Senior-career proxy,seniority_years proxy because no manager age column exists in the workbook,Local,region proxy because no manager local/non-local column exists,Senior-career proxy | Local,10.12054668339699,DE-East,S009,0.4308698621743849,0.5747200816796659,controlled_opening,1
M0207,6.579991901452075,Mid-career proxy,seniority_years proxy because no manager age column exists in the workbook,Local,region proxy because no manager local/non-local column exists,Mid-career proxy | Local,6.579991901452075,DE-East,S008,-0.3965930081901293,0.7347762348118434,controlled_opening,0
M0208,3.927772589827603,Early-career proxy,seniority_years proxy because no manager age column exists in the workbook,Local,region proxy because no manager local/non-local column exists,Early-career proxy | Local,3.927772589827603,DE-East,S009,0.429989342362356,0.3627751579919219,opportunistic_teaming,1
M0209,6.907630856478286,Mid-career proxy,seniority_years proxy because no manager age column exists in the workbook,Local,region proxy because no manager local/non-local column exists,Mid-career proxy | Local,6.907630856478286,DE-East,S008,-1.0,0.7887732209290291,fearful_exclusion,0
M0210,3.430099166769313,Early-career proxy,seniority_years proxy because no manager age column exists in the workbook,Non-local,region proxy because no manager local/non-local column exists,Early-career proxy | Non-local,3.430099166769313,EU-Other,S006,-0.3294545780530594,0.5115240897923721,fearful_exclusion,0
M0211,3.662255675775895,Early-career proxy,seniority_years proxy because no manager age column exists in the workbook,Non-local,region proxy because no manager local/non-local column exists,Early-career proxy | Non-local,3.662255675775895,EU-Other,S001,-1.0,0.6365903817794668,fearful_exclusion,1
M0212,12.39729329810204,Senior-career proxy,seniority_years proxy because no manager age column exists in the workbook,Non-local,region proxy because no manager local/non-local column exists,Senior-career proxy | Non-local,12.39729329810204,EU-Other,S002,0.005560568629714935,0.5646720044785235,opportunistic_teaming,0
M0213,5.735151788985988,Mid-career proxy,seniority_years proxy because no manager age column exists in the workbook,Local,region proxy because no manager local/non-local column exists,Mid-career proxy | Local,5.735151788985988,DE-East,S004,-0.2908376293652278,1.0,fearful_exclusion,1
M0214,6.191968105646992,Mid-career proxy,seniority_years proxy because no manager age column exists in the workbook,Non-local,region proxy because no manager local/non-local column exists,Mid-career proxy | Non-local,6.191968105646992,EU-Other,S002,0.3678354208569521,0.3648137650795422,controlled_opening,0
M0215,1.321055556765883,Early-career proxy,seniority_years proxy because no manager age column exists in the workbook,Non-local,region proxy because no manager local/non-local column exists,Early-career proxy | Non-local,1.321055556765883,EU-Other,S002,0.0353920752916943,0.4357767897356856,controlled_opening,0
M0216,3.784472890101982,Early-career proxy,seniority_years proxy because no manager age column exists in the workbook,Local,region proxy because no manager local/non-local column exists,Early-career proxy | Local,3.784472890101982,DE-West,S012,-0.5430812650256793,0.4764807288740331,controlled_opening,0
M0217,2.959723742079639,Early-career proxy,seniority_years proxy because no manager age column exists in the workbook,Local,region proxy because no manager local/non-local column exists,Early-career proxy | Local,2.959723742079639,DE-West,S012,0.04279448033144639,0.8510711444774239,controlled_opening,0
M0218,10.31778384660432,Senior-career proxy,seniority_years proxy because no manager age column exists in the workbook,Local,region proxy because no manager local/non-local column exists,Senior-career proxy | Local,10.31778384660432,DE-South,S010,-0.7144492785477298,1.0,fearful_exclusion,1
M0219,8.250567016098202,Senior-career proxy,seniority_years proxy because no manager age column exists in the workbook,Local,region proxy because no manager local/non-local column exists,Senior-career proxy | Local,8.250567016098202,DE-West,S005,0.006834561192088459,0.3442446444570735,controlled_opening,1
M0220,4.542853661921892,Mid-career proxy,seniority_years proxy because no manager age column exists in the workbook,Local,region proxy because no manager local/non-local column exists,Mid-career proxy | Local,4.542853661921892,DE-South,S010,-0.3822243293518056,0.8357781880935842,fearful_exclusion,1
M0221,6.12716627476859,Mid-career proxy,seniority_years proxy because no manager age column exists in the workbook,Local,region proxy because no manager local/non-local column exists,Mid-career proxy | Local,6.12716627476859,DE-South,S010,-0.2486261541386974,0.3075477917800818,opportunistic_teaming,1
M0222,5.41678435760243,Mid-career proxy,seniority_years proxy because no manager age column exists in the workbook,Local,region proxy because no manager local/non-local column exists,Mid-career proxy | Local,5.41678435760243,DE-East,S009,-0.494497715860244,0.6935456306201697,controlled_opening,1
M0223,1.365531145322933,Early-career proxy,seniority_years proxy because no manager age column exists in the workbook,Local,region proxy because no manager local/non-local column exists,Early-career proxy | Local,1.365531145322933,DE-West,S005,-0.380704424204875,0.6427150234836734,fearful_exclusion,1
M0224,5.98668809750512,Mid-career proxy,seniority_years proxy because no manager age column exists in the workbook,Local,region proxy because no manager local/non-local column exists,Mid-career proxy | Local,5.98668809750512,DE-East,S003,0.1809320173769451,0.5701254235117849,opportunistic_teaming,0
M0225,5.758928037766638,Mid-career proxy,seniority_years proxy because no manager age column exists in the workbook,Local,region proxy because no manager local/non-local column exists,Mid-career proxy | Local,5.758928037766638,DE-South,S010,-0.6620594824022725,0.4195846329350093,fearful_exclusion,1
M0226,10.53402771071366,Senior-career proxy,seniority_years proxy because no manager age column exists in the workbook,Local,region proxy because no manager local/non-local column exists,Senior-career proxy | Local,10.53402771071366,DE-East,S007,-0.1381499129904757,0.8396090572777601,controlled_opening,1
M0227,6.83761264291575,Mid-career proxy,seniority_years proxy because no manager age column exists in the workbook,Local,region proxy because no manager local/non-local column exists,Mid-career proxy | Local,6.83761264291575,DE-East,S003,-0.7179139584332045,0.8865336465176095,fearful_exclusion,1
M0228,6.044266187922042,Mid-career proxy,seniority_years proxy because no manager age column exists in the workbook,Non-local,region proxy because no manager local/non-local column exists,Mid-career proxy | Non-local,6.044266187922042,EU-Other,S006,-0.0286194855436982,0.6371854666348542,fearful_exclusion,0
M0229,7.15095555306142,Mid-career proxy,seniority_years proxy because no manager age column exists in the workbook,Local,region proxy because no manager local/non-local column exists,Mid-career proxy | Local,7.15095555306142,DE-West,S012,-0.09083677150663871,1.0,fearful_exclusion,1
M0230,9.756397563182736,Senior-career proxy,seniority_years proxy because no manager age column exists in the workbook,Local,region proxy because no manager local/non-local column exists,Senior-career proxy | Local,9.756397563182736,DE-West,S012,-0.3195105783619195,0.7936490457299159,fearful_exclusion,1
M0231,2.121567439374889,Early-career proxy,seniority_years proxy because no manager age column exists in the workbook,Non-local,region proxy because no manager local/non-local column exists,Early-career proxy | Non-local,2.121567439374889,EU-Other,S001,-1.0,0.6837195837819812,fearful_exclusion,1
M0232,4.319466785598056,Mid-career proxy,seniority_years proxy because no manager age column exists in the workbook,Non-local,region proxy because no manager local/non-local column exists,Mid-career proxy | Non-local,4.319466785598056,EU-Other,S006,-0.441366242754491,0.5369816143402685,fearful_exclusion,0
M0233,6.663140684150568,Mid-career proxy,seniority_years proxy because no manager age column exists in the workbook,Local,region proxy because no manager local/non-local column exists,Mid-career proxy | Local,6.663140684150568,DE-East,S003,0.7980378153794061,0.2975871608451311,opportunistic_teaming,1
M0234,4.056346891738719,Mid-career proxy,seniority_years proxy because no manager age column exists in the workbook,Local,region proxy because no manager local/non-local column exists,Mid-career proxy | Local,4.056346891738719,DE-West,S011,-1.0,1.0,fearful_exclusion,0
M0235,6.261097761805212,Mid-career proxy,seniority_years proxy because no manager age column exists in the workbook,Non-local,region proxy because no manager local/non-local column exists,Mid-career proxy | Non-local,6.261097761805212,EU-Other,S006,-0.5642227188467738,0.527507034368815,fearful_exclusion,1
M0236,4.265286428418122,Mid-career proxy,seniority_years proxy because no manager age column exists in the workbook,Local,region proxy because no manager local/non-local column exists,Mid-career proxy | Local,4.265286428418122,DE-East,S008,-0.5720874099005172,1.0,fearful_exclusion,0
M0237,15.75349386509601,Senior-career proxy,seniority_years proxy because no manager age column exists in the workbook,Local,region proxy because no manager local/non-local column exists,Senior-career proxy | Local,15.75349386509601,DE-South,S010,-0.1350159136740207,0.6085795848782015,fearful_exclusion,1
M0238,1.585824341319084,Early-career proxy,seniority_years proxy because no manager age column exists in the workbook,Local,region proxy because no manager local/non-local column exists,Early-career proxy | Local,1.585824341319084,DE-West,S012,-0.2799817721263521,0.4768951197313094,controlled_opening,0
M0239,3.732574434134993,Early-career proxy,seniority_years proxy because no manager age column exists in the workbook,Local,region proxy because no manager local/non-local column exists,Early-career proxy | Local,3.732574434134993,DE-West,S005,-0.5011819329185898,0.7349976882374105,fearful_exclusion,0
M0240,3.117658077561572,Early-career proxy,seniority_years proxy because no manager age column exists in the workbook,Local,region proxy because no manager local/non-local column exists,Early-career proxy | Local,3.117658077561572,DE-West,S012,-0.6602153898076702,0.6214958819303752,fearful_exclusion,0
M0241,10.16086498716227,Senior-career proxy,seniority_years proxy because no manager age column exists in the workbook,Local,region proxy because no manager local/non-local column exists,Senior-career proxy | Local,10.16086498716227,DE-West,S005,-0.7383673099918826,0.6859284831358741,fearful_exclusion,1
M0242,1.961319919438939,Early-career proxy,seniority_years proxy because no manager age column exists in the workbook,Non-local,region proxy because no manager local/non-local column exists,Early-career proxy | Non-local,1.961319919438939,EU-Other,S006,0.4756014702189514,0.6260479614379835,controlled_opening,0
M0243,10.38011638583574,Senior-career proxy,seniority_years proxy because no manager age column exists in the workbook,Local,region proxy because no manager local/non-local column exists,Senior-career proxy | Local,10.38011638583574,DE-East,S003,0.151006282784916,0.9558259554264182,controlled_opening,1
M0244,4.808484364683244,Mid-career proxy,seniority_years proxy because no manager age column exists in the workbook,Non-local,region proxy because no manager local/non-local column exists,Mid-career proxy | Non-local,4.808484364683244,EU-Other,S001,0.1678243525009081,0.7419451701569578,controlled_opening,0
M0245,3.095858858248086,Early-career proxy,seniority_years proxy because no manager age column exists in the workbook,Local,region proxy because no manager local/non-local column exists,Early-career proxy | Local,3.095858858248086,DE-East,S007,-0.3210469609640542,0.5280597590961711,controlled_opening,1
M0246,4.898692049031448,Mid-career proxy,seniority_years proxy because no manager age column exists in the workbook,Local,region proxy because no manager local/non-local column exists,Mid-career proxy | Local,4.898692049031448,DE-West,S011,0.9142351348646917,0.4615344154089136,opportunistic_teaming,1
M0247,0.2663752625827511,Early-career proxy,seniority_years proxy because no manager age column exists in the workbook,Non-local,region proxy because no manager local/non-local column exists,Early-career proxy | Non-local,0.2663752625827511,EU-Other,S006,-0.7023718533268885,0.6638918896405095,controlled_opening,0
M0248,4.64533323461702,Mid-career proxy,seniority_years proxy because no manager age column exists in the workbook,Local,region proxy because no manager local/non-local column exists,Mid-career proxy | Local,4.64533323461702,DE-South,S010,-0.140045326899039,0.7610523610033468,controlled_opening,1
M0249,7.05277834531292,Mid-career proxy,seniority_years proxy because no manager age column exists in the workbook,Local,region proxy because no manager local/non-local column exists,Mid-career proxy | Local,7.05277834531292,DE-West,S012,-0.7502420615592996,0.7676965833596922,fearful_exclusion,1
M0250,8.528236426246023,Senior-career proxy,seniority_years proxy because no manager age column exists in the workbook,Local,region proxy because no manager local/non-local column exists,Senior-career proxy | Local,8.528236426246023,DE-West,S005,0.04966067015174846,0.4531358604082774,opportunistic_teaming,1
M0251,2.589130292289106,Early-career proxy,seniority_years proxy because no manager age column exists in the workbook,Local,region proxy because no manager local/non-local column exists,Early-career proxy | Local,2.589130292289106,DE-East,S004,0.3401264705921971,0.5872327697973858,opportunistic_teaming,1
M0252,5.625133271645875,Mid-career proxy,seniority_years proxy because no manager age column exists in the workbook,Local,region proxy because no manager local/non-local column exists,Mid-career proxy | Local,5.625133271645875,DE-East,S008,-0.04534417884295172,0.7998911061173836,fearful_exclusion,0
M0253,7.262462608946377,Mid-career proxy,seniority_years proxy because no manager age column exists in the workbook,Non-local,region proxy because no manager local/non-local column exists,Mid-career proxy | Non-local,7.262462608946377,EU-Other,S002,-0.5996809637734676,0.7575215506068648,fearful_exclusion,0
M0254,3.961988704674278,Early-career proxy,seniority_years proxy because no manager age column exists in the workbook,Non-local,region proxy because no manager local/non-local column exists,Early-career proxy | Non-local,3.961988704674278,EU-Other,S006,0.05739655501422047,0.5755636321811446,fearful_exclusion,1
M0255,8.967093814840977,Senior-career proxy,seniority_years proxy because no manager age column exists in the workbook,Non-local,region proxy because no manager local/non-local column exists,Senior-career proxy | Non-local,8.967093814840977,EU-Other,S006,-0.8405399348221777,0.7536873181409665,fearful_exclusion,0
M0256,5.982126996825679,Mid-career proxy,seniority_years proxy because no manager age column exists in the workbook,Local,region proxy because no manager local/non-local column exists,Mid-career proxy | Local,5.982126996825679,DE-South,S010,0.03491937686245025,0.7378888799606325,controlled_opening,0
M0257,0.6110438288137425,Early-career proxy,seniority_years proxy because no manager age column exists in the workbook,Local,region proxy because no manager local/non-local column exists,Early-career proxy | Local,0.6110438288137425,DE-East,S009,-0.2275611203796939,0.6629045089685327,controlled_opening,1
M0258,6.065791484655314,Mid-career proxy,seniority_years proxy because no manager age column exists in the workbook,Local,region proxy because no manager local/non-local column exists,Mid-career proxy | Local,6.065791484655314,DE-East,S008,-1.0,0.7234122814094128,fearful_exclusion,1
M0259,0.8270409311839275,Early-career proxy,seniority_years proxy because no manager age column exists in the workbook,Non-local,region proxy because no manager local/non-local column exists,Early-career proxy | Non-local,0.8270409311839275,EU-Other,S001,-0.1142807317535848,0.5657193311062905,controlled_opening,0
M0260,5.719333330532681,Mid-career proxy,seniority_years proxy because no manager age column exists in the workbook,Local,region proxy because no manager local/non-local column exists,Mid-career proxy | Local,5.719333330532681,DE-West,S005,-0.1304194478401459,0.6432364046986582,fearful_exclusion,0
M0261,3.066637312467325,Early-career proxy,seniority_years proxy because no manager age column exists in the workbook,Local,region proxy because no manager local/non-local column exists,Early-career proxy | Local,3.066637312467325,DE-East,S009,-0.02042446024659976,0.7117628659742002,controlled_opening,0
M0262,6.100467097140543,Mid-career proxy,seniority_years proxy because no manager age column exists in the workbook,Non-local,region proxy because no manager local/non-local column exists,Mid-career proxy | Non-local,6.100467097140543,EU-Other,S006,-0.9072242163706485,0.6207677536642153,fearful_exclusion,1
M0263,5.629705615078179,Mid-career proxy,seniority_years proxy because no manager age column exists in the workbook,Local,region proxy because no manager local/non-local column exists,Mid-career proxy | Local,5.629705615078179,DE-South,S010,-0.3618186132386565,0.5700814263120093,controlled_opening,1
M0264,11.26738412249713,Senior-career proxy,seniority_years proxy because no manager age column exists in the workbook,Local,region proxy because no manager local/non-local column exists,Senior-career proxy | Local,11.26738412249713,DE-West,S012,-0.9202590144052106,0.6093086950811757,fearful_exclusion,1
M0265,2.031847272924274,Early-career proxy,seniority_years proxy because no manager age column exists in the workbook,Local,region proxy because no manager local/non-local column exists,Early-career proxy | Local,2.031847272924274,DE-West,S012,0.2980536493688001,0.4737271436210979,controlled_opening,0
M0266,7.196060254400657,Mid-career proxy,seniority_years proxy because no manager age column exists in the workbook,Local,region proxy because no manager local/non-local column exists,Mid-career proxy | Local,7.196060254400657,DE-South,S010,0.6617120081250029,0.4886424787995216,controlled_opening,0
M0267,8.584456255733716,Senior-career proxy,seniority_years proxy because no manager age column exists in the workbook,Local,region proxy because no manager local/non-local column exists,Senior-career proxy | Local,8.584456255733716,DE-East,S009,-0.03367834704876459,0.8586722012050594,controlled_opening,0
M0268,0.0,Early-career proxy,seniority_years proxy because no manager age column exists in the workbook,Local,region proxy because no manager local/non-local column exists,Early-career proxy | Local,0.0,DE-East,S004,-0.6052599788996598,0.5309410827791232,controlled_opening,1
M0269,5.883386885419964,Mid-career proxy,seniority_years proxy because no manager age column exists in the workbook,Non-local,region proxy because no manager local/non-local column exists,Mid-career proxy | Non-local,5.883386885419964,EU-Other,S002,-0.7355026153887635,0.6842893016630527,fearful_exclusion,0
M0270,8.723279501144216,Senior-career proxy,seniority_years proxy because no manager age column exists in the workbook,Local,region proxy because no manager local/non-local column exists,Senior-career proxy | Local,8.723279501144216,DE-East,S003,-0.9258647199209489,0.79359499438491,fearful_exclusion,0
M0271,6.672591727154677,Mid-career proxy,seniority_years proxy because no manager age column exists in the workbook,Non-local,region proxy because no manager local/non-local column exists,Mid-career proxy | Non-local,6.672591727154677,EU-Other,S006,0.4795756926365159,0.5271098709787165,opportunistic_teaming,0
M0272,10.05409596406732,Senior-career proxy,seniority_years proxy because no manager age column exists in the workbook,Non-local,region proxy because no manager local/non-local column exists,Senior-career proxy | Non-local,10.05409596406732,EU-Other,S006,0.1740762064120801,0.3301144874706869,controlled_opening,1
M0273,9.322585563425237,Senior-career proxy,seniority_years proxy because no manager age column exists in the workbook,Local,region proxy because no manager local/non-local column exists,Senior-career proxy | Local,9.322585563425237,DE-South,S010,-0.7802998459999344,0.7649134035847134,fearful_exclusion,1
M0274,0.6932971843435265,Early-career proxy,seniority_years proxy because no manager age column exists in the workbook,Local,region proxy because no manager local/non-local column exists,Early-career proxy | Local,0.6932971843435265,DE-West,S005,-0.7444976632025497,0.5765684044886276,fearful_exclusion,1
M0275,6.616340295945706,Mid-career proxy,seniority_years proxy because no manager age column exists in the workbook,Non-local,region proxy because no manager local/non-local column exists,Mid-career proxy | Non-local,6.616340295945706,EU-Other,S006,0.09748231219638134,0.4008263442594263,controlled_opening,1
M0276,8.62875373826785,Senior-career proxy,seniority_years proxy because no manager age column exists in the workbook,Local,region proxy because no manager local/non-local column exists,Senior-career proxy | Local,8.62875373826785,DE-East,S008,-0.1665812587962199,0.6772792687065505,fearful_exclusion,1
M0277,3.913340221861072,Early-career proxy,seniority_years proxy because no manager age column exists in the workbook,Non-local,region proxy because no manager local/non-local column exists,Early-career proxy | Non-local,3.913340221861072,EU-Other,S002,-0.2315394399384855,0.770153822498065,fearful_exclusion,0
M0278,14.07644051629888,Senior-career proxy,seniority_years proxy because no manager age column exists in the workbook,Local,region proxy because no manager local/non-local column exists,Senior-career proxy | Local,14.07644051629888,DE-West,S011,-0.5423432045402757,0.7630339830453041,fearful_exclusion,0
M0279,5.367309786848071,Mid-career proxy,seniority_years proxy because no manager age column exists in the workbook,Local,region proxy because no manager local/non-local column exists,Mid-career proxy | Local,5.367309786848071,DE-West,S012,-0.372631596736154,0.8022923926904196,fearful_exclusion,1
M0280,7.332838881201818,Mid-career proxy,seniority_years proxy because no manager age column exists in the workbook,Non-local,region proxy because no manager local/non-local column exists,Mid-career proxy | Non-local,7.332838881201818,EU-Other,S001,-0.8670342349213634,0.7635460048646674,fearful_exclusion,1
M0281,5.62822557613374,Mid-career proxy,seniority_years proxy because no manager age column exists in the workbook,Local,region proxy because no manager local/non-local column exists,Mid-career proxy | Local,5.62822557613374,DE-East,S004,-0.7449751965762789,0.6538401082488466,controlled_opening,0
M0282,9.268332847744883,Senior-career proxy,seniority_years proxy because no manager age column exists in the workbook,Local,region proxy because no manager local/non-local column exists,Senior-career proxy | Local,9.268332847744883,DE-West,S012,1.0,0.2255071774344155,opportunistic_teaming,0
M0283,3.572092266290611,Early-career proxy,seniority_years proxy because no manager age column exists in the workbook,Local,region proxy because no manager local/non-local column exists,Early-career proxy | Local,3.572092266290611,DE-East,S007,0.003754659971488383,0.6443840900124996,fearful_exclusion,1
M0284,3.32754462845509,Early-career proxy,seniority_years proxy because no manager age column exists in the workbook,Local,region proxy because no manager local/non-local column exists,Early-career proxy | Local,3.32754462845509,DE-West,S005,0.9047790021621198,0.2198712101264296,opportunistic_teaming,1
M0285,8.523966334818724,Senior-career proxy,seniority_years proxy because no manager age column exists in the workbook,Local,region proxy because no manager local/non-local column exists,Senior-career proxy | Local,8.523966334818724,DE-East,S004,-0.8351696418550879,1.0,fearful_exclusion,1
M0286,0.4501567163933604,Early-career proxy,seniority_years proxy because no manager age column exists in the workbook,Local,region proxy because no manager local/non-local column exists,Early-career proxy | Local,0.4501567163933604,DE-East,S008,-0.4298541642011984,0.5674282243809525,fearful_exclusion,1
M0287,7.417113030343182,Mid-career proxy,seniority_years proxy because no manager age column exists in the workbook,Local,region proxy because no manager local/non-local column exists,Mid-career proxy | Local,7.417113030343182,DE-East,S004,0.2557567689770156,0.5709951610752972,controlled_opening,1
M0288,5.274619051988347,Mid-career proxy,seniority_years proxy because no manager age column exists in the workbook,Non-local,region proxy because no manager local/non-local column exists,Mid-career proxy | Non-local,5.274619051988347,EU-Other,S006,0.5383895797227385,0.522567056459034,opportunistic_teaming,0
M0289,5.798035231716097,Mid-career proxy,seniority_years proxy because no manager age column exists in the workbook,Local,region proxy because no manager local/non-local column exists,Mid-career proxy | Local,5.798035231716097,DE-West,S012,-0.4404422565384906,0.9045089488919222,fearful_exclusion,0
M0290,8.431840967533017,Senior-career proxy,seniority_years proxy because no manager age column exists in the workbook,Local,region proxy because no manager local/non-local column exists,Senior-career proxy | Local,8.431840967533017,DE-West,S011,-0.855838136472196,0.7037949916985525,controlled_opening,0
M0291,9.583651779954995,Senior-career proxy,seniority_years proxy because no manager age column exists in the workbook,Local,region proxy because no manager local/non-local column exists,Senior-career proxy | Local,9.583651779954995,DE-East,S003,-0.5048060946914628,0.4959025222402283,controlled_opening,0
M0292,8.436640794536302,Senior-career proxy,seniority_years proxy because no manager age column exists in the workbook,Local,region proxy because no manager local/non-local column exists,Senior-career proxy | Local,8.436640794536302,DE-West,S012,-0.4732091152839217,0.6516783082112492,controlled_opening,1
M0293,7.011808012340884,Mid-career proxy,seniority_years proxy because no manager age column exists in the workbook,Local,region proxy because no manager local/non-local column exists,Mid-career proxy | Local,7.011808012340884,DE-East,S004,-0.5134394168183796,0.7799835522911783,fearful_exclusion,0
M0294,6.836073482825773,Mid-career proxy,seniority_years proxy because no manager age column exists in the workbook,Non-local,region proxy because no manager local/non-local column exists,Mid-career proxy | Non-local,6.836073482825773,EU-Other,S006,0.8927451004757767,0.2355523055627242,opportunistic_teaming,0
M0295,3.076595388812962,Early-career proxy,seniority_years proxy because no manager age column exists in the workbook,Local,region proxy because no manager local/non-local column exists,Early-career proxy | Local,3.076595388812962,DE-East,S007,0.1847172462542193,0.8042035011050223,fearful_exclusion,0
M0296,8.96441605063703,Senior-career proxy,seniority_years proxy because no manager age column exists in the workbook,Local,region proxy because no manager local/non-local column exists,Senior-career proxy | Local,8.96441605063703,DE-East,S007,0.9220922159370589,0.2640561232188159,opportunistic_teaming,0
M0297,2.033282313553351,Early-career proxy,seniority_years proxy because no manager age column exists in the workbook,Local,region proxy because no manager local/non-local column exists,Early-career proxy | Local,2.033282313553351,DE-East,S007,0.6988307532115852,0.04371864556042854,opportunistic_teaming,0
M0298,4.52951612496252,Mid-career proxy,seniority_years proxy because no manager age column exists in the workbook,Local,region proxy because no manager local/non-local column exists,Mid-career proxy | Local,4.52951612496252,DE-South,S010,0.07019215075330354,0.4382772624853721,opportunistic_teaming,1
M0299,7.950160825390692,Mid-career proxy,seniority_years proxy because no manager age column exists in the workbook,Local,region proxy because no manager local/non-local column exists,Mid-career proxy | Local,7.950160825390692,DE-East,S003,-0.4738863297897612,0.6054226335686823,fearful_exclusion,1
M0300,6.207583042770414,Mid-career proxy,seniority_years proxy because no manager age column exists in the workbook,Local,region proxy because no manager local/non-local column exists,Mid-career proxy | Local,6.207583042770414,DE-East,S004,-0.703702663231234,0.5872276392271806,fearful_exclusion,0
M0301,7.525380539442764,Mid-career proxy,seniority_years proxy because no manager age column exists in the workbook,Local,region proxy because no manager local/non-local column exists,Mid-career proxy | Local,7.525380539442764,DE-East,S007,0.3184761085619227,0.67695811300814,controlled_opening,1
M0302,2.743225709966266,Early-career proxy,seniority_years proxy because no manager age column exists in the workbook,Local,region proxy because no manager local/non-local column exists,Early-career proxy | Local,2.743225709966266,DE-West,S012,-0.5209328161648323,0.8985291893339555,fearful_exclusion,1
M0303,4.646552234292717,Mid-career proxy,seniority_years proxy because no manager age column exists in the workbook,Local,region proxy because no manager local/non-local column exists,Mid-career proxy | Local,4.646552234292717,DE-East,S007,-0.1315844157260951,0.5130001006854564,controlled_opening,1
M0304,13.0364128723334,Senior-career proxy,seniority_years proxy because no manager age column exists in the workbook,Local,region proxy because no manager local/non-local column exists,Senior-career proxy | Local,13.0364128723334,DE-East,S007,0.3889702162721299,0.6732787779076663,opportunistic_teaming,1
M0305,3.871261611072752,Early-career proxy,seniority_years proxy because no manager age column exists in the workbook,Non-local,region proxy because no manager local/non-local column exists,Early-career proxy | Non-local,3.871261611072752,EU-Other,S001,0.7350174219387621,0.6202440433196528,opportunistic_teaming,0
M0306,5.645560102121292,Mid-career proxy,seniority_years proxy because no manager age column exists in the workbook,Local,region proxy because no manager local/non-local column exists,Mid-career proxy | Local,5.645560102121292,DE-South,S010,-0.1068096824551632,0.5104787635695415,controlled_opening,1
M0307,0.0,Early-career proxy,seniority_years proxy because no manager age column exists in the workbook,Local,region proxy because no manager local/non-local column exists,Early-career proxy | Local,0.0,DE-South,S010,-1.0,0.9719821300698932,fearful_exclusion,1
M0308,7.015844842992463,Mid-career proxy,seniority_years proxy because no manager age column exists in the workbook,Local,region proxy because no manager local/non-local column exists,Mid-career proxy | Local,7.015844842992463,DE-West,S011,-0.3157459135757318,0.7138276479494833,fearful_exclusion,0
M0309,6.141905348960806,Mid-career proxy,seniority_years proxy because no manager age column exists in the workbook,Local,region proxy because no manager local/non-local column exists,Mid-career proxy | Local,6.141905348960806,DE-West,S011,-0.05666036413998609,0.5269400877912856,controlled_opening,0
M0310,3.181913840283641,Early-career proxy,seniority_years proxy because no manager age column exists in the workbook,Local,region proxy because no manager local/non-local column exists,Early-career proxy | Local,3.181913840283641,DE-East,S004,0.4817017966124609,0.2651227531687449,opportunistic_teaming,0
M0311,8.401117471310483,Senior-career proxy,seniority_years proxy because no manager age column exists in the workbook,Non-local,region proxy because no manager local/non-local column exists,Senior-career proxy | Non-local,8.401117471310483,EU-Other,S002,0.05748325707255439,0.5419572222791706,controlled_opening,0
M0312,9.705717267853455,Senior-career proxy,seniority_years proxy because no manager age column exists in the workbook,Local,region proxy because no manager local/non-local column exists,Senior-career proxy | Local,9.705717267853455,DE-West,S005,0.007080122244171067,0.7615476559725592,controlled_opening,0
M0313,5.658827266819529,Mid-career proxy,seniority_years proxy because no manager age column exists in the workbook,Local,region proxy because no manager local/non-local column exists,Mid-career proxy | Local,5.658827266819529,DE-West,S005,-0.9506393718267321,1.0,fearful_exclusion,1
M0314,10.39833649877882,Senior-career proxy,seniority_years proxy because no manager age column exists in the workbook,Local,region proxy because no manager local/non-local column exists,Senior-career proxy | Local,10.39833649877882,DE-West,S011,-0.4891568928059038,0.4980761512537708,controlled_opening,0
M0315,8.871625325237567,Senior-career proxy,seniority_years proxy because no manager age column exists in the workbook,Local,region proxy because no manager local/non-local column exists,Senior-career proxy | Local,8.871625325237567,DE-East,S007,0.2604385313847866,0.2921140304228202,opportunistic_teaming,1
M0316,6.069474929788086,Mid-career proxy,seniority_years proxy because no manager age column exists in the workbook,Local,region proxy because no manager local/non-local column exists,Mid-career proxy | Local,6.069474929788086,DE-South,S010,-0.1405886306250039,0.4872742338858845,controlled_opening,1
M0317,1.815812294013059,Early-career proxy,seniority_years proxy because no manager age column exists in the workbook,Non-local,region proxy because no manager local/non-local column exists,Early-career proxy | Non-local,1.815812294013059,EU-Other,S001,-0.3561557547845229,0.7648911944937439,fearful_exclusion,0
M0318,5.197459306728102,Mid-career proxy,seniority_years proxy because no manager age column exists in the workbook,Local,region proxy because no manager local/non-local column exists,Mid-career proxy | Local,5.197459306728102,DE-East,S003,0.1085056434766438,0.5932405255686205,controlled_opening,1
M0319,6.854111192198053,Mid-career proxy,seniority_years proxy because no manager age column exists in the workbook,Local,region proxy because no manager local/non-local column exists,Mid-career proxy | Local,6.854111192198053,DE-West,S012,-0.8733766251948201,0.9820927643651776,fearful_exclusion,1
M0320,6.85380046936211,Mid-career proxy,seniority_years proxy because no manager age column exists in the workbook,Local,region proxy because no manager local/non-local column exists,Mid-career proxy | Local,6.85380046936211,DE-West,S005,-0.2743407423861643,0.3123901252169919,controlled_opening,0
M0321,1.664184997320393,Early-career proxy,seniority_years proxy because no manager age column exists in the workbook,Non-local,region proxy because no manager local/non-local column exists,Early-career proxy | Non-local,1.664184997320393,EU-Other,S001,-0.8391162464182662,0.7392793226828328,fearful_exclusion,0
M0322,4.879305348660024,Mid-career proxy,seniority_years proxy because no manager age column exists in the workbook,Local,region proxy because no manager local/non-local column exists,Mid-career proxy | Local,4.879305348660024,DE-South,S010,-0.8888920962881637,1.0,fearful_exclusion,0
M0323,2.985904562570899,Early-career proxy,seniority_years proxy because no manager age column exists in the workbook,Non-local,region proxy because no manager local/non-local column exists,Early-career proxy | Non-local,2.985904562570899,EU-Other,S001,0.06779383829905783,0.8243755177060595,controlled_opening,1
M0324,5.837009991748862,Mid-career proxy,seniority_years proxy because no manager age column exists in the workbook,Non-local,region proxy because no manager local/non-local column exists,Mid-career proxy | Non-local,5.837009991748862,EU-Other,S001,-0.01269145598869459,0.5726531589319505,controlled_opening,1
M0325,10.2468509498771,Senior-career proxy,seniority_years proxy because no manager age column exists in the workbook,Local,region proxy because no manager local/non-local column exists,Senior-career proxy | Local,10.2468509498771,DE-West,S005,-0.5606777759662243,0.5615977061110794,fearful_exclusion,1
M0326,0.4337713909678751,Early-career proxy,seniority_years proxy because no manager age column exists in the workbook,Local,region proxy because no manager local/non-local column exists,Early-career proxy | Local,0.4337713909678751,DE-West,S005,-0.9112313706064272,0.8681521851742685,fearful_exclusion,0
M0327,2.659313251715177,Early-career proxy,seniority_years proxy because no manager age column exists in the workbook,Local,region proxy because no manager local/non-local column exists,Early-career proxy | Local,2.659313251715177,DE-South,S010,-0.3718799414401961,0.5073517262199372,fearful_exclusion,1
M0328,9.68988755857484,Senior-career proxy,seniority_years proxy because no manager age column exists in the workbook,Local,region proxy because no manager local/non-local column exists,Senior-career proxy | Local,9.68988755857484,DE-East,S004,-0.9908779039840239,0.9465416853277115,fearful_exclusion,0
M0329,2.625160521419564,Early-career proxy,seniority_years proxy because no manager age column exists in the workbook,Non-local,region proxy because no manager local/non-local column exists,Early-career proxy | Non-local,2.625160521419564,EU-Other,S002,-0.2581539283240301,1.0,fearful_exclusion,0
M0330,9.07253858701769,Senior-career proxy,seniority_years proxy because no manager age column exists in the workbook,Local,region proxy because no manager local/non-local column exists,Senior-career proxy | Local,9.07253858701769,DE-East,S008,-0.09959823375284196,0.61346451306025,controlled_opening,0
M0331,9.936631361061858,Senior-career proxy,seniority_years proxy because no manager age column exists in the workbook,Non-local,region proxy because no manager local/non-local column exists,Senior-career proxy | Non-local,9.936631361061858,EU-Other,S002,-0.5743688849409484,0.602584017192643,controlled_opening,1
M0332,8.665320128148583,Senior-career proxy,seniority_years proxy because no manager age column exists in the workbook,Local,region proxy because no manager local/non-local column exists,Senior-career proxy | Local,8.665320128148583,DE-East,S003,-0.2668264492327449,0.8670166439066105,controlled_opening,1
M0333,9.608254885784365,Senior-career proxy,seniority_years proxy because no manager age column exists in the workbook,Local,region proxy because no manager local/non-local column exists,Senior-career proxy | Local,9.608254885784365,DE-West,S012,-0.3665973709142606,0.6079544203187778,controlled_opening,0
M0334,4.198473974269602,Mid-career proxy,seniority_years proxy because no manager age column exists in the workbook,Local,region proxy because no manager local/non-local column exists,Mid-career proxy | Local,4.198473974269602,DE-East,S008,0.1809890370373869,0.6293225053297328,controlled_opening,1
M0335,4.005423222438527,Mid-career proxy,seniority_years proxy because no manager age column exists in the workbook,Local,region proxy because no manager local/non-local column exists,Mid-career proxy | Local,4.005423222438527,DE-South,S010,-0.9329905837868082,0.7117443468418133,fearful_exclusion,0
M0336,5.005672247370005,Mid-career proxy,seniority_years proxy because no manager age column exists in the workbook,Local,region proxy because no manager local/non-local column exists,Mid-career proxy | Local,5.005672247370005,DE-East,S009,-0.3321646383689165,0.5507956710398644,controlled_opening,0
M0337,6.865047355146068,Mid-career proxy,seniority_years proxy because no manager age column exists in the workbook,Non-local,region proxy because no manager local/non-local column exists,Mid-career proxy | Non-local,6.865047355146068,EU-Other,S001,-0.706222750152306,0.566581472623675,controlled_opening,0
M0338,5.370130314981172,Mid-career proxy,seniority_years proxy because no manager age column exists in the workbook,Local,region proxy because no manager local/non-local column exists,Mid-career proxy | Local,5.370130314981172,DE-East,S007,1.0,0.1487041903716758,opportunistic_teaming,0
M0339,7.591795577344362,Mid-career proxy,seniority_years proxy because no manager age column exists in the workbook,Local,region proxy because no manager local/non-local column exists,Mid-career proxy | Local,7.591795577344362,DE-East,S008,0.2648727239009947,0.8094476795113118,controlled_opening,1
M0340,5.949403589195145,Mid-career proxy,seniority_years proxy because no manager age column exists in the workbook,Local,region proxy because no manager local/non-local column exists,Mid-career proxy | Local,5.949403589195145,DE-East,S009,0.09998633465465367,0.6644783325792982,fearful_exclusion,0
M0341,5.36827625212174,Mid-career proxy,seniority_years proxy because no manager age column exists in the workbook,Local,region proxy because no manager local/non-local column exists,Mid-career proxy | Local,5.36827625212174,DE-West,S005,-0.8727884602533195,0.5311353968110558,controlled_opening,0
M0342,10.06738055422411,Senior-career proxy,seniority_years proxy because no manager age column exists in the workbook,Local,region proxy because no manager local/non-local column exists,Senior-career proxy | Local,10.06738055422411,DE-East,S009,0.1077036051694734,0.7879406024664224,controlled_opening,1
M0343,4.278248293994486,Mid-career proxy,seniority_years proxy because no manager age column exists in the workbook,Non-local,region proxy because no manager local/non-local column exists,Mid-career proxy | Non-local,4.278248293994486,EU-Other,S006,-0.07285594530312238,0.5543010818285117,controlled_opening,1
M0344,6.76322935466658,Mid-career proxy,seniority_years proxy because no manager age column exists in the workbook,Local,region proxy because no manager local/non-local column exists,Mid-career proxy | Local,6.76322935466658,DE-West,S005,-0.5849670884338597,0.7256753383826231,controlled_opening,0
M0345,1.839631196171449,Early-career proxy,seniority_years proxy because no manager age column exists in the workbook,Local,region proxy because no manager local/non-local column exists,Early-career proxy | Local,1.839631196171449,DE-East,S009,0.6654711302983185,0.4614587659045897,opportunistic_teaming,0
M0346,10.25264728423439,Senior-career proxy,seniority_years proxy because no manager age column exists in the workbook,Non-local,region proxy because no manager local/non-local column exists,Senior-career proxy | Non-local,10.25264728423439,EU-Other,S002,-1.0,0.8645439988256102,fearful_exclusion,0
M0347,5.674817588566152,Mid-career proxy,seniority_years proxy because no manager age column exists in the workbook,Local,region proxy because no manager local/non-local column exists,Mid-career proxy | Local,5.674817588566152,DE-West,S005,-1.0,0.7559824872401041,fearful_exclusion,1
M0348,5.681103382137611,Mid-career proxy,seniority_years proxy because no manager age column exists in the workbook,Local,region proxy because no manager local/non-local column exists,Mid-career proxy | Local,5.681103382137611,DE-West,S005,-0.5738972966243246,0.7123449639137104,fearful_exclusion,0
M0349,0.0,Early-career proxy,seniority_years proxy because no manager age column exists in the workbook,Local,region proxy because no manager local/non-local column exists,Early-career proxy | Local,0.0,DE-West,S011,-0.04992781586173778,0.6102729215934584,fearful_exclusion,1
M0350,3.506881635757744,Early-career proxy,seniority_years proxy because no manager age column exists in the workbook,Local,region proxy because no manager local/non-local column exists,Early-career proxy | Local,3.506881635757744,DE-West,S005,-0.3456732658885832,0.4806503645903203,controlled_opening,0
M0351,8.8411738632654,Senior-career proxy,seniority_years proxy because no manager age column exists in the workbook,Local,region proxy because no manager local/non-local column exists,Senior-career proxy | Local,8.8411738632654,DE-East,S003,0.7134903512605046,0.4337433083236568,opportunistic_teaming,1
M0352,2.772821812229326,Early-career proxy,seniority_years proxy because no manager age column exists in the workbook,Local,region proxy because no manager local/non-local column exists,Early-career proxy | Local,2.772821812229326,DE-East,S004,0.0972412767245786,0.8189669249092439,controlled_opening,1
M0353,3.489723857184397,Early-career proxy,seniority_years proxy because no manager age column exists in the workbook,Local,region proxy because no manager local/non-local column exists,Early-career proxy | Local,3.489723857184397,DE-East,S004,-0.9393168601292436,0.4696956797989761,fearful_exclusion,1
M0354,4.930309294058666,Mid-career proxy,seniority_years proxy because no manager age column exists in the workbook,Non-local,region proxy because no manager local/non-local column exists,Mid-career proxy | Non-local,4.930309294058666,EU-Other,S006,1.0,0.3907900764821548,opportunistic_teaming,0
M0355,10.12675636050722,Senior-career proxy,seniority_years proxy because no manager age column exists in the workbook,Non-local,region proxy because no manager local/non-local column exists,Senior-career proxy | Non-local,10.12675636050722,EU-Other,S001,-0.2905262537175082,0.5509075622341766,controlled_opening,1
M0356,5.392173947578017,Mid-career proxy,seniority_years proxy because no manager age column exists in the workbook,Local,region proxy because no manager local/non-local column exists,Mid-career proxy | Local,5.392173947578017,DE-East,S009,0.5559587647717271,0.6296977812806174,opportunistic_teaming,0
M0357,6.600266206523136,Mid-career proxy,seniority_years proxy because no manager age column exists in the workbook,Local,region proxy because no manager local/non-local column exists,Mid-career proxy | Local,6.600266206523136,DE-East,S004,-1.0,0.8588952695101256,fearful_exclusion,1
M0358,13.59981665916693,Senior-career proxy,seniority_years proxy because no manager age column exists in the workbook,Local,region proxy because no manager local/non-local column exists,Senior-career proxy | Local,13.59981665916693,DE-East,S008,-0.1094130041886909,0.6472581101823935,fearful_exclusion,1
M0359,4.239906425853849,Mid-career proxy,seniority_years proxy because no manager age column exists in the workbook,Local,region proxy because no manager local/non-local column exists,Mid-career proxy | Local,4.239906425853849,DE-West,S012,-0.4965441355781377,0.3418505551642564,controlled_opening,1
M0360,10.00563207230497,Senior-career proxy,seniority_years proxy because no manager age column exists in the workbook,Local,region proxy because no manager local/non-local column exists,Senior-career proxy | Local,10.00563207230497,DE-East,S008,0.2330410381572057,0.5876660562508557,controlled_opening,0
M0361,2.677519900971552,Early-career proxy,seniority_years proxy because no manager age column exists in the workbook,Non-local,region proxy because no manager local/non-local column exists,Early-career proxy | Non-local,2.677519900971552,EU-Other,S002,0.07571240579939298,0.464081914551427,fearful_exclusion,0
M0362,3.747567619247215,Early-career proxy,seniority_years proxy because no manager age column exists in the workbook,Local,region proxy because no manager local/non-local column exists,Early-career proxy | Local,3.747567619247215,DE-West,S011,0.207161739043566,0.5729102703159512,controlled_opening,1
M0363,8.763247449191999,Senior-career proxy,seniority_years proxy because no manager age column exists in the workbook,Local,region proxy because no manager local/non-local column exists,Senior-career proxy | Local,8.763247449191999,DE-West,S012,0.1974063895377028,0.8971192580574465,fearful_exclusion,0
M0364,5.934589026945676,Mid-career proxy,seniority_years proxy because no manager age column exists in the workbook,Local,region proxy because no manager local/non-local column exists,Mid-career proxy | Local,5.934589026945676,DE-South,S010,-0.3055179911190311,0.695055536344982,controlled_opening,1
M0365,4.430318967092033,Mid-career proxy,seniority_years proxy because no manager age column exists in the workbook,Local,region proxy because no manager local/non-local column exists,Mid-career proxy | Local,4.430318967092033,DE-East,S009,-0.5684941340400266,0.6442814687791905,fearful_exclusion,1
M0366,5.83450535835336,Mid-career proxy,seniority_years proxy because no manager age column exists in the workbook,Local,region proxy because no manager local/non-local column exists,Mid-career proxy | Local,5.83450535835336,DE-South,S010,-0.3831536663555579,0.7298228533922347,controlled_opening,1
M0367,5.597518579554801,Mid-career proxy,seniority_years proxy because no manager age column exists in the workbook,Local,region proxy because no manager local/non-local column exists,Mid-career proxy | Local,5.597518579554801,DE-West,S011,-0.2273156888806785,0.6133398181630746,fearful_exclusion,1
M0368,2.944020778938782,Early-career proxy,seniority_years proxy because no manager age column exists in the workbook,Local,region proxy because no manager local/non-local column exists,Early-career proxy | Local,2.944020778938782,DE-East,S009,0.7624110817410112,0.5831315174239353,opportunistic_teaming,1
M0369,12.95614771703191,Senior-career proxy,seniority_years proxy because no manager age column exists in the workbook,Non-local,region proxy because no manager local/non-local column exists,Senior-career proxy | Non-local,12.95614771703191,EU-Other,S002,-0.064064648848455,0.5178483570119925,controlled_opening,1
M0370,5.011851398084585,Mid-career proxy,seniority_years proxy because no manager age column exists in the workbook,Local,region proxy because no manager local/non-local column exists,Mid-career proxy | Local,5.011851398084585,DE-West,S012,0.08689932620649854,0.8475174669036175,fearful_exclusion,1
M0371,8.281479831045516,Senior-career proxy,seniority_years proxy because no manager age column exists in the workbook,Non-local,region proxy because no manager local/non-local column exists,Senior-career proxy | Non-local,8.281479831045516,EU-Other,S001,-0.4784513547170473,0.401508374970948,controlled_opening,1
M0372,3.569233700030956,Early-career proxy,seniority_years proxy because no manager age column exists in the workbook,Local,region proxy because no manager local/non-local column exists,Early-career proxy | Local,3.569233700030956,DE-West,S005,-0.6921477551667141,0.903203092628933,fearful_exclusion,0
M0373,7.666044601822469,Mid-career proxy,seniority_years proxy because no manager age column exists in the workbook,Local,region proxy because no manager local/non-local column exists,Mid-career proxy | Local,7.666044601822469,DE-West,S012,-0.3338161166919925,0.4897065871376937,controlled_opening,0
M0374,4.709938212141194,Mid-career proxy,seniority_years proxy because no manager age column exists in the workbook,Non-local,region proxy because no manager local/non-local column exists,Mid-career proxy | Non-local,4.709938212141194,EU-Other,S002,0.3624182623768409,0.2878136982426169,opportunistic_teaming,0
M0375,14.06823622790652,Senior-career proxy,seniority_years proxy because no manager age column exists in the workbook,Local,region proxy because no manager local/non-local column exists,Senior-career proxy | Local,14.06823622790652,DE-East,S009,-0.5376693696323663,0.5750453966280562,fearful_exclusion,1
M0376,4.326092955692465,Mid-career proxy,seniority_years proxy because no manager age column exists in the workbook,Local,region proxy because no manager local/non-local column exists,Mid-career proxy | Local,4.326092955692465,DE-West,S012,0.2426928660164323,0.5188547615695639,opportunistic_teaming,0
M0377,6.137216604155087,Mid-career proxy,seniority_years proxy because no manager age column exists in the workbook,Local,region proxy because no manager local/non-local column exists,Mid-career proxy | Local,6.137216604155087,DE-East,S003,-0.5327511180692434,0.7762657850606808,fearful_exclusion,1
M0378,6.41279624784631,Mid-career proxy,seniority_years proxy because no manager age column exists in the workbook,Local,region proxy because no manager local/non-local column exists,Mid-career proxy | Local,6.41279624784631,DE-South,S010,-0.7636820322779231,0.5866282527353508,controlled_opening,0
M0379,6.087296544094738,Mid-career proxy,seniority_years proxy because no manager age column exists in the workbook,Non-local,region proxy because no manager local/non-local column exists,Mid-career proxy | Non-local,6.087296544094738,EU-Other,S001,-0.6465719194197429,0.6676137561032421,fearful_exclusion,0
M0380,8.871999290834028,Senior-career proxy,seniority_years proxy because no manager age column exists in the workbook,Non-local,region proxy because no manager local/non-local column exists,Senior-career proxy | Non-local,8.871999290834028,EU-Other,S001,-0.2653050115071847,0.7124923436182627,fearful_exclusion,1
M0381,8.430908623664422,Senior-career proxy,seniority_years proxy because no manager age column exists in the workbook,Local,region proxy because no manager local/non-local column exists,Senior-career proxy | Local,8.430908623664422,DE-East,S003,0.5838966174538481,0.2489275752046929,opportunistic_teaming,0
M0382,4.403280528031012,Mid-career proxy,seniority_years proxy because no manager age column exists in the workbook,Local,region proxy because no manager local/non-local column exists,Mid-career proxy | Local,4.403280528031012,DE-West,S012,1.0,0.5131791731912148,opportunistic_teaming,0
M0383,3.735010647591608,Early-career proxy,seniority_years proxy because no manager age column exists in the workbook,Non-local,region proxy because no manager local/non-local column exists,Early-career proxy | Non-local,3.735010647591608,EU-Other,S006,-0.4085550824766477,0.7243340802501655,fearful_exclusion,1
M0384,5.818901978445695,Mid-career proxy,seniority_years proxy because no manager age column exists in the workbook,Non-local,region proxy because no manager local/non-local column exists,Mid-career proxy | Non-local,5.818901978445695,EU-Other,S002,-0.683999413390059,0.5742474310817409,fearful_exclusion,0
M0385,7.113671929788201,Mid-career proxy,seniority_years proxy because no manager age column exists in the workbook,Local,region proxy because no manager local/non-local column exists,Mid-career proxy | Local,7.113671929788201,DE-East,S008,0.3034326736300198,0.9743551244639965,controlled_opening,1
M0386,2.642304545299362,Early-career proxy,seniority_years proxy because no manager age column exists in the workbook,Local,region proxy because no manager local/non-local column exists,Early-career proxy | Local,2.642304545299362,DE-West,S011,0.365967888644525,0.2607666292247144,opportunistic_teaming,1
M0387,6.781635732544425,Mid-career proxy,seniority_years proxy because no manager age column exists in the workbook,Local,region proxy because no manager local/non-local column exists,Mid-career proxy | Local,6.781635732544425,DE-West,S011,0.574769661125442,0.449136504564877,opportunistic_teaming,1
M0388,7.473677363942929,Mid-career proxy,seniority_years proxy because no manager age column exists in the workbook,Local,region proxy because no manager local/non-local column exists,Mid-career proxy | Local,7.473677363942929,DE-East,S003,-0.03346889153464905,0.9445303684842065,fearful_exclusion,0
M0389,7.15921773312,Mid-career proxy,seniority_years proxy because no manager age column exists in the workbook,Local,region proxy because no manager local/non-local column exists,Mid-career proxy | Local,7.15921773312,DE-South,S010,-0.5717105329942771,0.7217822805581988,fearful_exclusion,1
M0390,6.598208850269984,Mid-career proxy,seniority_years proxy because no manager age column exists in the workbook,Local,region proxy because no manager local/non-local column exists,Mid-career proxy | Local,6.598208850269984,DE-East,S007,-0.2025766602776646,0.5332219949613551,controlled_opening,1
M0391,6.383949812428066,Mid-career proxy,seniority_years proxy because no manager age column exists in the workbook,Local,region proxy because no manager local/non-local column exists,Mid-career proxy | Local,6.383949812428066,DE-East,S007,0.3626583940338648,0.1272347186878622,opportunistic_teaming,0
M0392,6.405522678535028,Mid-career proxy,seniority_years proxy because no manager age column exists in the workbook,Local,region proxy because no manager local/non-local column exists,Mid-career proxy | Local,6.405522678535028,DE-South,S010,-1.0,0.6082977651870386,fearful_exclusion,0
M0393,7.603555680065599,Mid-career proxy,seniority_years proxy because no manager age column exists in the workbook,Local,region proxy because no manager local/non-local column exists,Mid-career proxy | Local,7.603555680065599,DE-West,S005,0.4161731094414897,0.4078535869980373,opportunistic_teaming,0
M0394,9.105888270210665,Senior-career proxy,seniority_years proxy because no manager age column exists in the workbook,Local,region proxy because no manager local/non-local column exists,Senior-career proxy | Local,9.105888270210665,DE-East,S003,0.7036460278004154,0.3567609222342583,opportunistic_teaming,0
M0395,6.615854308401389,Mid-career proxy,seniority_years proxy because no manager age column exists in the workbook,Non-local,region proxy because no manager local/non-local column exists,Mid-career proxy | Non-local,6.615854308401389,EU-Other,S006,0.4095741925528125,0.2346019503618207,opportunistic_teaming,0
M0396,5.003687385524716,Mid-career proxy,seniority_years proxy because no manager age column exists in the workbook,Local,region proxy because no manager local/non-local column exists,Mid-career proxy | Local,5.003687385524716,DE-East,S003,-0.4679124560090641,0.3650302704535854,fearful_exclusion,0
M0397,7.287307852550034,Mid-career proxy,seniority_years proxy because no manager age column exists in the workbook,Local,region proxy because no manager local/non-local column exists,Mid-career proxy | Local,7.287307852550034,DE-East,S004,-0.8721375321259857,0.7172250995883265,fearful_exclusion,0
M0398,12.75776559023015,Senior-career proxy,seniority_years proxy because no manager age column exists in the workbook,Local,region proxy because no manager local/non-local column exists,Senior-career proxy | Local,12.75776559023015,DE-East,S009,0.02604405896005785,0.3162119829636382,opportunistic_teaming,0
M0399,3.999288327855443,Early-career proxy,seniority_years proxy because no manager age column exists in the workbook,Non-local,region proxy because no manager local/non-local column exists,Early-career proxy | Non-local,3.999288327855443,EU-Other,S006,0.3143180502770525,0.7028662989940117,controlled_opening,1
M0400,9.56389146607269,Senior-career proxy,seniority_years proxy because no manager age column exists in the workbook,Local,region proxy because no manager local/non-local column exists,Senior-career proxy | Local,9.56389146607269,DE-South,S010,-0.5372935607508635,0.7953208805257737,fearful_exclusion,0
M0401,9.848613858530626,Senior-career proxy,seniority_years proxy because no manager age column exists in the workbook,Local,region proxy because no manager local/non-local column exists,Senior-career proxy | Local,9.848613858530626,DE-West,S011,-0.8091120709286767,0.5601938661073613,controlled_opening,1
M0402,7.667183819430202,Mid-career proxy,seniority_years proxy because no manager age column exists in the workbook,Local,region proxy because no manager local/non-local column exists,Mid-career proxy | Local,7.667183819430202,DE-East,S008,-0.5664518738173588,1.0,fearful_exclusion,0
M0403,13.51746714074013,Senior-career proxy,seniority_years proxy because no manager age column exists in the workbook,Local,region proxy because no manager local/non-local column exists,Senior-career proxy | Local,13.51746714074013,DE-East,S009,0.04641192179135326,0.6901671276469729,controlled_opening,1
M0404,5.276564585898207,Mid-career proxy,seniority_years proxy because no manager age column exists in the workbook,Non-local,region proxy because no manager local/non-local column exists,Mid-career proxy | Non-local,5.276564585898207,EU-Other,S006,-0.1344791069627051,0.3322263747662407,controlled_opening,0
M0405,8.460894744805067,Senior-career proxy,seniority_years proxy because no manager age column exists in the workbook,Local,region proxy because no manager local/non-local column exists,Senior-career proxy | Local,8.460894744805067,DE-East,S008,-1.0,0.6324220100759805,fearful_exclusion,0
M0406,6.435209899484905,Mid-career proxy,seniority_years proxy because no manager age column exists in the workbook,Non-local,region proxy because no manager local/non-local column exists,Mid-career proxy | Non-local,6.435209899484905,EU-Other,S006,-0.620396640681708,0.7525521240896372,fearful_exclusion,0
M0407,6.516290738676979,Mid-career proxy,seniority_years proxy because no manager age column exists in the workbook,Local,region proxy because no manager local/non-local column exists,Mid-career proxy | Local,6.516290738676979,DE-East,S004,-0.444724728988818,0.9183590673409928,fearful_exclusion,0
M0408,4.005436640790107,Mid-career proxy,seniority_years proxy because no manager age column exists in the workbook,Local,region proxy because no manager local/non-local column exists,Mid-career proxy | Local,4.005436640790107,DE-East,S003,-0.2446129617248316,0.8918291325577488,fearful_exclusion,1
M0409,8.61063304034928,Senior-career proxy,seniority_years proxy because no manager age column exists in the workbook,Local,region proxy because no manager local/non-local column exists,Senior-career proxy | Local,8.61063304034928,DE-West,S011,-0.1093122775234179,0.2387291087913726,controlled_opening,0
M0410,6.67004506968589,Mid-career proxy,seniority_years proxy because no manager age column exists in the workbook,Local,region proxy because no manager local/non-local column exists,Mid-career proxy | Local,6.67004506968589,DE-East,S004,-0.9093417517785998,1.0,fearful_exclusion,0
M0411,12.17575673916591,Senior-career proxy,seniority_years proxy because no manager age column exists in the workbook,Local,region proxy because no manager local/non-local column exists,Senior-career proxy | Local,12.17575673916591,DE-East,S008,-0.7395589841874383,1.0,fearful_exclusion,0
M0412,4.699493540870831,Mid-career proxy,seniority_years proxy because no manager age column exists in the workbook,Local,region proxy because no manager local/non-local column exists,Mid-career proxy | Local,4.699493540870831,DE-East,S009,-0.745805007214537,0.4288141258273079,fearful_exclusion,0
M0413,3.201144825710585,Early-career proxy,seniority_years proxy because no manager age column exists in the workbook,Local,region proxy because no manager local/non-local column exists,Early-career proxy | Local,3.201144825710585,DE-East,S007,-0.2990508998639168,0.9023507908033368,controlled_opening,1
M0414,6.065886988155698,Mid-career proxy,seniority_years proxy because no manager age column exists in the workbook,Local,region proxy because no manager local/non-local column exists,Mid-career proxy | Local,6.065886988155698,DE-South,S010,-0.3073595915938735,0.6565325414933463,controlled_opening,1
M0415,7.470503407304117,Mid-career proxy,seniority_years proxy because no manager age column exists in the workbook,Non-local,region proxy because no manager local/non-local column exists,Mid-career proxy | Non-local,7.470503407304117,EU-Other,S002,-0.3131549002336712,0.6008083095182469,controlled_opening,1
M0416,8.332174931330817,Senior-career proxy,seniority_years proxy because no manager age column exists in the workbook,Local,region proxy because no manager local/non-local column exists,Senior-career proxy | Local,8.332174931330817,DE-East,S003,-0.0748387546298535,0.7183836569689044,controlled_opening,1
M0417,4.250126201058456,Mid-career proxy,seniority_years proxy because no manager age column exists in the workbook,Local,region proxy because no manager local/non-local column exists,Mid-career proxy | Local,4.250126201058456,DE-West,S012,-0.5200404969805196,0.6085998931015557,fearful_exclusion,1
M0418,0.2212700015280697,Early-career proxy,seniority_years proxy because no manager age column exists in the workbook,Local,region proxy because no manager local/non-local column exists,Early-career proxy | Local,0.2212700015280697,DE-West,S005,-0.05940349640013903,0.4349458729634971,controlled_opening,1
M0419,4.35498794834476,Mid-career proxy,seniority_years proxy because no manager age column exists in the workbook,Local,region proxy because no manager local/non-local column exists,Mid-career proxy | Local,4.35498794834476,DE-West,S011,0.1525372736996995,0.4610054381579839,controlled_opening,1
M0420,2.760654866406908,Early-career proxy,seniority_years proxy because no manager age column exists in the workbook,Local,region proxy because no manager local/non-local column exists,Early-career proxy | Local,2.760654866406908,DE-West,S005,-0.3634218131625339,0.4837540147431256,controlled_opening,0
M0421,5.537035007260486,Mid-career proxy,seniority_years proxy because no manager age column exists in the workbook,Non-local,region proxy because no manager local/non-local column exists,Mid-career proxy | Non-local,5.537035007260486,EU-Other,S001,-0.6906045702066711,0.9915656610793082,fearful_exclusion,0
M0422,3.33625728791255,Early-career proxy,seniority_years proxy because no manager age column exists in the workbook,Local,region proxy because no manager local/non-local column exists,Early-career proxy | Local,3.33625728791255,DE-East,S008,0.2453137714636668,0.7865019471355769,fearful_exclusion,1
M0423,10.58667650795303,Senior-career proxy,seniority_years proxy because no manager age column exists in the workbook,Local,region proxy because no manager local/non-local column exists,Senior-career proxy | Local,10.58667650795303,DE-West,S012,-1.0,0.9001478849480011,fearful_exclusion,1
M0424,3.119751848612167,Early-career proxy,seniority_years proxy because no manager age column exists in the workbook,Non-local,region proxy because no manager local/non-local column exists,Early-career proxy | Non-local,3.119751848612167,EU-Other,S006,-0.6161006471654669,0.8906424747254097,fearful_exclusion,1
M0425,6.422181494676455,Mid-career proxy,seniority_years proxy because no manager age column exists in the workbook,Local,region proxy because no manager local/non-local column exists,Mid-career proxy | Local,6.422181494676455,DE-West,S012,-0.5666953174023303,0.6041994069321555,controlled_opening,1
M0426,7.169765151829414,Mid-career proxy,seniority_years proxy because no manager age column exists in the workbook,Local,region proxy because no manager local/non-local column exists,Mid-career proxy | Local,7.169765151829414,DE-West,S005,-0.649671390979199,0.3833267081992701,controlled_opening,1
M0427,4.326372055702517,Mid-career proxy,seniority_years proxy because no manager age column exists in the workbook,Local,region proxy because no manager local/non-local column exists,Mid-career proxy | Local,4.326372055702517,DE-West,S011,0.7237161662051101,0.1661792512042073,opportunistic_teaming,1
M0428,4.719605191598736,Mid-career proxy,seniority_years proxy because no manager age column exists in the workbook,Non-local,region proxy because no manager local/non-local column exists,Mid-career proxy | Non-local,4.719605191598736,EU-Other,S002,-1.0,0.9003861073740766,fearful_exclusion,0
M0429,1.720149930192841,Early-career proxy,seniority_years proxy because no manager age column exists in the workbook,Non-local,region proxy because no manager local/non-local column exists,Early-career proxy | Non-local,1.720149930192841,EU-Other,S002,-0.5617412538569476,0.8756443014287087,fearful_exclusion,1
M0430,1.763311522861372,Early-career proxy,seniority_years proxy because no manager age column exists in the workbook,Local,region proxy because no manager local/non-local column exists,Early-career proxy | Local,1.763311522861372,DE-East,S007,0.575476887292922,0.3552376753818411,opportunistic_teaming,1
M0431,10.13003969118404,Senior-career proxy,seniority_years proxy because no manager age column exists in the workbook,Local,region proxy because no manager local/non-local column exists,Senior-career proxy | Local,10.13003969118404,DE-East,S008,0.6509949580226473,0.3926026787188509,opportunistic_teaming,1
M0432,7.064744728696409,Mid-career proxy,seniority_years proxy because no manager age column exists in the workbook,Local,region proxy because no manager local/non-local column exists,Mid-career proxy | Local,7.064744728696409,DE-East,S004,0.05930338460259749,0.8679735689765302,controlled_opening,1
M0433,4.729180353684407,Mid-career proxy,seniority_years proxy because no manager age column exists in the workbook,Local,region proxy because no manager local/non-local column exists,Mid-career proxy | Local,4.729180353684407,DE-East,S009,-0.6200425809796819,0.9413651319568794,controlled_opening,0
M0434,7.634230644201922,Mid-career proxy,seniority_years proxy because no manager age column exists in the workbook,Non-local,region proxy because no manager local/non-local column exists,Mid-career proxy | Non-local,7.634230644201922,EU-Other,S001,-0.0005627192337235298,0.732654704901939,controlled_opening,0
M0435,4.424902653904523,Mid-career proxy,seniority_years proxy because no manager age column exists in the workbook,Non-local,region proxy because no manager local/non-local column exists,Mid-career proxy | Non-local,4.424902653904523,EU-Other,S006,0.07875403535974554,0.5839099755581945,controlled_opening,1
M0436,5.16290028623369,Mid-career proxy,seniority_years proxy because no manager age column exists in the workbook,Local,region proxy because no manager local/non-local column exists,Mid-career proxy | Local,5.16290028623369,DE-East,S008,0.07706690557577331,0.6064187901207704,controlled_opening,0
M0437,11.92772123636062,Senior-career proxy,seniority_years proxy because no manager age column exists in the workbook,Local,region proxy because no manager local/non-local column exists,Senior-career proxy | Local,11.92772123636062,DE-West,S011,0.6785115494623303,0.6780802266587735,opportunistic_teaming,0
M0438,7.597271376315931,Mid-career proxy,seniority_years proxy because no manager age column exists in the workbook,Local,region proxy because no manager local/non-local column exists,Mid-career proxy | Local,7.597271376315931,DE-East,S008,0.1185494821973564,0.307359960527434,controlled_opening,1
M0439,6.807843832971949,Mid-career proxy,seniority_years proxy because no manager age column exists in the workbook,Non-local,region proxy because no manager local/non-local column exists,Mid-career proxy | Non-local,6.807843832971949,EU-Other,S006,-0.2035384432460222,0.6714434369571654,controlled_opening,1
M0440,5.688117378420338,Mid-career proxy,seniority_years proxy because no manager age column exists in the workbook,Local,region proxy because no manager local/non-local column exists,Mid-career proxy | Local,5.688117378420338,DE-East,S004,-0.4135046176350735,0.4535553589852278,controlled_opening,1
M0441,5.867781678971341,Mid-career proxy,seniority_years proxy because no manager age column exists in the workbook,Non-local,region proxy because no manager local/non-local column exists,Mid-career proxy | Non-local,5.867781678971341,EU-Other,S002,-0.1730526423612986,0.3999139198042203,controlled_opening,0
M0442,6.597182608853513,Mid-career proxy,seniority_years proxy because no manager age column exists in the workbook,Local,region proxy because no manager local/non-local column exists,Mid-career proxy | Local,6.597182608853513,DE-East,S004,-0.2409208850898013,0.9066658827700803,fearful_exclusion,0
M0443,9.43888501961765,Senior-career proxy,seniority_years proxy because no manager age column exists in the workbook,Local,region proxy because no manager local/non-local column exists,Senior-career proxy | Local,9.43888501961765,DE-East,S007,-0.1816084952842141,0.7177449907238088,fearful_exclusion,0
M0444,9.807448854881518,Senior-career proxy,seniority_years proxy because no manager age column exists in the workbook,Local,region proxy because no manager local/non-local column exists,Senior-career proxy | Local,9.807448854881518,DE-West,S005,-0.337934854348414,0.7613173500141055,fearful_exclusion,1
M0445,11.40224543679279,Senior-career proxy,seniority_years proxy because no manager age column exists in the workbook,Local,region proxy because no manager local/non-local column exists,Senior-career proxy | Local,11.40224543679279,DE-East,S007,0.3257400745324103,0.2228944314775408,opportunistic_teaming,0
M0446,1.280789008876161,Early-career proxy,seniority_years proxy because no manager age column exists in the workbook,Local,region proxy because no manager local/non-local column exists,Early-career proxy | Local,1.280789008876161,DE-East,S004,0.596436994041227,0.3859043816015231,controlled_opening,1
M0447,2.764073219351364,Early-career proxy,seniority_years proxy because no manager age column exists in the workbook,Non-local,region proxy because no manager local/non-local column exists,Early-career proxy | Non-local,2.764073219351364,EU-Other,S002,-0.3628544094260011,0.5588605569913763,fearful_exclusion,0
M0448,5.084960906998916,Mid-career proxy,seniority_years proxy because no manager age column exists in the workbook,Non-local,region proxy because no manager local/non-local column exists,Mid-career proxy | Non-local,5.084960906998916,EU-Other,S001,0.1081385885115405,0.2803281700729103,controlled_opening,1
M0449,0.8418566504660241,Early-career proxy,seniority_years proxy because no manager age column exists in the workbook,Non-local,region proxy because no manager local/non-local column exists,Early-career proxy | Non-local,0.8418566504660241,EU-Other,S001,-1.0,0.5457865175864034,fearful_exclusion,1
M0450,7.229324003579372,Mid-career proxy,seniority_years proxy because no manager age column exists in the workbook,Local,region proxy because no manager local/non-local column exists,Mid-career proxy | Local,7.229324003579372,DE-West,S012,0.4474393891703125,0.5003987649406977,controlled_opening,0
M0451,6.162314011724495,Mid-career proxy,seniority_years proxy because no manager age column exists in the workbook,Non-local,region proxy because no manager local/non-local column exists,Mid-career proxy | Non-local,6.162314011724495,EU-Other,S001,-0.8127236627035919,0.5171383827531691,fearful_exclusion,0
M0452,6.533975077086948,Mid-career proxy,seniority_years proxy because no manager age column exists in the workbook,Local,region proxy because no manager local/non-local column exists,Mid-career proxy | Local,6.533975077086948,DE-East,S003,-0.4068823454293134,0.7834382339245339,fearful_exclusion,1
M0453,5.132746774878449,Mid-career proxy,seniority_years proxy because no manager age column exists in the workbook,Local,region proxy because no manager local/non-local column exists,Mid-career proxy | Local,5.132746774878449,DE-West,S012,-0.4339522281038789,0.4521059571187985,controlled_opening,0
M0454,9.596548509596426,Senior-career proxy,seniority_years proxy because no manager age column exists in the workbook,Local,region proxy because no manager local/non-local column exists,Senior-career proxy | Local,9.596548509596426,DE-West,S005,0.5405196829273988,0.251600258312747,opportunistic_teaming,0
M0455,4.351907315147702,Mid-career proxy,seniority_years proxy because no manager age column exists in the workbook,Local,region proxy because no manager local/non-local column exists,Mid-career proxy | Local,4.351907315147702,DE-East,S003,0.5588447547450085,0.4487610699519516,controlled_opening,1
M0456,8.68396290718016,Senior-career proxy,seniority_years proxy because no manager age column exists in the workbook,Local,region proxy because no manager local/non-local column exists,Senior-career proxy | Local,8.68396290718016,DE-East,S007,1.0,0.3674524187409312,opportunistic_teaming,1
M0457,5.094357352026182,Mid-career proxy,seniority_years proxy because no manager age column exists in the workbook,Local,region proxy because no manager local/non-local column exists,Mid-career proxy | Local,5.094357352026182,DE-East,S008,-0.6619138382491965,0.9425383373919096,fearful_exclusion,0
M0458,4.45426039211377,Mid-career proxy,seniority_years proxy because no manager age column exists in the workbook,Local,region proxy because no manager local/non-local column exists,Mid-career proxy | Local,4.45426039211377,DE-West,S011,0.2828921374379733,0.38917003604633,controlled_opening,0
M0459,5.105269725273041,Mid-career proxy,seniority_years proxy because no manager age column exists in the workbook,Non-local,region proxy because no manager local/non-local column exists,Mid-career proxy | Non-local,5.105269725273041,EU-Other,S001,-0.02361587801801966,0.5083648870785942,controlled_opening,0
M0460,5.473464335650577,Mid-career proxy,seniority_years proxy because no manager age column exists in the workbook,Local,region proxy because no manager local/non-local column exists,Mid-career proxy | Local,5.473464335650577,DE-West,S011,-0.3529091406288329,0.6802390587831029,controlled_opening,1
M0461,6.827341291496523,Mid-career proxy,seniority_years proxy because no manager age column exists in the workbook,Local,region proxy because no manager local/non-local column exists,Mid-career proxy | Local,6.827341291496523,DE-East,S003,-0.2392693010885729,0.6515948806726766,fearful_exclusion,1
M0462,8.076410586893324,Senior-career proxy,seniority_years proxy because no manager age column exists in the workbook,Local,region proxy because no manager local/non-local column exists,Senior-career proxy | Local,8.076410586893324,DE-East,S004,-1.0,0.5324525329113492,fearful_exclusion,1
M0463,7.748888069664714,Mid-career proxy,seniority_years proxy because no manager age column exists in the workbook,Local,region proxy because no manager local/non-local column exists,Mid-career proxy | Local,7.748888069664714,DE-West,S011,-0.3451188306656402,0.5730054528991376,controlled_opening,1
M0464,2.647816096023302,Early-career proxy,seniority_years proxy because no manager age column exists in the workbook,Non-local,region proxy because no manager local/non-local column exists,Early-career proxy | Non-local,2.647816096023302,EU-Other,S001,-0.3141245709679882,0.6247478362746051,fearful_exclusion,0
M0465,5.272675023247449,Mid-career proxy,seniority_years proxy because no manager age column exists in the workbook,Local,region proxy because no manager local/non-local column exists,Mid-career proxy | Local,5.272675023247449,DE-South,S010,-0.3583794909792833,0.6825888533958173,controlled_opening,1
M0466,6.507469118898868,Mid-career proxy,seniority_years proxy because no manager age column exists in the workbook,Local,region proxy because no manager local/non-local column exists,Mid-career proxy | Local,6.507469118898868,DE-East,S007,-0.1232246174988199,0.5177306345287791,controlled_opening,0
M0467,4.486470719151665,Mid-career proxy,seniority_years proxy because no manager age column exists in the workbook,Local,region proxy because no manager local/non-local column exists,Mid-career proxy | Local,4.486470719151665,DE-West,S005,-0.1016224905265467,0.2487543607464527,controlled_opening,0
M0468,7.972017716259998,Mid-career proxy,seniority_years proxy because no manager age column exists in the workbook,Non-local,region proxy because no manager local/non-local column exists,Mid-career proxy | Non-local,7.972017716259998,EU-Other,S006,0.1668845602108614,0.4888416787119124,controlled_opening,0
M0469,2.34115080087923,Early-career proxy,seniority_years proxy because no manager age column exists in the workbook,Non-local,region proxy because no manager local/non-local column exists,Early-career proxy | Non-local,2.34115080087923,EU-Other,S002,-0.6819592607513951,0.7007413102916286,fearful_exclusion,1
M0470,4.902772821831783,Mid-career proxy,seniority_years proxy because no manager age column exists in the workbook,Local,region proxy because no manager local/non-local column exists,Mid-career proxy | Local,4.902772821831783,DE-South,S010,0.5899601221115138,0.3515718656410838,opportunistic_teaming,0
M0471,2.816661072027337,Early-career proxy,seniority_years proxy because no manager age column exists in the workbook,Non-local,region proxy because no manager local/non-local column exists,Early-career proxy | Non-local,2.816661072027337,EU-Other,S006,-0.4744924142718323,0.4538735615047427,controlled_opening,0
M0472,8.024573065746859,Senior-career proxy,seniority_years proxy because no manager age column exists in the workbook,Local,region proxy because no manager local/non-local column exists,Senior-career proxy | Local,8.024573065746859,DE-East,S007,-0.8907369115967176,0.6031542798273631,fearful_exclusion,0
M0473,3.915432789946936,Early-career proxy,seniority_years proxy because no manager age column exists in the workbook,Local,region proxy because no manager local/non-local column exists,Early-career proxy | Local,3.915432789946936,DE-East,S007,0.02551492022007509,0.6821793044594113,controlled_opening,0
M0474,4.504268108172038,Mid-career proxy,seniority_years proxy because no manager age column exists in the workbook,Local,region proxy because no manager local/non-local column exists,Mid-career proxy | Local,4.504268108172038,DE-East,S004,0.4664072394814678,0.3406917346514243,opportunistic_teaming,0
M0475,7.075568551370598,Mid-career proxy,seniority_years proxy because no manager age column exists in the workbook,Non-local,region proxy because no manager local/non-local column exists,Mid-career proxy | Non-local,7.075568551370598,EU-Other,S002,0.16161505473346,0.2955173484951117,controlled_opening,0
M0476,7.919875775440396,Mid-career proxy,seniority_years proxy because no manager age column exists in the workbook,Non-local,region proxy because no manager local/non-local column exists,Mid-career proxy | Non-local,7.919875775440396,EU-Other,S002,0.1407017862679364,0.3024518193388407,controlled_opening,0
M0477,6.140288757586435,Mid-career proxy,seniority_years proxy because no manager age column exists in the workbook,Non-local,region proxy because no manager local/non-local column exists,Mid-career proxy | Non-local,6.140288757586435,EU-Other,S001,0.2207233280706815,0.5167621641799831,controlled_opening,0
M0478,6.613499708631856,Mid-career proxy,seniority_years proxy because no manager age column exists in the workbook,Local,region proxy because no manager local/non-local column exists,Mid-career proxy | Local,6.613499708631856,DE-West,S011,-0.1958558767457846,0.6994373919503979,controlled_opening,0
M0479,3.059681951654169,Early-career proxy,seniority_years proxy because no manager age column exists in the workbook,Local,region proxy because no manager local/non-local column exists,Early-career proxy | Local,3.059681951654169,DE-West,S011,0.3075303739791474,0.6011161135933301,controlled_opening,1
M0480,4.246687444883372,Mid-career proxy,seniority_years proxy because no manager age column exists in the workbook,Local,region proxy because no manager local/non-local column exists,Mid-career proxy | Local,4.246687444883372,DE-West,S011,-0.07313932111900671,0.4435463618351692,controlled_opening,1
M0481,2.968749549763726,Early-career proxy,seniority_years proxy because no manager age column exists in the workbook,Non-local,region proxy because no manager local/non-local column exists,Early-career proxy | Non-local,2.968749549763726,EU-Other,S002,-0.3004809589715847,0.6687998013025094,fearful_exclusion,1
M0482,8.12497482470542,Senior-career proxy,seniority_years proxy because no manager age column exists in the workbook,Non-local,region proxy because no manager local/non-local column exists,Senior-career proxy | Non-local,8.12497482470542,EU-Other,S001,0.6417159969631733,0.7435791277200546,controlled_opening,1
M0483,5.461794814561595,Mid-career proxy,seniority_years proxy because no manager age column exists in the workbook,Local,region proxy because no manager local/non-local column exists,Mid-career proxy | Local,5.461794814561595,DE-South,S010,0.4122167747732404,0.6915915960863486,controlled_opening,1
M0484,7.129740357692858,Mid-career proxy,seniority_years proxy because no manager age column exists in the workbook,Local,region proxy because no manager local/non-local column exists,Mid-career proxy | Local,7.129740357692858,DE-West,S005,0.4188842885080842,0.5279504243203964,opportunistic_teaming,0
M0485,0.07506899604267137,Early-career proxy,seniority_years proxy because no manager age column exists in the workbook,Local,region proxy because no manager local/non-local column exists,Early-career proxy | Local,0.07506899604267137,DE-East,S008,0.8024899465890141,0.1686373312960117,opportunistic_teaming,1
M0486,3.524158745962682,Early-career proxy,seniority_years proxy because no manager age column exists in the workbook,Local,region proxy because no manager local/non-local column exists,Early-career proxy | Local,3.524158745962682,DE-East,S009,-0.5946042073725509,0.4980810309152081,fearful_exclusion,0
M0487,6.926216717755856,Mid-career proxy,seniority_years proxy because no manager age column exists in the workbook,Non-local,region proxy because no manager local/non-local column exists,Mid-career proxy | Non-local,6.926216717755856,EU-Other,S006,-0.6060891189573187,1.0,fearful_exclusion,0
M0488,8.523860915392074,Senior-career proxy,seniority_years proxy because no manager age column exists in the workbook,Local,region proxy because no manager local/non-local column exists,Senior-career proxy | Local,8.523860915392074,DE-East,S009,0.2380713912296812,0.7152174312512133,controlled_opening,1
M0489,1.860469870533853,Early-career proxy,seniority_years proxy because no manager age column exists in the workbook,Non-local,region proxy because no manager local/non-local column exists,Early-career proxy | Non-local,1.860469870533853,EU-Other,S006,-0.4368374267386291,0.5633595415545187,fearful_exclusion,1
M0490,8.967279946952186,Senior-career proxy,seniority_years proxy because no manager age column exists in the workbook,Local,region proxy because no manager local/non-local column exists,Senior-career proxy | Local,8.967279946952186,DE-West,S011,-0.4781537999621623,0.6956814595088873,fearful_exclusion,1
M0491,3.388681099875695,Early-career proxy,seniority_years proxy because no manager age column exists in the workbook,Local,region proxy because no manager local/non-local column exists,Early-career proxy | Local,3.388681099875695,DE-East,S009,-0.6168252763397141,0.7126261214062044,fearful_exclusion,0
M0492,4.845647302669786,Mid-career proxy,seniority_years proxy because no manager age column exists in the workbook,Non-local,region proxy because no manager local/non-local column exists,Mid-career proxy | Non-local,4.845647302669786,EU-Other,S001,-0.3897701276239995,0.3650207533316258,controlled_opening,1
M0493,6.474382114402849,Mid-career proxy,seniority_years proxy because no manager age column exists in the workbook,Local,region proxy because no manager local/non-local column exists,Mid-career proxy | Local,6.474382114402849,DE-West,S012,-0.2691023301249118,0.8523749337885953,controlled_opening,1
M0494,10.49611811715511,Senior-career proxy,seniority_years proxy because no manager age column exists in the workbook,Local,region proxy because no manager local/non-local column exists,Senior-career proxy | Local,10.49611811715511,DE-East,S009,-0.4375845642666822,0.5820423696230239,fearful_exclusion,1
M0495,5.153941430259232,Mid-career proxy,seniority_years proxy because no manager age column exists in the workbook,Local,region proxy because no manager local/non-local column exists,Mid-career proxy | Local,5.153941430259232,DE-East,S004,0.4619548226477463,0.4571137142096683,opportunistic_teaming,0
M0496,4.177269887016703,Mid-career proxy,seniority_years proxy because no manager age column exists in the workbook,Non-local,region proxy because no manager local/non-local column exists,Mid-career proxy | Non-local,4.177269887016703,EU-Other,S002,0.2135943663301631,0.3394196807786211,controlled_opening,0
M0497,10.8710499414212,Senior-career proxy,seniority_years proxy because no manager age column exists in the workbook,Local,region proxy because no manager local/non-local column exists,Senior-career proxy | Local,10.8710499414212,DE-West,S012,-0.1343359632054012,0.4768073739018306,controlled_opening,1
M0498,11.92455806261446,Senior-career proxy,seniority_years proxy because no manager age column exists in the workbook,Local,region proxy because no manager local/non-local column exists,Senior-career proxy | Local,11.92455806261446,DE-South,S010,0.703310319977748,0.55353768408491,controlled_opening,0
M0499,5.568680033617977,Mid-career proxy,seniority_years proxy because no manager age column exists in the workbook,Non-local,region proxy because no manager local/non-local column exists,Mid-career proxy | Non-local,5.568680033617977,EU-Other,S001,-0.5693087332556709,0.7220675212688734,fearful_exclusion,1
M0500,9.322252819973274,Senior-career proxy,seniority_years proxy because no manager age column exists in the workbook,Local,region proxy because no manager local/non-local column exists,Senior-career proxy | Local,9.322252819973274,DE-West,S011,0.5171507544489823,0.2494486429389224,opportunistic_teaming,1
M0501,7.910681942142991,Mid-career proxy,seniority_years proxy because no manager age column exists in the workbook,Non-local,region proxy because no manager local/non-local column exists,Mid-career proxy | Non-local,7.910681942142991,EU-Other,S006,0.4495204327580716,0.5297373864670647,controlled_opening,0
M0502,7.331012118515429,Mid-career proxy,seniority_years proxy because no manager age column exists in the workbook,Local,region proxy because no manager local/non-local column exists,Mid-career proxy | Local,7.331012118515429,DE-East,S004,-0.6059559418134854,0.7875924340573436,fearful_exclusion,1
M0503,5.710517402716151,Mid-career proxy,seniority_years proxy because no manager age column exists in the workbook,Non-local,region proxy because no manager local/non-local column exists,Mid-career proxy | Non-local,5.710517402716151,EU-Other,S001,-1.0,0.7598935660024057,fearful_exclusion,0
M0504,5.536411372597671,Mid-career proxy,seniority_years proxy because no manager age column exists in the workbook,Local,region proxy because no manager local/non-local column exists,Mid-career proxy | Local,5.536411372597671,DE-East,S007,-0.2300263069674843,0.8618492742404112,controlled_opening,0
M0505,2.420970895634842,Early-career proxy,seniority_years proxy because no manager age column exists in the workbook,Local,region proxy because no manager local/non-local column exists,Early-career proxy | Local,2.420970895634842,DE-East,S003,-0.187120671818015,0.815372376824545,fearful_exclusion,0
M0506,5.095253174940451,Mid-career proxy,seniority_years proxy because no manager age column exists in the workbook,Local,region proxy because no manager local/non-local column exists,Mid-career proxy | Local,5.095253174940451,DE-West,S005,-0.4507075436629111,0.4546556804111057,controlled_opening,1
M0507,1.8344182082172,Early-career proxy,seniority_years proxy because no manager age column exists in the workbook,Local,region proxy because no manager local/non-local column exists,Early-career proxy | Local,1.8344182082172,DE-West,S011,-0.6915750008326322,0.8135441460232622,fearful_exclusion,1
M0508,5.021412889510165,Mid-career proxy,seniority_years proxy because no manager age column exists in the workbook,Local,region proxy because no manager local/non-local column exists,Mid-career proxy | Local,5.021412889510165,DE-East,S009,1.0,0.5002478133650571,opportunistic_teaming,1
M0509,4.91810485398589,Mid-career proxy,seniority_years proxy because no manager age column exists in the workbook,Local,region proxy because no manager local/non-local column exists,Mid-career proxy | Local,4.91810485398589,DE-West,S005,-0.5376235969730754,1.0,fearful_exclusion,1
M0510,6.724757964498559,Mid-career proxy,seniority_years proxy because no manager age column exists in the workbook,Local,region proxy because no manager local/non-local column exists,Mid-career proxy | Local,6.724757964498559,DE-East,S004,-1.0,0.7708545572264123,fearful_exclusion,1
M0511,4.675168638377081,Mid-career proxy,seniority_years proxy because no manager age column exists in the workbook,Local,region proxy because no manager local/non-local column exists,Mid-career proxy | Local,4.675168638377081,DE-East,S003,-0.26855432694884,0.8541943108952382,fearful_exclusion,0
M0512,7.585015903886699,Mid-career proxy,seniority_years proxy because no manager age column exists in the workbook,Local,region proxy because no manager local/non-local column exists,Mid-career proxy | Local,7.585015903886699,DE-East,S003,-0.5751801154689915,0.3422556591776661,controlled_opening,1
M0513,4.87098893711457,Mid-career proxy,seniority_years proxy because no manager age column exists in the workbook,Local,region proxy because no manager local/non-local column exists,Mid-career proxy | Local,4.87098893711457,DE-East,S003,-0.08895501572090715,0.5537191315090689,controlled_opening,1
M0514,12.48063540582896,Senior-career proxy,seniority_years proxy because no manager age column exists in the workbook,Non-local,region proxy because no manager local/non-local column exists,Senior-career proxy | Non-local,12.48063540582896,EU-Other,S002,-0.8120316127029136,0.554690754616539,fearful_exclusion,1
M0515,2.447199223963939,Early-career proxy,seniority_years proxy because no manager age column exists in the workbook,Local,region proxy because no manager local/non-local column exists,Early-career proxy | Local,2.447199223963939,DE-West,S005,0.7654343014814179,0.3172469682292479,opportunistic_teaming,1
M0516,4.547356934567635,Mid-career proxy,seniority_years proxy because no manager age column exists in the workbook,Local,region proxy because no manager local/non-local column exists,Mid-career proxy | Local,4.547356934567635,DE-East,S008,0.03042235860420711,0.9214532879544711,controlled_opening,0
M0517,1.535877390017417,Early-career proxy,seniority_years proxy because no manager age column exists in the workbook,Local,region proxy because no manager local/non-local column exists,Early-career proxy | Local,1.535877390017417,DE-South,S010,-1.0,0.6076695567151754,fearful_exclusion,0
M0518,4.631623831744622,Mid-career proxy,seniority_years proxy because no manager age column exists in the workbook,Non-local,region proxy because no manager local/non-local column exists,Mid-career proxy | Non-local,4.631623831744622,EU-Other,S002,0.8474679397185292,0.3984168715819585,opportunistic_teaming,0
M0519,1.732113806908194,Early-career proxy,seniority_years proxy because no manager age column exists in the workbook,Local,region proxy because no manager local/non-local column exists,Early-career proxy | Local,1.732113806908194,DE-South,S010,-0.2781309301661103,0.7590907222222497,fearful_exclusion,1
M0520,3.962881593216078,Early-career proxy,seniority_years proxy because no manager age column exists in the workbook,Local,region proxy because no manager local/non-local column exists,Early-career proxy | Local,3.962881593216078,DE-West,S011,-0.3319818981100711,0.8170504522861064,fearful_exclusion,0
M0521,7.457974678733864,Mid-career proxy,seniority_years proxy because no manager age column exists in the workbook,Non-local,region proxy because no manager local/non-local column exists,Mid-career proxy | Non-local,7.457974678733864,EU-Other,S002,-0.2519424423322999,0.6587179579945411,fearful_exclusion,1
M0522,7.363921305995822,Mid-career proxy,seniority_years proxy because no manager age column exists in the workbook,Non-local,region proxy because no manager local/non-local column exists,Mid-career proxy | Non-local,7.363921305995822,EU-Other,S006,-0.2416040251252321,0.6778717640692575,fearful_exclusion,0
M0523,3.94177524684774,Early-career proxy,seniority_years proxy because no manager age column exists in the workbook,Local,region proxy because no manager local/non-local column exists,Early-career proxy | Local,3.94177524684774,DE-West,S011,-0.347896618519673,0.6126787239236066,controlled_opening,1
M0524,3.566416879795155,Early-career proxy,seniority_years proxy because no manager age column exists in the workbook,Local,region proxy because no manager local/non-local column exists,Early-career proxy | Local,3.566416879795155,DE-East,S004,-0.6775382461243101,0.5378650928258432,fearful_exclusion,0
M0525,10.46532518165982,Senior-career proxy,seniority_years proxy because no manager age column exists in the workbook,Non-local,region proxy because no manager local/non-local column exists,Senior-career proxy | Non-local,10.46532518165982,EU-Other,S001,0.4830099985734505,0.6602965466287218,controlled_opening,1
M0526,2.418296525296883,Early-career proxy,seniority_years proxy because no manager age column exists in the workbook,Non-local,region proxy because no manager local/non-local column exists,Early-career proxy | Non-local,2.418296525296883,EU-Other,S006,0.2229340859198372,0.4434144606559215,controlled_opening,1
M0527,10.60376938359427,Senior-career proxy,seniority_years proxy because no manager age column exists in the workbook,Local,region proxy because no manager local/non-local column exists,Senior-career proxy | Local,10.60376938359427,DE-West,S005,0.2576355233090888,0.13271536633352,opportunistic_teaming,0
M0528,5.611008452135695,Mid-career proxy,seniority_years proxy because no manager age column exists in the workbook,Local,region proxy because no manager local/non-local column exists,Mid-career proxy | Local,5.611008452135695,DE-East,S003,0.7782162352308882,0.4167181121199675,controlled_opening,0
M0529,6.936529696815609,Mid-career proxy,seniority_years proxy because no manager age column exists in the workbook,Non-local,region proxy because no manager local/non-local column exists,Mid-career proxy | Non-local,6.936529696815609,EU-Other,S006,-0.607538247610715,0.9886924705720685,fearful_exclusion,1
M0530,3.427112408471193,Early-career proxy,seniority_years proxy because no manager age column exists in the workbook,Local,region proxy because no manager local/non-local column exists,Early-career proxy | Local,3.427112408471193,DE-East,S004,0.06197764087987759,0.5994332621030128,controlled_opening,1
M0531,7.254176836978608,Mid-career proxy,seniority_years proxy because no manager age column exists in the workbook,Local,region proxy because no manager local/non-local column exists,Mid-career proxy | Local,7.254176836978608,DE-South,S010,-0.7194214012543897,0.5929648753588463,fearful_exclusion,1
M0532,6.876952540729399,Mid-career proxy,seniority_years proxy because no manager age column exists in the workbook,Local,region proxy because no manager local/non-local column exists,Mid-career proxy | Local,6.876952540729399,DE-South,S010,-1.0,0.8477864230770454,fearful_exclusion,1
M0533,5.710535154154574,Mid-career proxy,seniority_years proxy because no manager age column exists in the workbook,Local,region proxy because no manager local/non-local column exists,Mid-career proxy | Local,5.710535154154574,DE-West,S005,-1.0,0.5882739851599045,fearful_exclusion,1
M0534,3.085629669144555,Early-career proxy,seniority_years proxy because no manager age column exists in the workbook,Non-local,region proxy because no manager local/non-local column exists,Early-career proxy | Non-local,3.085629669144555,EU-Other,S006,0.5742227372194355,0.1712895177869815,opportunistic_teaming,0
M0535,9.31973937868268,Senior-career proxy,seniority_years proxy because no manager age column exists in the workbook,Local,region proxy because no manager local/non-local column exists,Senior-career proxy | Local,9.31973937868268,DE-East,S007,-0.560537472394689,0.8469816598930336,fearful_exclusion,0
M0536,6.753448391241651,Mid-career proxy,seniority_years proxy because no manager age column exists in the workbook,Local,region proxy because no manager local/non-local column exists,Mid-career proxy | Local,6.753448391241651,DE-East,S009,-0.822605698198545,0.9237087978883687,fearful_exclusion,1
M0537,6.921722088688648,Mid-career proxy,seniority_years proxy because no manager age column exists in the workbook,Non-local,region proxy because no manager local/non-local column exists,Mid-career proxy | Non-local,6.921722088688648,EU-Other,S002,-0.07056518960578606,0.8225038038236537,fearful_exclusion,0
M0538,10.68495736887936,Senior-career proxy,seniority_years proxy because no manager age column exists in the workbook,Local,region proxy because no manager local/non-local column exists,Senior-career proxy | Local,10.68495736887936,DE-South,S010,-1.0,0.7887877063712248,fearful_exclusion,1
M0539,3.714800781587914,Early-career proxy,seniority_years proxy because no manager age column exists in the workbook,Local,region proxy because no manager local/non-local column exists,Early-career proxy | Local,3.714800781587914,DE-East,S009,-0.2482620843993118,0.4414881338818868,controlled_opening,1
M0540,6.412612904695532,Mid-career proxy,seniority_years proxy because no manager age column exists in the workbook,Local,region proxy because no manager local/non-local column exists,Mid-career proxy | Local,6.412612904695532,DE-West,S005,-0.8098988465871069,0.8419354723828583,fearful_exclusion,0
M0541,9.400125594485155,Senior-career proxy,seniority_years proxy because no manager age column exists in the workbook,Local,region proxy because no manager local/non-local column exists,Senior-career proxy | Local,9.400125594485155,DE-West,S012,-0.3194616408865599,0.7484562127406572,controlled_opening,0
M0542,8.755251737567036,Senior-career proxy,seniority_years proxy because no manager age column exists in the workbook,Local,region proxy because no manager local/non-local column exists,Senior-career proxy | Local,8.755251737567036,DE-East,S009,-0.4886340800876394,0.4589951436841412,controlled_opening,1
M0543,5.0129754513327,Mid-career proxy,seniority_years proxy because no manager age column exists in the workbook,Non-local,region proxy because no manager local/non-local column exists,Mid-career proxy | Non-local,5.0129754513327,EU-Other,S006,-0.4619682798074796,0.5322443870255089,controlled_opening,0
M0544,6.116158491076146,Mid-career proxy,seniority_years proxy because no manager age column exists in the workbook,Local,region proxy because no manager local/non-local column exists,Mid-career proxy | Local,6.116158491076146,DE-East,S009,-0.7398890915531022,0.4483017591872538,fearful_exclusion,0
M0545,0.6965543536780343,Early-career proxy,seniority_years proxy because no manager age column exists in the workbook,Local,region proxy because no manager local/non-local column exists,Early-career proxy | Local,0.6965543536780343,DE-West,S011,-0.3805695543376494,0.491708665373453,controlled_opening,1
M0546,8.26205573623993,Senior-career proxy,seniority_years proxy because no manager age column exists in the workbook,Local,region proxy because no manager local/non-local column exists,Senior-career proxy | Local,8.26205573623993,DE-West,S012,0.2553020748048709,0.2856878965376217,opportunistic_teaming,0
M0547,7.055963256657195,Mid-career proxy,seniority_years proxy because no manager age column exists in the workbook,Non-local,region proxy because no manager local/non-local column exists,Mid-career proxy | Non-local,7.055963256657195,EU-Other,S001,-0.08549651696211268,0.5374101838641246,controlled_opening,1
M0548,1.430676290240191,Early-career proxy,seniority_years proxy because no manager age column exists in the workbook,Local,region proxy because no manager local/non-local column exists,Early-career proxy | Local,1.430676290240191,DE-East,S007,-0.1445605763134257,0.5499829501103306,controlled_opening,0
M0549,5.249602372191494,Mid-career proxy,seniority_years proxy because no manager age column exists in the workbook,Local,region proxy because no manager local/non-local column exists,Mid-career proxy | Local,5.249602372191494,DE-East,S003,-0.5390786901557207,0.7422820269836498,fearful_exclusion,0
M0550,7.153467686660171,Mid-career proxy,seniority_years proxy because no manager age column exists in the workbook,Local,region proxy because no manager local/non-local column exists,Mid-career proxy | Local,7.153467686660171,DE-West,S012,-0.8497226881915032,0.5907918164562185,fearful_exclusion,1
M0551,11.68878722231553,Senior-career proxy,seniority_years proxy because no manager age column exists in the workbook,Local,region proxy because no manager local/non-local column exists,Senior-career proxy | Local,11.68878722231553,DE-West,S011,0.5112983969670888,0.3342248977522901,opportunistic_teaming,0
M0552,5.159364492615207,Mid-career proxy,seniority_years proxy because no manager age column exists in the workbook,Non-local,region proxy because no manager local/non-local column exists,Mid-career proxy | Non-local,5.159364492615207,EU-Other,S002,-0.9760385278054178,0.7353568688914188,fearful_exclusion,1
M0553,6.696254131359589,Mid-career proxy,seniority_years proxy because no manager age column exists in the workbook,Local,region proxy because no manager local/non-local column exists,Mid-career proxy | Local,6.696254131359589,DE-West,S012,0.7405765663078949,0.4160804229156614,controlled_opening,1
M0554,8.391621090511915,Senior-career proxy,seniority_years proxy because no manager age column exists in the workbook,Local,region proxy because no manager local/non-local column exists,Senior-career proxy | Local,8.391621090511915,DE-West,S011,0.642845139050466,0.3661324918177571,opportunistic_teaming,1
M0555,5.047870449779015,Mid-career proxy,seniority_years proxy because no manager age column exists in the workbook,Local,region proxy because no manager local/non-local column exists,Mid-career proxy | Local,5.047870449779015,DE-East,S008,0.2546187304325255,0.6111643564271996,controlled_opening,0
M0556,0.9668115512518209,Early-career proxy,seniority_years proxy because no manager age column exists in the workbook,Local,region proxy because no manager local/non-local column exists,Early-career proxy | Local,0.9668115512518209,DE-West,S011,-0.2403553376200936,0.5646413085166642,controlled_opening,0
M0557,3.119448231642152,Early-career proxy,seniority_years proxy because no manager age column exists in the workbook,Local,region proxy because no manager local/non-local column exists,Early-career proxy | Local,3.119448231642152,DE-East,S004,-0.4598745208353793,0.714876107647792,fearful_exclusion,0
M0558,11.21839675148651,Senior-career proxy,seniority_years proxy because no manager age column exists in the workbook,Local,region proxy because no manager local/non-local column exists,Senior-career proxy | Local,11.21839675148651,DE-South,S010,-0.5558554283580479,0.5999444182192561,fearful_exclusion,1
M0559,10.06527921934575,Senior-career proxy,seniority_years proxy because no manager age column exists in the workbook,Local,region proxy because no manager local/non-local column exists,Senior-career proxy | Local,10.06527921934575,DE-West,S005,-0.2167699058132826,0.7474510758465018,fearful_exclusion,1
M0560,9.848318108711496,Senior-career proxy,seniority_years proxy because no manager age column exists in the workbook,Local,region proxy because no manager local/non-local column exists,Senior-career proxy | Local,9.848318108711496,DE-West,S012,0.5679762659502925,0.3607624295788303,opportunistic_teaming,1
M0561,6.754026758368478,Mid-career proxy,seniority_years proxy because no manager age column exists in the workbook,Local,region proxy because no manager local/non-local column exists,Mid-career proxy | Local,6.754026758368478,DE-East,S008,0.3223858920942834,0.2540885208158636,controlled_opening,0
M0562,5.001462318882547,Mid-career proxy,seniority_years proxy because no manager age column exists in the workbook,Local,region proxy because no manager local/non-local column exists,Mid-career proxy | Local,5.001462318882547,DE-East,S004,-0.5601299235741136,0.6696311018946455,fearful_exclusion,0
M0563,9.944038629956701,Senior-career proxy,seniority_years proxy because no manager age column exists in the workbook,Local,region proxy because no manager local/non-local column exists,Senior-career proxy | Local,9.944038629956701,DE-East,S007,-0.2706220023013798,0.6957112849870685,fearful_exclusion,1
M0564,4.335505043170146,Mid-career proxy,seniority_years proxy because no manager age column exists in the workbook,Local,region proxy because no manager local/non-local column exists,Mid-career proxy | Local,4.335505043170146,DE-West,S012,-0.4732157935988143,0.7791661896120252,fearful_exclusion,1
M0565,8.91921919819158,Senior-career proxy,seniority_years proxy because no manager age column exists in the workbook,Local,region proxy because no manager local/non-local column exists,Senior-career proxy | Local,8.91921919819158,DE-West,S011,-0.9195996465384096,0.7353823262482471,fearful_exclusion,1
M0566,6.661331461551454,Mid-career proxy,seniority_years proxy because no manager age column exists in the workbook,Local,region proxy because no manager local/non-local column exists,Mid-career proxy | Local,6.661331461551454,DE-West,S005,0.1494486585860491,0.3819259626532558,controlled_opening,0
M0567,6.166994834424577,Mid-career proxy,seniority_years proxy because no manager age column exists in the workbook,Local,region proxy because no manager local/non-local column exists,Mid-career proxy | Local,6.166994834424577,DE-East,S008,-0.05272779106638437,0.4958704369851503,opportunistic_teaming,1
M0568,4.963810518807422,Mid-career proxy,seniority_years proxy because no manager age column exists in the workbook,Local,region proxy because no manager local/non-local column exists,Mid-career proxy | Local,4.963810518807422,DE-West,S011,-0.6694856361573328,0.9185847415764116,fearful_exclusion,1
M0569,6.619123425395005,Mid-career proxy,seniority_years proxy because no manager age column exists in the workbook,Local,region proxy because no manager local/non-local column exists,Mid-career proxy | Local,6.619123425395005,DE-West,S011,-0.09794205270050549,0.4293225571831622,fearful_exclusion,1
M0570,1.82744297724396,Early-career proxy,seniority_years proxy because no manager age column exists in the workbook,Non-local,region proxy because no manager local/non-local column exists,Early-career proxy | Non-local,1.82744297724396,EU-Other,S002,0.5015630080617657,0.3337449804182467,opportunistic_teaming,0
M0571,5.991901314860051,Mid-career proxy,seniority_years proxy because no manager age column exists in the workbook,Non-local,region proxy because no manager local/non-local column exists,Mid-career proxy | Non-local,5.991901314860051,EU-Other,S001,-0.4831326737324633,0.6280890198831269,fearful_exclusion,1
M0572,0.6327079353638725,Early-career proxy,seniority_years proxy because no manager age column exists in the workbook,Local,region proxy because no manager local/non-local column exists,Early-career proxy | Local,0.6327079353638725,DE-West,S005,-0.8800623543564435,0.806011670113524,fearful_exclusion,1
M0573,3.864368749939612,Early-career proxy,seniority_years proxy because no manager age column exists in the workbook,Local,region proxy because no manager local/non-local column exists,Early-career proxy | Local,3.864368749939612,DE-East,S004,-0.4227203756484464,1.0,fearful_exclusion,1
M0574,2.428018267654639,Early-career proxy,seniority_years proxy because no manager age column exists in the workbook,Local,region proxy because no manager local/non-local column exists,Early-career proxy | Local,2.428018267654639,DE-West,S011,-0.2911054863012836,0.8274943548583912,fearful_exclusion,1
M0575,2.700431737297003,Early-career proxy,seniority_years proxy because no manager age column exists in the workbook,Local,region proxy because no manager local/non-local column exists,Early-career proxy | Local,2.700431737297003,DE-South,S010,0.1697947929117082,0.6705153223138143,controlled_opening,1
M0576,6.372332555291432,Mid-career proxy,seniority_years proxy because no manager age column exists in the workbook,Local,region proxy because no manager local/non-local column exists,Mid-career proxy | Local,6.372332555291432,DE-East,S003,-0.4541580188660839,0.6296270346645421,fearful_exclusion,1
M0577,0.0,Early-career proxy,seniority_years proxy because no manager age column exists in the workbook,Non-local,region proxy because no manager local/non-local column exists,Early-career proxy | Non-local,0.0,EU-Other,S006,0.05307499601376262,0.5592125374092455,controlled_opening,0
M0578,6.97455949441719,Mid-career proxy,seniority_years proxy because no manager age column exists in the workbook,Local,region proxy because no manager local/non-local column exists,Mid-career proxy | Local,6.97455949441719,DE-East,S009,-0.2366487898124595,0.6413592535952158,controlled_opening,0
M0579,6.003168034625922,Mid-career proxy,seniority_years proxy because no manager age column exists in the workbook,Local,region proxy because no manager local/non-local column exists,Mid-career proxy | Local,6.003168034625922,DE-East,S008,-0.7076988332897409,0.8842359863996726,fearful_exclusion,0
M0580,6.765978939196902,Mid-career proxy,seniority_years proxy because no manager age column exists in the workbook,Non-local,region proxy because no manager local/non-local column exists,Mid-career proxy | Non-local,6.765978939196902,EU-Other,S002,-0.9167120587870721,0.7306620889749216,fearful_exclusion,1
M0581,9.98747267685605,Senior-career proxy,seniority_years proxy because no manager age column exists in the workbook,Local,region proxy because no manager local/non-local column exists,Senior-career proxy | Local,9.98747267685605,DE-East,S007,-0.3569373580161835,0.4941081506109917,controlled_opening,1
M0582,5.8390733373669,Mid-career proxy,seniority_years proxy because no manager age column exists in the workbook,Local,region proxy because no manager local/non-local column exists,Mid-career proxy | Local,5.8390733373669,DE-South,S010,0.5828752587255465,0.5577381901017795,controlled_opening,1
M0583,12.139120953685,Senior-career proxy,seniority_years proxy because no manager age column exists in the workbook,Local,region proxy because no manager local/non-local column exists,Senior-career proxy | Local,12.139120953685,DE-West,S012,0.6422657866734449,0.1966037540300823,opportunistic_teaming,1
M0584,7.472057400139143,Mid-career proxy,seniority_years proxy because no manager age column exists in the workbook,Local,region proxy because no manager local/non-local column exists,Mid-career proxy | Local,7.472057400139143,DE-East,S007,-0.4413478561691518,0.307948101667577,controlled_opening,1
M0585,4.865059949143697,Mid-career proxy,seniority_years proxy because no manager age column exists in the workbook,Local,region proxy because no manager local/non-local column exists,Mid-career proxy | Local,4.865059949143697,DE-West,S012,-0.5083330858601527,0.5615361597950927,controlled_opening,1
M0586,6.351595313123253,Mid-career proxy,seniority_years proxy because no manager age column exists in the workbook,Local,region proxy because no manager local/non-local column exists,Mid-career proxy | Local,6.351595313123253,DE-East,S007,-0.5201944774934858,0.5940930694976028,fearful_exclusion,0
M0587,8.630918371602139,Senior-career proxy,seniority_years proxy because no manager age column exists in the workbook,Local,region proxy because no manager local/non-local column exists,Senior-career proxy | Local,8.630918371602139,DE-West,S011,-0.2499225477942552,0.4462832205418172,controlled_opening,0
M0588,2.256405276335187,Early-career proxy,seniority_years proxy because no manager age column exists in the workbook,Local,region proxy because no manager local/non-local column exists,Early-career proxy | Local,2.256405276335187,DE-West,S012,-0.3171475856718102,0.5745696841971921,controlled_opening,0
M0589,7.147177950714915,Mid-career proxy,seniority_years proxy because no manager age column exists in the workbook,Local,region proxy because no manager local/non-local column exists,Mid-career proxy | Local,7.147177950714915,DE-East,S008,-0.5331668776086743,0.9689399262341608,fearful_exclusion,1
M0590,4.97435933740636,Mid-career proxy,seniority_years proxy because no manager age column exists in the workbook,Local,region proxy because no manager local/non-local column exists,Mid-career proxy | Local,4.97435933740636,DE-East,S004,0.2983214087732289,0.5652775605747984,opportunistic_teaming,0
M0591,6.738982423096029,Mid-career proxy,seniority_years proxy because no manager age column exists in the workbook,Local,region proxy because no manager local/non-local column exists,Mid-career proxy | Local,6.738982423096029,DE-East,S007,-1.0,0.719279102015465,fearful_exclusion,1
M0592,4.483503939904643,Mid-career proxy,seniority_years proxy because no manager age column exists in the workbook,Local,region proxy because no manager local/non-local column exists,Mid-career proxy | Local,4.483503939904643,DE-West,S012,-0.04604953860295001,0.4345099121963876,controlled_opening,1
M0593,8.576527854776792,Senior-career proxy,seniority_years proxy because no manager age column exists in the workbook,Non-local,region proxy because no manager local/non-local column exists,Senior-career proxy | Non-local,8.576527854776792,EU-Other,S006,-0.6762523703903391,1.0,fearful_exclusion,1
M0594,9.333890032225295,Senior-career proxy,seniority_years proxy because no manager age column exists in the workbook,Local,region proxy because no manager local/non-local column exists,Senior-career proxy | Local,9.333890032225295,DE-East,S004,-0.1561576462157847,0.6420023201047275,controlled_opening,1
M0595,5.794195468898107,Mid-career proxy,seniority_years proxy because no manager age column exists in the workbook,Local,region proxy because no manager local/non-local column exists,Mid-career proxy | Local,5.794195468898107,DE-East,S008,-0.2880052087517517,0.4765025005338226,controlled_opening,0
M0596,6.644818580350043,Mid-career proxy,seniority_years proxy because no manager age column exists in the workbook,Local,region proxy because no manager local/non-local column exists,Mid-career proxy | Local,6.644818580350043,DE-West,S005,-0.001066359483598345,0.4297882936945734,opportunistic_teaming,1
M0597,8.042805064752253,Senior-career proxy,seniority_years proxy because no manager age column exists in the workbook,Local,region proxy because no manager local/non-local column exists,Senior-career proxy | Local,8.042805064752253,DE-East,S007,-0.3543933750034729,0.5445304235419632,controlled_opening,1
M0598,8.336243040694308,Senior-career proxy,seniority_years proxy because no manager age column exists in the workbook,Non-local,region proxy because no manager local/non-local column exists,Senior-career proxy | Non-local,8.336243040694308,EU-Other,S002,-0.818629728204344,0.6213669654688126,fearful_exclusion,1
M0599,5.195409262777113,Mid-career proxy,seniority_years proxy because no manager age column exists in the workbook,Local,region proxy because no manager local/non-local column exists,Mid-career proxy | Local,5.195409262777113,DE-East,S007,-0.7510850593086102,0.8770111254605456,fearful_exclusion,0
M0600,8.77190111175236,Senior-career proxy,seniority_years proxy because no manager age column exists in the workbook,Local,region proxy because no manager local/non-local column exists,Senior-career proxy | Local,8.77190111175236,DE-West,S012,-0.2803812848199954,0.9190787079727651,fearful_exclusion,1
M0601,4.035092417996959,Mid-career proxy,seniority_years proxy because no manager age column exists in the workbook,Non-local,region proxy because no manager local/non-local column exists,Mid-career proxy | Non-local,4.035092417996959,EU-Other,S006,-0.1902727179416086,0.6000674968454113,controlled_opening,1
M0602,5.015363177716313,Mid-career proxy,seniority_years proxy because no manager age column exists in the workbook,Local,region proxy because no manager local/non-local column exists,Mid-career proxy | Local,5.015363177716313,DE-East,S004,-0.8347149062591399,0.8269844792818892,fearful_exclusion,1
M0603,6.238817072744977,Mid-career proxy,seniority_years proxy because no manager age column exists in the workbook,Non-local,region proxy because no manager local/non-local column exists,Mid-career proxy | Non-local,6.238817072744977,EU-Other,S006,0.08076228305796482,0.645072438190215,controlled_opening,0
M0604,3.552758336497201,Early-career proxy,seniority_years proxy because no manager age column exists in the workbook,Local,region proxy because no manager local/non-local column exists,Early-career proxy | Local,3.552758336497201,DE-West,S005,-0.6992971498117391,0.5413294479597914,fearful_exclusion,0
M0605,2.996440903349432,Early-career proxy,seniority_years proxy because no manager age column exists in the workbook,Non-local,region proxy because no manager local/non-local column exists,Early-career proxy | Non-local,2.996440903349432,EU-Other,S006,-0.4163900196462393,0.7677643429762151,controlled_opening,1
M0606,7.084935600864616,Mid-career proxy,seniority_years proxy because no manager age column exists in the workbook,Local,region proxy because no manager local/non-local column exists,Mid-career proxy | Local,7.084935600864616,DE-East,S009,-0.2554818375214446,1.0,fearful_exclusion,1
M0607,7.366428901047837,Mid-career proxy,seniority_years proxy because no manager age column exists in the workbook,Local,region proxy because no manager local/non-local column exists,Mid-career proxy | Local,7.366428901047837,DE-East,S003,-0.2331625513674682,0.3134210262296498,controlled_opening,1
M0608,7.832716965711115,Mid-career proxy,seniority_years proxy because no manager age column exists in the workbook,Non-local,region proxy because no manager local/non-local column exists,Mid-career proxy | Non-local,7.832716965711115,EU-Other,S002,0.1433347208105072,0.5143439052063449,controlled_opening,0
M0609,1.739313386945953,Early-career proxy,seniority_years proxy because no manager age column exists in the workbook,Non-local,region proxy because no manager local/non-local column exists,Early-career proxy | Non-local,1.739313386945953,EU-Other,S006,-1.0,0.7768302098939386,fearful_exclusion,1
M0610,8.512389826446642,Senior-career proxy,seniority_years proxy because no manager age column exists in the workbook,Local,region proxy because no manager local/non-local column exists,Senior-career proxy | Local,8.512389826446642,DE-East,S003,0.0976570368294657,0.3661350824073417,controlled_opening,1
M0611,1.67044352671765,Early-career proxy,seniority_years proxy because no manager age column exists in the workbook,Local,region proxy because no manager local/non-local column exists,Early-career proxy | Local,1.67044352671765,DE-West,S011,-0.5114544969969441,0.5409268629013146,controlled_opening,0
M0612,8.494754457555098,Senior-career proxy,seniority_years proxy because no manager age column exists in the workbook,Local,region proxy because no manager local/non-local column exists,Senior-career proxy | Local,8.494754457555098,DE-East,S003,-0.3230357862887442,0.5642728523275085,controlled_opening,0
M0613,10.30245692170368,Senior-career proxy,seniority_years proxy because no manager age column exists in the workbook,Local,region proxy because no manager local/non-local column exists,Senior-career proxy | Local,10.30245692170368,DE-East,S008,-0.9256093163544075,0.911574255452971,fearful_exclusion,0
M0614,4.705472707088232,Mid-career proxy,seniority_years proxy because no manager age column exists in the workbook,Non-local,region proxy because no manager local/non-local column exists,Mid-career proxy | Non-local,4.705472707088232,EU-Other,S006,-0.3283888371113456,0.612324731259502,fearful_exclusion,0
M0615,9.530463521031816,Senior-career proxy,seniority_years proxy because no manager age column exists in the workbook,Non-local,region proxy because no manager local/non-local column exists,Senior-career proxy | Non-local,9.530463521031816,EU-Other,S006,0.2108329052754589,0.7966336158955583,fearful_exclusion,0
M0616,1.968558283521762,Early-career proxy,seniority_years proxy because no manager age column exists in the workbook,Local,region proxy because no manager local/non-local column exists,Early-career proxy | Local,1.968558283521762,DE-East,S004,-0.4665777156869315,0.6986830214622147,controlled_opening,1
M0617,7.833865489984255,Mid-career proxy,seniority_years proxy because no manager age column exists in the workbook,Local,region proxy because no manager local/non-local column exists,Mid-career proxy | Local,7.833865489984255,DE-West,S011,-0.9600827381436734,0.8765223268355145,fearful_exclusion,1
M0618,0.8859149257655003,Early-career proxy,seniority_years proxy because no manager age column exists in the workbook,Non-local,region proxy because no manager local/non-local column exists,Early-career proxy | Non-local,0.8859149257655003,EU-Other,S006,-0.8818709668647229,0.7600786516373089,fearful_exclusion,1
M0619,6.027356553119687,Mid-career proxy,seniority_years proxy because no manager age column exists in the workbook,Non-local,region proxy because no manager local/non-local column exists,Mid-career proxy | Non-local,6.027356553119687,EU-Other,S006,-0.9877202849044793,0.8360529445034353,fearful_exclusion,0
M0620,4.442290514899542,Mid-career proxy,seniority_years proxy because no manager age column exists in the workbook,Local,region proxy because no manager local/non-local column exists,Mid-career proxy | Local,4.442290514899542,DE-East,S003,0.7023517617198283,0.3167617552596398,controlled_opening,0
M0621,4.514403126475976,Mid-career proxy,seniority_years proxy because no manager age column exists in the workbook,Local,region proxy because no manager local/non-local column exists,Mid-career proxy | Local,4.514403126475976,DE-West,S005,-0.4031631873878687,0.677773234846659,fearful_exclusion,0
M0622,5.175039287503811,Mid-career proxy,seniority_years proxy because no manager age column exists in the workbook,Local,region proxy because no manager local/non-local column exists,Mid-career proxy | Local,5.175039287503811,DE-West,S005,-0.4553043609536416,0.3806899551343493,opportunistic_teaming,0
M0623,5.240859292243028,Mid-career proxy,seniority_years proxy because no manager age column exists in the workbook,Local,region proxy because no manager local/non-local column exists,Mid-career proxy | Local,5.240859292243028,DE-West,S012,0.5033565596586538,0.7124887443197564,controlled_opening,0
M0624,4.877120112957922,Mid-career proxy,seniority_years proxy because no manager age column exists in the workbook,Local,region proxy because no manager local/non-local column exists,Mid-career proxy | Local,4.877120112957922,DE-East,S008,-0.7451661698277741,0.5813838395322211,fearful_exclusion,1
M0625,7.2000594239755,Mid-career proxy,seniority_years proxy because no manager age column exists in the workbook,Local,region proxy because no manager local/non-local column exists,Mid-career proxy | Local,7.2000594239755,DE-East,S008,0.3518563910748195,0.5781612198235428,controlled_opening,1
M0626,5.87438301780318,Mid-career proxy,seniority_years proxy because no manager age column exists in the workbook,Local,region proxy because no manager local/non-local column exists,Mid-career proxy | Local,5.87438301780318,DE-East,S003,-0.7052516281137773,0.7124871645588665,fearful_exclusion,1
M0627,5.342780760407102,Mid-career proxy,seniority_years proxy because no manager age column exists in the workbook,Local,region proxy because no manager local/non-local column exists,Mid-career proxy | Local,5.342780760407102,DE-West,S011,-0.359754573138205,0.6334872211807155,controlled_opening,0
M0628,3.936166255117206,Early-career proxy,seniority_years proxy because no manager age column exists in the workbook,Non-local,region proxy because no manager local/non-local column exists,Early-career proxy | Non-local,3.936166255117206,EU-Other,S001,-0.4750490449251146,0.8060677731437738,fearful_exclusion,0
M0629,0.0,Early-career proxy,seniority_years proxy because no manager age column exists in the workbook,Local,region proxy because no manager local/non-local column exists,Early-career proxy | Local,0.0,DE-East,S009,-1.0,1.0,fearful_exclusion,0
M0630,3.352707062094527,Early-career proxy,seniority_years proxy because no manager age column exists in the workbook,Non-local,region proxy because no manager local/non-local column exists,Early-career proxy | Non-local,3.352707062094527,EU-Other,S001,0.4360994300890866,0.5639676413156243,controlled_opening,1
M0631,10.19397871014511,Senior-career proxy,seniority_years proxy because no manager age column exists in the workbook,Local,region proxy because no manager local/non-local column exists,Senior-career proxy | Local,10.19397871014511,DE-East,S007,-1.0,0.9130340182698531,fearful_exclusion,0
M0632,0.0,Early-career proxy,seniority_years proxy because no manager age column exists in the workbook,Local,region proxy because no manager local/non-local column exists,Early-career proxy | Local,0.0,DE-East,S004,-0.2183649435300152,0.2715411788889321,controlled_opening,0
M0633,4.113697424105308,Mid-career proxy,seniority_years proxy because no manager age column exists in the workbook,Non-local,region proxy because no manager local/non-local column exists,Mid-career proxy | Non-local,4.113697424105308,EU-Other,S001,0.2232592121266374,0.1617168341001491,opportunistic_teaming,0
M0634,4.362911112467662,Mid-career proxy,seniority_years proxy because no manager age column exists in the workbook,Non-local,region proxy because no manager local/non-local column exists,Mid-career proxy | Non-local,4.362911112467662,EU-Other,S001,-0.01774115087840573,0.6331104690696406,controlled_opening,1
M0635,6.551181608108293,Mid-career proxy,seniority_years proxy because no manager age column exists in the workbook,Local,region proxy because no manager local/non-local column exists,Mid-career proxy | Local,6.551181608108293,DE-West,S011,-0.2909643765968402,0.6847748571380323,fearful_exclusion,1
M0636,5.393552035109299,Mid-career proxy,seniority_years proxy because no manager age column exists in the workbook,Non-local,region proxy because no manager local/non-local column exists,Mid-career proxy | Non-local,5.393552035109299,EU-Other,S001,0.6346145024571354,0.7294961541620246,controlled_opening,1
M0637,9.490472645488467,Senior-career proxy,seniority_years proxy because no manager age column exists in the workbook,Local,region proxy because no manager local/non-local column exists,Senior-career proxy | Local,9.490472645488467,DE-East,S009,-0.3855073899622758,0.6322285601527092,fearful_exclusion,1
M0638,7.983943256007057,Mid-career proxy,seniority_years proxy because no manager age column exists in the workbook,Non-local,region proxy because no manager local/non-local column exists,Mid-career proxy | Non-local,7.983943256007057,EU-Other,S001,-1.0,0.544149635926944,fearful_exclusion,1
M0639,4.098161610363945,Mid-career proxy,seniority_years proxy because no manager age column exists in the workbook,Local,region proxy because no manager local/non-local column exists,Mid-career proxy | Local,4.098161610363945,DE-West,S011,-0.1593144113318921,0.6743106506603462,fearful_exclusion,0
M0640,1.866692229441777,Early-career proxy,seniority_years proxy because no manager age column exists in the workbook,Local,region proxy because no manager local/non-local column exists,Early-career proxy | Local,1.866692229441777,DE-West,S012,-1.0,0.6320848267865936,fearful_exclusion,0
M0641,7.942599600036878,Mid-career proxy,seniority_years proxy because no manager age column exists in the workbook,Local,region proxy because no manager local/non-local column exists,Mid-career proxy | Local,7.942599600036878,DE-West,S012,-0.2606978921093817,0.9617552435374097,fearful_exclusion,0
M0642,8.494081993391816,Senior-career proxy,seniority_years proxy because no manager age column exists in the workbook,Local,region proxy because no manager local/non-local column exists,Senior-career proxy | Local,8.494081993391816,DE-East,S009,0.01142377423483498,0.5048391596980785,controlled_opening,0
M0643,9.990105709837927,Senior-career proxy,seniority_years proxy because no manager age column exists in the workbook,Local,region proxy because no manager local/non-local column exists,Senior-career proxy | Local,9.990105709837927,DE-South,S010,-0.4294108567945447,1.0,fearful_exclusion,0
M0644,9.376571767941925,Senior-career proxy,seniority_years proxy because no manager age column exists in the workbook,Local,region proxy because no manager local/non-local column exists,Senior-career proxy | Local,9.376571767941925,DE-West,S012,-0.341437368586485,0.5284884314387146,controlled_opening,0
M0645,6.356351478492768,Mid-career proxy,seniority_years proxy because no manager age column exists in the workbook,Local,region proxy because no manager local/non-local column exists,Mid-career proxy | Local,6.356351478492768,DE-West,S005,-0.02696640943841311,0.5987328624813517,fearful_exclusion,0
M0646,7.088452640326472,Mid-career proxy,seniority_years proxy because no manager age column exists in the workbook,Local,region proxy because no manager local/non-local column exists,Mid-career proxy | Local,7.088452640326472,DE-East,S003,-1.0,0.8043351187713853,fearful_exclusion,1
M0647,4.02895662843763,Mid-career proxy,seniority_years proxy because no manager age column exists in the workbook,Local,region proxy because no manager local/non-local column exists,Mid-career proxy | Local,4.02895662843763,DE-East,S009,0.0986545133266048,0.2781679827533061,opportunistic_teaming,0
M0648,5.597714316514421,Mid-career proxy,seniority_years proxy because no manager age column exists in the workbook,Local,region proxy because no manager local/non-local column exists,Mid-career proxy | Local,5.597714316514421,DE-South,S010,-0.3396055311453884,0.4748286293380872,controlled_opening,1
M0649,11.35966969367086,Senior-career proxy,seniority_years proxy because no manager age column exists in the workbook,Local,region proxy because no manager local/non-local column exists,Senior-career proxy | Local,11.35966969367086,DE-East,S004,-0.4994666232676808,0.4840800407795793,controlled_opening,0
M0650,5.916727554414497,Mid-career proxy,seniority_years proxy because no manager age column exists in the workbook,Non-local,region proxy because no manager local/non-local column exists,Mid-career proxy | Non-local,5.916727554414497,EU-Other,S002,0.421737583920724,0.7487654498756834,controlled_opening,1
M0651,2.068156877998227,Early-career proxy,seniority_years proxy because no manager age column exists in the workbook,Local,region proxy because no manager local/non-local column exists,Early-career proxy | Local,2.068156877998227,DE-West,S011,-0.1977903275947248,0.5329864771971256,fearful_exclusion,1
M0652,5.280754896028744,Mid-career proxy,seniority_years proxy because no manager age column exists in the workbook,Local,region proxy because no manager local/non-local column exists,Mid-career proxy | Local,5.280754896028744,DE-East,S007,0.1367309449814536,0.7588052556742547,fearful_exclusion,1
M0653,5.887694793159088,Mid-career proxy,seniority_years proxy because no manager age column exists in the workbook,Local,region proxy because no manager local/non-local column exists,Mid-career proxy | Local,5.887694793159088,DE-West,S011,-0.09066709927481191,0.8810087118700904,controlled_opening,1
M0654,3.974187562047902,Early-career proxy,seniority_years proxy because no manager age column exists in the workbook,Local,region proxy because no manager local/non-local column exists,Early-career proxy | Local,3.974187562047902,DE-South,S010,-0.5920041930534337,0.8941492787381032,fearful_exclusion,1
M0655,2.627993289087565,Early-career proxy,seniority_years proxy because no manager age column exists in the workbook,Non-local,region proxy because no manager local/non-local column exists,Early-career proxy | Non-local,2.627993289087565,EU-Other,S002,-0.580482019326819,0.9682597341539587,fearful_exclusion,1
M0656,9.393701224117304,Senior-career proxy,seniority_years proxy because no manager age column exists in the workbook,Local,region proxy because no manager local/non-local column exists,Senior-career proxy | Local,9.393701224117304,DE-East,S007,0.7643429881362823,0.2124638032871157,opportunistic_teaming,0
M0657,4.513354902800305,Mid-career proxy,seniority_years proxy because no manager age column exists in the workbook,Non-local,region proxy because no manager local/non-local column exists,Mid-career proxy | Non-local,4.513354902800305,EU-Other,S001,-0.7608338017125178,0.7830591088975768,fearful_exclusion,0
M0658,5.587090357886302,Mid-career proxy,seniority_years proxy because no manager age column exists in the workbook,Non-local,region proxy because no manager local/non-local column exists,Mid-career proxy | Non-local,5.587090357886302,EU-Other,S006,0.4707284759656717,0.709892555615772,controlled_opening,1
M0659,8.712187877786253,Senior-career proxy,seniority_years proxy because no manager age column exists in the workbook,Non-local,region proxy because no manager local/non-local column exists,Senior-career proxy | Non-local,8.712187877786253,EU-Other,S001,-0.3525171848571553,0.6838409429245839,controlled_opening,0
M0660,7.492745225986671,Mid-career proxy,seniority_years proxy because no manager age column exists in the workbook,Local,region proxy because no manager local/non-local column exists,Mid-career proxy | Local,7.492745225986671,DE-East,S003,0.2006878609834468,0.301125495482317,opportunistic_teaming,0
M0661,2.609506131402166,Early-career proxy,seniority_years proxy because no manager age column exists in the workbook,Non-local,region proxy because no manager local/non-local column exists,Early-career proxy | Non-local,2.609506131402166,EU-Other,S001,-0.1557411863935815,0.4281816912327503,controlled_opening,1
M0662,2.75797452649293,Early-career proxy,seniority_years proxy because no manager age column exists in the workbook,Non-local,region proxy because no manager local/non-local column exists,Early-career proxy | Non-local,2.75797452649293,EU-Other,S002,-0.5811740214428488,0.906748173580835,fearful_exclusion,1
M0663,8.928021516771892,Senior-career proxy,seniority_years proxy because no manager age column exists in the workbook,Local,region proxy because no manager local/non-local column exists,Senior-career proxy | Local,8.928021516771892,DE-East,S009,-0.1453890084434895,0.662607052017952,controlled_opening,0
M0664,4.815740688766312,Mid-career proxy,seniority_years proxy because no manager age column exists in the workbook,Local,region proxy because no manager local/non-local column exists,Mid-career proxy | Local,4.815740688766312,DE-East,S004,-0.4590064757063144,0.5244093665950934,controlled_opening,1
M0665,10.0459055887035,Senior-career proxy,seniority_years proxy because no manager age column exists in the workbook,Local,region proxy because no manager local/non-local column exists,Senior-career proxy | Local,10.0459055887035,DE-East,S007,-0.6701295292879215,0.8304247035841542,fearful_exclusion,1
M0666,14.66153865048068,Senior-career proxy,seniority_years proxy because no manager age column exists in the workbook,Non-local,region proxy because no manager local/non-local column exists,Senior-career proxy | Non-local,14.66153865048068,EU-Other,S002,-0.8978627424945442,0.6825332095825674,fearful_exclusion,1
M0667,3.015987114407565,Early-career proxy,seniority_years proxy because no manager age column exists in the workbook,Local,region proxy because no manager local/non-local column exists,Early-career proxy | Local,3.015987114407565,DE-South,S010,-0.2056912682868681,0.6211578907924079,controlled_opening,1
M0668,6.003686697309712,Mid-career proxy,seniority_years proxy because no manager age column exists in the workbook,Local,region proxy because no manager local/non-local column exists,Mid-career proxy | Local,6.003686697309712,DE-East,S003,-0.6069517944682397,0.5952813297288242,fearful_exclusion,0
M0669,3.201444144111392,Early-career proxy,seniority_years proxy because no manager age column exists in the workbook,Local,region proxy because no manager local/non-local column exists,Early-career proxy | Local,3.201444144111392,DE-East,S007,-0.09851468542165628,0.5270916013068097,controlled_opening,1
M0670,9.646215812291342,Senior-career proxy,seniority_years proxy because no manager age column exists in the workbook,Local,region proxy because no manager local/non-local column exists,Senior-career proxy | Local,9.646215812291342,DE-East,S007,-0.7912025346941376,0.5953743718625741,fearful_exclusion,1
M0671,5.786176041751412,Mid-career proxy,seniority_years proxy because no manager age column exists in the workbook,Non-local,region proxy because no manager local/non-local column exists,Mid-career proxy | Non-local,5.786176041751412,EU-Other,S002,0.6974484175963078,0.4361186434226164,controlled_opening,1
M0672,15.507167332757,Senior-career proxy,seniority_years proxy because no manager age column exists in the workbook,Local,region proxy because no manager local/non-local column exists,Senior-career proxy | Local,15.507167332757,DE-East,S008,0.02921219230024175,0.89008022976803,fearful_exclusion,0
M0673,8.752699580746219,Senior-career proxy,seniority_years proxy because no manager age column exists in the workbook,Local,region proxy because no manager local/non-local column exists,Senior-career proxy | Local,8.752699580746219,DE-East,S004,-0.1545516182885036,0.4865790179953851,controlled_opening,1
M0674,6.84291645783513,Mid-career proxy,seniority_years proxy because no manager age column exists in the workbook,Non-local,region proxy because no manager local/non-local column exists,Mid-career proxy | Non-local,6.84291645783513,EU-Other,S001,-1.0,0.9289586093362489,fearful_exclusion,1
M0675,2.499741042025016,Early-career proxy,seniority_years proxy because no manager age column exists in the workbook,Local,region proxy because no manager local/non-local column exists,Early-career proxy | Local,2.499741042025016,DE-East,S004,-0.002887518611005391,0.4019536206267084,controlled_opening,0
M0676,7.246039678904197,Mid-career proxy,seniority_years proxy because no manager age column exists in the workbook,Local,region proxy because no manager local/non-local column exists,Mid-career proxy | Local,7.246039678904197,DE-East,S004,-0.8112881700330608,0.5939167016270936,controlled_opening,0
M0677,7.020427615494084,Mid-career proxy,seniority_years proxy because no manager age column exists in the workbook,Local,region proxy because no manager local/non-local column exists,Mid-career proxy | Local,7.020427615494084,DE-East,S003,-0.2382094655775682,0.5217889100522679,fearful_exclusion,1
M0678,2.017110047028297,Early-career proxy,seniority_years proxy because no manager age column exists in the workbook,Local,region proxy because no manager local/non-local column exists,Early-career proxy | Local,2.017110047028297,DE-East,S003,-0.1046979159686514,0.3737439646232041,controlled_opening,1
M0679,3.963199919805809,Early-career proxy,seniority_years proxy because no manager age column exists in the workbook,Local,region proxy because no manager local/non-local column exists,Early-career proxy | Local,3.963199919805809,DE-West,S011,-0.3452766709901812,0.8138567519343258,fearful_exclusion,1
M0680,10.42233336303178,Senior-career proxy,seniority_years proxy because no manager age column exists in the workbook,Local,region proxy because no manager local/non-local column exists,Senior-career proxy | Local,10.42233336303178,DE-West,S011,-0.3292252439305796,0.6540900042117374,controlled_opening,1
M0681,8.628521897741948,Senior-career proxy,seniority_years proxy because no manager age column exists in the workbook,Non-local,region proxy because no manager local/non-local column exists,Senior-career proxy | Non-local,8.628521897741948,EU-Other,S006,-0.2350971241045302,0.6425425841251834,controlled_opening,1
M0682,2.751907182142793,Early-career proxy,seniority_years proxy because no manager age column exists in the workbook,Local,region proxy because no manager local/non-local column exists,Early-career proxy | Local,2.751907182142793,DE-East,S008,-0.02423770281295393,0.7856665198682811,controlled_opening,1
M0683,6.574206922154149,Mid-career proxy,seniority_years proxy because no manager age column exists in the workbook,Non-local,region proxy because no manager local/non-local column exists,Mid-career proxy | Non-local,6.574206922154149,EU-Other,S006,0.1028445815745756,0.4199277693563248,controlled_opening,1
M0684,7.519631198041299,Mid-career proxy,seniority_years proxy because no manager age column exists in the workbook,Local,region proxy because no manager local/non-local column exists,Mid-career proxy | Local,7.519631198041299,DE-West,S012,-1.0,1.0,fearful_exclusion,1
M0685,5.566826800594908,Mid-career proxy,seniority_years proxy because no manager age column exists in the workbook,Local,region proxy because no manager local/non-local column exists,Mid-career proxy | Local,5.566826800594908,DE-West,S011,0.04041219001011609,0.8010352952737797,fearful_exclusion,0
M0686,10.89517118215381,Senior-career proxy,seniority_years proxy because no manager age column exists in the workbook,Non-local,region proxy because no manager local/non-local column exists,Senior-career proxy | Non-local,10.89517118215381,EU-Other,S002,-0.6469235763923381,0.7513074544409748,fearful_exclusion,0
M0687,5.279887797899404,Mid-career proxy,seniority_years proxy because no manager age column exists in the workbook,Local,region proxy because no manager local/non-local column exists,Mid-career proxy | Local,5.279887797899404,DE-West,S011,-0.8507704778975369,0.9248721007039744,fearful_exclusion,0
M0688,0.8105737156615938,Early-career proxy,seniority_years proxy because no manager age column exists in the workbook,Local,region proxy because no manager local/non-local column exists,Early-career proxy | Local,0.8105737156615938,DE-West,S005,-0.5482998141190929,0.4903744338500182,controlled_opening,1
M0689,9.285595805717808,Senior-career proxy,seniority_years proxy because no manager age column exists in the workbook,Local,region proxy because no manager local/non-local column exists,Senior-career proxy | Local,9.285595805717808,DE-West,S012,-1.0,0.7958099680442595,fearful_exclusion,1
M0690,5.534422618214044,Mid-career proxy,seniority_years proxy because no manager age column exists in the workbook,Local,region proxy because no manager local/non-local column exists,Mid-career proxy | Local,5.534422618214044,DE-West,S005,-1.0,0.541763641385799,fearful_exclusion,1
M0691,0.5371509800296428,Early-career proxy,seniority_years proxy because no manager age column exists in the workbook,Local,region proxy because no manager local/non-local column exists,Early-career proxy | Local,0.5371509800296428,DE-West,S011,-0.3467483926177777,0.6791820234789633,fearful_exclusion,1
M0692,5.983555495786359,Mid-career proxy,seniority_years proxy because no manager age column exists in the workbook,Local,region proxy because no manager local/non-local column exists,Mid-career proxy | Local,5.983555495786359,DE-East,S007,-0.1617150068070402,0.7686860392407099,controlled_opening,1
M0693,10.41456000780417,Senior-career proxy,seniority_years proxy because no manager age column exists in the workbook,Non-local,region proxy because no manager local/non-local column exists,Senior-career proxy | Non-local,10.41456000780417,EU-Other,S002,-0.177147925689941,0.6150988172282208,fearful_exclusion,0
M0694,7.253444859055639,Mid-career proxy,seniority_years proxy because no manager age column exists in the workbook,Local,region proxy because no manager local/non-local column exists,Mid-career proxy | Local,7.253444859055639,DE-West,S005,-0.7201569115834608,0.5325610943874518,fearful_exclusion,1
M0695,9.266931295391018,Senior-career proxy,seniority_years proxy because no manager age column exists in the workbook,Local,region proxy because no manager local/non-local column exists,Senior-career proxy | Local,9.266931295391018,DE-West,S005,1.0,0.1939961177182476,opportunistic_teaming,1
M0696,3.469029687273415,Early-career proxy,seniority_years proxy because no manager age column exists in the workbook,Local,region proxy because no manager local/non-local column exists,Early-career proxy | Local,3.469029687273415,DE-East,S009,1.0,0.2095979291857888,opportunistic_teaming,1
M0697,7.818324007095635,Mid-career proxy,seniority_years proxy because no manager age column exists in the workbook,Local,region proxy because no manager local/non-local column exists,Mid-career proxy | Local,7.818324007095635,DE-West,S011,0.04768846493200737,0.3890101322021029,controlled_opening,0
M0698,6.252080042108091,Mid-career proxy,seniority_years proxy because no manager age column exists in the workbook,Non-local,region proxy because no manager local/non-local column exists,Mid-career proxy | Non-local,6.252080042108091,EU-Other,S006,0.08491429517598265,0.4970240972569226,controlled_opening,1
M0699,7.031553593993559,Mid-career proxy,seniority_years proxy because no manager age column exists in the workbook,Local,region proxy because no manager local/non-local column exists,Mid-career proxy | Local,7.031553593993559,DE-East,S009,-0.2044409523649007,0.1018086028884988,opportunistic_teaming,1
M0700,5.049497361336541,Mid-career proxy,seniority_years proxy because no manager age column exists in the workbook,Local,region proxy because no manager local/non-local column exists,Mid-career proxy | Local,5.049497361336541,DE-East,S004,-0.1119538853125295,0.5696860442899753,controlled_opening,0
M0701,8.028604723024191,Senior-career proxy,seniority_years proxy because no manager age column exists in the workbook,Non-local,region proxy because no manager local/non-local column exists,Senior-career proxy | Non-local,8.028604723024191,EU-Other,S002,-0.2654649245375662,0.2922756767855019,opportunistic_teaming,1
M0702,10.18608112905203,Senior-career proxy,seniority_years proxy because no manager age column exists in the workbook,Local,region proxy because no manager local/non-local column exists,Senior-career proxy | Local,10.18608112905203,DE-South,S010,-0.2696212544163222,0.7186018284676816,controlled_opening,1
M0703,12.00019466486611,Senior-career proxy,seniority_years proxy because no manager age column exists in the workbook,Local,region proxy because no manager local/non-local column exists,Senior-career proxy | Local,12.00019466486611,DE-East,S008,-1.0,0.476437575969861,fearful_exclusion,1
M0704,4.904539374231399,Mid-career proxy,seniority_years proxy because no manager age column exists in the workbook,Local,region proxy because no manager local/non-local column exists,Mid-career proxy | Local,4.904539374231399,DE-West,S011,0.06077546633914399,0.4324646894350824,controlled_opening,1
M0705,7.023517534863029,Mid-career proxy,seniority_years proxy because no manager age column exists in the workbook,Non-local,region proxy because no manager local/non-local column exists,Mid-career proxy | Non-local,7.023517534863029,EU-Other,S006,0.1109736968059337,0.4818033208262376,opportunistic_teaming,1
M0706,4.691157293761577,Mid-career proxy,seniority_years proxy because no manager age column exists in the workbook,Non-local,region proxy because no manager local/non-local column exists,Mid-career proxy | Non-local,4.691157293761577,EU-Other,S001,-0.7188929945391672,0.8793509198376424,fearful_exclusion,1
M0707,7.049641418438957,Mid-career proxy,seniority_years proxy because no manager age column exists in the workbook,Local,region proxy because no manager local/non-local column exists,Mid-career proxy | Local,7.049641418438957,DE-South,S010,-0.9269378164407127,0.7910986887528975,fearful_exclusion,0
M0708,3.159509659808281,Early-career proxy,seniority_years proxy because no manager age column exists in the workbook,Local,region proxy because no manager local/non-local column exists,Early-career proxy | Local,3.159509659808281,DE-West,S012,-0.8302313851994795,0.6212912212828412,fearful_exclusion,1
M0709,8.373431994686428,Senior-career proxy,seniority_years proxy because no manager age column exists in the workbook,Local,region proxy because no manager local/non-local column exists,Senior-career proxy | Local,8.373431994686428,DE-East,S004,-0.09069543882002076,0.7385647109420346,controlled_opening,0
M0710,11.10541912746598,Senior-career proxy,seniority_years proxy because no manager age column exists in the workbook,Non-local,region proxy because no manager local/non-local column exists,Senior-career proxy | Non-local,11.10541912746598,EU-Other,S006,-0.3557163972697674,0.7130310713076368,fearful_exclusion,1
M0711,4.960710024245427,Mid-career proxy,seniority_years proxy because no manager age column exists in the workbook,Local,region proxy because no manager local/non-local column exists,Mid-career proxy | Local,4.960710024245427,DE-East,S008,0.2815906418834778,0.4157500806446477,opportunistic_teaming,1
M0712,8.58059506837756,Senior-career proxy,seniority_years proxy because no manager age column exists in the workbook,Non-local,region proxy because no manager local/non-local column exists,Senior-career proxy | Non-local,8.58059506837756,EU-Other,S002,0.7335596935547408,0.2752683165156997,opportunistic_teaming,1
M0713,7.918658946219379,Mid-career proxy,seniority_years proxy because no manager age column exists in the workbook,Local,region proxy because no manager local/non-local column exists,Mid-career proxy | Local,7.918658946219379,DE-South,S010,-0.7803677306896426,0.6689253821093423,fearful_exclusion,1
M0714,6.971066709922415,Mid-career proxy,seniority_years proxy because no manager age column exists in the workbook,Local,region proxy because no manager local/non-local column exists,Mid-career proxy | Local,6.971066709922415,DE-East,S004,0.5524942744423237,0.4243875981095212,opportunistic_teaming,0
M0715,7.926885032820061,Mid-career proxy,seniority_years proxy because no manager age column exists in the workbook,Local,region proxy because no manager local/non-local column exists,Mid-career proxy | Local,7.926885032820061,DE-East,S007,-0.7610749956733827,0.8015074306326951,fearful_exclusion,0
M0716,5.268556344526301,Mid-career proxy,seniority_years proxy because no manager age column exists in the workbook,Local,region proxy because no manager local/non-local column exists,Mid-career proxy | Local,5.268556344526301,DE-East,S007,-0.13533111568239,0.524366497868506,controlled_opening,1
M0717,7.317620278780723,Mid-career proxy,seniority_years proxy because no manager age column exists in the workbook,Non-local,region proxy because no manager local/non-local column exists,Mid-career proxy | Non-local,7.317620278780723,EU-Other,S001,-0.1891572620140731,0.6531997342824378,controlled_opening,0
M0718,8.35384949579502,Senior-career proxy,seniority_years proxy because no manager age column exists in the workbook,Non-local,region proxy because no manager local/non-local column exists,Senior-career proxy | Non-local,8.35384949579502,EU-Other,S001,-0.3964142475254328,0.7831635496554713,fearful_exclusion,1
M0719,5.11934559690104,Mid-career proxy,seniority_years proxy because no manager age column exists in the workbook,Local,region proxy because no manager local/non-local column exists,Mid-career proxy | Local,5.11934559690104,DE-East,S004,-0.2976305935140982,0.5411232846129899,controlled_opening,0
M0720,9.763418504658867,Senior-career proxy,seniority_years proxy because no manager age column exists in the workbook,Local,region proxy because no manager local/non-local column exists,Senior-career proxy | Local,9.763418504658867,DE-East,S004,-0.09574517924567683,0.1976381648562083,opportunistic_teaming,1
M0721,8.004110071218339,Senior-career proxy,seniority_years proxy because no manager age column exists in the workbook,Local,region proxy because no manager local/non-local column exists,Senior-career proxy | Local,8.004110071218339,DE-West,S012,-0.8259311820531545,0.7827357474088853,fearful_exclusion,1
M0722,6.226742100159766,Mid-career proxy,seniority_years proxy because no manager age column exists in the workbook,Local,region proxy because no manager local/non-local column exists,Mid-career proxy | Local,6.226742100159766,DE-East,S003,-0.1206344320223205,0.5420516227134837,fearful_exclusion,0
M0723,7.391209744716499,Mid-career proxy,seniority_years proxy because no manager age column exists in the workbook,Local,region proxy because no manager local/non-local column exists,Mid-career proxy | Local,7.391209744716499,DE-West,S011,-0.8313567752499755,0.7388866384762215,fearful_exclusion,1
M0724,8.80465105616717,Senior-career proxy,seniority_years proxy because no manager age column exists in the workbook,Local,region proxy because no manager local/non-local column exists,Senior-career proxy | Local,8.80465105616717,DE-East,S004,0.6022580464797388,0.3913562002503549,opportunistic_teaming,1
M0725,9.11248700343233,Senior-career proxy,seniority_years proxy because no manager age column exists in the workbook,Non-local,region proxy because no manager local/non-local column exists,Senior-career proxy | Non-local,9.11248700343233,EU-Other,S006,-0.5463155071924979,0.6131889259317271,fearful_exclusion,0
M0726,0.5483565725979131,Early-career proxy,seniority_years proxy because no manager age column exists in the workbook,Non-local,region proxy because no manager local/non-local column exists,Early-career proxy | Non-local,0.5483565725979131,EU-Other,S001,-1.0,0.623685100532462,fearful_exclusion,1
M0727,8.091602660648626,Senior-career proxy,seniority_years proxy because no manager age column exists in the workbook,Local,region proxy because no manager local/non-local column exists,Senior-career proxy | Local,8.091602660648626,DE-East,S003,-0.2329570777981899,0.8627149881515545,fearful_exclusion,0
M0728,8.42672342175508,Senior-career proxy,seniority_years proxy because no manager age column exists in the workbook,Local,region proxy because no manager local/non-local column exists,Senior-career proxy | Local,8.42672342175508,DE-East,S007,-0.2893645276646878,0.4499575665928992,controlled_opening,1
M0729,3.72206015272014,Early-career proxy,seniority_years proxy because no manager age column exists in the workbook,Local,region proxy because no manager local/non-local column exists,Early-career proxy | Local,3.72206015272014,DE-East,S003,0.7880322755722076,0.137709634291671,opportunistic_teaming,0
M0730,10.68032896429418,Senior-career proxy,seniority_years proxy because no manager age column exists in the workbook,Non-local,region proxy because no manager local/non-local column exists,Senior-career proxy | Non-local,10.68032896429418,EU-Other,S001,-0.5764982723090359,0.641240561415198,fearful_exclusion,1
M0731,9.829139206497134,Senior-career proxy,seniority_years proxy because no manager age column exists in the workbook,Local,region proxy because no manager local/non-local column exists,Senior-career proxy | Local,9.829139206497134,DE-West,S011,-0.5428780365976517,0.5477779507964647,controlled_opening,1
M0732,11.30099967194746,Senior-career proxy,seniority_years proxy because no manager age column exists in the workbook,Local,region proxy because no manager local/non-local column exists,Senior-career proxy | Local,11.30099967194746,DE-West,S005,0.05833549744089295,0.5874482479930188,controlled_opening,1
M0733,10.1446121237722,Senior-career proxy,seniority_years proxy because no manager age column exists in the workbook,Local,region proxy because no manager local/non-local column exists,Senior-career proxy | Local,10.1446121237722,DE-East,S007,0.5484240142423773,0.4022963810158737,opportunistic_teaming,1
M0734,12.00542573110437,Senior-career proxy,seniority_years proxy because no manager age column exists in the workbook,Local,region proxy because no manager local/non-local column exists,Senior-career proxy | Local,12.00542573110437,DE-East,S009,-1.0,0.8246776328082522,fearful_exclusion,1
M0735,4.576408286013995,Mid-career proxy,seniority_years proxy because no manager age column exists in the workbook,Local,region proxy because no manager local/non-local column exists,Mid-career proxy | Local,4.576408286013995,DE-West,S011,1.0,0.498000622011706,opportunistic_teaming,0
M0736,5.820716790622199,Mid-career proxy,seniority_years proxy because no manager age column exists in the workbook,Local,region proxy because no manager local/non-local column exists,Mid-career proxy | Local,5.820716790622199,DE-East,S003,-0.4825552626912863,0.803651286992364,fearful_exclusion,0
M0737,4.243048853106937,Mid-career proxy,seniority_years proxy because no manager age column exists in the workbook,Local,region proxy because no manager local/non-local column exists,Mid-career proxy | Local,4.243048853106937,DE-West,S012,-0.3843193336643884,0.3943425493698135,controlled_opening,1
M0738,4.560665899982825,Mid-career proxy,seniority_years proxy because no manager age column exists in the workbook,Local,region proxy because no manager local/non-local column exists,Mid-career proxy | Local,4.560665899982825,DE-East,S004,-0.4505295278023475,0.5848014516566943,controlled_opening,0
M0739,5.592852570225111,Mid-career proxy,seniority_years proxy because no manager age column exists in the workbook,Local,region proxy because no manager local/non-local column exists,Mid-career proxy | Local,5.592852570225111,DE-East,S007,-0.4139683606933374,0.7399171612543806,fearful_exclusion,0
M0740,4.755513583144353,Mid-career proxy,seniority_years proxy because no manager age column exists in the workbook,Non-local,region proxy because no manager local/non-local column exists,Mid-career proxy | Non-local,4.755513583144353,EU-Other,S006,-0.9077835889944639,0.6678909664894739,fearful_exclusion,1
M0741,5.321088136834391,Mid-career proxy,seniority_years proxy because no manager age column exists in the workbook,Non-local,region proxy because no manager local/non-local column exists,Mid-career proxy | Non-local,5.321088136834391,EU-Other,S006,0.2048557838551572,0.2600318291390383,opportunistic_teaming,0
M0742,7.460362032840098,Mid-career proxy,seniority_years proxy because no manager age column exists in the workbook,Local,region proxy because no manager local/non-local column exists,Mid-career proxy | Local,7.460362032840098,DE-East,S009,0.7185887384432907,0.6516362921106743,controlled_opening,0
M0743,4.900166144592886,Mid-career proxy,seniority_years proxy because no manager age column exists in the workbook,Local,region proxy because no manager local/non-local column exists,Mid-career proxy | Local,4.900166144592886,DE-East,S008,0.1496524742645664,0.5069649052834508,controlled_opening,1
M0744,2.737853282099217,Early-career proxy,seniority_years proxy because no manager age column exists in the workbook,Local,region proxy because no manager local/non-local column exists,Early-career proxy | Local,2.737853282099217,DE-East,S007,0.0822414947705063,0.333714652138573,controlled_opening,0
M0745,10.8186838945468,Senior-career proxy,seniority_years proxy because no manager age column exists in the workbook,Local,region proxy because no manager local/non-local column exists,Senior-career proxy | Local,10.8186838945468,DE-East,S008,0.2330167343353472,0.5784821206822834,controlled_opening,1
M0746,3.144963300980541,Early-career proxy,seniority_years proxy because no manager age column exists in the workbook,Local,region proxy because no manager local/non-local column exists,Early-career proxy | Local,3.144963300980541,DE-East,S008,0.6078500382352139,0.2012263664376688,opportunistic_teaming,1
M0747,0.0,Early-career proxy,seniority_years proxy because no manager age column exists in the workbook,Local,region proxy because no manager local/non-local column exists,Early-career proxy | Local,0.0,DE-West,S005,0.8646126670497534,0.0,opportunistic_teaming,0
M0748,5.646884691799607,Mid-career proxy,seniority_years proxy because no manager age column exists in the workbook,Local,region proxy because no manager local/non-local column exists,Mid-career proxy | Local,5.646884691799607,DE-West,S012,0.5149781886497211,0.1258573981476404,opportunistic_teaming,0
M0749,4.813538285769758,Mid-career proxy,seniority_years proxy because no manager age column exists in the workbook,Local,region proxy because no manager local/non-local column exists,Mid-career proxy | Local,4.813538285769758,DE-West,S012,0.385461633366897,0.3803886709824981,opportunistic_teaming,1
M0750,6.126378363880636,Mid-career proxy,seniority_years proxy because no manager age column exists in the workbook,Local,region proxy because no manager local/non-local column exists,Mid-career proxy | Local,6.126378363880636,DE-East,S009,-0.6584965359725087,1.0,fearful_exclusion,0
M0751,3.318554942536289,Early-career proxy,seniority_years proxy because no manager age column exists in the workbook,Non-local,region proxy because no manager local/non-local column exists,Early-career proxy | Non-local,3.318554942536289,EU-Other,S001,0.3485042285956408,0.6921589120552671,opportunistic_teaming,0
M0752,6.85692877496955,Mid-career proxy,seniority_years proxy because no manager age column exists in the workbook,Local,region proxy because no manager local/non-local column exists,Mid-career proxy | Local,6.85692877496955,DE-East,S009,-0.7473737169912952,0.7171213110489674,fearful_exclusion,0
M0753,3.751794014654729,Early-career proxy,seniority_years proxy because no manager age column exists in the workbook,Local,region proxy because no manager local/non-local column exists,Early-career proxy | Local,3.751794014654729,DE-East,S008,-0.08760977364814324,0.6002754611270972,controlled_opening,1
M0754,0.0,Early-career proxy,seniority_years proxy because no manager age column exists in the workbook,Local,region proxy because no manager local/non-local column exists,Early-career proxy | Local,0.0,DE-East,S009,-0.3320738629380761,0.4714955769813738,controlled_opening,1
M0755,1.65337906243311,Early-career proxy,seniority_years proxy because no manager age column exists in the workbook,Local,region proxy because no manager local/non-local column exists,Early-career proxy | Local,1.65337906243311,DE-East,S004,-0.9060908260612239,0.794128792726314,fearful_exclusion,1
M0756,2.786686195345759,Early-career proxy,seniority_years proxy because no manager age column exists in the workbook,Local,region proxy because no manager local/non-local column exists,Early-career proxy | Local,2.786686195345759,DE-East,S003,-0.8902888032364419,0.8787327171623643,fearful_exclusion,1
M0757,4.307253327410187,Mid-career proxy,seniority_years proxy because no manager age column exists in the workbook,Local,region proxy because no manager local/non-local column exists,Mid-career proxy | Local,4.307253327410187,DE-East,S004,-0.2056464831737483,0.4338195211026906,opportunistic_teaming,1
M0758,2.911639448164115,Early-career proxy,seniority_years proxy because no manager age column exists in the workbook,Local,region proxy because no manager local/non-local column exists,Early-career proxy | Local,2.911639448164115,DE-West,S011,0.1653375246342962,0.7998551178434896,controlled_opening,0
M0759,8.703795431452981,Senior-career proxy,seniority_years proxy because no manager age column exists in the workbook,Local,region proxy because no manager local/non-local column exists,Senior-career proxy | Local,8.703795431452981,DE-East,S004,-0.3794121296044027,0.7695645965557854,fearful_exclusion,0
M0760,4.635090824981019,Mid-career proxy,seniority_years proxy because no manager age column exists in the workbook,Local,region proxy because no manager local/non-local column exists,Mid-career proxy | Local,4.635090824981019,DE-West,S012,-0.3207187589937275,0.439236670754682,controlled_opening,1
M0761,2.293045963816788,Early-career proxy,seniority_years proxy because no manager age column exists in the workbook,Local,region proxy because no manager local/non-local column exists,Early-career proxy | Local,2.293045963816788,DE-East,S003,-0.4909751522741143,0.4747099312467967,controlled_opening,1
M0762,8.165200783157221,Senior-career proxy,seniority_years proxy because no manager age column exists in the workbook,Local,region proxy because no manager local/non-local column exists,Senior-career proxy | Local,8.165200783157221,DE-East,S004,-0.2203392900766504,0.8288326635895429,controlled_opening,0
M0763,8.174914985715562,Senior-career proxy,seniority_years proxy because no manager age column exists in the workbook,Local,region proxy because no manager local/non-local column exists,Senior-career proxy | Local,8.174914985715562,DE-South,S010,-0.3389272773691361,0.4940607519305127,controlled_opening,1
M0764,7.302440544519948,Mid-career proxy,seniority_years proxy because no manager age column exists in the workbook,Local,region proxy because no manager local/non-local column exists,Mid-career proxy | Local,7.302440544519948,DE-West,S011,-0.1575120683325406,0.5437043274561442,opportunistic_teaming,1
M0765,11.39894221242816,Senior-career proxy,seniority_years proxy because no manager age column exists in the workbook,Local,region proxy because no manager local/non-local column exists,Senior-career proxy | Local,11.39894221242816,DE-West,S005,-0.7620520838090576,0.7756838012743061,fearful_exclusion,0
M0766,4.831632317978078,Mid-career proxy,seniority_years proxy because no manager age column exists in the workbook,Non-local,region proxy because no manager local/non-local column exists,Mid-career proxy | Non-local,4.831632317978078,EU-Other,S006,-0.1845285636180481,0.7134593745765865,fearful_exclusion,0
M0767,4.263110188713359,Mid-career proxy,seniority_years proxy because no manager age column exists in the workbook,Local,region proxy because no manager local/non-local column exists,Mid-career proxy | Local,4.263110188713359,DE-West,S012,-0.1019523978109207,0.4668291758433041,controlled_opening,1
M0768,8.450065804512104,Senior-career proxy,seniority_years proxy because no manager age column exists in the workbook,Local,region proxy because no manager local/non-local column exists,Senior-career proxy | Local,8.450065804512104,DE-West,S005,-1.0,0.7076147838585072,fearful_exclusion,0
M0769,5.037505372547233,Mid-career proxy,seniority_years proxy because no manager age column exists in the workbook,Local,region proxy because no manager local/non-local column exists,Mid-career proxy | Local,5.037505372547233,DE-East,S004,-0.4256271100782299,0.5632722632142668,fearful_exclusion,1
M0770,3.455149345452084,Early-career proxy,seniority_years proxy because no manager age column exists in the workbook,Local,region proxy because no manager local/non-local column exists,Early-career proxy | Local,3.455149345452084,DE-West,S011,-0.785430214779412,0.577788372233206,fearful_exclusion,1
M0771,2.697571290241944,Early-career proxy,seniority_years proxy because no manager age column exists in the workbook,Local,region proxy because no manager local/non-local column exists,Early-career proxy | Local,2.697571290241944,DE-West,S012,-0.3552804512893986,0.6744930777445013,fearful_exclusion,1
M0772,9.35886286661584,Senior-career proxy,seniority_years proxy because no manager age column exists in the workbook,Local,region proxy because no manager local/non-local column exists,Senior-career proxy | Local,9.35886286661584,DE-West,S005,0.7811500757456633,0.2464737678511779,opportunistic_teaming,1
M0773,6.142910503074626,Mid-career proxy,seniority_years proxy because no manager age column exists in the workbook,Local,region proxy because no manager local/non-local column exists,Mid-career proxy | Local,6.142910503074626,DE-East,S004,0.7532165076350609,0.4365577046386293,opportunistic_teaming,1
M0774,6.761467545564063,Mid-career proxy,seniority_years proxy because no manager age column exists in the workbook,Non-local,region proxy because no manager local/non-local column exists,Mid-career proxy | Non-local,6.761467545564063,EU-Other,S001,0.2637113189944843,1.0,controlled_opening,1
M0775,10.36114797780512,Senior-career proxy,seniority_years proxy because no manager age column exists in the workbook,Local,region proxy because no manager local/non-local column exists,Senior-career proxy | Local,10.36114797780512,DE-West,S011,-0.09765760814409874,0.222282002031273,opportunistic_teaming,0
M0776,9.139406701691941,Senior-career proxy,seniority_years proxy because no manager age column exists in the workbook,Local,region proxy because no manager local/non-local column exists,Senior-career proxy | Local,9.139406701691941,DE-West,S012,-0.3156742991117266,0.459517503384039,controlled_opening,1
M0777,7.125665875048826,Mid-career proxy,seniority_years proxy because no manager age column exists in the workbook,Local,region proxy because no manager local/non-local column exists,Mid-career proxy | Local,7.125665875048826,DE-East,S008,0.00719969957768106,0.5830641765622463,controlled_opening,0
M0778,0.5671970082230375,Early-career proxy,seniority_years proxy because no manager age column exists in the workbook,Local,region proxy because no manager local/non-local column exists,Early-career proxy | Local,0.5671970082230375,DE-East,S008,-0.09858886691714197,0.9421770308740365,fearful_exclusion,1
M0779,0.0,Early-career proxy,seniority_years proxy because no manager age column exists in the workbook,Local,region proxy because no manager local/non-local column exists,Early-career proxy | Local,0.0,DE-West,S012,-0.6416696911316807,0.4789057699972823,controlled_opening,0
M0780,3.500301543164358,Early-career proxy,seniority_years proxy because no manager age column exists in the workbook,Local,region proxy because no manager local/non-local column exists,Early-career proxy | Local,3.500301543164358,DE-West,S011,-0.2215317041860763,0.9008131411598364,controlled_opening,1
M0781,4.832711698882414,Mid-career proxy,seniority_years proxy because no manager age column exists in the workbook,Non-local,region proxy because no manager local/non-local column exists,Mid-career proxy | Non-local,4.832711698882414,EU-Other,S006,-0.3772592299738189,0.5801350296418348,fearful_exclusion,0
M0782,5.256959378498768,Mid-career proxy,seniority_years proxy because no manager age column exists in the workbook,Local,region proxy because no manager local/non-local column exists,Mid-career proxy | Local,5.256959378498768,DE-West,S012,-0.5817019074882264,0.4397997943489049,controlled_opening,1
M0783,3.755160393338988,Early-career proxy,seniority_years proxy because no manager age column exists in the workbook,Local,region proxy because no manager local/non-local column exists,Early-career proxy | Local,3.755160393338988,DE-East,S008,0.090953362516494,0.4643882640820647,opportunistic_teaming,0
M0784,6.829401427575633,Mid-career proxy,seniority_years proxy because no manager age column exists in the workbook,Non-local,region proxy because no manager local/non-local column exists,Mid-career proxy | Non-local,6.829401427575633,EU-Other,S006,0.2267912618557236,0.5107760943325982,controlled_opening,0
M0785,8.61352191949998,Senior-career proxy,seniority_years proxy because no manager age column exists in the workbook,Local,region proxy because no manager local/non-local column exists,Senior-career proxy | Local,8.61352191949998,DE-West,S005,-0.8624703277976014,0.5332019428899282,fearful_exclusion,0
M0786,1.805619514523327,Early-career proxy,seniority_years proxy because no manager age column exists in the workbook,Local,region proxy because no manager local/non-local column exists,Early-career proxy | Local,1.805619514523327,DE-East,S003,-0.9953525683757447,0.6586057628659167,fearful_exclusion,1
M0787,5.268415727021471,Mid-career proxy,seniority_years proxy because no manager age column exists in the workbook,Non-local,region proxy because no manager local/non-local column exists,Mid-career proxy | Non-local,5.268415727021471,EU-Other,S006,-1.0,0.8066746179570544,fearful_exclusion,0
M0788,8.06453316720555,Senior-career proxy,seniority_years proxy because no manager age column exists in the workbook,Local,region proxy because no manager local/non-local column exists,Senior-career proxy | Local,8.06453316720555,DE-East,S008,-0.7527590487608459,0.6617615412704293,fearful_exclusion,1
M0789,3.034529890840449,Early-career proxy,seniority_years proxy because no manager age column exists in the workbook,Local,region proxy because no manager local/non-local column exists,Early-career proxy | Local,3.034529890840449,DE-East,S009,-0.3178678306513603,0.5254801909976272,controlled_opening,1
M0790,6.747238589740786,Mid-career proxy,seniority_years proxy because no manager age column exists in the workbook,Local,region proxy because no manager local/non-local column exists,Mid-career proxy | Local,6.747238589740786,DE-West,S011,-0.6730411945160636,0.6932957177866229,controlled_opening,1
M0791,4.46299454669418,Mid-career proxy,seniority_years proxy because no manager age column exists in the workbook,Local,region proxy because no manager local/non-local column exists,Mid-career proxy | Local,4.46299454669418,DE-East,S004,0.3097628642412555,0.4832965131910804,controlled_opening,0
M0792,7.391254672538953,Mid-career proxy,seniority_years proxy because no manager age column exists in the workbook,Non-local,region proxy because no manager local/non-local column exists,Mid-career proxy | Non-local,7.391254672538953,EU-Other,S001,-0.439399366891249,0.4934975070252045,controlled_opening,0
M0793,4.901649751701475,Mid-career proxy,seniority_years proxy because no manager age column exists in the workbook,Local,region proxy because no manager local/non-local column exists,Mid-career proxy | Local,4.901649751701475,DE-East,S003,-1.0,0.8986621377391453,fearful_exclusion,1
M0794,4.779306354915629,Mid-career proxy,seniority_years proxy because no manager age column exists in the workbook,Local,region proxy because no manager local/non-local column exists,Mid-career proxy | Local,4.779306354915629,DE-West,S005,-0.09632557835099241,0.6955799254698701,controlled_opening,1
M0795,2.749122724988446,Early-career proxy,seniority_years proxy because no manager age column exists in the workbook,Local,region proxy because no manager local/non-local column exists,Early-career proxy | Local,2.749122724988446,DE-East,S003,-0.4687646458590393,0.9298590939461506,fearful_exclusion,1
M0796,0.6330802316447492,Early-career proxy,seniority_years proxy because no manager age column exists in the workbook,Local,region proxy because no manager local/non-local column exists,Early-career proxy | Local,0.6330802316447492,DE-East,S009,0.1232106247435051,0.6515012633566644,controlled_opening,1
M0797,4.968389054304311,Mid-career proxy,seniority_years proxy because no manager age column exists in the workbook,Local,region proxy because no manager local/non-local column exists,Mid-career proxy | Local,4.968389054304311,DE-West,S005,-0.5520255251593544,0.5105736363439373,controlled_opening,1
M0798,2.715039855869906,Early-career proxy,seniority_years proxy because no manager age column exists in the workbook,Local,region proxy because no manager local/non-local column exists,Early-career proxy | Local,2.715039855869906,DE-East,S009,0.9038134236880997,0.461938841949865,opportunistic_teaming,1
M0799,10.34627538130339,Senior-career proxy,seniority_years proxy because no manager age column exists in the workbook,Non-local,region proxy because no manager local/non-local column exists,Senior-career proxy | Non-local,10.34627538130339,EU-Other,S002,-0.9162728388823731,0.6676062589014891,fearful_exclusion,0
M0800,6.189858676729211,Mid-career proxy,seniority_years proxy because no manager age column exists in the workbook,Local,region proxy because no manager local/non-local column exists,Mid-career proxy | Local,6.189858676729211,DE-West,S011,-0.9523932455963365,0.495264911474836,controlled_opening,0
M0801,11.50241932161086,Senior-career proxy,seniority_years proxy because no manager age column exists in the workbook,Local,region proxy because no manager local/non-local column exists,Senior-career proxy | Local,11.50241932161086,DE-East,S009,-0.08607000401682341,0.645926239311632,fearful_exclusion,0
M0802,3.171053613112728,Early-career proxy,seniority_years proxy because no manager age column exists in the workbook,Non-local,region proxy because no manager local/non-local column exists,Early-career proxy | Non-local,3.171053613112728,EU-Other,S002,-0.3890384818772824,0.2180686597877995,opportunistic_teaming,1
M0803,8.882499771189334,Senior-career proxy,seniority_years proxy because no manager age column exists in the workbook,Local,region proxy because no manager local/non-local column exists,Senior-career proxy | Local,8.882499771189334,DE-East,S004,-0.2674929521921672,0.8707630754621973,controlled_opening,0
M0804,5.726295063729814,Mid-career proxy,seniority_years proxy because no manager age column exists in the workbook,Non-local,region proxy because no manager local/non-local column exists,Mid-career proxy | Non-local,5.726295063729814,EU-Other,S006,-0.3805912600925334,0.8312387680742946,fearful_exclusion,0
M0805,2.82373021289268,Early-career proxy,seniority_years proxy because no manager age column exists in the workbook,Local,region proxy because no manager local/non-local column exists,Early-career proxy | Local,2.82373021289268,DE-West,S005,0.3731610670616982,0.3090999073903486,opportunistic_teaming,1
M0806,5.859836322940171,Mid-career proxy,seniority_years proxy because no manager age column exists in the workbook,Non-local,region proxy because no manager local/non-local column exists,Mid-career proxy | Non-local,5.859836322940171,EU-Other,S001,1.0,0.458693620294077,opportunistic_teaming,1
M0807,1.391191162313103,Early-career proxy,seniority_years proxy because no manager age column exists in the workbook,Local,region proxy because no manager local/non-local column exists,Early-career proxy | Local,1.391191162313103,DE-East,S004,0.3199815178720149,0.9033849438035662,controlled_opening,1
M0808,5.873836137129695,Mid-career proxy,seniority_years proxy because no manager age column exists in the workbook,Non-local,region proxy because no manager local/non-local column exists,Mid-career proxy | Non-local,5.873836137129695,EU-Other,S001,-0.5924457122206865,0.5513865879961569,controlled_opening,0
M0809,9.121238356461717,Senior-career proxy,seniority_years proxy because no manager age column exists in the workbook,Local,region proxy because no manager local/non-local column exists,Senior-career proxy | Local,9.121238356461717,DE-East,S003,-0.7470417531085107,0.9626753869134241,fearful_exclusion,0
M0810,7.161557110139896,Mid-career proxy,seniority_years proxy because no manager age column exists in the workbook,Local,region proxy because no manager local/non-local column exists,Mid-career proxy | Local,7.161557110139896,DE-East,S003,-0.1586875358578929,0.4928446945471506,controlled_opening,0
M0811,9.190883851897599,Senior-career proxy,seniority_years proxy because no manager age column exists in the workbook,Non-local,region proxy because no manager local/non-local column exists,Senior-career proxy | Non-local,9.190883851897599,EU-Other,S002,0.3262705351113881,0.6370537947411314,controlled_opening,0
M0812,10.20797117556804,Senior-career proxy,seniority_years proxy because no manager age column exists in the workbook,Local,region proxy because no manager local/non-local column exists,Senior-career proxy | Local,10.20797117556804,DE-West,S012,0.421990543242628,0.7136546658079483,fearful_exclusion,0
M0813,4.030746066555872,Mid-career proxy,seniority_years proxy because no manager age column exists in the workbook,Local,region proxy because no manager local/non-local column exists,Mid-career proxy | Local,4.030746066555872,DE-East,S008,-0.6805854699643278,0.8139754660852396,fearful_exclusion,0
M0814,7.077106169658988,Mid-career proxy,seniority_years proxy because no manager age column exists in the workbook,Local,region proxy because no manager local/non-local column exists,Mid-career proxy | Local,7.077106169658988,DE-East,S007,0.1953831387541519,0.6647455305075827,controlled_opening,1
M0815,7.081383915600847,Mid-career proxy,seniority_years proxy because no manager age column exists in the workbook,Non-local,region proxy because no manager local/non-local column exists,Mid-career proxy | Non-local,7.081383915600847,EU-Other,S002,-0.03731974302743508,0.6882151595494012,controlled_opening,0
M0816,5.934131797101863,Mid-career proxy,seniority_years proxy because no manager age column exists in the workbook,Local,region proxy because no manager local/non-local column exists,Mid-career proxy | Local,5.934131797101863,DE-West,S012,-0.3144673524008883,0.5956733793570661,controlled_opening,1
M0817,0.0,Early-career proxy,seniority_years proxy because no manager age column exists in the workbook,Local,region proxy because no manager local/non-local column exists,Early-career proxy | Local,0.0,DE-East,S007,0.3644256680524814,0.3330348209360324,opportunistic_teaming,0
M0818,6.243824914834492,Mid-career proxy,seniority_years proxy because no manager age column exists in the workbook,Local,region proxy because no manager local/non-local column exists,Mid-career proxy | Local,6.243824914834492,DE-East,S007,0.05234738038786996,0.5657711483915429,controlled_opening,1
M0819,5.549507904541306,Mid-career proxy,seniority_years proxy because no manager age column exists in the workbook,Local,region proxy because no manager local/non-local column exists,Mid-career proxy | Local,5.549507904541306,DE-West,S005,-0.09119351660901433,0.4068633636406929,controlled_opening,1
M0820,5.647757834028505,Mid-career proxy,seniority_years proxy because no manager age column exists in the workbook,Local,region proxy because no manager local/non-local column exists,Mid-career proxy | Local,5.647757834028505,DE-East,S007,-0.1472654072619803,0.5535108563085461,controlled_opening,1
M0821,5.551254441547526,Mid-career proxy,seniority_years proxy because no manager age column exists in the workbook,Local,region proxy because no manager local/non-local column exists,Mid-career proxy | Local,5.551254441547526,DE-West,S011,-0.8422331630630646,0.9052357773431771,fearful_exclusion,0
M0822,9.418322800577354,Senior-career proxy,seniority_years proxy because no manager age column exists in the workbook,Local,region proxy because no manager local/non-local column exists,Senior-career proxy | Local,9.418322800577354,DE-East,S004,-0.3348573440272062,0.6062760441584771,controlled_opening,0
M0823,10.82088462647917,Senior-career proxy,seniority_years proxy because no manager age column exists in the workbook,Non-local,region proxy because no manager local/non-local column exists,Senior-career proxy | Non-local,10.82088462647917,EU-Other,S006,-0.8274457817566381,0.8309424153723848,fearful_exclusion,1
M0824,3.960126385397559,Early-career proxy,seniority_years proxy because no manager age column exists in the workbook,Non-local,region proxy because no manager local/non-local column exists,Early-career proxy | Non-local,3.960126385397559,EU-Other,S002,-0.8195733101316095,0.1930437186183775,controlled_opening,0
M0825,9.140789819167384,Senior-career proxy,seniority_years proxy because no manager age column exists in the workbook,Local,region proxy because no manager local/non-local column exists,Senior-career proxy | Local,9.140789819167384,DE-West,S011,-0.9822757677986711,0.9528350657063928,fearful_exclusion,1
M0826,4.521275880778705,Mid-career proxy,seniority_years proxy because no manager age column exists in the workbook,Local,region proxy because no manager local/non-local column exists,Mid-career proxy | Local,4.521275880778705,DE-West,S011,0.1955518795231576,0.4947706760739626,controlled_opening,0
M0827,5.76401548593519,Mid-career proxy,seniority_years proxy because no manager age column exists in the workbook,Local,region proxy because no manager local/non-local column exists,Mid-career proxy | Local,5.76401548593519,DE-South,S010,-0.1017470879339231,0.4372028114461585,controlled_opening,0
M0828,5.77736318924365,Mid-career proxy,seniority_years proxy because no manager age column exists in the workbook,Local,region proxy because no manager local/non-local column exists,Mid-career proxy | Local,5.77736318924365,DE-East,S004,-0.1700967664201789,0.8939829770293544,fearful_exclusion,1
M0829,4.227606668001867,Mid-career proxy,seniority_years proxy because no manager age column exists in the workbook,Local,region proxy because no manager local/non-local column exists,Mid-career proxy | Local,4.227606668001867,DE-West,S012,0.2133012531790028,0.5159062620273793,controlled_opening,0
M0830,7.442673030194864,Mid-career proxy,seniority_years proxy because no manager age column exists in the workbook,Local,region proxy because no manager local/non-local column exists,Mid-career proxy | Local,7.442673030194864,DE-East,S003,-0.3759587491302909,0.4878509649769094,controlled_opening,0
M0831,9.34115646651286,Senior-career proxy,seniority_years proxy because no manager age column exists in the workbook,Non-local,region proxy because no manager local/non-local column exists,Senior-career proxy | Non-local,9.34115646651286,EU-Other,S002,0.6546069985863859,0.5793162556001299,opportunistic_teaming,0
M0832,8.457213263518875,Senior-career proxy,seniority_years proxy because no manager age column exists in the workbook,Non-local,region proxy because no manager local/non-local column exists,Senior-career proxy | Non-local,8.457213263518875,EU-Other,S002,-0.6980219723707177,0.9173598014152916,fearful_exclusion,1
M0833,4.363016532022407,Mid-career proxy,seniority_years proxy because no manager age column exists in the workbook,Non-local,region proxy because no manager local/non-local column exists,Mid-career proxy | Non-local,4.363016532022407,EU-Other,S002,-0.18680768157141,0.5607184734731855,controlled_opening,1
M0834,6.144374858722237,Mid-career proxy,seniority_years proxy because no manager age column exists in the workbook,Local,region proxy because no manager local/non-local column exists,Mid-career proxy | Local,6.144374858722237,DE-East,S003,-0.4606574516918264,0.5078923432142577,fearful_exclusion,1
M0835,5.651006105209913,Mid-career proxy,seniority_years proxy because no manager age column exists in the workbook,Non-local,region proxy because no manager local/non-local column exists,Mid-career proxy | Non-local,5.651006105209913,EU-Other,S002,-0.6858560596677529,0.621028312601533,fearful_exclusion,1
M0836,9.068721860144697,Senior-career proxy,seniority_years proxy because no manager age column exists in the workbook,Local,region proxy because no manager local/non-local column exists,Senior-career proxy | Local,9.068721860144697,DE-South,S010,0.1108501573125973,0.6075527929698795,opportunistic_teaming,0
M0837,7.794359654239197,Mid-career proxy,seniority_years proxy because no manager age column exists in the workbook,Local,region proxy because no manager local/non-local column exists,Mid-career proxy | Local,7.794359654239197,DE-East,S009,-0.1148790574396534,0.7845103095761102,controlled_opening,0
M0838,6.685495534304176,Mid-career proxy,seniority_years proxy because no manager age column exists in the workbook,Local,region proxy because no manager local/non-local column exists,Mid-career proxy | Local,6.685495534304176,DE-East,S008,-0.002846402614238186,0.855799544324525,fearful_exclusion,1
M0839,7.343883076953395,Mid-career proxy,seniority_years proxy because no manager age column exists in the workbook,Local,region proxy because no manager local/non-local column exists,Mid-career proxy | Local,7.343883076953395,DE-East,S004,-0.781757519110571,1.0,fearful_exclusion,1
M0840,5.804821939328783,Mid-career proxy,seniority_years proxy because no manager age column exists in the workbook,Local,region proxy because no manager local/non-local column exists,Mid-career proxy | Local,5.804821939328783,DE-East,S004,-0.1978960939663049,0.8400613833474735,fearful_exclusion,1
M0841,5.63243295146514,Mid-career proxy,seniority_years proxy because no manager age column exists in the workbook,Local,region proxy because no manager local/non-local column exists,Mid-career proxy | Local,5.63243295146514,DE-South,S010,0.1779432240864796,0.3675117395766285,opportunistic_teaming,1
M0842,10.16150954886974,Senior-career proxy,seniority_years proxy because no manager age column exists in the workbook,Local,region proxy because no manager local/non-local column exists,Senior-career proxy | Local,10.16150954886974,DE-West,S012,-0.2330339849742369,0.6732755865059927,fearful_exclusion,1
M0843,9.245899806028623,Senior-career proxy,seniority_years proxy because no manager age column exists in the workbook,Local,region proxy because no manager local/non-local column exists,Senior-career proxy | Local,9.245899806028623,DE-East,S003,0.02681024637345394,0.6382788628410979,controlled_opening,1
M0844,3.577394316317405,Early-career proxy,seniority_years proxy because no manager age column exists in the workbook,Local,region proxy because no manager local/non-local column exists,Early-career proxy | Local,3.577394316317405,DE-West,S012,-0.5683783908166551,0.7721724754323421,fearful_exclusion,1
M0845,5.538778020471777,Mid-career proxy,seniority_years proxy because no manager age column exists in the workbook,Local,region proxy because no manager local/non-local column exists,Mid-career proxy | Local,5.538778020471777,DE-East,S003,0.5075045950531295,0.5054542780647228,controlled_opening,1
M0846,8.197082617963805,Senior-career proxy,seniority_years proxy because no manager age column exists in the workbook,Local,region proxy because no manager local/non-local column exists,Senior-career proxy | Local,8.197082617963805,DE-West,S011,-0.5640090893602286,0.6234357938300373,fearful_exclusion,0
M0847,3.957340077327718,Early-career proxy,seniority_years proxy because no manager age column exists in the workbook,Local,region proxy because no manager local/non-local column exists,Early-career proxy | Local,3.957340077327718,DE-East,S003,-0.6652128462002219,0.683213911310713,fearful_exclusion,1
M0848,10.85075256328424,Senior-career proxy,seniority_years proxy because no manager age column exists in the workbook,Local,region proxy because no manager local/non-local column exists,Senior-career proxy | Local,10.85075256328424,DE-West,S005,0.7025539394671374,0.1436235872158114,opportunistic_teaming,0
M0849,6.242619559429257,Mid-career proxy,seniority_years proxy because no manager age column exists in the workbook,Non-local,region proxy because no manager local/non-local column exists,Mid-career proxy | Non-local,6.242619559429257,EU-Other,S001,-0.4817288597030018,0.62900759611734,controlled_opening,1
M0850,5.140293672699608,Mid-career proxy,seniority_years proxy because no manager age column exists in the workbook,Non-local,region proxy because no manager local/non-local column exists,Mid-career proxy | Non-local,5.140293672699608,EU-Other,S001,-0.1221033167970667,0.8480372845304378,fearful_exclusion,0
M0851,8.894535306858135,Senior-career proxy,seniority_years proxy because no manager age column exists in the workbook,Non-local,region proxy because no manager local/non-local column exists,Senior-career proxy | Non-local,8.894535306858135,EU-Other,S001,0.9735102724294995,0.3631088619687249,opportunistic_teaming,1
M0852,7.267418279546413,Mid-career proxy,seniority_years proxy because no manager age column exists in the workbook,Local,region proxy because no manager local/non-local column exists,Mid-career proxy | Local,7.267418279546413,DE-East,S003,-0.2074292748425521,0.5649913898382151,controlled_opening,0
M0853,2.883400578654014,Early-career proxy,seniority_years proxy because no manager age column exists in the workbook,Local,region proxy because no manager local/non-local column exists,Early-career proxy | Local,2.883400578654014,DE-East,S009,0.1705272186821552,0.2276129628829571,opportunistic_teaming,0
M0854,10.28590539755501,Senior-career proxy,seniority_years proxy because no manager age column exists in the workbook,Local,region proxy because no manager local/non-local column exists,Senior-career proxy | Local,10.28590539755501,DE-West,S005,0.1789560624930194,0.8345670406086707,fearful_exclusion,0
M0855,4.563219685184977,Mid-career proxy,seniority_years proxy because no manager age column exists in the workbook,Local,region proxy because no manager local/non-local column exists,Mid-career proxy | Local,4.563219685184977,DE-West,S011,-0.3912877826924609,0.8543540531748229,fearful_exclusion,1
M0856,11.4482574874086,Senior-career proxy,seniority_years proxy because no manager age column exists in the workbook,Local,region proxy because no manager local/non-local column exists,Senior-career proxy | Local,11.4482574874086,DE-South,S010,0.2498973549261654,0.2083898346635489,opportunistic_teaming,0
M0857,8.219821466144708,Senior-career proxy,seniority_years proxy because no manager age column exists in the workbook,Local,region proxy because no manager local/non-local column exists,Senior-career proxy | Local,8.219821466144708,DE-East,S009,-0.7898352097046148,0.7533363021557693,fearful_exclusion,0
M0858,9.959224879540049,Senior-career proxy,seniority_years proxy because no manager age column exists in the workbook,Local,region proxy because no manager local/non-local column exists,Senior-career proxy | Local,9.959224879540049,DE-West,S011,-0.3575963346099067,0.7206412052983835,fearful_exclusion,0
M0859,8.792982064679423,Senior-career proxy,seniority_years proxy because no manager age column exists in the workbook,Local,region proxy because no manager local/non-local column exists,Senior-career proxy | Local,8.792982064679423,DE-East,S009,0.2789384991115482,0.5337362191310828,controlled_opening,1
M0860,4.843229796672018,Mid-career proxy,seniority_years proxy because no manager age column exists in the workbook,Local,region proxy because no manager local/non-local column exists,Mid-career proxy | Local,4.843229796672018,DE-East,S003,-0.3423676117605407,0.5168537678570694,controlled_opening,1
M0861,3.709997021796731,Early-career proxy,seniority_years proxy because no manager age column exists in the workbook,Non-local,region proxy because no manager local/non-local column exists,Early-career proxy | Non-local,3.709997021796731,EU-Other,S002,0.4303732494254016,0.7357052208800603,controlled_opening,0
M0862,7.463165335266844,Mid-career proxy,seniority_years proxy because no manager age column exists in the workbook,Local,region proxy because no manager local/non-local column exists,Mid-career proxy | Local,7.463165335266844,DE-East,S009,0.224205768183935,0.4143176976490536,controlled_opening,0
M0863,9.206727051821334,Senior-career proxy,seniority_years proxy because no manager age column exists in the workbook,Local,region proxy because no manager local/non-local column exists,Senior-career proxy | Local,9.206727051821334,DE-East,S003,-0.4481658358399561,0.9088156664154434,fearful_exclusion,0
M0864,0.0,Early-career proxy,seniority_years proxy because no manager age column exists in the workbook,Local,region proxy because no manager local/non-local column exists,Early-career proxy | Local,0.0,DE-West,S005,-0.2605630249820342,0.5396493787659272,controlled_opening,1
M0865,11.22903439691115,Senior-career proxy,seniority_years proxy because no manager age column exists in the workbook,Local,region proxy because no manager local/non-local column exists,Senior-career proxy | Local,11.22903439691115,DE-West,S012,-1.0,0.7714350565637357,fearful_exclusion,1
M0866,0.0,Early-career proxy,seniority_years proxy because no manager age column exists in the workbook,Local,region proxy because no manager local/non-local column exists,Early-career proxy | Local,0.0,DE-South,S010,0.7550224380934947,0.3718551482489702,opportunistic_teaming,0
M0867,4.241229075530439,Mid-career proxy,seniority_years proxy because no manager age column exists in the workbook,Local,region proxy because no manager local/non-local column exists,Mid-career proxy | Local,4.241229075530439,DE-West,S012,1.0,0.4130917866093702,opportunistic_teaming,1
M0868,11.93230203202624,Senior-career proxy,seniority_years proxy because no manager age column exists in the workbook,Local,region proxy because no manager local/non-local column exists,Senior-career proxy | Local,11.93230203202624,DE-East,S009,0.0171008059329117,0.5417000360305467,controlled_opening,0
M0869,7.032686607108837,Mid-career proxy,seniority_years proxy because no manager age column exists in the workbook,Local,region proxy because no manager local/non-local column exists,Mid-career proxy | Local,7.032686607108837,DE-West,S011,-0.06380169921633566,0.802977398501747,controlled_opening,0
M0870,5.353372772151637,Mid-career proxy,seniority_years proxy because no manager age column exists in the workbook,Local,region proxy because no manager local/non-local column exists,Mid-career proxy | Local,5.353372772151637,DE-East,S007,0.2093558406883765,0.531433151818274,controlled_opening,0
M0871,7.24288233054674,Mid-career proxy,seniority_years proxy because no manager age column exists in the workbook,Local,region proxy because no manager local/non-local column exists,Mid-career proxy | Local,7.24288233054674,DE-West,S005,-0.5948451940321622,0.8351745203075975,fearful_exclusion,1
M0872,12.8506365220938,Senior-career proxy,seniority_years proxy because no manager age column exists in the workbook,Local,region proxy because no manager local/non-local column exists,Senior-career proxy | Local,12.8506365220938,DE-West,S011,0.5583209112915191,0.218391613041035,opportunistic_teaming,0
M0873,5.680018647820112,Mid-career proxy,seniority_years proxy because no manager age column exists in the workbook,Local,region proxy because no manager local/non-local column exists,Mid-career proxy | Local,5.680018647820112,DE-East,S004,-0.1274489928196857,0.2661672986912927,controlled_opening,1
M0874,7.259372559430934,Mid-career proxy,seniority_years proxy because no manager age column exists in the workbook,Local,region proxy because no manager local/non-local column exists,Mid-career proxy | Local,7.259372559430934,DE-South,S010,1.0,0.4909197464880981,controlled_opening,0
M0875,6.062224096419077,Mid-career proxy,seniority_years proxy because no manager age column exists in the workbook,Local,region proxy because no manager local/non-local column exists,Mid-career proxy | Local,6.062224096419077,DE-East,S003,-0.1275985777851088,0.3929525973745249,controlled_opening,1
