manager_id,macro_region,n_periods,ai_authority_share_mean,escalation_share_mean,composite_kpi_score_mean,target_attainment_rate,share_aversion,share_neutral,share_appreciation,n_transitions,persistence_rate,upward_transition_rate,downward_transition_rate
M0001,"Europe, Middle East, Africa",26,0.37187679065015583,0.4870214121153609,0.4819145644917935,0.11538461538461539,0.5384615384615384,0.46153846153846156,0.0,25,0.72,0.12,0.16
M0002,"Europe, Middle East, Africa",26,0.3492911437807139,0.6253401331785138,0.47386058077253507,0.038461538461538464,0.2692307692307692,0.23076923076923078,0.5,25,0.72,0.16,0.12
M0003,"Europe, Middle East, Africa",26,0.2183991577927513,0.5817106825338713,0.4027134526836085,0.0,0.6923076923076923,0.3076923076923077,0.0,25,0.56,0.2,0.24
M0004,"Europe, Middle East, Africa",26,0.35111645112777035,0.563405566168286,0.4609935467471894,0.11538461538461539,0.6538461538461539,0.34615384615384615,0.0,25,0.88,0.04,0.08
M0005,"Europe, Middle East, Africa",26,0.20849733748341107,0.5803857429531353,0.4258181505663513,0.038461538461538464,0.19230769230769232,0.5,0.3076923076923077,25,0.64,0.16,0.2
M0006,Asia-Pacific,26,0.37800924104425315,0.5083332356308372,0.4766746652319544,0.07692307692307693,0.19230769230769232,0.4230769230769231,0.38461538461538464,25,0.88,0.08,0.04
M0007,Asia-Pacific,26,0.48886582052076943,0.4992122939422676,0.5470782459939433,0.23076923076923078,0.15384615384615385,0.6923076923076923,0.15384615384615385,25,0.72,0.16,0.12
M0008,"North, Central, South America",26,0.3664202714947545,0.5053239744509956,0.5105924333697552,0.11538461538461539,0.07692307692307693,0.6538461538461539,0.2692307692307692,25,0.68,0.16,0.16
M0009,Asia-Pacific,26,0.2637383567252749,0.609704525055625,0.4612647419452465,0.0,0.15384615384615385,0.6153846153846154,0.23076923076923078,25,0.6,0.2,0.2
M0010,"Europe, Middle East, Africa",26,0.17907560008798212,0.5613451850128144,0.39900605007382156,0.0,0.46153846153846156,0.5384615384615384,0.0,25,0.56,0.2,0.24
M0011,Asia-Pacific,26,0.3816818361553495,0.534206916473907,0.4969358026517652,0.07692307692307693,0.2692307692307692,0.6923076923076923,0.038461538461538464,25,0.76,0.12,0.12
M0012,Asia-Pacific,26,0.1833279646893972,0.6100472363504259,0.42528098024181465,0.0,0.46153846153846156,0.5384615384615384,0.0,25,0.76,0.12,0.12
M0013,"North, Central, South America",26,0.43314780230139527,0.5194717538164467,0.5232604728891243,0.15384615384615385,0.15384615384615385,0.5769230769230769,0.2692307692307692,25,0.64,0.2,0.16
M0014,"Europe, Middle East, Africa",26,0.16917083668856636,0.5813428897918557,0.43191594014418233,0.0,0.5384615384615384,0.46153846153846156,0.0,25,0.68,0.16,0.16
M0015,"North, Central, South America",26,0.3344837152904353,0.5382134222028055,0.47652501206094844,0.038461538461538464,0.46153846153846156,0.5384615384615384,0.0,25,0.88,0.04,0.08
M0016,"Europe, Middle East, Africa",26,0.4271692735884802,0.5116100794284167,0.5437922366886901,0.11538461538461539,0.5769230769230769,0.15384615384615385,0.2692307692307692,25,0.72,0.16,0.12
M0017,"North, Central, South America",26,0.28979606037334443,0.5957012374422426,0.4739571180067196,0.038461538461538464,0.3076923076923077,0.5769230769230769,0.11538461538461539,25,0.8,0.12,0.08
M0018,"Europe, Middle East, Africa",26,0.23679658837656556,0.5561494986014291,0.43007151863557286,0.11538461538461539,0.46153846153846156,0.5384615384615384,0.0,25,0.8,0.08,0.12
M0019,"Europe, Middle East, Africa",26,0.22654088916990517,0.614352808614474,0.43059052976320983,0.0,0.6538461538461539,0.3076923076923077,0.038461538461538464,25,0.8,0.08,0.12
M0020,"Europe, Middle East, Africa",26,0.5836333193298735,0.49847059024655416,0.5740890591801936,0.07692307692307693,0.7307692307692307,0.2692307692307692,0.0,25,0.64,0.16,0.2
M0021,Asia-Pacific,26,0.5581141496221784,0.37992953526615975,0.5749137961953292,0.2692307692307692,0.07692307692307693,0.5769230769230769,0.34615384615384615,25,0.8,0.08,0.12
M0022,Asia-Pacific,26,0.13002477604123922,0.5774806795157121,0.38866499296479495,0.0,0.0,0.4230769230769231,0.5769230769230769,25,0.96,0.04,0.0
M0023,"North, Central, South America",26,0.2316346094725094,0.5808849643646787,0.4557042530217883,0.0,0.07692307692307693,0.6153846153846154,0.3076923076923077,25,0.8,0.12,0.08
M0024,Asia-Pacific,26,0.25421495767883395,0.5582142290554316,0.45824504588512444,0.0,0.4230769230769231,0.5384615384615384,0.038461538461538464,25,0.52,0.24,0.24
M0025,Asia-Pacific,26,0.4022264205203737,0.43390315866528817,0.47969563570240836,0.15384615384615385,0.15384615384615385,0.46153846153846156,0.38461538461538464,25,0.72,0.16,0.12
M0026,"Europe, Middle East, Africa",26,0.16197735912941613,0.5084483842000135,0.406128357678261,0.038461538461538464,0.34615384615384615,0.5769230769230769,0.07692307692307693,25,0.52,0.24,0.24
M0027,"Europe, Middle East, Africa",26,0.39178169252111783,0.5542318343951567,0.4971002912685745,0.038461538461538464,0.38461538461538464,0.46153846153846156,0.15384615384615385,25,0.56,0.24,0.2
M0028,"Europe, Middle East, Africa",26,0.34651901912717736,0.5056279721125073,0.4844256625263323,0.038461538461538464,0.34615384615384615,0.6538461538461539,0.0,25,0.64,0.16,0.2
M0029,Asia-Pacific,26,0.3025803952009113,0.605855718375911,0.5023412994011633,0.038461538461538464,0.11538461538461539,0.7307692307692307,0.15384615384615385,25,0.72,0.16,0.12
M0030,"Europe, Middle East, Africa",26,0.2602005058469152,0.597415284939427,0.43381331742901375,0.0,0.19230769230769232,0.6153846153846154,0.19230769230769232,25,0.84,0.08,0.08
M0031,Asia-Pacific,26,0.10960371849099179,0.6253534550154242,0.38988904885755127,0.0,0.5,0.19230769230769232,0.3076923076923077,25,0.68,0.16,0.16
M0032,Asia-Pacific,26,0.32757033193311275,0.5970125836390108,0.46417068067585154,0.07692307692307693,0.19230769230769232,0.5,0.3076923076923077,25,0.68,0.16,0.16
M0033,"Europe, Middle East, Africa",26,0.26104705813166734,0.5410713855088439,0.4501414149230844,0.038461538461538464,0.34615384615384615,0.3076923076923077,0.34615384615384615,25,0.72,0.16,0.12
M0034,"North, Central, South America",26,0.3532929476313556,0.5239566251949004,0.5034930846160387,0.0,0.19230769230769232,0.8076923076923077,0.0,25,0.96,0.0,0.04
M0035,Asia-Pacific,26,0.24284098710676863,0.5434166270367664,0.44951840754538214,0.038461538461538464,0.4230769230769231,0.5769230769230769,0.0,25,0.8,0.08,0.12
M0036,"Europe, Middle East, Africa",26,0.5705703494202167,0.4938288691565769,0.5878938132116662,0.38461538461538464,0.46153846153846156,0.5384615384615384,0.0,25,0.64,0.16,0.2
M0037,"Europe, Middle East, Africa",26,0.4803880161816739,0.4950679925032034,0.5189985204543344,0.15384615384615385,0.19230769230769232,0.2692307692307692,0.5384615384615384,25,0.64,0.2,0.16
M0038,Asia-Pacific,26,0.3701438351219432,0.5723391183497696,0.4780773523644347,0.038461538461538464,0.19230769230769232,0.5,0.3076923076923077,25,0.8,0.08,0.12
M0039,Asia-Pacific,26,0.4248806941750647,0.5158094348663105,0.5376774549729227,0.038461538461538464,0.2692307692307692,0.6923076923076923,0.038461538461538464,25,0.64,0.16,0.2
M0040,"North, Central, South America",26,0.3376943535402192,0.560240557494545,0.47709015230452584,0.11538461538461539,0.15384615384615385,0.8076923076923077,0.038461538461538464,25,0.8,0.12,0.08
M0041,Asia-Pacific,26,0.27724833924288045,0.5949606678578692,0.46425228179189065,0.0,0.3076923076923077,0.6153846153846154,0.07692307692307693,25,0.6,0.2,0.2
M0042,"Europe, Middle East, Africa",26,0.3020373605025834,0.5227821395022123,0.4506827158718431,0.07692307692307693,0.5384615384615384,0.11538461538461539,0.34615384615384615,25,0.88,0.08,0.04
M0043,Asia-Pacific,26,0.18891467520506555,0.6074600004220071,0.44139935575890465,0.038461538461538464,0.2692307692307692,0.34615384615384615,0.38461538461538464,25,0.72,0.16,0.12
M0044,"North, Central, South America",26,0.29804014886055236,0.5999941580107013,0.4726674217561545,0.0,0.34615384615384615,0.5769230769230769,0.07692307692307693,25,0.6,0.16,0.24
M0045,"Europe, Middle East, Africa",26,0.11809884723221516,0.6217624300854996,0.39131806540728686,0.0,0.07692307692307693,0.5769230769230769,0.34615384615384615,25,0.72,0.16,0.12
M0046,Asia-Pacific,26,0.18581699202266416,0.6245041722111376,0.455593407116068,0.0,0.038461538461538464,0.46153846153846156,0.5,25,0.88,0.08,0.04
M0047,Asia-Pacific,26,0.3714979607928529,0.5070825837223013,0.48935495843424803,0.07692307692307693,0.5769230769230769,0.4230769230769231,0.0,25,0.48,0.24,0.28
M0048,"Europe, Middle East, Africa",26,0.21526105343003865,0.6402723513113187,0.4356511887232732,0.0,0.5384615384615384,0.46153846153846156,0.0,25,0.64,0.16,0.2
M0049,"North, Central, South America",26,0.4446657779002296,0.5556174206667814,0.5115799443470996,0.15384615384615385,0.2692307692307692,0.46153846153846156,0.2692307692307692,25,0.6,0.2,0.2
M0050,"Europe, Middle East, Africa",26,0.3759721226861196,0.5494433304921466,0.4896626859428609,0.0,0.34615384615384615,0.4230769230769231,0.23076923076923078,25,0.64,0.2,0.16
M0051,"Europe, Middle East, Africa",26,0.3776079254167327,0.5790748318761813,0.5145597693078724,0.038461538461538464,0.3076923076923077,0.3076923076923077,0.38461538461538464,25,0.68,0.16,0.16
M0052,"Europe, Middle East, Africa",26,0.5606034727169623,0.43976707215759003,0.5409152103088716,0.15384615384615385,0.2692307692307692,0.5,0.23076923076923078,25,0.8,0.12,0.08
M0053,"Europe, Middle East, Africa",26,0.4590705032708875,0.5140491441210154,0.5287735253275616,0.23076923076923078,0.34615384615384615,0.38461538461538464,0.2692307692307692,25,0.68,0.16,0.16
M0054,"Europe, Middle East, Africa",26,0.374951239532901,0.5396512047948863,0.5203331546721224,0.11538461538461539,0.46153846153846156,0.46153846153846156,0.07692307692307693,25,0.56,0.24,0.2
M0055,Asia-Pacific,26,0.3598031833960117,0.5540667383984099,0.511091453808582,0.0,0.3076923076923077,0.5384615384615384,0.15384615384615385,25,0.64,0.16,0.2
M0056,"North, Central, South America",26,0.4612243116963409,0.46051715947858995,0.5350071612086063,0.2692307692307692,0.15384615384615385,0.5769230769230769,0.2692307692307692,25,0.72,0.16,0.12
M0057,Asia-Pacific,26,0.3911256320445131,0.5227393031896319,0.496671108599818,0.038461538461538464,0.5384615384615384,0.46153846153846156,0.0,25,0.52,0.24,0.24
M0058,"Europe, Middle East, Africa",26,0.3417558974024076,0.5331046588766386,0.4671986031833399,0.038461538461538464,0.8461538461538461,0.15384615384615385,0.0,25,0.8,0.08,0.12
M0059,"North, Central, South America",26,0.41216515467594605,0.49387776256173055,0.5400229657531294,0.2692307692307692,0.6153846153846154,0.38461538461538464,0.0,25,0.8,0.08,0.12
M0060,"Europe, Middle East, Africa",26,0.4519337951557768,0.5054671734011223,0.5056733444425879,0.15384615384615385,0.07692307692307693,0.6538461538461539,0.2692307692307692,25,0.8,0.12,0.08
M0061,"Europe, Middle East, Africa",26,0.37561336138145496,0.5197224370151234,0.48815350475164904,0.07692307692307693,0.5769230769230769,0.38461538461538464,0.038461538461538464,25,0.6,0.2,0.2
M0062,Asia-Pacific,26,0.28241817501266947,0.4809044043275382,0.43263040878096937,0.038461538461538464,0.038461538461538464,0.5384615384615384,0.4230769230769231,25,0.8,0.12,0.08
M0063,"Europe, Middle East, Africa",26,0.3203181093504747,0.5023859761163662,0.45317365468739734,0.038461538461538464,0.15384615384615385,0.7692307692307693,0.07692307692307693,25,0.72,0.12,0.16
M0064,Asia-Pacific,26,0.4529496470050733,0.5921001301704502,0.5204913386280325,0.15384615384615385,0.07692307692307693,0.7692307692307693,0.15384615384615385,25,0.76,0.12,0.12
M0065,"North, Central, South America",26,0.4480560213405653,0.4869417552927396,0.5184083691765953,0.15384615384615385,0.07692307692307693,0.7692307692307693,0.15384615384615385,25,0.76,0.12,0.12
M0066,"Europe, Middle East, Africa",26,0.18220640584291178,0.6359901856461582,0.4046119214473273,0.0,0.11538461538461539,0.38461538461538464,0.5,25,0.72,0.16,0.12
M0067,"Europe, Middle East, Africa",26,0.4341401296661877,0.5147370565264298,0.4963660914792499,0.23076923076923078,0.4230769230769231,0.38461538461538464,0.19230769230769232,25,0.6,0.2,0.2
M0068,"Europe, Middle East, Africa",26,0.28667052425075634,0.6005667945360611,0.4521841970506549,0.038461538461538464,0.5,0.5,0.0,25,0.36,0.32,0.32
M0069,"Europe, Middle East, Africa",26,0.45847864310755254,0.46094913531349513,0.5277040836571903,0.19230769230769232,0.5384615384615384,0.46153846153846156,0.0,25,0.8,0.08,0.12
M0070,"Europe, Middle East, Africa",26,0.4336074385764816,0.574972199860552,0.4916925925064459,0.11538461538461539,0.7307692307692307,0.19230769230769232,0.07692307692307693,25,0.76,0.12,0.12
M0071,"Europe, Middle East, Africa",26,0.27639377578568564,0.5497730182356,0.4654634184113995,0.11538461538461539,0.15384615384615385,0.38461538461538464,0.46153846153846156,25,0.8,0.12,0.08
M0072,"Europe, Middle East, Africa",26,0.3581190057715494,0.6063300381689015,0.5165366663810342,0.11538461538461539,0.34615384615384615,0.5,0.15384615384615385,25,0.84,0.08,0.08
M0073,"Europe, Middle East, Africa",26,0.3570416990814546,0.5371023431288366,0.46242148411244466,0.038461538461538464,0.38461538461538464,0.5384615384615384,0.07692307692307693,25,0.6,0.2,0.2
M0074,"Europe, Middle East, Africa",26,0.32957355080876405,0.5249348751973409,0.47467183438388044,0.038461538461538464,0.7307692307692307,0.2692307692307692,0.0,25,0.68,0.16,0.16
M0075,"Europe, Middle East, Africa",26,0.3308420295499482,0.5641977126955029,0.48396869435496076,0.0,0.6538461538461539,0.2692307692307692,0.07692307692307693,25,0.72,0.12,0.16
M0076,"Europe, Middle East, Africa",26,0.21118737967154336,0.5981388012203198,0.4487204542685522,0.038461538461538464,0.6923076923076923,0.3076923076923077,0.0,25,0.56,0.2,0.24
M0077,"Europe, Middle East, Africa",26,0.41506180607295284,0.5374475093025892,0.502120773630063,0.07692307692307693,0.6538461538461539,0.34615384615384615,0.0,25,0.72,0.12,0.16
M0078,"Europe, Middle East, Africa",26,0.22553144606802594,0.5567404931982334,0.4271221508238035,0.07692307692307693,0.7692307692307693,0.19230769230769232,0.038461538461538464,25,0.84,0.08,0.08
M0079,"Europe, Middle East, Africa",26,0.174267206602281,0.6023037677161267,0.43174406365286444,0.0,0.038461538461538464,0.6153846153846154,0.34615384615384615,25,0.8,0.08,0.12
M0080,"Europe, Middle East, Africa",26,0.3285962558910586,0.49974944012802397,0.4478935211610447,0.038461538461538464,0.6538461538461539,0.34615384615384615,0.0,25,0.48,0.24,0.28
M0081,"Europe, Middle East, Africa",26,0.2681058569023984,0.5202520239304791,0.46670380076322837,0.0,0.23076923076923078,0.46153846153846156,0.3076923076923077,25,0.64,0.2,0.16
M0082,Asia-Pacific,26,0.34615007063009073,0.5744966236962384,0.5059569963240194,0.038461538461538464,0.6538461538461539,0.34615384615384615,0.0,25,0.72,0.12,0.16
M0083,"Europe, Middle East, Africa",26,0.28113174886342696,0.5422351029355859,0.4409518434420381,0.07692307692307693,0.5769230769230769,0.4230769230769231,0.0,25,0.68,0.16,0.16
M0084,Asia-Pacific,26,0.3255433926965393,0.4913843281666991,0.48887359112311307,0.15384615384615385,0.4230769230769231,0.5,0.07692307692307693,25,0.68,0.12,0.2
M0085,"Europe, Middle East, Africa",26,0.21647834273964064,0.5168688535911924,0.4514057029048069,0.0,0.038461538461538464,0.5,0.46153846153846156,25,0.88,0.08,0.04
M0086,Asia-Pacific,26,0.29873430388424577,0.5702097822569309,0.4398176102498895,0.038461538461538464,0.0,0.6153846153846154,0.38461538461538464,25,0.84,0.08,0.08
M0087,"Europe, Middle East, Africa",26,0.3667140612902294,0.5440113468100244,0.4906172657737742,0.11538461538461539,0.38461538461538464,0.34615384615384615,0.2692307692307692,25,0.76,0.12,0.12
M0088,Asia-Pacific,26,0.14581384734476224,0.5915750574053183,0.4160119524229271,0.0,0.46153846153846156,0.5,0.038461538461538464,25,0.6,0.2,0.2
M0089,"North, Central, South America",26,0.2427333985808329,0.5762578732199439,0.45140343597240723,0.11538461538461539,0.4230769230769231,0.5384615384615384,0.038461538461538464,25,0.52,0.24,0.24
M0090,"North, Central, South America",26,0.19052473118791546,0.5308148158793916,0.44573401349765934,0.0,0.34615384615384615,0.46153846153846156,0.19230769230769232,25,0.64,0.16,0.2
M0091,"Europe, Middle East, Africa",26,0.429619289872988,0.4234527405352017,0.503892856298823,0.19230769230769232,0.07692307692307693,0.6923076923076923,0.23076923076923078,25,0.76,0.12,0.12
M0092,"Europe, Middle East, Africa",26,0.2935041123704784,0.6157755238059395,0.49736541433975096,0.11538461538461539,0.0,0.46153846153846156,0.5384615384615384,25,0.88,0.08,0.04
M0093,"North, Central, South America",26,0.23634099954607543,0.5648486396680786,0.45427514514502343,0.07692307692307693,0.038461538461538464,0.6538461538461539,0.3076923076923077,25,0.84,0.08,0.08
M0094,Asia-Pacific,26,0.22685883602835527,0.5836943002359166,0.4310201292507538,0.0,0.5769230769230769,0.4230769230769231,0.0,25,0.6,0.2,0.2
M0095,Asia-Pacific,26,0.358365343666845,0.5572176605268799,0.48509831789763697,0.15384615384615385,0.11538461538461539,0.5384615384615384,0.34615384615384615,25,0.8,0.12,0.08
M0096,"North, Central, South America",26,0.5420942010981815,0.39625395072560815,0.5654096504181977,0.15384615384615385,0.0,0.5,0.5,25,0.88,0.08,0.04
M0097,Asia-Pacific,26,0.3924517627483895,0.5391707844741755,0.5004994620676135,0.038461538461538464,0.19230769230769232,0.7692307692307693,0.038461538461538464,25,0.8,0.12,0.08
M0098,"Europe, Middle East, Africa",26,0.15177392378496052,0.5977336567835325,0.39957177074478334,0.0,0.46153846153846156,0.46153846153846156,0.07692307692307693,25,0.64,0.2,0.16
M0099,"North, Central, South America",26,0.5882790866939757,0.5001156464262052,0.5541808254834606,0.2692307692307692,0.0,0.6153846153846154,0.38461538461538464,25,0.96,0.04,0.0
M0100,"Europe, Middle East, Africa",26,0.3159439680675776,0.5217528516204931,0.4774892857982836,0.11538461538461539,0.46153846153846156,0.5384615384615384,0.0,25,0.64,0.16,0.2
M0101,Asia-Pacific,26,0.35830216338334486,0.579797943631561,0.5278796803721962,0.0,0.0,0.5,0.5,25,0.88,0.08,0.04
M0102,"Europe, Middle East, Africa",26,0.13780563760749334,0.5873780239519854,0.39713936572662384,0.0,0.6153846153846154,0.38461538461538464,0.0,25,0.68,0.16,0.16
M0103,"Europe, Middle East, Africa",26,0.2838884725571535,0.5314751224871659,0.44084792461351213,0.038461538461538464,0.46153846153846156,0.5,0.038461538461538464,25,0.56,0.24,0.2
M0104,"Europe, Middle East, Africa",26,0.289301043598693,0.5256099467759427,0.44026734584580607,0.0,0.5769230769230769,0.4230769230769231,0.0,25,0.72,0.16,0.12
M0105,"Europe, Middle East, Africa",26,0.28381714581555795,0.5732115869556835,0.45402449654910504,0.0,0.038461538461538464,0.46153846153846156,0.5,25,0.88,0.08,0.04
M0106,"Europe, Middle East, Africa",26,0.2708901270262899,0.5343796020419007,0.44271862275552915,0.038461538461538464,0.5384615384615384,0.19230769230769232,0.2692307692307692,25,0.8,0.12,0.08
M0107,Asia-Pacific,26,0.4008623035985641,0.5362650502805545,0.4867590987826772,0.038461538461538464,0.6153846153846154,0.38461538461538464,0.0,25,0.64,0.16,0.2
M0108,"Europe, Middle East, Africa",26,0.4337272014525819,0.5878596007995085,0.5061513900041567,0.19230769230769232,0.3076923076923077,0.3076923076923077,0.38461538461538464,25,0.8,0.12,0.08
M0109,"Europe, Middle East, Africa",26,0.3131687521023022,0.6516150291749494,0.4475328849695717,0.0,0.4230769230769231,0.38461538461538464,0.19230769230769232,25,0.68,0.16,0.16
M0110,"Europe, Middle East, Africa",26,0.4054808018203665,0.5038609497120434,0.5009562494416314,0.0,0.6538461538461539,0.19230769230769232,0.15384615384615385,25,0.8,0.12,0.08
M0111,"Europe, Middle East, Africa",26,0.1533156050783552,0.6160079629293318,0.4124870974018948,0.0,0.19230769230769232,0.5384615384615384,0.2692307692307692,25,0.72,0.12,0.16
M0112,Asia-Pacific,26,0.4913497631506376,0.466011876027244,0.5640364105821282,0.3076923076923077,0.4230769230769231,0.5769230769230769,0.0,25,0.68,0.16,0.16
M0113,"Europe, Middle East, Africa",26,0.4115028089488002,0.5700075494749731,0.5169699837979366,0.07692307692307693,0.11538461538461539,0.38461538461538464,0.5,25,0.88,0.08,0.04
M0114,"Europe, Middle East, Africa",26,0.296910996421434,0.5895675180538429,0.49286032713403344,0.0,0.5384615384615384,0.2692307692307692,0.19230769230769232,25,0.72,0.12,0.16
M0115,"Europe, Middle East, Africa",26,0.3337070465058715,0.5456772311973052,0.48606416269851876,0.0,0.5384615384615384,0.46153846153846156,0.0,25,0.48,0.24,0.28
M0116,"North, Central, South America",26,0.0938490228608,0.619999240543247,0.373178695934044,0.0,0.5,0.4230769230769231,0.07692307692307693,25,0.76,0.12,0.12
M0117,Asia-Pacific,26,0.4178967383571546,0.5196007706207826,0.5156793642068993,0.038461538461538464,0.0,0.5384615384615384,0.46153846153846156,25,0.92,0.04,0.04
M0118,Asia-Pacific,26,0.15142201118919404,0.6256795188794051,0.4117373820357857,0.038461538461538464,0.5,0.5,0.0,25,0.56,0.2,0.24
M0119,Asia-Pacific,26,0.3926538512591986,0.5143429226904116,0.5249597939113209,0.19230769230769232,0.34615384615384615,0.6153846153846154,0.038461538461538464,25,0.72,0.12,0.16
M0120,"Europe, Middle East, Africa",26,0.5161862951370195,0.4829661760598665,0.5311927770791358,0.3076923076923077,0.19230769230769232,0.7692307692307693,0.038461538461538464,25,0.76,0.12,0.12
M0121,"Europe, Middle East, Africa",26,0.21174489853087336,0.560133193880758,0.4131209353820158,0.07692307692307693,0.46153846153846156,0.46153846153846156,0.07692307692307693,25,0.56,0.2,0.24
M0122,"Europe, Middle East, Africa",26,0.11037133724830064,0.6373736243281793,0.40644240020754024,0.038461538461538464,0.15384615384615385,0.46153846153846156,0.38461538461538464,25,0.8,0.12,0.08
M0123,"Europe, Middle East, Africa",26,0.26270984962348953,0.6239668175343572,0.47050980362519523,0.07692307692307693,0.038461538461538464,0.5769230769230769,0.38461538461538464,25,0.88,0.08,0.04
M0124,"Europe, Middle East, Africa",26,0.5187874124810826,0.5109035508903574,0.5321326144371148,0.23076923076923078,0.23076923076923078,0.3076923076923077,0.46153846153846156,25,0.64,0.2,0.16
M0125,"Europe, Middle East, Africa",26,0.124540426956211,0.6503920949116269,0.38523988997200437,0.0,0.2692307692307692,0.6153846153846154,0.11538461538461539,25,0.72,0.12,0.16
M0126,"Europe, Middle East, Africa",26,0.18923848237656893,0.5355117984967666,0.40518542476222225,0.0,0.2692307692307692,0.5769230769230769,0.15384615384615385,25,0.72,0.16,0.12
M0127,"Europe, Middle East, Africa",26,0.3381842382480454,0.5384090024605441,0.48046736238344373,0.038461538461538464,0.5384615384615384,0.46153846153846156,0.0,25,0.76,0.12,0.12
M0128,"North, Central, South America",26,0.3150642762365728,0.5479954880622577,0.4891994491771411,0.07692307692307693,0.2692307692307692,0.6538461538461539,0.07692307692307693,25,0.72,0.12,0.16
M0129,Asia-Pacific,26,0.15779610350780926,0.6106150235671388,0.3832397890937276,0.0,0.4230769230769231,0.5769230769230769,0.0,25,0.56,0.2,0.24
M0130,"Europe, Middle East, Africa",26,0.235663327391013,0.6173105862519991,0.4558184917853557,0.0,0.46153846153846156,0.46153846153846156,0.07692307692307693,25,0.52,0.24,0.24
M0131,Asia-Pacific,26,0.4879221297979565,0.5307948064034096,0.5560319519883191,0.07692307692307693,0.038461538461538464,0.5384615384615384,0.4230769230769231,25,0.8,0.12,0.08
M0132,"Europe, Middle East, Africa",26,0.4155064420642717,0.5690753551534626,0.5287376161947009,0.11538461538461539,0.46153846153846156,0.5384615384615384,0.0,25,0.4,0.28,0.32
M0133,"North, Central, South America",26,0.37055530313984725,0.5991944089751376,0.5305109605026559,0.038461538461538464,0.038461538461538464,0.6923076923076923,0.2692307692307692,25,0.76,0.12,0.12
M0134,Asia-Pacific,26,0.3938386559849716,0.613905604944332,0.5225405870475026,0.038461538461538464,0.2692307692307692,0.7307692307692307,0.0,25,0.8,0.08,0.12
M0135,"Europe, Middle East, Africa",26,0.3560878482849547,0.5473541323565717,0.48470473787235835,0.0,0.2692307692307692,0.5,0.23076923076923078,25,0.68,0.16,0.16
M0136,"Europe, Middle East, Africa",26,0.5067936119704067,0.4724467776755341,0.5521888545694279,0.38461538461538464,0.15384615384615385,0.7307692307692307,0.11538461538461539,25,0.72,0.12,0.16
M0137,"Europe, Middle East, Africa",26,0.3675927925191674,0.5593742627795861,0.5042136680842335,0.15384615384615385,0.34615384615384615,0.6153846153846154,0.038461538461538464,25,0.68,0.16,0.16
M0138,"Europe, Middle East, Africa",26,0.30823295626572533,0.5267164530011119,0.4658676533633584,0.11538461538461539,0.2692307692307692,0.7307692307692307,0.0,25,0.88,0.04,0.08
M0139,"Europe, Middle East, Africa",26,0.18757244897092712,0.5625866682941145,0.42704628827871666,0.0,0.6538461538461539,0.3076923076923077,0.038461538461538464,25,0.52,0.24,0.24
M0140,"North, Central, South America",26,0.4223878963783992,0.5774742679935914,0.49801511638273954,0.11538461538461539,0.6153846153846154,0.38461538461538464,0.0,25,0.8,0.08,0.12
M0141,"North, Central, South America",26,0.311250725843462,0.5649777448228543,0.49715594002720587,0.07692307692307693,0.19230769230769232,0.5384615384615384,0.2692307692307692,25,0.68,0.16,0.16
M0142,"North, Central, South America",26,0.41823402339350824,0.546859462188175,0.5093469236730512,0.038461538461538464,0.0,0.46153846153846156,0.5384615384615384,25,0.96,0.04,0.0
M0143,"Europe, Middle East, Africa",26,0.1791284040412463,0.611599804388658,0.41556068638527566,0.0,0.2692307692307692,0.3076923076923077,0.4230769230769231,25,0.8,0.12,0.08
M0144,Asia-Pacific,26,0.5655072521598088,0.43374209271254077,0.5883077314669231,0.34615384615384615,0.23076923076923078,0.6153846153846154,0.15384615384615385,25,0.8,0.08,0.12
M0145,Asia-Pacific,26,0.39879574957164327,0.5087145876324803,0.5259296822487127,0.19230769230769232,0.5,0.4230769230769231,0.07692307692307693,25,0.56,0.2,0.24
M0146,"North, Central, South America",26,0.44721904891675696,0.5726273682631106,0.533782090655009,0.0,0.23076923076923078,0.34615384615384615,0.4230769230769231,25,0.76,0.12,0.12
M0147,Asia-Pacific,26,0.5595899066040524,0.49743434000942444,0.5495764041725508,0.19230769230769232,0.3076923076923077,0.4230769230769231,0.2692307692307692,25,0.72,0.12,0.16
M0148,"Europe, Middle East, Africa",26,0.3869055650235361,0.5222076519889832,0.5073421220364459,0.15384615384615385,0.4230769230769231,0.4230769230769231,0.15384615384615385,25,0.8,0.08,0.12
M0149,"Europe, Middle East, Africa",26,0.36905945236201126,0.5335576621667028,0.48905180121221103,0.038461538461538464,0.3076923076923077,0.5384615384615384,0.15384615384615385,25,0.8,0.12,0.08
M0150,"Europe, Middle East, Africa",26,0.4087395445744174,0.5481505348998637,0.4871816899335645,0.07692307692307693,0.8846153846153846,0.11538461538461539,0.0,25,0.88,0.04,0.08
M0151,Asia-Pacific,26,0.46934349568321204,0.4850735195733762,0.5144653141929794,0.11538461538461539,0.0,0.5384615384615384,0.46153846153846156,25,0.96,0.04,0.0
M0152,"Europe, Middle East, Africa",26,0.1617217949482352,0.6099930708429808,0.3920548373634112,0.0,0.11538461538461539,0.5769230769230769,0.3076923076923077,25,0.64,0.2,0.16
M0153,Asia-Pacific,26,0.3103989168383896,0.6185579314984007,0.4703923114407757,0.038461538461538464,0.23076923076923078,0.34615384615384615,0.4230769230769231,25,0.8,0.12,0.08
M0154,"North, Central, South America",26,0.2981350514626383,0.5627040995257061,0.4924746490847385,0.038461538461538464,0.0,0.5384615384615384,0.46153846153846156,25,0.96,0.04,0.0
M0155,"Europe, Middle East, Africa",26,0.40700024152010195,0.5419979934289061,0.48278486371039764,0.15384615384615385,0.38461538461538464,0.4230769230769231,0.19230769230769232,25,0.68,0.16,0.16
M0156,"Europe, Middle East, Africa",26,0.4115646824109882,0.613217476227652,0.5151152653479903,0.11538461538461539,0.2692307692307692,0.34615384615384615,0.38461538461538464,25,0.76,0.12,0.12
M0157,"Europe, Middle East, Africa",26,0.21193341239979396,0.636284731460894,0.440220669953353,0.0,0.15384615384615385,0.34615384615384615,0.5,25,0.72,0.16,0.12
M0158,"Europe, Middle East, Africa",26,0.49541045875110756,0.5286612530283915,0.5192429077041752,0.11538461538461539,0.4230769230769231,0.5769230769230769,0.0,25,0.96,0.0,0.04
M0159,"North, Central, South America",26,0.30026528927442436,0.5157332630020031,0.46571919228946795,0.0,0.46153846153846156,0.38461538461538464,0.15384615384615385,25,0.72,0.16,0.12
M0160,"Europe, Middle East, Africa",26,0.29608239268465997,0.5703237616435552,0.4574225411821286,0.038461538461538464,0.23076923076923078,0.5384615384615384,0.23076923076923078,25,0.72,0.12,0.16
M0161,"Europe, Middle East, Africa",26,0.22848187931586433,0.646731991238551,0.4258875061258382,0.0,0.4230769230769231,0.46153846153846156,0.11538461538461539,25,0.84,0.08,0.08
M0162,"North, Central, South America",26,0.23804090812632436,0.6182310950134559,0.43885106874671276,0.038461538461538464,0.23076923076923078,0.6923076923076923,0.07692307692307693,25,0.88,0.04,0.08
M0163,"Europe, Middle East, Africa",26,0.3667981473588726,0.5595258309746839,0.4885994042441205,0.19230769230769232,0.5769230769230769,0.4230769230769231,0.0,25,0.88,0.04,0.08
M0164,"North, Central, South America",26,0.4045720036205447,0.5465924444237762,0.4883856406374879,0.07692307692307693,0.23076923076923078,0.6538461538461539,0.11538461538461539,25,0.8,0.12,0.08
M0165,"Europe, Middle East, Africa",26,0.31191855917934386,0.6127474913018675,0.45526119367026524,0.11538461538461539,0.19230769230769232,0.4230769230769231,0.38461538461538464,25,0.72,0.12,0.16
M0166,"Europe, Middle East, Africa",26,0.31730375663967314,0.5846392673155711,0.5036941275977131,0.11538461538461539,0.38461538461538464,0.5384615384615384,0.07692307692307693,25,0.68,0.16,0.16
M0167,"North, Central, South America",26,0.449831948614738,0.4415654011434074,0.5290175147556815,0.23076923076923078,0.23076923076923078,0.4230769230769231,0.34615384615384615,25,0.76,0.12,0.12
M0168,Asia-Pacific,26,0.1402783745478881,0.6267472973673738,0.37305017944908114,0.0,0.5769230769230769,0.3076923076923077,0.11538461538461539,25,0.72,0.12,0.16
M0169,"North, Central, South America",26,0.1562366693429031,0.6090909847178116,0.4022338552000606,0.0,0.23076923076923078,0.46153846153846156,0.3076923076923077,25,0.72,0.12,0.16
M0170,"North, Central, South America",26,0.3862766903513953,0.5291893872895833,0.5120177680066746,0.15384615384615385,0.2692307692307692,0.5384615384615384,0.19230769230769232,25,0.64,0.16,0.2
M0171,Asia-Pacific,26,0.2199706742664605,0.5686368528091104,0.4379619547212363,0.0,0.19230769230769232,0.5,0.3076923076923077,25,0.8,0.12,0.08
M0172,"North, Central, South America",26,0.31033816057894936,0.5836159334295632,0.4906951391829993,0.0,0.2692307692307692,0.6538461538461539,0.07692307692307693,25,0.72,0.12,0.16
M0173,"North, Central, South America",26,0.4846698063924095,0.5319664019698493,0.5234770511567371,0.23076923076923078,0.5384615384615384,0.46153846153846156,0.0,25,0.72,0.12,0.16
M0174,"Europe, Middle East, Africa",26,0.19859741896410663,0.5259126317232586,0.43332625347300524,0.038461538461538464,0.34615384615384615,0.23076923076923078,0.4230769230769231,25,0.56,0.24,0.2
M0175,Asia-Pacific,26,0.3169944830049528,0.5728375346825563,0.48135893574801825,0.038461538461538464,0.38461538461538464,0.5769230769230769,0.038461538461538464,25,0.52,0.2,0.28
M0176,Asia-Pacific,26,0.4779667009192182,0.5486356459978516,0.5445429367992464,0.0,0.15384615384615385,0.6923076923076923,0.15384615384615385,25,0.76,0.12,0.12
M0177,"North, Central, South America",26,0.45104755345158976,0.5381243384219386,0.5335618608693727,0.07692307692307693,0.15384615384615385,0.5769230769230769,0.2692307692307692,25,0.92,0.04,0.04
M0178,Asia-Pacific,26,0.33974459606362234,0.5537320981059386,0.49904648768458615,0.0,0.7307692307692307,0.2692307692307692,0.0,25,0.76,0.12,0.12
M0179,"Europe, Middle East, Africa",26,0.42035285396480354,0.5199349731502058,0.5442913653072557,0.07692307692307693,0.6538461538461539,0.34615384615384615,0.0,25,0.8,0.08,0.12
M0180,Asia-Pacific,26,0.10175105693311266,0.5878964957123847,0.3893508415027084,0.0,0.7307692307692307,0.2692307692307692,0.0,25,0.64,0.16,0.2
M0181,"Europe, Middle East, Africa",26,0.5257720803809465,0.404570101646758,0.5347047417798405,0.2692307692307692,0.6153846153846154,0.2692307692307692,0.11538461538461539,25,0.8,0.12,0.08
M0182,"Europe, Middle East, Africa",26,0.3436497744040029,0.4805271610662442,0.47539407826205776,0.15384615384615385,0.19230769230769232,0.46153846153846156,0.34615384615384615,25,0.72,0.16,0.12
M0183,"Europe, Middle East, Africa",26,0.21791410885333173,0.6194871537913075,0.4284652283668339,0.0,0.6923076923076923,0.3076923076923077,0.0,25,0.72,0.12,0.16
M0184,Asia-Pacific,26,0.4612988886185075,0.4847461963270938,0.5353576141862364,0.2692307692307692,0.15384615384615385,0.6153846153846154,0.23076923076923078,25,0.72,0.16,0.12
M0185,"Europe, Middle East, Africa",26,0.30950172145159277,0.5358018985634044,0.4621023421017813,0.15384615384615385,0.2692307692307692,0.7307692307692307,0.0,25,0.64,0.16,0.2
M0186,"Europe, Middle East, Africa",26,0.4819472452995916,0.5091609834744611,0.5187498929339787,0.11538461538461539,0.5,0.4230769230769231,0.07692307692307693,25,0.64,0.16,0.2
M0187,"Europe, Middle East, Africa",26,0.4735286144859684,0.4681059414985904,0.5488117956853167,0.23076923076923078,0.38461538461538464,0.6153846153846154,0.0,25,0.52,0.24,0.24
M0188,"Europe, Middle East, Africa",26,0.12378081067569931,0.5954663009583407,0.37318900190696147,0.0,0.46153846153846156,0.38461538461538464,0.15384615384615385,25,0.52,0.24,0.24
M0189,"North, Central, South America",26,0.31504027649324734,0.5337081472654858,0.46348800431971277,0.11538461538461539,0.46153846153846156,0.46153846153846156,0.07692307692307693,25,0.64,0.2,0.16
M0190,"Europe, Middle East, Africa",26,0.5131291944284905,0.5611207754167125,0.5363921248649255,0.038461538461538464,0.23076923076923078,0.7692307692307693,0.0,25,0.76,0.12,0.12
M0191,"North, Central, South America",26,0.3222661940005768,0.5280206541240745,0.5011179522183457,0.038461538461538464,0.5769230769230769,0.38461538461538464,0.038461538461538464,25,0.76,0.08,0.16
M0192,"Europe, Middle East, Africa",26,0.48286698123896843,0.575917352998333,0.48878219505758363,0.038461538461538464,0.23076923076923078,0.6538461538461539,0.11538461538461539,25,0.76,0.12,0.12
M0193,Asia-Pacific,26,0.3749856906665417,0.5291165248108353,0.4915559764136226,0.19230769230769232,0.11538461538461539,0.6538461538461539,0.23076923076923078,25,0.72,0.12,0.16
M0194,"North, Central, South America",26,0.31875498233944854,0.5393128418055662,0.4703007801412505,0.11538461538461539,0.0,0.6153846153846154,0.38461538461538464,25,0.96,0.04,0.0
M0195,Asia-Pacific,26,0.21499903481050112,0.6245411691187557,0.44486926440484326,0.0,0.0,0.8076923076923077,0.19230769230769232,25,0.88,0.08,0.04
M0196,"North, Central, South America",26,0.4500734862716562,0.5946163561514741,0.5303125440086129,0.2692307692307692,0.4230769230769231,0.5384615384615384,0.038461538461538464,25,0.68,0.16,0.16
M0197,Asia-Pacific,26,0.39518523664530275,0.5163345094414233,0.48895834861595194,0.07692307692307693,0.15384615384615385,0.7692307692307693,0.07692307692307693,25,0.64,0.2,0.16
M0198,"Europe, Middle East, Africa",26,0.5773510242407638,0.4364350265214633,0.5835896777736693,0.38461538461538464,0.5,0.19230769230769232,0.3076923076923077,25,0.76,0.12,0.12
M0199,Asia-Pacific,26,0.4432824956503874,0.5190180776187228,0.5288932602945647,0.0,0.4230769230769231,0.46153846153846156,0.11538461538461539,25,0.68,0.16,0.16
M0200,"Europe, Middle East, Africa",26,0.3355431652123511,0.5485608677701144,0.4478348734171538,0.0,0.6923076923076923,0.23076923076923078,0.07692307692307693,25,0.64,0.16,0.2
M0201,"North, Central, South America",26,0.42183765030108944,0.50901334032359,0.5138245358423155,0.038461538461538464,0.038461538461538464,0.5769230769230769,0.38461538461538464,25,0.88,0.08,0.04
M0202,Asia-Pacific,26,0.5149127467561413,0.45392887183372843,0.562935081425373,0.23076923076923078,0.19230769230769232,0.3076923076923077,0.5,25,0.8,0.12,0.08
M0203,"North, Central, South America",26,0.2437239292745294,0.5736658838140292,0.45502395690732,0.038461538461538464,0.5384615384615384,0.46153846153846156,0.0,25,0.8,0.08,0.12
M0204,"Europe, Middle East, Africa",26,0.4901027250565677,0.5204358858114059,0.5377417169606988,0.038461538461538464,0.2692307692307692,0.3076923076923077,0.4230769230769231,25,0.8,0.12,0.08
M0205,"Europe, Middle East, Africa",26,0.3310027499636909,0.549477522248425,0.497525086399366,0.23076923076923078,0.6538461538461539,0.34615384615384615,0.0,25,0.64,0.16,0.2
M0206,Asia-Pacific,26,0.4185383888937935,0.5472764942325516,0.5469856656195619,0.07692307692307693,0.5769230769230769,0.4230769230769231,0.0,25,0.88,0.04,0.08
M0207,"Europe, Middle East, Africa",26,0.28397879382857694,0.5672442229785036,0.4536231624432584,0.038461538461538464,0.34615384615384615,0.4230769230769231,0.23076923076923078,25,0.72,0.16,0.12
M0208,"North, Central, South America",26,0.5050342319311336,0.4983902581029967,0.5450415313351749,0.07692307692307693,0.2692307692307692,0.46153846153846156,0.2692307692307692,25,0.84,0.08,0.08
M0209,"Europe, Middle East, Africa",26,0.38393076548068716,0.5726820615223208,0.48959003939008744,0.07692307692307693,0.19230769230769232,0.7692307692307693,0.038461538461538464,25,0.72,0.16,0.12
M0210,"Europe, Middle East, Africa",26,0.43670545957536167,0.5109386563393217,0.5031350511013811,0.15384615384615385,0.34615384615384615,0.46153846153846156,0.19230769230769232,25,0.84,0.08,0.08
M0211,"Europe, Middle East, Africa",26,0.335692942811914,0.58249241526546,0.4765213521565411,0.07692307692307693,0.6538461538461539,0.15384615384615385,0.19230769230769232,25,0.72,0.12,0.16
M0212,"North, Central, South America",26,0.4993541902666179,0.5103892561567442,0.537079598436239,0.15384615384615385,0.5,0.5,0.0,25,0.96,0.0,0.04
M0213,"Europe, Middle East, Africa",26,0.40628754017704516,0.5520399887963898,0.5219371979563221,0.038461538461538464,0.15384615384615385,0.7692307692307693,0.07692307692307693,25,0.64,0.2,0.16
M0214,Asia-Pacific,26,0.43502052646591377,0.5444211770714052,0.5386220464434895,0.23076923076923078,0.38461538461538464,0.6153846153846154,0.0,25,0.72,0.12,0.16
M0215,Asia-Pacific,26,0.5106919317622254,0.49742081336912314,0.5609215229916601,0.11538461538461539,0.11538461538461539,0.6923076923076923,0.19230769230769232,25,0.84,0.08,0.08
M0216,"Europe, Middle East, Africa",26,0.18748338152580696,0.5236823708564432,0.42992822338634684,0.038461538461538464,0.7307692307692307,0.23076923076923078,0.038461538461538464,25,0.56,0.24,0.2
M0217,"North, Central, South America",26,0.5035113686290712,0.5040493256159926,0.5305304420366516,0.19230769230769232,0.11538461538461539,0.4230769230769231,0.46153846153846156,25,0.8,0.12,0.08
M0218,"Europe, Middle East, Africa",26,0.5036754337294023,0.5275667540281984,0.5300180843491819,0.15384615384615385,0.5384615384615384,0.34615384615384615,0.11538461538461539,25,0.6,0.2,0.2
M0219,Asia-Pacific,26,0.2615228052023421,0.561324512177462,0.4734341323092035,0.0,0.15384615384615385,0.38461538461538464,0.46153846153846156,25,0.8,0.12,0.08
M0220,"Europe, Middle East, Africa",26,0.401794650137399,0.5809519039244326,0.5230452995636411,0.0,0.34615384615384615,0.6538461538461539,0.0,25,0.84,0.08,0.08
M0221,"Europe, Middle East, Africa",26,0.25409691241115057,0.592764317468336,0.42518895645653026,0.038461538461538464,0.5769230769230769,0.34615384615384615,0.07692307692307693,25,0.72,0.16,0.12
M0222,"Europe, Middle East, Africa",26,0.1207214049082282,0.5817896824555424,0.3736437287123263,0.0,0.0,0.5,0.5,25,0.88,0.08,0.04
M0223,"Europe, Middle East, Africa",26,0.2718227295305445,0.5440478770572877,0.4466565201245944,0.0,0.38461538461538464,0.6153846153846154,0.0,25,0.8,0.08,0.12
M0224,"North, Central, South America",26,0.5557826187318423,0.4534190239479901,0.5630596425703162,0.19230769230769232,0.23076923076923078,0.7692307692307693,0.0,25,0.8,0.08,0.12
M0225,"Europe, Middle East, Africa",26,0.2906088468573203,0.5958222594138859,0.457386879943436,0.0,0.38461538461538464,0.34615384615384615,0.2692307692307692,25,0.68,0.2,0.12
M0226,"Europe, Middle East, Africa",26,0.3034708156384789,0.5897923607988281,0.5013173874061925,0.038461538461538464,0.6153846153846154,0.3076923076923077,0.07692307692307693,25,0.8,0.12,0.08
M0227,"Europe, Middle East, Africa",26,0.09881870681979948,0.5690864631551059,0.394014727199386,0.0,0.6923076923076923,0.3076923076923077,0.0,25,0.64,0.16,0.2
M0228,Asia-Pacific,26,0.38273294099369726,0.48578310397890867,0.49474228873821846,0.2692307692307692,0.4230769230769231,0.5384615384615384,0.038461538461538464,25,0.68,0.16,0.16
M0229,"North, Central, South America",26,0.3462551514007676,0.6029197248229186,0.521425612490513,0.038461538461538464,0.5,0.34615384615384615,0.15384615384615385,25,0.72,0.12,0.16
M0230,"Europe, Middle East, Africa",26,0.16836586371087417,0.6107057564548161,0.4073519942526973,0.0,0.5384615384615384,0.46153846153846156,0.0,25,0.6,0.2,0.2
M0231,"Europe, Middle East, Africa",26,0.08191827485998958,0.655641197791392,0.4002164486102979,0.0,0.38461538461538464,0.4230769230769231,0.19230769230769232,25,0.6,0.16,0.24
M0232,"Europe, Middle East, Africa",26,0.612546858830837,0.503757223533867,0.5732496127051591,0.34615384615384615,0.38461538461538464,0.4230769230769231,0.19230769230769232,25,0.68,0.16,0.16
M0233,Asia-Pacific,26,0.3643700298042848,0.5278229815819088,0.48398654022259635,0.038461538461538464,0.23076923076923078,0.6153846153846154,0.15384615384615385,25,0.8,0.08,0.12
M0234,"Europe, Middle East, Africa",26,0.5241992909395732,0.5374651243970878,0.5466093222959376,0.2692307692307692,0.0,0.8076923076923077,0.19230769230769232,25,0.96,0.04,0.0
M0235,"Europe, Middle East, Africa",26,0.48793381887603543,0.4606329229861767,0.5301591947632314,0.038461538461538464,0.46153846153846156,0.5,0.038461538461538464,25,0.64,0.16,0.2
M0236,"Europe, Middle East, Africa",26,0.4620439505115098,0.5244646276314158,0.5265163698488813,0.2692307692307692,0.46153846153846156,0.3076923076923077,0.23076923076923078,25,0.64,0.2,0.16
M0237,Asia-Pacific,26,0.18040058591443103,0.6025041913190718,0.4251106289043275,0.0,0.2692307692307692,0.46153846153846156,0.2692307692307692,25,0.72,0.16,0.12
M0238,"Europe, Middle East, Africa",26,0.4128352041983702,0.5195356628308855,0.5137351050971614,0.23076923076923078,0.34615384615384615,0.5,0.15384615384615385,25,0.72,0.12,0.16
M0239,"Europe, Middle East, Africa",26,0.21859576356145077,0.5999988341359777,0.41658427410342164,0.0,0.2692307692307692,0.6923076923076923,0.038461538461538464,25,0.52,0.2,0.28
M0240,"Europe, Middle East, Africa",26,0.3975315723570911,0.5142332647574249,0.49114121359352764,0.19230769230769232,0.23076923076923078,0.7692307692307693,0.0,25,0.8,0.08,0.12
M0241,"Europe, Middle East, Africa",26,0.17722295214623132,0.5562742606568054,0.41035834875827454,0.0,0.46153846153846156,0.4230769230769231,0.11538461538461539,25,0.48,0.24,0.28
M0242,Asia-Pacific,26,0.47124052890888557,0.44491250673762534,0.5286302341703086,0.11538461538461539,0.0,0.5384615384615384,0.46153846153846156,25,0.96,0.04,0.0
M0243,Asia-Pacific,26,0.12946771386656825,0.6035835112644694,0.3986095504816208,0.0,0.038461538461538464,0.4230769230769231,0.5384615384615384,25,0.88,0.08,0.04
M0244,Asia-Pacific,26,0.33631764793700686,0.5409836195219803,0.4813035253864197,0.07692307692307693,0.5384615384615384,0.4230769230769231,0.038461538461538464,25,0.76,0.12,0.12
M0245,"Europe, Middle East, Africa",26,0.18971706160336024,0.5690213485482877,0.4228800369405223,0.0,0.19230769230769232,0.4230769230769231,0.38461538461538464,25,0.76,0.12,0.12
M0246,"North, Central, South America",26,0.4289190938470316,0.5390047556656907,0.5217403923104116,0.038461538461538464,0.46153846153846156,0.5,0.038461538461538464,25,0.72,0.16,0.12
M0247,"Europe, Middle East, Africa",26,0.4120265473688968,0.5107719886833186,0.49750280979371947,0.07692307692307693,0.19230769230769232,0.8076923076923077,0.0,25,0.84,0.08,0.08
M0248,"Europe, Middle East, Africa",26,0.11859645863050984,0.566399118580937,0.3801034458099899,0.0,0.46153846153846156,0.23076923076923078,0.3076923076923077,25,0.68,0.16,0.16
M0249,"Europe, Middle East, Africa",26,0.3677826553349215,0.5609667105562655,0.48201083423968505,0.0,0.46153846153846156,0.5,0.038461538461538464,25,0.52,0.2,0.28
M0250,"North, Central, South America",26,0.2898863935963604,0.6395796366950365,0.48512118871322296,0.0,0.038461538461538464,0.5769230769230769,0.38461538461538464,25,0.88,0.08,0.04
M0251,"North, Central, South America",26,0.4906186102328303,0.5087010448005758,0.5284662594893532,0.038461538461538464,0.4230769230769231,0.5384615384615384,0.038461538461538464,25,0.68,0.16,0.16
M0252,Asia-Pacific,26,0.24308167918849483,0.5519200250459954,0.430419299673883,0.07692307692307693,0.2692307692307692,0.6153846153846154,0.11538461538461539,25,0.8,0.12,0.08
M0253,"Europe, Middle East, Africa",26,0.22339391985410326,0.5424270120858682,0.42392378025536914,0.0,0.23076923076923078,0.4230769230769231,0.34615384615384615,25,0.56,0.2,0.24
M0254,Asia-Pacific,26,0.3362392757346242,0.5603483944472853,0.46400966955783096,0.07692307692307693,0.5,0.15384615384615385,0.34615384615384615,25,0.8,0.12,0.08
M0255,"Europe, Middle East, Africa",26,0.569554586996129,0.4626701294368543,0.5974459878035738,0.46153846153846156,0.6923076923076923,0.3076923076923077,0.0,25,0.56,0.2,0.24
M0256,"North, Central, South America",26,0.44249563128762665,0.5225606797985225,0.5363901332964538,0.15384615384615385,0.5,0.5,0.0,25,0.72,0.12,0.16
M0257,Asia-Pacific,26,0.3393495169794981,0.5982194028946175,0.5095968000029494,0.07692307692307693,0.038461538461538464,0.5,0.46153846153846156,25,0.8,0.12,0.08
M0258,"Europe, Middle East, Africa",26,0.29906621962527125,0.5471155476504663,0.4692441582921202,0.0,0.6538461538461539,0.34615384615384615,0.0,25,0.64,0.16,0.2
M0259,"Europe, Middle East, Africa",26,0.1833018402285373,0.5562243018877474,0.419086583635325,0.038461538461538464,0.5769230769230769,0.4230769230769231,0.0,25,0.56,0.2,0.24
M0260,"Europe, Middle East, Africa",26,0.26672988038460876,0.4928667659268088,0.4337988352496987,0.07692307692307693,0.5,0.5,0.0,25,0.72,0.12,0.16
M0261,Asia-Pacific,26,0.23381696483422246,0.5210300762086219,0.4579226245262052,0.15384615384615385,0.038461538461538464,0.6153846153846154,0.34615384615384615,25,0.76,0.12,0.12
M0262,"Europe, Middle East, Africa",26,0.22672952673463936,0.622372746526293,0.43070059976139263,0.0,0.38461538461538464,0.5384615384615384,0.07692307692307693,25,0.8,0.08,0.12
M0263,"Europe, Middle East, Africa",26,0.20293219732685486,0.5673816854115115,0.3922142362762252,0.0,0.11538461538461539,0.46153846153846156,0.4230769230769231,25,0.68,0.16,0.16
M0264,"Europe, Middle East, Africa",26,0.15467445484890532,0.6307295898287371,0.3720953508267566,0.0,0.6153846153846154,0.38461538461538464,0.0,25,0.76,0.12,0.12
M0265,Asia-Pacific,26,0.4282293746044763,0.5080090380732515,0.49577604982305085,0.15384615384615385,0.2692307692307692,0.46153846153846156,0.2692307692307692,25,0.84,0.08,0.08
M0266,Asia-Pacific,26,0.237091471663536,0.5981367031222924,0.45781264269500765,0.07692307692307693,0.38461538461538464,0.6153846153846154,0.0,25,0.76,0.12,0.12
M0267,"North, Central, South America",26,0.2575130484440014,0.5368676798449977,0.43444462509580417,0.07692307692307693,0.38461538461538464,0.2692307692307692,0.34615384615384615,25,0.68,0.16,0.16
M0268,"Europe, Middle East, Africa",26,0.4252390470823151,0.5226040051659544,0.5439142479802007,0.15384615384615385,0.5,0.3076923076923077,0.19230769230769232,25,0.6,0.2,0.2
M0269,"Europe, Middle East, Africa",26,0.4604225243886254,0.4640014132952164,0.5228797625063698,0.2692307692307692,0.4230769230769231,0.5769230769230769,0.0,25,0.64,0.16,0.2
M0270,"Europe, Middle East, Africa",26,0.2543733642055813,0.571711527355496,0.4376287046511696,0.038461538461538464,0.8076923076923077,0.19230769230769232,0.0,25,0.64,0.16,0.2
M0271,"North, Central, South America",26,0.5255527666733525,0.41738911124882905,0.5584953730198923,0.23076923076923078,0.38461538461538464,0.6153846153846154,0.0,25,0.8,0.08,0.12
M0272,Asia-Pacific,26,0.17657334637097072,0.5851756063718794,0.44169177416841054,0.0,0.4230769230769231,0.5769230769230769,0.0,25,0.96,0.0,0.04
M0273,"Europe, Middle East, Africa",26,0.24067978223691072,0.5881580906874646,0.4540934419408814,0.0,0.5769230769230769,0.4230769230769231,0.0,25,0.56,0.2,0.24
M0274,"Europe, Middle East, Africa",26,0.17221664729259029,0.6324397429054353,0.4123150514433433,0.0,0.15384615384615385,0.5,0.34615384615384615,25,0.68,0.16,0.16
M0275,Asia-Pacific,26,0.29199327829444416,0.5601197091399468,0.48535750774634506,0.0,0.15384615384615385,0.38461538461538464,0.46153846153846156,25,0.64,0.2,0.16
M0276,"Europe, Middle East, Africa",26,0.21518819221408225,0.6140863244917649,0.4249768763750624,0.0,0.38461538461538464,0.34615384615384615,0.2692307692307692,25,0.48,0.28,0.24
M0277,"Europe, Middle East, Africa",26,0.6125204032813757,0.4727396175786964,0.5617305753602809,0.34615384615384615,0.07692307692307693,0.6538461538461539,0.2692307692307692,25,0.88,0.08,0.04
M0278,"Europe, Middle East, Africa",26,0.2958033110524001,0.5342678814923677,0.43576041542287397,0.0,0.038461538461538464,0.6923076923076923,0.2692307692307692,25,0.88,0.08,0.04
M0279,"Europe, Middle East, Africa",26,0.21269336600264935,0.598501296793022,0.4165774118069611,0.0,0.3076923076923077,0.5384615384615384,0.15384615384615385,25,0.56,0.2,0.24
M0280,"Europe, Middle East, Africa",26,0.3987487262809201,0.5690783109770149,0.5200805990338435,0.038461538461538464,0.5769230769230769,0.2692307692307692,0.15384615384615385,25,0.6,0.2,0.2
M0281,"Europe, Middle East, Africa",26,0.37977812527828697,0.46961908629965177,0.474958161768851,0.07692307692307693,0.23076923076923078,0.38461538461538464,0.38461538461538464,25,0.6,0.2,0.2
M0282,Asia-Pacific,26,0.5360850311614231,0.5265743389350364,0.5405130698964388,0.15384615384615385,0.3076923076923077,0.4230769230769231,0.2692307692307692,25,0.56,0.24,0.2
M0283,Asia-Pacific,26,0.37058511300198776,0.5379652766479165,0.4999512684773685,0.07692307692307693,0.0,0.5384615384615384,0.46153846153846156,25,0.88,0.08,0.04
M0284,"North, Central, South America",26,0.4142241876066089,0.5011793432015391,0.5224742687919967,0.0,0.038461538461538464,0.5384615384615384,0.4230769230769231,25,0.72,0.16,0.12
M0285,"Europe, Middle East, Africa",26,0.19363496375746106,0.6248210578540181,0.4262757562296915,0.0,0.38461538461538464,0.5,0.11538461538461539,25,0.52,0.24,0.24
M0286,"Europe, Middle East, Africa",26,0.24961849721312193,0.604317082800046,0.4381659922043865,0.038461538461538464,0.34615384615384615,0.38461538461538464,0.2692307692307692,25,0.72,0.16,0.12
M0287,Asia-Pacific,26,0.41129690750820264,0.5846265256735325,0.538446011911152,0.07692307692307693,0.46153846153846156,0.38461538461538464,0.15384615384615385,25,0.52,0.24,0.24
M0288,"North, Central, South America",26,0.6465182302541164,0.4151729958556816,0.5962146398271613,0.2692307692307692,0.038461538461538464,0.5769230769230769,0.38461538461538464,25,0.72,0.16,0.12
M0289,"Europe, Middle East, Africa",26,0.3243400073610634,0.5370152821420097,0.47022468834143444,0.038461538461538464,0.3076923076923077,0.5769230769230769,0.11538461538461539,25,0.64,0.16,0.2
M0290,"Europe, Middle East, Africa",26,0.12644241948061635,0.5565567154609966,0.41429106027626467,0.0,0.5769230769230769,0.3076923076923077,0.11538461538461539,25,0.56,0.24,0.2
M0291,"Europe, Middle East, Africa",26,0.47686683912995903,0.3910819370855024,0.515664921794212,0.15384615384615385,0.07692307692307693,0.5,0.4230769230769231,25,0.8,0.12,0.08
M0292,"Europe, Middle East, Africa",26,0.3837176314865006,0.5530794084959435,0.4654890056604544,0.07692307692307693,0.23076923076923078,0.4230769230769231,0.34615384615384615,25,0.8,0.12,0.08
M0293,"Europe, Middle East, Africa",26,0.52039833917958,0.5186561795098699,0.5300200484081219,0.23076923076923078,0.15384615384615385,0.5,0.34615384615384615,25,0.72,0.16,0.12
M0294,Asia-Pacific,26,0.4465411835441314,0.449152720187493,0.5308062558198418,0.15384615384615385,0.23076923076923078,0.4230769230769231,0.34615384615384615,25,0.76,0.12,0.12
M0295,Asia-Pacific,26,0.42654221428699274,0.5500351707457726,0.5256984338736096,0.15384615384615385,0.6538461538461539,0.34615384615384615,0.0,25,0.64,0.16,0.2
M0296,Asia-Pacific,26,0.36713668830641616,0.4568819953621425,0.4760768216356742,0.11538461538461539,0.34615384615384615,0.6538461538461539,0.0,25,0.72,0.12,0.16
M0297,Asia-Pacific,26,0.5290310038549241,0.4721281602754322,0.562286327638384,0.2692307692307692,0.15384615384615385,0.7307692307692307,0.11538461538461539,25,0.68,0.16,0.16
M0298,Asia-Pacific,26,0.2864626986081515,0.5919534538948243,0.46528041424135963,0.0,0.5,0.46153846153846156,0.038461538461538464,25,0.64,0.16,0.2
M0299,"Europe, Middle East, Africa",26,0.18139446630610573,0.5959740461276992,0.4056590976560913,0.0,0.23076923076923078,0.38461538461538464,0.38461538461538464,25,0.8,0.12,0.08
M0300,"Europe, Middle East, Africa",26,0.464844913902077,0.5531343641422253,0.5222693278588907,0.11538461538461539,0.46153846153846156,0.5384615384615384,0.0,25,0.72,0.12,0.16
M0301,Asia-Pacific,26,0.2535777516955365,0.5976155411981899,0.45105751955382306,0.0,0.3076923076923077,0.6538461538461539,0.038461538461538464,25,0.44,0.24,0.32
M0302,"Europe, Middle East, Africa",26,0.2888454879925093,0.5821549729551124,0.43727435654081914,0.038461538461538464,0.5384615384615384,0.4230769230769231,0.038461538461538464,25,0.72,0.12,0.16
M0303,"North, Central, South America",26,0.38051451710217565,0.5692331090949803,0.4958057319831888,0.07692307692307693,0.2692307692307692,0.6538461538461539,0.07692307692307693,25,0.68,0.16,0.16
M0304,Asia-Pacific,26,0.17110461840411004,0.6635581409496145,0.4126162757503498,0.0,0.6153846153846154,0.38461538461538464,0.0,25,0.72,0.12,0.16
M0305,Asia-Pacific,26,0.35343593252706473,0.4611266184066132,0.5046354140682241,0.11538461538461539,0.19230769230769232,0.5769230769230769,0.23076923076923078,25,0.72,0.12,0.16
M0306,"Europe, Middle East, Africa",26,0.3513599260003837,0.5327119331788647,0.4903518528044055,0.0,0.7692307692307693,0.23076923076923078,0.0,25,0.72,0.12,0.16
M0307,"Europe, Middle East, Africa",26,0.17293356057597492,0.6205255622404888,0.456666944861287,0.0,0.38461538461538464,0.6153846153846154,0.0,25,0.92,0.04,0.04
M0308,"Europe, Middle East, Africa",26,0.2808923594845019,0.53608119646509,0.467323969781202,0.0,0.11538461538461539,0.46153846153846156,0.4230769230769231,25,0.52,0.24,0.24
M0309,"North, Central, South America",26,0.427809479301393,0.49173616303877576,0.5406012777629587,0.15384615384615385,0.11538461538461539,0.6538461538461539,0.23076923076923078,25,0.72,0.16,0.12
M0310,"North, Central, South America",26,0.4041555767676108,0.5481797705930237,0.5360541066628993,0.15384615384615385,0.07692307692307693,0.6538461538461539,0.2692307692307692,25,0.88,0.08,0.04
M0311,Asia-Pacific,26,0.43034451177892746,0.4804560847923114,0.5185876579012189,0.19230769230769232,0.6538461538461539,0.34615384615384615,0.0,25,0.72,0.12,0.16
M0312,Asia-Pacific,26,0.1503395455072744,0.5745773902186051,0.410658668433041,0.07692307692307693,0.11538461538461539,0.6538461538461539,0.23076923076923078,25,0.84,0.08,0.08
M0313,"Europe, Middle East, Africa",26,0.13860257294706074,0.6138550170508257,0.3933886887829454,0.0,0.6923076923076923,0.3076923076923077,0.0,25,0.72,0.12,0.16
M0314,"Europe, Middle East, Africa",26,0.32635674014266464,0.5301852663488196,0.47838035745118873,0.23076923076923078,0.0,0.5769230769230769,0.4230769230769231,25,0.92,0.04,0.04
M0315,Asia-Pacific,26,0.2747487496503492,0.6054979045515294,0.47880609206664404,0.038461538461538464,0.5769230769230769,0.4230769230769231,0.0,25,0.72,0.12,0.16
M0316,"North, Central, South America",26,0.2566477745927498,0.6070385973104699,0.4701326784409562,0.038461538461538464,0.19230769230769232,0.5384615384615384,0.2692307692307692,25,0.64,0.2,0.16
M0317,"Europe, Middle East, Africa",26,0.407117554659206,0.45713137512778845,0.5384703943233659,0.11538461538461539,0.2692307692307692,0.6923076923076923,0.038461538461538464,25,0.6,0.2,0.2
M0318,Asia-Pacific,26,0.381474102825205,0.5417514308858066,0.4649658117507721,0.0,0.0,0.5769230769230769,0.4230769230769231,25,0.8,0.12,0.08
M0319,"Europe, Middle East, Africa",26,0.24738984731276212,0.6137994988558623,0.4632182230010661,0.0,0.6538461538461539,0.34615384615384615,0.0,25,0.64,0.16,0.2
M0320,"Europe, Middle East, Africa",26,0.44952735571920655,0.5215582705145677,0.5098085117439076,0.11538461538461539,0.4230769230769231,0.3076923076923077,0.2692307692307692,25,0.72,0.12,0.16
M0321,"Europe, Middle East, Africa",26,0.4422391542117152,0.5589683280141279,0.5110224109411233,0.11538461538461539,0.6538461538461539,0.34615384615384615,0.0,25,0.76,0.12,0.12
M0322,"Europe, Middle East, Africa",26,0.23253307101266132,0.5740985211894389,0.4430930933966659,0.0,0.4230769230769231,0.5769230769230769,0.0,25,0.8,0.08,0.12
M0323,Asia-Pacific,26,0.4020917819765139,0.5076751077930409,0.5217118272396277,0.11538461538461539,0.5769230769230769,0.4230769230769231,0.0,25,0.72,0.12,0.16
M0324,"North, Central, South America",26,0.23147234613963713,0.5271459102134526,0.45770720953043764,0.038461538461538464,0.46153846153846156,0.5384615384615384,0.0,25,0.64,0.16,0.2
M0325,"Europe, Middle East, Africa",26,0.29432732771723147,0.5521293820243149,0.4513472026260485,0.038461538461538464,0.038461538461538464,0.6538461538461539,0.3076923076923077,25,0.8,0.12,0.08
M0326,"Europe, Middle East, Africa",26,0.2883557895027332,0.5191571197723622,0.4389591059134058,0.07692307692307693,0.5384615384615384,0.46153846153846156,0.0,25,0.56,0.2,0.24
M0327,"Europe, Middle East, Africa",26,0.17443060375966116,0.6065317150954364,0.40003924224137105,0.0,0.5,0.4230769230769231,0.07692307692307693,25,0.8,0.08,0.12
M0328,"Europe, Middle East, Africa",26,0.48786987203475096,0.3807040123912484,0.5209681980166585,0.23076923076923078,0.3076923076923077,0.34615384615384615,0.34615384615384615,25,0.72,0.16,0.12
M0329,"Europe, Middle East, Africa",26,0.3522971636105035,0.5440653995089424,0.46726146801663987,0.07692307692307693,0.3076923076923077,0.46153846153846156,0.23076923076923078,25,0.6,0.2,0.2
M0330,Asia-Pacific,26,0.24854368535747126,0.5368730197230906,0.4473160596004678,0.038461538461538464,0.11538461538461539,0.7307692307692307,0.15384615384615385,25,0.76,0.12,0.12
M0331,"Europe, Middle East, Africa",26,0.18083838261724272,0.6116178680159489,0.39793933961884514,0.0,0.2692307692307692,0.38461538461538464,0.34615384615384615,25,0.8,0.08,0.12
M0332,"Europe, Middle East, Africa",26,0.20198124532613526,0.6481213996534219,0.41709722875963734,0.038461538461538464,0.7307692307692307,0.2692307692307692,0.0,25,0.8,0.08,0.12
M0333,"Europe, Middle East, Africa",26,0.37059713616753176,0.46976211025072473,0.4947795848627691,0.11538461538461539,0.23076923076923078,0.7307692307692307,0.038461538461538464,25,0.6,0.2,0.2
M0334,Asia-Pacific,26,0.39540751455927176,0.5610950741375282,0.5333455820013472,0.038461538461538464,0.19230769230769232,0.6538461538461539,0.15384615384615385,25,0.8,0.08,0.12
M0335,"Europe, Middle East, Africa",26,0.3635269056110938,0.5456386857085535,0.49429514445071754,0.15384615384615385,0.5,0.5,0.0,25,0.72,0.12,0.16
M0336,"Europe, Middle East, Africa",26,0.49214652630630557,0.4539988845995071,0.5178940375507085,0.07692307692307693,0.4230769230769231,0.38461538461538464,0.19230769230769232,25,0.72,0.12,0.16
M0337,"Europe, Middle East, Africa",26,0.2791108800713876,0.5626507358958786,0.4637150431292329,0.07692307692307693,0.5769230769230769,0.4230769230769231,0.0,25,0.64,0.16,0.2
M0338,Asia-Pacific,26,0.4576377529912501,0.4846359459135492,0.5313576921248715,0.3076923076923077,0.5,0.5,0.0,25,0.56,0.2,0.24
M0339,Asia-Pacific,26,0.428682774363954,0.5184557443522632,0.5501839650951743,0.07692307692307693,0.3076923076923077,0.6923076923076923,0.0,25,0.8,0.08,0.12
M0340,Asia-Pacific,26,0.45128025866349086,0.5496301056731553,0.5262692843101301,0.3076923076923077,0.07692307692307693,0.4230769230769231,0.5,25,0.8,0.12,0.08
M0341,"Europe, Middle East, Africa",26,0.23351851886928765,0.5516734253306391,0.43648576134732386,0.038461538461538464,0.19230769230769232,0.7692307692307693,0.038461538461538464,25,0.72,0.16,0.12
M0342,"North, Central, South America",26,0.1945590955029191,0.6171040655526912,0.4310225448319329,0.0,0.5384615384615384,0.46153846153846156,0.0,25,0.72,0.12,0.16
M0343,Asia-Pacific,26,0.08087158716160334,0.6247441060983032,0.40696112775308235,0.0,0.5769230769230769,0.3076923076923077,0.11538461538461539,25,0.68,0.16,0.16
M0344,"Europe, Middle East, Africa",26,0.17480175440986362,0.5862957176619099,0.39910051671477387,0.0,0.23076923076923078,0.6923076923076923,0.07692307692307693,25,0.72,0.12,0.16
M0345,"North, Central, South America",26,0.33038482814795234,0.5057607423475533,0.499777271473186,0.15384615384615385,0.038461538461538464,0.46153846153846156,0.5,25,0.88,0.08,0.04
M0346,"Europe, Middle East, Africa",26,0.11658525617956632,0.6422221671186734,0.4004644277123602,0.0,0.0,0.6153846153846154,0.38461538461538464,25,0.88,0.08,0.04
M0347,"Europe, Middle East, Africa",26,0.21280662622771077,0.6658788203375363,0.44324875828317833,0.0,0.23076923076923078,0.5384615384615384,0.23076923076923078,25,0.68,0.16,0.16
M0348,"Europe, Middle East, Africa",26,0.3369172957433089,0.5399774513440956,0.4491019515679461,0.038461538461538464,0.23076923076923078,0.46153846153846156,0.3076923076923077,25,0.64,0.2,0.16
M0349,Asia-Pacific,26,0.43013398226765476,0.5709852092209,0.5409287272167375,0.07692307692307693,0.23076923076923078,0.4230769230769231,0.34615384615384615,25,0.64,0.16,0.2
M0350,"Europe, Middle East, Africa",26,0.28332457900481106,0.4770819280845228,0.4501631106177104,0.07692307692307693,0.34615384615384615,0.5,0.15384615384615385,25,0.64,0.16,0.2
M0351,Asia-Pacific,26,0.35618981761177093,0.5763544058388831,0.49352163351042794,0.07692307692307693,0.07692307692307693,0.5769230769230769,0.34615384615384615,25,0.8,0.08,0.12
M0352,Asia-Pacific,26,0.3538397717172966,0.5969013277096858,0.511694242269153,0.038461538461538464,0.5384615384615384,0.46153846153846156,0.0,25,0.52,0.24,0.24
M0353,"Europe, Middle East, Africa",26,0.46889418648456843,0.5194035623799963,0.5211043568754419,0.11538461538461539,0.2692307692307692,0.2692307692307692,0.46153846153846156,25,0.72,0.16,0.12
M0354,Asia-Pacific,26,0.34459755878694237,0.5567466224076092,0.4937688137199533,0.15384615384615385,0.46153846153846156,0.5384615384615384,0.0,25,0.8,0.08,0.12
M0355,"Europe, Middle East, Africa",26,0.2681945360146303,0.598040320608792,0.4741826927836069,0.0,0.5,0.38461538461538464,0.11538461538461539,25,0.6,0.2,0.2
M0356,Asia-Pacific,26,0.3697618347806696,0.5146776467611769,0.46671573440817604,0.19230769230769232,0.19230769230769232,0.5769230769230769,0.23076923076923078,25,0.72,0.16,0.12
M0357,"Europe, Middle East, Africa",26,0.23535438337269546,0.571493098991503,0.4521550122977445,0.0,0.2692307692307692,0.6923076923076923,0.038461538461538464,25,0.72,0.12,0.16
M0358,"Europe, Middle East, Africa",26,0.32632794830081824,0.6355623772897396,0.464370496397077,0.0,0.38461538461538464,0.6153846153846154,0.0,25,0.8,0.08,0.12
M0359,"Europe, Middle East, Africa",26,0.31541084461573826,0.5652288017641458,0.4872166896424147,0.11538461538461539,0.34615384615384615,0.38461538461538464,0.2692307692307692,25,0.72,0.16,0.12
M0360,Asia-Pacific,26,0.4686661751247489,0.5410857075572614,0.5301812766396287,0.19230769230769232,0.19230769230769232,0.34615384615384615,0.46153846153846156,25,0.8,0.12,0.08
M0361,"North, Central, South America",26,0.4506576479969289,0.5390581306608467,0.5177755741778187,0.15384615384615385,0.38461538461538464,0.46153846153846156,0.15384615384615385,25,0.76,0.08,0.16
M0362,Asia-Pacific,26,0.3063822901587032,0.5416848620487136,0.4803998901347246,0.07692307692307693,0.2692307692307692,0.7307692307692307,0.0,25,0.6,0.2,0.2
M0363,"North, Central, South America",26,0.45898519764214823,0.5036642416731407,0.5244329528870184,0.07692307692307693,0.0,0.4230769230769231,0.5769230769230769,25,0.88,0.08,0.04
M0364,"Europe, Middle East, Africa",26,0.25407442620631576,0.5934331096768661,0.46941286971355495,0.038461538461538464,0.8076923076923077,0.19230769230769232,0.0,25,0.72,0.12,0.16
M0365,"Europe, Middle East, Africa",26,0.428714763284745,0.5341369938560774,0.539386873204972,0.038461538461538464,0.7692307692307693,0.23076923076923078,0.0,25,0.64,0.16,0.2
M0366,"Europe, Middle East, Africa",26,0.26624852740381605,0.5932472567280308,0.4346191385624858,0.0,0.23076923076923078,0.5769230769230769,0.19230769230769232,25,0.64,0.2,0.16
M0367,Asia-Pacific,26,0.28581741868645805,0.5784473822733412,0.4777090344442264,0.0,0.038461538461538464,0.5,0.46153846153846156,25,0.88,0.08,0.04
M0368,Asia-Pacific,26,0.3963135064622072,0.5765226978400392,0.5324264793049006,0.038461538461538464,0.5,0.46153846153846156,0.038461538461538464,25,0.64,0.16,0.2
M0369,"Europe, Middle East, Africa",26,0.2625592557597202,0.629442756637483,0.4726959481807637,0.038461538461538464,0.6153846153846154,0.38461538461538464,0.0,25,0.68,0.16,0.16
M0370,Asia-Pacific,26,0.22327178259975622,0.6060718491857243,0.4318220603146735,0.0,0.4230769230769231,0.5384615384615384,0.038461538461538464,25,0.6,0.2,0.2
M0371,"Europe, Middle East, Africa",26,0.2941089797564894,0.601887774680348,0.4670430424594931,0.11538461538461539,0.38461538461538464,0.3076923076923077,0.3076923076923077,25,0.56,0.24,0.2
M0372,"Europe, Middle East, Africa",26,0.32968009982786817,0.5253983718510801,0.47077627192923754,0.11538461538461539,0.11538461538461539,0.46153846153846156,0.4230769230769231,25,0.72,0.16,0.12
M0373,"Europe, Middle East, Africa",26,0.3127371361449312,0.5764072438070463,0.46597411129033983,0.11538461538461539,0.3076923076923077,0.5,0.19230769230769232,25,0.52,0.24,0.24
M0374,"North, Central, South America",26,0.19260630866183973,0.5778549156458427,0.4277110763547862,0.0,0.34615384615384615,0.5769230769230769,0.07692307692307693,25,0.64,0.16,0.2
M0375,"Europe, Middle East, Africa",26,0.3577139582104678,0.5996819264528559,0.512357535277488,0.038461538461538464,0.6923076923076923,0.3076923076923077,0.0,25,0.6,0.2,0.2
M0376,"North, Central, South America",26,0.3357013432177058,0.5251645255421299,0.47234321680724844,0.15384615384615385,0.2692307692307692,0.4230769230769231,0.3076923076923077,25,0.64,0.2,0.16
M0377,"Europe, Middle East, Africa",26,0.24915453399886558,0.5557111568738708,0.4345782616394854,0.038461538461538464,0.5,0.34615384615384615,0.15384615384615385,25,0.48,0.24,0.28
M0378,"Europe, Middle East, Africa",26,0.1811032378274717,0.5883123160750012,0.39099984351013173,0.038461538461538464,0.19230769230769232,0.6538461538461539,0.15384615384615385,25,0.72,0.16,0.12
M0379,"Europe, Middle East, Africa",26,0.45599559636599685,0.5627467827131267,0.5020397945195786,0.19230769230769232,0.11538461538461539,0.38461538461538464,0.5,25,0.8,0.08,0.12
M0380,"Europe, Middle East, Africa",26,0.18809755474172507,0.5928141610245874,0.41718479870058484,0.038461538461538464,0.34615384615384615,0.3076923076923077,0.34615384615384615,25,0.64,0.16,0.2
M0381,"North, Central, South America",26,0.36213718386674565,0.5242258636571582,0.5064827261320077,0.15384615384615385,0.19230769230769232,0.7307692307692307,0.07692307692307693,25,0.72,0.12,0.16
M0382,Asia-Pacific,26,0.3239664103020722,0.5548537624732194,0.43600186519072154,0.11538461538461539,0.5384615384615384,0.38461538461538464,0.07692307692307693,25,0.72,0.16,0.12
M0383,"Europe, Middle East, Africa",26,0.15882637428784843,0.5681114727419431,0.40546937290539226,0.07692307692307693,0.6538461538461539,0.34615384615384615,0.0,25,0.56,0.2,0.24
M0384,"Europe, Middle East, Africa",26,0.16584907908240915,0.5759522268933196,0.4082273173380981,0.0,0.19230769230769232,0.5769230769230769,0.23076923076923078,25,0.76,0.12,0.12
M0385,Asia-Pacific,26,0.42973091514744693,0.5218122515597565,0.5327314114169883,0.07692307692307693,0.038461538461538464,0.7692307692307693,0.19230769230769232,25,0.72,0.12,0.16
M0386,"North, Central, South America",26,0.3953061912339556,0.58048570829953,0.5101110090166924,0.07692307692307693,0.11538461538461539,0.6923076923076923,0.19230769230769232,25,0.84,0.08,0.08
M0387,"North, Central, South America",26,0.33959812490117014,0.5504749558196461,0.5203883916391366,0.0,0.5769230769230769,0.4230769230769231,0.0,25,0.56,0.2,0.24
M0388,"North, Central, South America",26,0.23616320940654686,0.5758514961750459,0.43874862781787977,0.11538461538461539,0.5384615384615384,0.46153846153846156,0.0,25,0.72,0.12,0.16
M0389,"Europe, Middle East, Africa",26,0.14819092536700193,0.5752049396739684,0.38582438840983885,0.0,0.19230769230769232,0.6153846153846154,0.19230769230769232,25,0.8,0.12,0.08
M0390,"Europe, Middle East, Africa",26,0.2560973288906117,0.5900642881441247,0.441591537973422,0.0,0.3076923076923077,0.6153846153846154,0.07692307692307693,25,0.84,0.08,0.08
M0391,Asia-Pacific,26,0.6513799043166608,0.4140875102742937,0.5866068298348425,0.34615384615384615,0.38461538461538464,0.6153846153846154,0.0,25,0.84,0.08,0.08
M0392,"Europe, Middle East, Africa",26,0.40178201487181947,0.5088187159198498,0.47913132902022404,0.038461538461538464,0.5,0.5,0.0,25,0.6,0.2,0.2
M0393,Asia-Pacific,26,0.3398677379831626,0.513888734718182,0.49824322019399064,0.15384615384615385,0.11538461538461539,0.5384615384615384,0.34615384615384615,25,0.88,0.08,0.04
M0394,Asia-Pacific,26,0.30182082124519677,0.5422437567287561,0.4376540046605157,0.0,0.2692307692307692,0.7307692307692307,0.0,25,0.8,0.08,0.12
M0395,Asia-Pacific,26,0.32724354868214456,0.5341230226453675,0.45812549807882874,0.038461538461538464,0.07692307692307693,0.5769230769230769,0.34615384615384615,25,0.76,0.12,0.12
M0396,"Europe, Middle East, Africa",26,0.4378981262474028,0.543331137643709,0.5033384492489706,0.19230769230769232,0.3076923076923077,0.5,0.19230769230769232,25,0.56,0.24,0.2
M0397,"Europe, Middle East, Africa",26,0.40908726567909015,0.48330289513605157,0.4796056951173892,0.11538461538461539,0.3076923076923077,0.6153846153846154,0.07692307692307693,25,0.52,0.24,0.24
M0398,"North, Central, South America",26,0.5869820813576685,0.4366606251649611,0.5598426278778111,0.3076923076923077,0.07692307692307693,0.4230769230769231,0.5,25,0.84,0.08,0.08
M0399,Asia-Pacific,26,0.18502971950773606,0.5951941517358261,0.44025932664537043,0.0,0.23076923076923078,0.7692307692307693,0.0,25,0.88,0.04,0.08
M0400,"Europe, Middle East, Africa",26,0.21792752021299738,0.5839460018733068,0.41815765923245607,0.038461538461538464,0.3076923076923077,0.6923076923076923,0.0,25,0.72,0.12,0.16
M0401,"Europe, Middle East, Africa",26,0.42130052333397994,0.5437095977715821,0.508110363013126,0.038461538461538464,0.0,0.5769230769230769,0.4230769230769231,25,0.88,0.08,0.04
M0402,"Europe, Middle East, Africa",26,0.26155665860536204,0.5418552924909676,0.4571973433674602,0.0,0.5,0.4230769230769231,0.07692307692307693,25,0.72,0.16,0.12
M0403,Asia-Pacific,26,0.48658394828239404,0.4539726882937722,0.5707753721876371,0.038461538461538464,0.34615384615384615,0.5769230769230769,0.07692307692307693,25,0.6,0.2,0.2
M0404,"Europe, Middle East, Africa",26,0.34975905961743275,0.5786643940463753,0.4942210860656578,0.11538461538461539,0.5769230769230769,0.4230769230769231,0.0,25,0.68,0.16,0.16
M0405,"Europe, Middle East, Africa",26,0.2430907896825637,0.5198159989914385,0.44126340303949935,0.11538461538461539,0.4230769230769231,0.5769230769230769,0.0,25,0.6,0.2,0.2
M0406,"Europe, Middle East, Africa",26,0.4855870103949024,0.49469264076671976,0.5120589464816898,0.15384615384615385,0.46153846153846156,0.5384615384615384,0.0,25,0.68,0.16,0.16
M0407,"Europe, Middle East, Africa",26,0.2334396977142973,0.5093048264207127,0.4379882377801445,0.038461538461538464,0.5769230769230769,0.4230769230769231,0.0,25,0.64,0.16,0.2
M0408,"Europe, Middle East, Africa",26,0.12015769286972196,0.6343390406477625,0.3924188912622284,0.0,0.5,0.4230769230769231,0.07692307692307693,25,0.72,0.12,0.16
M0409,"Europe, Middle East, Africa",26,0.36438415788394046,0.4560577332153527,0.4815738557679958,0.07692307692307693,0.6538461538461539,0.34615384615384615,0.0,25,0.72,0.12,0.16
M0410,"Europe, Middle East, Africa",26,0.24991253176222678,0.5176207577727855,0.4297405542651844,0.038461538461538464,0.38461538461538464,0.38461538461538464,0.23076923076923078,25,0.56,0.24,0.2
M0411,"Europe, Middle East, Africa",26,0.394759982275105,0.5360586795394178,0.49278952122102704,0.19230769230769232,0.038461538461538464,0.5769230769230769,0.38461538461538464,25,0.72,0.16,0.12
M0412,"Europe, Middle East, Africa",26,0.39004582025611295,0.553765148342838,0.5059843946535547,0.15384615384615385,0.3076923076923077,0.6538461538461539,0.038461538461538464,25,0.72,0.12,0.16
M0413,"Europe, Middle East, Africa",26,0.3871424399964608,0.545072169382508,0.5094264874532587,0.038461538461538464,0.19230769230769232,0.34615384615384615,0.46153846153846156,25,0.8,0.12,0.08
M0414,"Europe, Middle East, Africa",26,0.5071328078078671,0.5106907380610315,0.556980919387041,0.038461538461538464,0.038461538461538464,0.5384615384615384,0.4230769230769231,25,0.88,0.08,0.04
M0415,"Europe, Middle East, Africa",26,0.3535660263572594,0.5687160037806225,0.4905264258993022,0.0,0.11538461538461539,0.8076923076923077,0.07692307692307693,25,0.76,0.12,0.12
M0416,Asia-Pacific,26,0.09807596989361676,0.6401057158138271,0.40912914808008743,0.0,0.2692307692307692,0.3076923076923077,0.4230769230769231,25,0.8,0.12,0.08
M0417,"Europe, Middle East, Africa",26,0.24886078132736247,0.5941698401582246,0.4559578169257401,0.0,0.038461538461538464,0.7692307692307693,0.19230769230769232,25,0.88,0.08,0.04
M0418,Asia-Pacific,26,0.3227272962591258,0.6057444984585925,0.45692498296608297,0.038461538461538464,0.3076923076923077,0.46153846153846156,0.23076923076923078,25,0.64,0.2,0.16
M0419,"North, Central, South America",26,0.3719997512823033,0.55869753098344,0.49888705054240473,0.0,0.6153846153846154,0.38461538461538464,0.0,25,0.64,0.16,0.2
M0420,"Europe, Middle East, Africa",26,0.2590689059547192,0.5767173451798755,0.4790709495646706,0.038461538461538464,0.3076923076923077,0.38461538461538464,0.3076923076923077,25,0.68,0.16,0.16
M0421,"Europe, Middle East, Africa",26,0.40536362105876855,0.5738101973881521,0.4758783056679209,0.07692307692307693,0.5384615384615384,0.46153846153846156,0.0,25,0.56,0.2,0.24
M0422,"North, Central, South America",26,0.30430574935374766,0.5096079059059695,0.45364913443748134,0.0,0.6153846153846154,0.38461538461538464,0.0,25,0.72,0.12,0.16
M0423,"Europe, Middle East, Africa",26,0.3332582949437422,0.5913390289049404,0.4982628276409685,0.07692307692307693,0.34615384615384615,0.4230769230769231,0.23076923076923078,25,0.68,0.16,0.16
M0424,"Europe, Middle East, Africa",26,0.42400958566079405,0.5028755438978109,0.5139355853354297,0.0,0.3076923076923077,0.6923076923076923,0.0,25,0.76,0.12,0.12
M0425,"Europe, Middle East, Africa",26,0.3334258633725172,0.5610730048102146,0.5121337546129161,0.0,0.2692307692307692,0.3076923076923077,0.4230769230769231,25,0.88,0.08,0.04
M0426,"Europe, Middle East, Africa",26,0.36438192791654384,0.5246324783971948,0.4992367959852539,0.0,0.5,0.5,0.0,25,0.6,0.2,0.2
M0427,"North, Central, South America",26,0.32643187098065657,0.5874008964201388,0.49599541076011,0.038461538461538464,0.23076923076923078,0.7307692307692307,0.038461538461538464,25,0.72,0.12,0.16
M0428,"Europe, Middle East, Africa",26,0.31362988749465714,0.5437578877170554,0.45930096249433383,0.038461538461538464,0.38461538461538464,0.2692307692307692,0.34615384615384615,25,0.8,0.12,0.08
M0429,"Europe, Middle East, Africa",26,0.4242502416165711,0.5583239072238377,0.5083281392738261,0.038461538461538464,0.34615384615384615,0.46153846153846156,0.19230769230769232,25,0.72,0.16,0.12
M0430,Asia-Pacific,26,0.4443474005857171,0.5788321134536664,0.5580214258463596,0.0,0.5769230769230769,0.4230769230769231,0.0,25,0.96,0.0,0.04
M0431,Asia-Pacific,26,0.4368606366939783,0.5316042460825895,0.528075990516446,0.11538461538461539,0.0,0.6153846153846154,0.38461538461538464,25,0.96,0.04,0.0
M0432,Asia-Pacific,26,0.12199270433825869,0.5652387573934708,0.3713528195449599,0.0,0.46153846153846156,0.5384615384615384,0.0,25,0.8,0.08,0.12
M0433,"Europe, Middle East, Africa",26,0.25719025369596654,0.5159713968721626,0.4838202376647847,0.07692307692307693,0.23076923076923078,0.4230769230769231,0.34615384615384615,25,0.64,0.2,0.16
M0434,"North, Central, South America",26,0.5090812404001649,0.5380403808465303,0.5312463122891516,0.23076923076923078,0.46153846153846156,0.4230769230769231,0.11538461538461539,25,0.56,0.24,0.2
M0435,Asia-Pacific,26,0.2542172991698403,0.6239196521313003,0.49644856992161335,0.0,0.34615384615384615,0.5,0.15384615384615385,25,0.6,0.2,0.2
M0436,"North, Central, South America",26,0.318142927112899,0.5188023838417335,0.4915626457550457,0.07692307692307693,0.3076923076923077,0.38461538461538464,0.3076923076923077,25,0.48,0.24,0.28
M0437,"North, Central, South America",26,0.342503356205339,0.5197268958842307,0.4767257542232378,0.038461538461538464,0.0,0.7307692307692307,0.2692307692307692,25,0.92,0.04,0.04
M0438,Asia-Pacific,26,0.26064699077572245,0.5603433450038611,0.4594103447426226,0.0,0.3076923076923077,0.5,0.19230769230769232,25,0.72,0.12,0.16
M0439,"Europe, Middle East, Africa",26,0.40117875745963183,0.5433782353043929,0.48830103551858084,0.038461538461538464,0.38461538461538464,0.46153846153846156,0.15384615384615385,25,0.72,0.12,0.16
M0440,"Europe, Middle East, Africa",26,0.18183204539712378,0.6079410018107911,0.42160429069018224,0.0,0.19230769230769232,0.5769230769230769,0.23076923076923078,25,0.64,0.16,0.2
M0441,"North, Central, South America",26,0.396541216991027,0.49084314404389884,0.5028591194515781,0.11538461538461539,0.19230769230769232,0.6538461538461539,0.15384615384615385,25,0.68,0.16,0.16
M0442,"North, Central, South America",26,0.49273784467844783,0.5160723180364605,0.5595792110935783,0.2692307692307692,0.0,0.6538461538461539,0.34615384615384615,25,0.88,0.08,0.04
M0443,"Europe, Middle East, Africa",26,0.2625906085232719,0.5557355615608145,0.44583450326996366,0.11538461538461539,0.5384615384615384,0.46153846153846156,0.0,25,0.8,0.08,0.12
M0444,"Europe, Middle East, Africa",26,0.3755647208199843,0.5599694426726937,0.48720657257841365,0.038461538461538464,0.15384615384615385,0.5769230769230769,0.2692307692307692,25,0.64,0.16,0.2
M0445,Asia-Pacific,26,0.22173010238770896,0.5376462636013742,0.4141013237448503,0.038461538461538464,0.2692307692307692,0.6153846153846154,0.11538461538461539,25,0.56,0.2,0.24
M0446,"North, Central, South America",26,0.34378635098162075,0.6382238823951962,0.5152582601238254,0.038461538461538464,0.3076923076923077,0.6923076923076923,0.0,25,0.72,0.12,0.16
M0447,"Europe, Middle East, Africa",26,0.1573215988400913,0.5575496805166756,0.41215776164652607,0.0,0.5769230769230769,0.4230769230769231,0.0,25,0.64,0.16,0.2
M0448,Asia-Pacific,26,0.1786909989432311,0.5996240103907486,0.4013715374580267,0.0,0.6538461538461539,0.34615384615384615,0.0,25,0.56,0.2,0.24
M0449,"Europe, Middle East, Africa",26,0.5189415169259822,0.4831212792452815,0.564633635689897,0.11538461538461539,0.11538461538461539,0.6153846153846154,0.2692307692307692,25,0.8,0.12,0.08
M0450,"North, Central, South America",26,0.3191960238402997,0.4606886993449872,0.45710425539334365,0.038461538461538464,0.3076923076923077,0.5769230769230769,0.11538461538461539,25,0.72,0.16,0.12
M0451,"Europe, Middle East, Africa",26,0.5455625773591632,0.5387056140621101,0.5484827967244313,0.3076923076923077,0.11538461538461539,0.6153846153846154,0.2692307692307692,25,0.8,0.12,0.08
M0452,"Europe, Middle East, Africa",26,0.16142239134556982,0.5806857422479228,0.39041378834888607,0.0,0.4230769230769231,0.5769230769230769,0.0,25,0.68,0.16,0.16
M0453,"Europe, Middle East, Africa",26,0.3423384355982541,0.6013615464354202,0.4688143226060616,0.15384615384615385,0.5384615384615384,0.46153846153846156,0.0,25,0.72,0.12,0.16
M0454,Asia-Pacific,26,0.4008154447429822,0.49983780306068504,0.4876908186453312,0.07692307692307693,0.0,0.7307692307692307,0.2692307692307692,25,0.8,0.12,0.08
M0455,"North, Central, South America",26,0.3174335130411737,0.5439779838891522,0.4602309704816658,0.038461538461538464,0.07692307692307693,0.6153846153846154,0.3076923076923077,25,0.72,0.16,0.12
M0456,Asia-Pacific,26,0.4435451133167177,0.4793410329608607,0.5058188397082467,0.038461538461538464,0.15384615384615385,0.6153846153846154,0.23076923076923078,25,0.52,0.24,0.24
M0457,"Europe, Middle East, Africa",26,0.3940043108351396,0.5516815750507359,0.4845557321142909,0.038461538461538464,0.6923076923076923,0.3076923076923077,0.0,25,0.64,0.16,0.2
M0458,Asia-Pacific,26,0.4475768616151703,0.38774932727044953,0.5167527947805248,0.038461538461538464,0.038461538461538464,0.9615384615384616,0.0,25,0.92,0.04,0.04
M0459,Asia-Pacific,26,0.42937719199681723,0.4883935968786608,0.516053801735551,0.3076923076923077,0.15384615384615385,0.34615384615384615,0.5,25,0.72,0.16,0.12
M0460,"Europe, Middle East, Africa",26,0.3279790398112122,0.5701329794485658,0.4812092459664855,0.0,0.6153846153846154,0.38461538461538464,0.0,25,0.72,0.12,0.16
M0461,"North, Central, South America",26,0.27446256926118084,0.5681906518628427,0.4661342378453758,0.0,0.07692307692307693,0.4230769230769231,0.5,25,0.8,0.12,0.08
M0462,"Europe, Middle East, Africa",26,0.25941702055822,0.6031601845446227,0.44700426830195766,0.038461538461538464,0.19230769230769232,0.46153846153846156,0.34615384615384615,25,0.72,0.16,0.12
M0463,"Europe, Middle East, Africa",26,0.26227297948492406,0.5936549115283296,0.46933616865424865,0.07692307692307693,0.3076923076923077,0.6923076923076923,0.0,25,0.72,0.12,0.16
M0464,"Europe, Middle East, Africa",26,0.5710136667880309,0.45976237161208783,0.559310292430211,0.2692307692307692,0.34615384615384615,0.3076923076923077,0.34615384615384615,25,0.8,0.12,0.08
M0465,"Europe, Middle East, Africa",26,0.34736810620341857,0.5419111803446532,0.4993731489599763,0.07692307692307693,0.46153846153846156,0.5384615384615384,0.0,25,0.56,0.2,0.24
M0466,Asia-Pacific,26,0.3454667664197687,0.569051331042731,0.4939975187007707,0.11538461538461539,0.038461538461538464,0.4230769230769231,0.5384615384615384,25,0.88,0.04,0.08
M0467,Asia-Pacific,26,0.32774005501827536,0.5843789791695257,0.49018670033669454,0.07692307692307693,0.3076923076923077,0.38461538461538464,0.3076923076923077,25,0.64,0.2,0.16
M0468,Asia-Pacific,26,0.3238935419551374,0.5406721898922154,0.47597840239933836,0.07692307692307693,0.19230769230769232,0.8076923076923077,0.0,25,0.76,0.12,0.12
M0469,"Europe, Middle East, Africa",26,0.402187286748057,0.5812339528704997,0.5077061407346691,0.07692307692307693,0.038461538461538464,0.4230769230769231,0.5384615384615384,25,0.76,0.12,0.12
M0470,"North, Central, South America",26,0.6638817022633045,0.4050182505658384,0.5884017726443751,0.34615384615384615,0.0,0.5384615384615384,0.46153846153846156,25,0.84,0.08,0.08
M0471,"Europe, Middle East, Africa",26,0.30247987440636187,0.5486847926816474,0.4668111975321087,0.11538461538461539,0.6538461538461539,0.34615384615384615,0.0,25,0.64,0.16,0.2
M0472,"Europe, Middle East, Africa",26,0.444195881234499,0.5687245332212705,0.5175121938533879,0.19230769230769232,0.5384615384615384,0.46153846153846156,0.0,25,0.64,0.16,0.2
M0473,Asia-Pacific,26,0.42266276089066895,0.47354044501219417,0.5131172218286845,0.2692307692307692,0.23076923076923078,0.46153846153846156,0.3076923076923077,25,0.72,0.16,0.12
M0474,Asia-Pacific,26,0.4772039927500766,0.49583309552306704,0.5460940253107719,0.19230769230769232,0.11538461538461539,0.5384615384615384,0.34615384615384615,25,0.8,0.12,0.08
M0475,"North, Central, South America",26,0.4175011768749738,0.5264224047935661,0.5015981327600504,0.0,0.38461538461538464,0.6153846153846154,0.0,25,0.72,0.12,0.16
M0476,"North, Central, South America",26,0.3338858585160269,0.4963517845179202,0.48211648655161343,0.19230769230769232,0.11538461538461539,0.7692307692307693,0.11538461538461539,25,0.84,0.04,0.12
M0477,Asia-Pacific,26,0.33852749649721486,0.47339580476352605,0.503224563955167,0.15384615384615385,0.038461538461538464,0.5384615384615384,0.4230769230769231,25,0.88,0.08,0.04
M0478,Asia-Pacific,26,0.31051710653501835,0.5308206363889636,0.45263049689330465,0.07692307692307693,0.2692307692307692,0.23076923076923078,0.5,25,0.72,0.16,0.12
M0479,Asia-Pacific,26,0.4971075352151909,0.4949220437320624,0.5627243474552013,0.11538461538461539,0.038461538461538464,0.5,0.46153846153846156,25,0.8,0.12,0.08
M0480,Asia-Pacific,26,0.4945097435307534,0.5190256557784589,0.5693417990200855,0.07692307692307693,0.0,0.6153846153846154,0.38461538461538464,25,0.84,0.08,0.08
M0481,"Europe, Middle East, Africa",26,0.4293510076535853,0.5080375025391862,0.5262995427521641,0.038461538461538464,0.11538461538461539,0.5769230769230769,0.3076923076923077,25,0.76,0.16,0.08
M0482,"North, Central, South America",26,0.4260376294640811,0.5537150394472273,0.5231184821518226,0.038461538461538464,0.0,0.4230769230769231,0.5769230769230769,25,0.88,0.08,0.04
M0483,Asia-Pacific,26,0.42676710737443957,0.5310589643394446,0.5059611970112243,0.0,0.07692307692307693,0.6538461538461539,0.2692307692307692,25,0.76,0.12,0.12
M0484,Asia-Pacific,26,0.6273196516099617,0.4857441061903287,0.5777814327249069,0.23076923076923078,0.5384615384615384,0.46153846153846156,0.0,25,0.8,0.08,0.12
M0485,"North, Central, South America",26,0.3823488546050224,0.5814905179198377,0.5420399102426139,0.038461538461538464,0.38461538461538464,0.5,0.11538461538461539,25,0.76,0.12,0.12
M0486,"Europe, Middle East, Africa",26,0.37984919112501775,0.5111677213289991,0.4942950898725602,0.19230769230769232,0.23076923076923078,0.4230769230769231,0.34615384615384615,25,0.72,0.16,0.12
M0487,"Europe, Middle East, Africa",26,0.47432094040971823,0.5264047847318892,0.5300879310074919,0.19230769230769232,0.5769230769230769,0.4230769230769231,0.0,25,0.48,0.24,0.28
M0488,Asia-Pacific,26,0.37451948153217524,0.5758003338504335,0.5155509665474942,0.07692307692307693,0.11538461538461539,0.7307692307692307,0.15384615384615385,25,0.72,0.12,0.16
M0489,"Europe, Middle East, Africa",26,0.2774845282613008,0.5295388448939231,0.4679819107249766,0.0,0.7307692307692307,0.19230769230769232,0.07692307692307693,25,0.84,0.08,0.08
M0490,"Europe, Middle East, Africa",26,0.3080532002980363,0.5721121079060638,0.45113687389709567,0.038461538461538464,0.6153846153846154,0.38461538461538464,0.0,25,0.6,0.2,0.2
M0491,"Europe, Middle East, Africa",26,0.2828970240159791,0.5503432485417424,0.44200855693726404,0.038461538461538464,0.3076923076923077,0.5384615384615384,0.15384615384615385,25,0.64,0.16,0.2
M0492,"Europe, Middle East, Africa",26,0.22438261586032587,0.6199886342749376,0.46080462735056354,0.0,0.38461538461538464,0.34615384615384615,0.2692307692307692,25,0.6,0.2,0.2
M0493,"Europe, Middle East, Africa",26,0.24091030577776257,0.5535188031741721,0.44934229966947853,0.038461538461538464,0.4230769230769231,0.5769230769230769,0.0,25,0.4,0.28,0.32
M0494,"Europe, Middle East, Africa",26,0.2944171377954198,0.5427946346722505,0.46414009900209224,0.038461538461538464,0.2692307692307692,0.7307692307692307,0.0,25,0.72,0.12,0.16
M0495,"North, Central, South America",26,0.35115294646937745,0.5308270885869986,0.48501080504243227,0.11538461538461539,0.0,0.7307692307692307,0.2692307692307692,25,0.92,0.04,0.04
M0496,"North, Central, South America",26,0.33664997250272616,0.5251308245155147,0.5042392427203123,0.15384615384615385,0.0,0.6153846153846154,0.38461538461538464,25,0.84,0.08,0.08
M0497,"Europe, Middle East, Africa",26,0.29952965019060185,0.5135928344216436,0.4671088143941169,0.0,0.5384615384615384,0.46153846153846156,0.0,25,0.64,0.16,0.2
M0498,Asia-Pacific,26,0.4239294864408709,0.5045841413295405,0.5157104212181819,0.11538461538461539,0.11538461538461539,0.6153846153846154,0.2692307692307692,25,0.84,0.08,0.08
M0499,"Europe, Middle East, Africa",26,0.3316803110090361,0.5125081039539063,0.48638430705180213,0.11538461538461539,0.15384615384615385,0.2692307692307692,0.5769230769230769,25,0.84,0.08,0.08
M0500,Asia-Pacific,26,0.38669366701829155,0.5687468617390491,0.5091468044490229,0.07692307692307693,0.38461538461538464,0.5384615384615384,0.07692307692307693,25,0.8,0.12,0.08
M0501,Asia-Pacific,26,0.2836815815456469,0.6220092925777992,0.48270355704469087,0.07692307692307693,0.38461538461538464,0.5,0.11538461538461539,25,0.6,0.2,0.2
M0502,"Europe, Middle East, Africa",26,0.22023129802896108,0.5797941748373566,0.44171387173919696,0.038461538461538464,0.4230769230769231,0.2692307692307692,0.3076923076923077,25,0.76,0.12,0.12
M0503,"Europe, Middle East, Africa",26,0.5107684968427108,0.5212750686064098,0.5408857596576485,0.19230769230769232,0.6923076923076923,0.3076923076923077,0.0,25,0.8,0.08,0.12
M0504,"Europe, Middle East, Africa",26,0.3304051501641918,0.5616455639214417,0.4918248588276996,0.11538461538461539,0.34615384615384615,0.5384615384615384,0.11538461538461539,25,0.76,0.08,0.16
M0505,"North, Central, South America",26,0.24082574248133945,0.5741091843240718,0.44915505011558426,0.038461538461538464,0.19230769230769232,0.46153846153846156,0.34615384615384615,25,0.8,0.12,0.08
M0506,"Europe, Middle East, Africa",26,0.3103725536446659,0.5720989450066606,0.4623898903886117,0.0,0.7307692307692307,0.2692307692307692,0.0,25,0.56,0.2,0.24
M0507,"Europe, Middle East, Africa",26,0.16848065372487683,0.5860240664151861,0.4326968590333054,0.0,0.11538461538461539,0.6923076923076923,0.19230769230769232,25,0.8,0.12,0.08
M0508,Asia-Pacific,26,0.24634331648308416,0.5660051842393155,0.44327319765693696,0.0,0.07692307692307693,0.8461538461538461,0.07692307692307693,25,0.68,0.16,0.16
M0509,"Europe, Middle East, Africa",26,0.1166579081101689,0.6469794365627894,0.37836957252403225,0.0,0.46153846153846156,0.2692307692307692,0.2692307692307692,25,0.68,0.16,0.16
M0510,"Europe, Middle East, Africa",26,0.3955720069756587,0.5837065739412656,0.49813130095998864,0.11538461538461539,0.6538461538461539,0.2692307692307692,0.07692307692307693,25,0.64,0.2,0.16
M0511,"Europe, Middle East, Africa",26,0.30447347058400936,0.5815432566893145,0.4458048676437575,0.11538461538461539,0.11538461538461539,0.46153846153846156,0.4230769230769231,25,0.76,0.12,0.12
M0512,"Europe, Middle East, Africa",26,0.2861461294596879,0.5695734022153183,0.4657571039477541,0.0,0.2692307692307692,0.6153846153846154,0.11538461538461539,25,0.76,0.12,0.12
M0513,"North, Central, South America",26,0.26832336918118344,0.6369739818987642,0.46971544108779434,0.0,0.11538461538461539,0.4230769230769231,0.46153846153846156,25,0.8,0.12,0.08
M0514,"Europe, Middle East, Africa",26,0.22979521834812774,0.587816818832844,0.41290610577192777,0.0,0.6153846153846154,0.38461538461538464,0.0,25,0.8,0.08,0.12
M0515,"North, Central, South America",26,0.37252945073177113,0.599976631463335,0.5118493671499631,0.038461538461538464,0.3076923076923077,0.6923076923076923,0.0,25,0.68,0.16,0.16
M0516,Asia-Pacific,26,0.25521408590373007,0.5177895206128906,0.4720428303246948,0.038461538461538464,0.2692307692307692,0.5769230769230769,0.15384615384615385,25,0.64,0.16,0.2
M0517,"Europe, Middle East, Africa",26,0.1944401372412733,0.5691978237042794,0.39299300241698265,0.038461538461538464,0.6923076923076923,0.2692307692307692,0.038461538461538464,25,0.8,0.12,0.08
M0518,"North, Central, South America",26,0.5526592317140064,0.49076003462812356,0.5659847540587579,0.3076923076923077,0.15384615384615385,0.7692307692307693,0.07692307692307693,25,0.72,0.16,0.12
M0519,"Europe, Middle East, Africa",26,0.27656575135736505,0.6136216978579822,0.4638766353729507,0.0,0.34615384615384615,0.6538461538461539,0.0,25,0.52,0.24,0.24
M0520,"Europe, Middle East, Africa",26,0.25589721749639455,0.604110544662276,0.45478994285607216,0.038461538461538464,0.6923076923076923,0.3076923076923077,0.0,25,0.64,0.16,0.2
M0521,"Europe, Middle East, Africa",26,0.1890879924566716,0.568567684369635,0.4208671665489709,0.0,0.46153846153846156,0.5,0.038461538461538464,25,0.64,0.16,0.2
M0522,"Europe, Middle East, Africa",26,0.4553283780278162,0.44592371822169596,0.5063777228898438,0.19230769230769232,0.34615384615384615,0.5,0.15384615384615385,25,0.56,0.24,0.2
M0523,"Europe, Middle East, Africa",26,0.3431864962902579,0.5305076084168078,0.47578475944641124,0.0,0.15384615384615385,0.6538461538461539,0.19230769230769232,25,0.8,0.12,0.08
M0524,"Europe, Middle East, Africa",26,0.4863496376437133,0.536258121736676,0.5014617326219439,0.2692307692307692,0.15384615384615385,0.3076923076923077,0.5384615384615384,25,0.8,0.12,0.08
M0525,Asia-Pacific,26,0.39795583448211613,0.5234341859293722,0.5491360646224926,0.07692307692307693,0.19230769230769232,0.38461538461538464,0.4230769230769231,25,0.8,0.12,0.08
M0526,Asia-Pacific,26,0.09838427314695698,0.6708482559781104,0.3986747709570686,0.0,0.4230769230769231,0.3076923076923077,0.2692307692307692,25,0.76,0.12,0.12
M0527,Asia-Pacific,26,0.3083952348317884,0.554340653821019,0.4509742615000358,0.0,0.2692307692307692,0.5384615384615384,0.19230769230769232,25,0.72,0.12,0.16
M0528,"North, Central, South America",26,0.4692207252610116,0.5249887956195576,0.5343939555815034,0.11538461538461539,0.11538461538461539,0.6153846153846154,0.2692307692307692,25,0.64,0.2,0.16
M0529,"Europe, Middle East, Africa",26,0.26136093912105074,0.5934435894278373,0.45625855138733395,0.0,0.11538461538461539,0.5,0.38461538461538464,25,0.8,0.12,0.08
M0530,Asia-Pacific,26,0.10026395418244624,0.612374181752431,0.3890571316227601,0.0,0.5,0.38461538461538464,0.11538461538461539,25,0.68,0.16,0.16
M0531,"Europe, Middle East, Africa",26,0.25125126656968494,0.6236043581097425,0.47693426273353484,0.038461538461538464,0.5769230769230769,0.4230769230769231,0.0,25,0.72,0.12,0.16
M0532,"Europe, Middle East, Africa",26,0.23239210676155092,0.613040753430099,0.4548401930511459,0.0,0.5769230769230769,0.3076923076923077,0.11538461538461539,25,0.72,0.16,0.12
M0533,"Europe, Middle East, Africa",26,0.3863501690718686,0.6166870317776372,0.4923587606707549,0.0,0.5769230769230769,0.4230769230769231,0.0,25,0.64,0.16,0.2
M0534,"North, Central, South America",26,0.5776006113551332,0.5011137595756612,0.5755646208222852,0.3076923076923077,0.5384615384615384,0.46153846153846156,0.0,25,0.8,0.08,0.12
M0535,"Europe, Middle East, Africa",26,0.19712970533898683,0.552577313889688,0.42299763202674723,0.038461538461538464,0.34615384615384615,0.6153846153846154,0.038461538461538464,25,0.72,0.12,0.16
M0536,"Europe, Middle East, Africa",26,0.3415129653988735,0.5167564559064107,0.4730876956990913,0.0,0.34615384615384615,0.6538461538461539,0.0,25,0.8,0.08,0.12
M0537,Asia-Pacific,26,0.26807966010415646,0.5522798619166397,0.4405092315914217,0.038461538461538464,0.38461538461538464,0.6153846153846154,0.0,25,0.72,0.12,0.16
M0538,"Europe, Middle East, Africa",26,0.28946780838468417,0.5644199944852046,0.45027141935194126,0.0,0.4230769230769231,0.34615384615384615,0.23076923076923078,25,0.72,0.16,0.12
M0539,Asia-Pacific,26,0.2959091032297102,0.5888132810428335,0.46112239761307744,0.038461538461538464,0.0,0.46153846153846156,0.5384615384615384,25,0.88,0.08,0.04
M0540,"Europe, Middle East, Africa",26,0.4150653528675386,0.5311836674706734,0.5076665071904052,0.11538461538461539,0.38461538461538464,0.6153846153846154,0.0,25,0.76,0.12,0.12
M0541,"Europe, Middle East, Africa",26,0.13023470374648063,0.585484740389528,0.38593216323370905,0.0,0.7692307692307693,0.23076923076923078,0.0,25,0.56,0.2,0.24
M0542,"Europe, Middle East, Africa",26,0.2882960300650805,0.5595686003034113,0.4591958157984412,0.0,0.4230769230769231,0.5769230769230769,0.0,25,0.72,0.12,0.16
M0543,"Europe, Middle East, Africa",26,0.2746936938444824,0.545149465622168,0.43677147969304075,0.07692307692307693,0.3076923076923077,0.5769230769230769,0.11538461538461539,25,0.72,0.16,0.12
M0544,"Europe, Middle East, Africa",26,0.4403850878813373,0.5170283236392156,0.5188972869315651,0.15384615384615385,0.5,0.2692307692307692,0.23076923076923078,25,0.72,0.16,0.12
M0545,"Europe, Middle East, Africa",26,0.2299248408571093,0.6168300352173935,0.46082686247211563,0.0,0.34615384615384615,0.6153846153846154,0.038461538461538464,25,0.56,0.2,0.24
M0546,Asia-Pacific,26,0.2871532155021822,0.5428120286500302,0.46465506117794236,0.11538461538461539,0.15384615384615385,0.38461538461538464,0.46153846153846156,25,0.8,0.12,0.08
M0547,Asia-Pacific,26,0.21792911049191085,0.5661482986515745,0.40982860573063606,0.0,0.23076923076923078,0.7692307692307693,0.0,25,0.88,0.04,0.08
M0548,"Europe, Middle East, Africa",26,0.3061380609322825,0.4481611049145774,0.47966884363547746,0.11538461538461539,0.38461538461538464,0.6153846153846154,0.0,25,0.76,0.12,0.12
M0549,"Europe, Middle East, Africa",26,0.39575997433570276,0.5383869258714411,0.49795414183095266,0.07692307692307693,0.038461538461538464,0.5384615384615384,0.4230769230769231,25,0.8,0.12,0.08
M0550,"Europe, Middle East, Africa",26,0.2546189377637381,0.5810901525092611,0.4462666178205016,0.038461538461538464,0.5384615384615384,0.46153846153846156,0.0,25,0.64,0.16,0.2
M0551,Asia-Pacific,26,0.41842411115409495,0.4951386920548142,0.5290246940829312,0.11538461538461539,0.0,0.6923076923076923,0.3076923076923077,25,0.88,0.08,0.04
M0552,"Europe, Middle East, Africa",26,0.16036891102305054,0.6010834420064102,0.40155197777959484,0.0,0.5769230769230769,0.4230769230769231,0.0,25,0.6,0.2,0.2
M0553,"North, Central, South America",26,0.43727585802068425,0.49695945548347437,0.5208531920724041,0.07692307692307693,0.46153846153846156,0.46153846153846156,0.07692307692307693,25,0.8,0.12,0.08
M0554,"North, Central, South America",26,0.25601364877758365,0.577346818367905,0.4530257149279263,0.038461538461538464,0.0,0.6153846153846154,0.38461538461538464,25,0.92,0.04,0.04
M0555,"North, Central, South America",26,0.4789813371357383,0.4782634401260465,0.5314034390688696,0.19230769230769232,0.34615384615384615,0.4230769230769231,0.23076923076923078,25,0.72,0.12,0.16
M0556,"Europe, Middle East, Africa",26,0.40653295225282027,0.4778574991920624,0.5162838768682504,0.07692307692307693,0.23076923076923078,0.46153846153846156,0.3076923076923077,25,0.88,0.08,0.04
M0557,"Europe, Middle East, Africa",26,0.4277995876934313,0.49870608109369663,0.5170768044249461,0.19230769230769232,0.23076923076923078,0.5769230769230769,0.19230769230769232,25,0.8,0.08,0.12
M0558,"Europe, Middle East, Africa",26,0.25552262820565874,0.6461456548286889,0.442934463982619,0.038461538461538464,0.3076923076923077,0.5384615384615384,0.15384615384615385,25,0.72,0.16,0.12
M0559,"Europe, Middle East, Africa",26,0.36926254676163983,0.5765269080572268,0.5099235660382246,0.038461538461538464,0.5,0.23076923076923078,0.2692307692307692,25,0.92,0.04,0.04
M0560,"North, Central, South America",26,0.5353998768613034,0.4685994987914641,0.5793862261313124,0.19230769230769232,0.11538461538461539,0.6923076923076923,0.19230769230769232,25,0.8,0.12,0.08
M0561,Asia-Pacific,26,0.18163305018687523,0.5826917392696582,0.41727317214813525,0.038461538461538464,0.23076923076923078,0.6923076923076923,0.07692307692307693,25,0.84,0.08,0.08
M0562,"Europe, Middle East, Africa",26,0.24373177159433906,0.501718742879398,0.4213682630082512,0.0,0.38461538461538464,0.4230769230769231,0.19230769230769232,25,0.52,0.24,0.24
M0563,"Europe, Middle East, Africa",26,0.3922511749110497,0.4719229080987237,0.5036661675327129,0.07692307692307693,0.6538461538461539,0.15384615384615385,0.19230769230769232,25,0.72,0.16,0.12
M0564,"Europe, Middle East, Africa",26,0.24646274872991025,0.5912648678550083,0.4554933447999375,0.0,0.3076923076923077,0.6538461538461539,0.038461538461538464,25,0.64,0.16,0.2
M0565,"Europe, Middle East, Africa",26,0.1679946897978835,0.5851627609715048,0.41210633585641127,0.0,0.2692307692307692,0.2692307692307692,0.46153846153846156,25,0.8,0.12,0.08
M0566,Asia-Pacific,26,0.3330032226425152,0.553219242736811,0.45734744066138594,0.07692307692307693,0.5,0.2692307692307692,0.23076923076923078,25,0.8,0.12,0.08
M0567,"Europe, Middle East, Africa",26,0.41704214935109696,0.5730454612183891,0.5203519394506926,0.038461538461538464,0.6538461538461539,0.34615384615384615,0.0,25,0.72,0.12,0.16
M0568,"Europe, Middle East, Africa",26,0.3830860939466237,0.5744972373948775,0.5038907318037241,0.038461538461538464,0.4230769230769231,0.4230769230769231,0.15384615384615385,25,0.56,0.2,0.24
M0569,Asia-Pacific,26,0.417710942202856,0.5492233578049268,0.5039582116563405,0.0,0.038461538461538464,0.8076923076923077,0.15384615384615385,25,0.8,0.12,0.08
M0570,"North, Central, South America",26,0.3270176536021087,0.535963454230571,0.47423256296866845,0.15384615384615385,0.15384615384615385,0.8461538461538461,0.0,25,0.88,0.04,0.08
M0571,"Europe, Middle East, Africa",26,0.06901148908534817,0.6155497303915867,0.3669971194422812,0.0,0.3076923076923077,0.3076923076923077,0.38461538461538464,25,0.64,0.2,0.16
M0572,"Europe, Middle East, Africa",26,0.16475648408529897,0.5912297154400036,0.41700481294184316,0.0,0.5384615384615384,0.46153846153846156,0.0,25,0.8,0.08,0.12
M0573,"Europe, Middle East, Africa",26,0.3650663826453274,0.5849997277225658,0.49178297014727307,0.0,0.5384615384615384,0.46153846153846156,0.0,25,0.44,0.28,0.28
M0574,"Europe, Middle East, Africa",26,0.34327028178725666,0.5597097857151708,0.500078101118165,0.07692307692307693,0.6153846153846154,0.38461538461538464,0.0,25,0.56,0.2,0.24
M0575,"North, Central, South America",26,0.2389124096935533,0.5558337389841427,0.44694288310775726,0.0,0.5384615384615384,0.46153846153846156,0.0,25,0.72,0.12,0.16
M0576,"Europe, Middle East, Africa",26,0.22575095280503532,0.61117767180079,0.4164593697440659,0.0,0.8076923076923077,0.19230769230769232,0.0,25,0.72,0.12,0.16
M0577,Asia-Pacific,26,0.36992949217044574,0.5622424955661561,0.49340554275369636,0.07692307692307693,0.2692307692307692,0.7307692307692307,0.0,25,0.76,0.12,0.12
M0578,"Europe, Middle East, Africa",26,0.36949286596591036,0.5486292976647591,0.47610832396191416,0.15384615384615385,0.3076923076923077,0.6538461538461539,0.038461538461538464,25,0.68,0.16,0.16
M0579,"Europe, Middle East, Africa",26,0.3181602599020381,0.5510876666938642,0.47364289479947086,0.19230769230769232,0.5769230769230769,0.4230769230769231,0.0,25,0.64,0.16,0.2
M0580,"Europe, Middle East, Africa",26,0.28743930260947226,0.5853237519948609,0.4550778467249052,0.038461538461538464,0.6923076923076923,0.23076923076923078,0.07692307692307693,25,0.68,0.16,0.16
M0581,"Europe, Middle East, Africa",26,0.33066702023365024,0.5483071706461679,0.4860407969852529,0.07692307692307693,0.5,0.34615384615384615,0.15384615384615385,25,0.72,0.16,0.12
M0582,Asia-Pacific,26,0.336044099526936,0.5134838695254867,0.48342957115019325,0.0,0.4230769230769231,0.5384615384615384,0.038461538461538464,25,0.44,0.28,0.28
M0583,"North, Central, South America",26,0.35542290029529056,0.6049535733619714,0.5217964475270329,0.038461538461538464,0.6923076923076923,0.3076923076923077,0.0,25,0.8,0.08,0.12
M0584,"Europe, Middle East, Africa",26,0.360309000733947,0.5584091577433912,0.5083167178777623,0.038461538461538464,0.46153846153846156,0.4230769230769231,0.11538461538461539,25,0.72,0.16,0.12
M0585,"Europe, Middle East, Africa",26,0.2590622868659763,0.6292106743982185,0.44839020393521195,0.0,0.2692307692307692,0.5384615384615384,0.19230769230769232,25,0.8,0.12,0.08
M0586,"Europe, Middle East, Africa",26,0.33956470711094433,0.5174692506203762,0.4638139438096879,0.07692307692307693,0.5384615384615384,0.46153846153846156,0.0,25,0.64,0.16,0.2
M0587,"Europe, Middle East, Africa",26,0.31739209831051496,0.5084149653684746,0.458686836757046,0.07692307692307693,0.2692307692307692,0.6538461538461539,0.07692307692307693,25,0.72,0.12,0.16
M0588,"Europe, Middle East, Africa",26,0.37357398662987035,0.5221605578943215,0.48035910817371413,0.11538461538461539,0.5769230769230769,0.4230769230769231,0.0,25,0.8,0.08,0.12
M0589,"Europe, Middle East, Africa",26,0.14853261976044457,0.6147174467475398,0.39456688766874526,0.0,0.5769230769230769,0.4230769230769231,0.0,25,0.68,0.16,0.16
M0590,Asia-Pacific,26,0.6243253654485179,0.4339944303096822,0.5837880999821278,0.34615384615384615,0.4230769230769231,0.5769230769230769,0.0,25,0.8,0.08,0.12
M0591,"Europe, Middle East, Africa",26,0.49835669562939117,0.541014817842682,0.5634354342379229,0.07692307692307693,0.34615384615384615,0.6538461538461539,0.0,25,0.88,0.04,0.08
M0592,Asia-Pacific,26,0.29862053384468457,0.6221490415788996,0.4731653170096815,0.0,0.19230769230769232,0.46153846153846156,0.34615384615384615,25,0.72,0.16,0.12
M0593,"Europe, Middle East, Africa",26,0.43730496000928604,0.5837144434718208,0.5213697280941456,0.038461538461538464,0.3076923076923077,0.6153846153846154,0.07692307692307693,25,0.72,0.16,0.12
M0594,Asia-Pacific,26,0.3376111410987242,0.5114934120412294,0.4892472323436847,0.0,0.11538461538461539,0.8076923076923077,0.07692307692307693,25,0.92,0.04,0.04
M0595,"Europe, Middle East, Africa",26,0.4084206383547014,0.39923206721569304,0.502229048636966,0.19230769230769232,0.38461538461538464,0.5769230769230769,0.038461538461538464,25,0.68,0.16,0.16
M0596,Asia-Pacific,26,0.3786817294289554,0.540975409191727,0.4956206647718481,0.0,0.46153846153846156,0.5384615384615384,0.0,25,0.88,0.04,0.08
M0597,"Europe, Middle East, Africa",26,0.33458411516904163,0.5504295704903059,0.5002441709411022,0.11538461538461539,0.7307692307692307,0.2692307692307692,0.0,25,0.64,0.16,0.2
M0598,"Europe, Middle East, Africa",26,0.1933071635075838,0.5584505519780085,0.4185772270357351,0.038461538461538464,0.2692307692307692,0.5,0.23076923076923078,25,0.6,0.2,0.2
M0599,"Europe, Middle East, Africa",26,0.3236084811333874,0.5110084550691285,0.46856700401688695,0.07692307692307693,0.5384615384615384,0.46153846153846156,0.0,25,0.64,0.16,0.2
M0600,"Europe, Middle East, Africa",26,0.23364182087471444,0.5859622163300624,0.44753296551466903,0.038461538461538464,0.5384615384615384,0.46153846153846156,0.0,25,0.64,0.16,0.2
M0601,"Europe, Middle East, Africa",26,0.3089568937101379,0.5613799022217472,0.4589846336642423,0.0,0.5384615384615384,0.46153846153846156,0.0,25,0.76,0.12,0.12
M0602,"Europe, Middle East, Africa",26,0.18865327673657334,0.5969855422699172,0.412318048170478,0.0,0.3076923076923077,0.4230769230769231,0.2692307692307692,25,0.72,0.16,0.12
M0603,Asia-Pacific,26,0.5112608968005424,0.5159576381065596,0.5246778905791861,0.15384615384615385,0.07692307692307693,0.8076923076923077,0.11538461538461539,25,0.8,0.08,0.12
M0604,"Europe, Middle East, Africa",26,0.4680366407330429,0.5480982050866618,0.47040173518031636,0.07692307692307693,0.34615384615384615,0.5769230769230769,0.07692307692307693,25,0.56,0.24,0.2
M0605,"Europe, Middle East, Africa",26,0.38782337172340353,0.614693428079355,0.5115071627459534,0.0,0.23076923076923078,0.6153846153846154,0.15384615384615385,25,0.8,0.08,0.12
M0606,"Europe, Middle East, Africa",26,0.20033996853694963,0.5450197194999032,0.4217696813199645,0.0,0.7307692307692307,0.2692307692307692,0.0,25,0.64,0.16,0.2
M0607,"Europe, Middle East, Africa",26,0.34182869639939295,0.5882930992721648,0.48740244324161314,0.0,0.19230769230769232,0.4230769230769231,0.38461538461538464,25,0.68,0.16,0.16
M0608,"North, Central, South America",26,0.5885773589921719,0.4489559315485379,0.5710556358744546,0.19230769230769232,0.5384615384615384,0.38461538461538464,0.07692307692307693,25,0.8,0.12,0.08
M0609,"Europe, Middle East, Africa",26,0.3005625821645521,0.6190119598280888,0.4916667923263813,0.0,0.3076923076923077,0.46153846153846156,0.23076923076923078,25,0.56,0.24,0.2
M0610,"North, Central, South America",26,0.30687083984695224,0.6023182003471594,0.4908247528597237,0.0,0.23076923076923078,0.23076923076923078,0.5384615384615384,25,0.88,0.08,0.04
M0611,"Europe, Middle East, Africa",26,0.25668291359427947,0.5403446316802808,0.46467124327479387,0.11538461538461539,0.07692307692307693,0.4230769230769231,0.5,25,0.72,0.16,0.12
M0612,"Europe, Middle East, Africa",26,0.26778754718329584,0.6124412270413102,0.4375150249628593,0.07692307692307693,0.34615384615384615,0.6153846153846154,0.038461538461538464,25,0.64,0.2,0.16
M0613,"Europe, Middle East, Africa",26,0.52045203321505,0.5164685332297494,0.567501481649366,0.23076923076923078,0.07692307692307693,0.5384615384615384,0.38461538461538464,25,0.76,0.12,0.12
M0614,"Europe, Middle East, Africa",26,0.2762366121414225,0.5829531075030149,0.4215230169650145,0.07692307692307693,0.38461538461538464,0.5,0.11538461538461539,25,0.8,0.08,0.12
M0615,"North, Central, South America",26,0.330425161817872,0.4918609755761623,0.4802175754347734,0.07692307692307693,0.6538461538461539,0.3076923076923077,0.038461538461538464,25,0.64,0.2,0.16
M0616,"Europe, Middle East, Africa",26,0.3051397294331405,0.5809780807649009,0.47040356729818067,0.0,0.46153846153846156,0.5384615384615384,0.0,25,0.52,0.24,0.24
M0617,"Europe, Middle East, Africa",26,0.23428641856649224,0.5518413263692917,0.44029500255599857,0.038461538461538464,0.5384615384615384,0.46153846153846156,0.0,25,0.48,0.24,0.28
M0618,"Europe, Middle East, Africa",26,0.1465861640151181,0.6223308959407886,0.40829873322633975,0.0,0.38461538461538464,0.23076923076923078,0.38461538461538464,25,0.64,0.16,0.2
M0619,"Europe, Middle East, Africa",26,0.32666751581892106,0.5406444565308494,0.47052416033901534,0.07692307692307693,0.34615384615384615,0.6153846153846154,0.038461538461538464,25,0.8,0.12,0.08
M0620,Asia-Pacific,26,0.30454449630343217,0.5566195895121808,0.46314228147376285,0.15384615384615385,0.23076923076923078,0.5,0.2692307692307692,25,0.8,0.12,0.08
M0621,"Europe, Middle East, Africa",26,0.278626344010134,0.5988246600901621,0.4391342917102558,0.07692307692307693,0.5,0.5,0.0,25,0.76,0.12,0.12
M0622,"Europe, Middle East, Africa",26,0.39659293917601574,0.5803054559860168,0.49882333316775146,0.11538461538461539,0.5769230769230769,0.38461538461538464,0.038461538461538464,25,0.52,0.24,0.24
M0623,"North, Central, South America",26,0.3133705386613955,0.5788453394334208,0.47219196014518816,0.15384615384615385,0.0,0.5,0.5,25,0.96,0.04,0.0
M0624,"Europe, Middle East, Africa",26,0.14031832821967238,0.6079609643382249,0.3853715472936574,0.0,0.38461538461538464,0.3076923076923077,0.3076923076923077,25,0.6,0.2,0.2
M0625,"North, Central, South America",26,0.2381061867776676,0.5650147337556548,0.4750188157761344,0.0,0.23076923076923078,0.7692307692307693,0.0,25,0.88,0.04,0.08
M0626,"Europe, Middle East, Africa",26,0.3857831340620877,0.5402012338544702,0.496543243233336,0.038461538461538464,0.5769230769230769,0.4230769230769231,0.0,25,0.6,0.2,0.2
M0627,"Europe, Middle East, Africa",26,0.31141790500392924,0.46956439382037474,0.47035233634355184,0.11538461538461539,0.15384615384615385,0.5384615384615384,0.3076923076923077,25,0.56,0.24,0.2
M0628,"Europe, Middle East, Africa",26,0.20786280994898687,0.589131955308113,0.4172832920304274,0.038461538461538464,0.8076923076923077,0.19230769230769232,0.0,25,0.88,0.04,0.08
M0629,"Europe, Middle East, Africa",26,0.31385380329296697,0.5283688486661208,0.47854531522306293,0.07692307692307693,0.38461538461538464,0.6153846153846154,0.0,25,0.76,0.12,0.12
M0630,Asia-Pacific,26,0.5150923903727994,0.4877130040596862,0.5686329259210555,0.15384615384615385,0.23076923076923078,0.46153846153846156,0.3076923076923077,25,0.64,0.2,0.16
M0631,"Europe, Middle East, Africa",26,0.38572709117990417,0.5135986115166967,0.4975156135117655,0.07692307692307693,0.34615384615384615,0.4230769230769231,0.23076923076923078,25,0.8,0.12,0.08
M0632,"Europe, Middle East, Africa",26,0.5173392817966037,0.4441539112819035,0.557981105743318,0.23076923076923078,0.46153846153846156,0.4230769230769231,0.11538461538461539,25,0.64,0.2,0.16
M0633,"North, Central, South America",26,0.16142461304746553,0.5624136282558145,0.3981973328747879,0.0,0.15384615384615385,0.4230769230769231,0.4230769230769231,25,0.8,0.12,0.08
M0634,Asia-Pacific,26,0.23869552629560745,0.6043432583575457,0.43303567673032517,0.038461538461538464,0.34615384615384615,0.6538461538461539,0.0,25,0.56,0.2,0.24
M0635,"Europe, Middle East, Africa",26,0.17025754397294207,0.6150792019956147,0.4170554757317557,0.0,0.6923076923076923,0.3076923076923077,0.0,25,0.72,0.12,0.16
M0636,"North, Central, South America",26,0.20570793795616574,0.5441404145522714,0.4276593015762925,0.0,0.11538461538461539,0.6153846153846154,0.2692307692307692,25,0.88,0.04,0.08
M0637,"Europe, Middle East, Africa",26,0.3224325623652509,0.561481279292603,0.49249269959583875,0.11538461538461539,0.38461538461538464,0.4230769230769231,0.19230769230769232,25,0.72,0.12,0.16
M0638,"Europe, Middle East, Africa",26,0.342813606939559,0.49478104804386536,0.4652654417016911,0.038461538461538464,0.6153846153846154,0.3076923076923077,0.07692307692307693,25,0.72,0.16,0.12
M0639,Asia-Pacific,26,0.40994426387626615,0.53022666564405,0.48140159466272225,0.11538461538461539,0.15384615384615385,0.5384615384615384,0.3076923076923077,25,0.68,0.16,0.16
M0640,"Europe, Middle East, Africa",26,0.22389722158009637,0.5776802225593626,0.4259562655054643,0.038461538461538464,0.07692307692307693,0.5,0.4230769230769231,25,0.8,0.12,0.08
M0641,"Europe, Middle East, Africa",26,0.31225635818609665,0.6171962289770889,0.4965408274289158,0.0,0.3076923076923077,0.34615384615384615,0.34615384615384615,25,0.6,0.2,0.2
M0642,"North, Central, South America",26,0.4162049390561471,0.5246916472700656,0.5172054638708998,0.19230769230769232,0.0,0.5384615384615384,0.46153846153846156,25,0.92,0.04,0.04
M0643,"Europe, Middle East, Africa",26,0.3616413745866734,0.4954229126444168,0.48764702116530945,0.15384615384615385,0.038461538461538464,0.6923076923076923,0.2692307692307692,25,0.88,0.04,0.08
M0644,"Europe, Middle East, Africa",26,0.1850205954973912,0.5661404254506293,0.41765238078480843,0.0,0.23076923076923078,0.38461538461538464,0.38461538461538464,25,0.72,0.16,0.12
M0645,Asia-Pacific,26,0.420204234947929,0.5535665027258737,0.4986045544424813,0.07692307692307693,0.07692307692307693,0.5384615384615384,0.38461538461538464,25,0.88,0.04,0.08
M0646,"Europe, Middle East, Africa",26,0.20328512000186333,0.5779913897049638,0.4284572921274966,0.038461538461538464,0.38461538461538464,0.5,0.11538461538461539,25,0.56,0.24,0.2
M0647,Asia-Pacific,26,0.503762100138796,0.4622681056423211,0.5283907856703126,0.2692307692307692,0.23076923076923078,0.38461538461538464,0.38461538461538464,25,0.76,0.12,0.12
M0648,"Europe, Middle East, Africa",26,0.36672624554164696,0.5589082556256758,0.5109729516222721,0.0,0.5769230769230769,0.38461538461538464,0.038461538461538464,25,0.72,0.16,0.12
M0649,"Europe, Middle East, Africa",26,0.4481988150041677,0.555897291601615,0.5300828896944971,0.11538461538461539,0.15384615384615385,0.4230769230769231,0.4230769230769231,25,0.76,0.12,0.12
M0650,Asia-Pacific,26,0.42150195131007767,0.5908551704815316,0.5085985082253252,0.038461538461538464,0.11538461538461539,0.7692307692307693,0.11538461538461539,25,0.8,0.12,0.08
M0651,"Europe, Middle East, Africa",26,0.31669583784429,0.6027459737908551,0.4906813034944054,0.0,0.5384615384615384,0.46153846153846156,0.0,25,0.84,0.08,0.08
M0652,"North, Central, South America",26,0.39933908193101775,0.5867069660472516,0.5055808155349555,0.038461538461538464,0.34615384615384615,0.2692307692307692,0.38461538461538464,25,0.72,0.12,0.16
M0653,"North, Central, South America",26,0.32000476333468864,0.5609344431523045,0.5046069871089228,0.0,0.4230769230769231,0.5769230769230769,0.0,25,0.84,0.08,0.08
M0654,"Europe, Middle East, Africa",26,0.24193934403466388,0.5919493264365439,0.4399573628798822,0.0,0.2692307692307692,0.4230769230769231,0.3076923076923077,25,0.72,0.12,0.16
M0655,"Europe, Middle East, Africa",26,0.17548668363831943,0.5793365038905206,0.43477741251362484,0.038461538461538464,0.46153846153846156,0.5,0.038461538461538464,25,0.72,0.12,0.16
M0656,Asia-Pacific,26,0.6632664833034307,0.43746308460613637,0.5930295431809834,0.23076923076923078,0.23076923076923078,0.6538461538461539,0.11538461538461539,25,0.88,0.04,0.08
M0657,"Europe, Middle East, Africa",26,0.3497025331943902,0.5325103121437661,0.48389072628073543,0.15384615384615385,0.6153846153846154,0.2692307692307692,0.11538461538461539,25,0.72,0.16,0.12
M0658,"North, Central, South America",26,0.40738399030883143,0.4587731943676205,0.5190320554504176,0.038461538461538464,0.11538461538461539,0.5769230769230769,0.3076923076923077,25,0.76,0.12,0.12
M0659,"Europe, Middle East, Africa",26,0.1396033985584883,0.5569372891384806,0.3902310906654106,0.0,0.19230769230769232,0.5,0.3076923076923077,25,0.8,0.08,0.12
M0660,"North, Central, South America",26,0.3602228345857252,0.5832771404164159,0.48697335664757097,0.15384615384615385,0.2692307692307692,0.34615384615384615,0.38461538461538464,25,0.64,0.2,0.16
M0661,"Europe, Middle East, Africa",26,0.29331712308885227,0.5541196164405259,0.47913447355057975,0.0,0.5769230769230769,0.4230769230769231,0.0,25,0.88,0.04,0.08
M0662,"Europe, Middle East, Africa",26,0.2219591456127269,0.6030932596405958,0.4385216899899781,0.038461538461538464,0.5384615384615384,0.38461538461538464,0.07692307692307693,25,0.44,0.24,0.32
M0663,"North, Central, South America",26,0.44975691733485956,0.46912703609486706,0.5054241276860993,0.038461538461538464,0.0,0.46153846153846156,0.5384615384615384,25,0.84,0.08,0.08
M0664,"Europe, Middle East, Africa",26,0.2869979706328033,0.5734672758646515,0.47443080757622924,0.038461538461538464,0.4230769230769231,0.3076923076923077,0.2692307692307692,25,0.56,0.24,0.2
M0665,"Europe, Middle East, Africa",26,0.1908049904219133,0.609327866831166,0.4388138793547076,0.0,0.6538461538461539,0.34615384615384615,0.0,25,0.56,0.2,0.24
M0666,"Europe, Middle East, Africa",26,0.37738980350216106,0.5343858677213067,0.5062087649862732,0.0,0.34615384615384615,0.38461538461538464,0.2692307692307692,25,0.6,0.16,0.24
M0667,"Europe, Middle East, Africa",26,0.45857561492094584,0.548843488338566,0.5536674531555124,0.11538461538461539,0.4230769230769231,0.5,0.07692307692307693,25,0.64,0.16,0.2
M0668,"Europe, Middle East, Africa",26,0.1749896346579865,0.5771284027186488,0.4276484517893358,0.038461538461538464,0.3076923076923077,0.46153846153846156,0.23076923076923078,25,0.72,0.16,0.12
M0669,Asia-Pacific,26,0.18051902492329974,0.5738138424375384,0.4116557858926853,0.0,0.23076923076923078,0.5769230769230769,0.19230769230769232,25,0.72,0.12,0.16
M0670,"Europe, Middle East, Africa",26,0.41245906153426,0.5567644412713361,0.49324723977685153,0.0,0.5,0.34615384615384615,0.15384615384615385,25,0.48,0.24,0.28
M0671,"North, Central, South America",26,0.2402734809679775,0.5683505872513599,0.43540554394908565,0.038461538461538464,0.6153846153846154,0.38461538461538464,0.0,25,0.56,0.2,0.24
M0672,Asia-Pacific,26,0.27233526900303245,0.5292723539870618,0.4287247221635569,0.0,0.23076923076923078,0.6153846153846154,0.15384615384615385,25,0.88,0.08,0.04
M0673,"Europe, Middle East, Africa",26,0.46131735514685157,0.4949189250994761,0.5460608119103003,0.0,0.5,0.5,0.0,25,0.8,0.08,0.12
M0674,"Europe, Middle East, Africa",26,0.40749572657051863,0.5422610363217285,0.5223498765335817,0.0,0.46153846153846156,0.5384615384615384,0.0,25,0.68,0.16,0.16
M0675,Asia-Pacific,26,0.4571904429218932,0.5587354519592403,0.5333525722436859,0.11538461538461539,0.038461538461538464,0.5769230769230769,0.38461538461538464,25,0.84,0.08,0.08
M0676,"Europe, Middle East, Africa",26,0.26425208079795653,0.4649568342561905,0.45561899195966393,0.07692307692307693,0.7307692307692307,0.2692307692307692,0.0,25,0.72,0.12,0.16
M0677,Asia-Pacific,26,0.4860972643529031,0.5098121502050659,0.5397102867585273,0.07692307692307693,0.07692307692307693,0.5384615384615384,0.38461538461538464,25,0.88,0.08,0.04
M0678,"Europe, Middle East, Africa",26,0.1555176433875644,0.5796359586416526,0.42397026767060264,0.0,0.5769230769230769,0.4230769230769231,0.0,25,0.6,0.2,0.2
M0679,"Europe, Middle East, Africa",26,0.12883437236991707,0.6456895098767741,0.3962487181437056,0.0,0.38461538461538464,0.38461538461538464,0.23076923076923078,25,0.64,0.2,0.16
M0680,"Europe, Middle East, Africa",26,0.38406443069999935,0.518508045228098,0.5109626251825783,0.07692307692307693,0.11538461538461539,0.4230769230769231,0.46153846153846156,25,0.72,0.16,0.12
M0681,"Europe, Middle East, Africa",26,0.28730334951962194,0.6079115297605727,0.48203491022280887,0.038461538461538464,0.7307692307692307,0.2692307692307692,0.0,25,0.76,0.12,0.12
M0682,Asia-Pacific,26,0.41523764198350926,0.4971954852553827,0.5336195904285865,0.11538461538461539,0.19230769230769232,0.3076923076923077,0.5,25,0.8,0.12,0.08
M0683,"North, Central, South America",26,0.2982146821451187,0.5929203691402907,0.45935477056068513,0.0,0.6153846153846154,0.38461538461538464,0.0,25,0.72,0.12,0.16
M0684,"Europe, Middle East, Africa",26,0.1945874114087931,0.6172249508913961,0.4291970309687822,0.0,0.19230769230769232,0.5769230769230769,0.23076923076923078,25,0.68,0.16,0.16
M0685,"North, Central, South America",26,0.3896263067161808,0.5025101350923598,0.4613181103994331,0.11538461538461539,0.0,0.4230769230769231,0.5769230769230769,25,0.96,0.04,0.0
M0686,"Europe, Middle East, Africa",26,0.2182327272736893,0.5480496288450762,0.4390896480910422,0.0,0.23076923076923078,0.4230769230769231,0.34615384615384615,25,0.64,0.2,0.16
M0687,"Europe, Middle East, Africa",26,0.46860395181463405,0.5201385107979977,0.5328155561825906,0.11538461538461539,0.6153846153846154,0.38461538461538464,0.0,25,0.64,0.16,0.2
M0688,"Europe, Middle East, Africa",26,0.3153017473469478,0.60045587119419,0.47905820794787624,0.038461538461538464,0.4230769230769231,0.5769230769230769,0.0,25,0.6,0.2,0.2
M0689,"Europe, Middle East, Africa",26,0.4500014097564812,0.5067492342801153,0.5243690852220938,0.11538461538461539,0.4230769230769231,0.38461538461538464,0.19230769230769232,25,0.56,0.2,0.24
M0690,"Europe, Middle East, Africa",26,0.3468507104965435,0.5790691715874106,0.48566860444709936,0.0,0.6153846153846154,0.3076923076923077,0.07692307692307693,25,0.64,0.16,0.2
M0691,"Europe, Middle East, Africa",26,0.31888288881363486,0.6009760343094788,0.47767208157377744,0.07692307692307693,0.3076923076923077,0.5769230769230769,0.11538461538461539,25,0.64,0.16,0.2
M0692,"Europe, Middle East, Africa",26,0.2416156059562116,0.5675484061871342,0.4754907173890138,0.038461538461538464,0.6923076923076923,0.2692307692307692,0.038461538461538464,25,0.84,0.04,0.12
M0693,"Europe, Middle East, Africa",26,0.3991344554474839,0.49217069954096837,0.5057320008485631,0.15384615384615385,0.38461538461538464,0.5769230769230769,0.038461538461538464,25,0.76,0.12,0.12
M0694,"Europe, Middle East, Africa",26,0.23878443384145953,0.6352972557037261,0.4351826509580169,0.0,0.34615384615384615,0.5769230769230769,0.07692307692307693,25,0.8,0.08,0.12
M0695,Asia-Pacific,26,0.5086860777318699,0.5298558076069042,0.5730784864509787,0.07692307692307693,0.11538461538461539,0.46153846153846156,0.4230769230769231,25,0.8,0.12,0.08
M0696,Asia-Pacific,26,0.22884718446736202,0.5684823785389388,0.4579247862850226,0.0,0.46153846153846156,0.5,0.038461538461538464,25,0.6,0.16,0.24
M0697,"North, Central, South America",26,0.2410033594562583,0.540515120890155,0.44478199733186574,0.07692307692307693,0.46153846153846156,0.46153846153846156,0.07692307692307693,25,0.72,0.12,0.16
M0698,"North, Central, South America",26,0.39853166022626946,0.5574233631071238,0.5210617719466799,0.038461538461538464,0.38461538461538464,0.6153846153846154,0.0,25,0.88,0.04,0.08
M0699,Asia-Pacific,26,0.22060953423938193,0.5926590093705143,0.426798187859258,0.07692307692307693,0.11538461538461539,0.4230769230769231,0.46153846153846156,25,0.8,0.12,0.08
M0700,"North, Central, South America",26,0.25796193154990094,0.5465217204327352,0.4428954779421978,0.07692307692307693,0.23076923076923078,0.38461538461538464,0.38461538461538464,25,0.72,0.16,0.12
M0701,"Europe, Middle East, Africa",26,0.32393244274606575,0.48494644605456905,0.4800409829508285,0.038461538461538464,0.38461538461538464,0.5384615384615384,0.07692307692307693,25,0.6,0.2,0.2
M0702,"Europe, Middle East, Africa",26,0.2812895804775044,0.6156463576889359,0.46882091566441386,0.038461538461538464,0.38461538461538464,0.4230769230769231,0.19230769230769232,25,0.72,0.12,0.16
M0703,"Europe, Middle East, Africa",26,0.351318030561791,0.5661747523353563,0.486901073239429,0.07692307692307693,0.34615384615384615,0.46153846153846156,0.19230769230769232,25,0.76,0.12,0.12
M0704,Asia-Pacific,26,0.21774351199437686,0.6042003788902671,0.4164968632307149,0.0,0.34615384615384615,0.5769230769230769,0.07692307692307693,25,0.68,0.12,0.2
M0705,Asia-Pacific,26,0.3849137114342804,0.5268268102598397,0.5034408392812286,0.038461538461538464,0.3076923076923077,0.5384615384615384,0.15384615384615385,25,0.84,0.08,0.08
M0706,"Europe, Middle East, Africa",26,0.24694089125880417,0.5643562998006624,0.43654216733032913,0.0,0.6538461538461539,0.23076923076923078,0.11538461538461539,25,0.64,0.2,0.16
M0707,"Europe, Middle East, Africa",26,0.27001977601376015,0.5780823634787233,0.47665428772852236,0.19230769230769232,0.46153846153846156,0.38461538461538464,0.15384615384615385,25,0.8,0.12,0.08
M0708,"Europe, Middle East, Africa",26,0.2590819422909234,0.5806755038704294,0.47573507361698775,0.0,0.5769230769230769,0.38461538461538464,0.038461538461538464,25,0.6,0.2,0.2
M0709,"Europe, Middle East, Africa",26,0.2868902417306885,0.448755393324049,0.4446204421146875,0.15384615384615385,0.46153846153846156,0.5384615384615384,0.0,25,0.96,0.0,0.04
M0710,"Europe, Middle East, Africa",26,0.4415096676334811,0.5991698067931107,0.5302591016800094,0.038461538461538464,0.6538461538461539,0.19230769230769232,0.15384615384615385,25,0.72,0.16,0.12
M0711,Asia-Pacific,26,0.25745754632908613,0.5157958085209565,0.4748354557819718,0.038461538461538464,0.4230769230769231,0.5,0.07692307692307693,25,0.68,0.16,0.16
M0712,"North, Central, South America",26,0.2615323500675152,0.5756012772872009,0.4875822808114918,0.0,0.23076923076923078,0.4230769230769231,0.34615384615384615,25,0.8,0.08,0.12
M0713,"Europe, Middle East, Africa",26,0.2080956715046562,0.5895607819262799,0.4177363002051155,0.0,0.34615384615384615,0.6538461538461539,0.0,25,0.6,0.2,0.2
M0714,"North, Central, South America",26,0.49459885844741325,0.4872938999392972,0.5230358752391419,0.15384615384615385,0.2692307692307692,0.38461538461538464,0.34615384615384615,25,0.88,0.08,0.04
M0715,"Europe, Middle East, Africa",26,0.12875093716788924,0.632702128944476,0.3938125263406995,0.07692307692307693,0.11538461538461539,0.5384615384615384,0.34615384615384615,25,0.64,0.2,0.16
M0716,"North, Central, South America",26,0.33593866396503036,0.5902678916782226,0.4955784624676433,0.0,0.38461538461538464,0.38461538461538464,0.23076923076923078,25,0.8,0.08,0.12
M0717,"North, Central, South America",26,0.3547040048899296,0.5684550234836925,0.4922515382772049,0.11538461538461539,0.0,0.6923076923076923,0.3076923076923077,25,0.88,0.08,0.04
M0718,"Europe, Middle East, Africa",26,0.24645893286689094,0.5840434631558122,0.4634371758510999,0.0,0.5384615384615384,0.46153846153846156,0.0,25,0.64,0.16,0.2
M0719,"Europe, Middle East, Africa",26,0.4302725478447957,0.530958198674172,0.5249476454278645,0.11538461538461539,0.0,0.5384615384615384,0.46153846153846156,25,0.88,0.08,0.04
M0720,Asia-Pacific,26,0.3623932934560187,0.5545926809098526,0.5199524429082025,0.038461538461538464,0.23076923076923078,0.6538461538461539,0.11538461538461539,25,0.64,0.16,0.2
M0721,"Europe, Middle East, Africa",26,0.2328103403879086,0.5862839532576557,0.43370330099794224,0.0,0.34615384615384615,0.46153846153846156,0.19230769230769232,25,0.56,0.24,0.2
M0722,"Europe, Middle East, Africa",26,0.4130012775117959,0.5823490379539233,0.5129700958126707,0.19230769230769232,0.38461538461538464,0.6153846153846154,0.0,25,0.72,0.12,0.16
M0723,"Europe, Middle East, Africa",26,0.3947379247574325,0.6114587594926666,0.5393461101659145,0.07692307692307693,0.34615384615384615,0.5769230769230769,0.07692307692307693,25,0.8,0.12,0.08
M0724,Asia-Pacific,26,0.30006117403362026,0.5350664707289551,0.47308587716132844,0.07692307692307693,0.46153846153846156,0.46153846153846156,0.07692307692307693,25,0.68,0.16,0.16
M0725,"Europe, Middle East, Africa",26,0.3992488138897935,0.47571425171345727,0.5051068939741676,0.038461538461538464,0.3076923076923077,0.34615384615384615,0.34615384615384615,25,0.56,0.24,0.2
M0726,"Europe, Middle East, Africa",26,0.3246006620609909,0.5237170962095108,0.459802206088678,0.0,0.11538461538461539,0.6923076923076923,0.19230769230769232,25,0.72,0.16,0.12
M0727,Asia-Pacific,26,0.330255454308702,0.5298666354634879,0.46438007416130606,0.07692307692307693,0.038461538461538464,0.46153846153846156,0.5,25,0.8,0.12,0.08
M0728,"Europe, Middle East, Africa",26,0.10982214480898188,0.5541329507146385,0.40521570636798737,0.0,0.0,0.5769230769230769,0.4230769230769231,25,0.88,0.08,0.04
M0729,"North, Central, South America",26,0.49152979922797935,0.4818381045161115,0.5451251529872383,0.23076923076923078,0.11538461538461539,0.6153846153846154,0.2692307692307692,25,0.88,0.04,0.08
M0730,"Europe, Middle East, Africa",26,0.31511165651443646,0.5706024546015361,0.4544219514794392,0.0,0.5769230769230769,0.34615384615384615,0.07692307692307693,25,0.56,0.24,0.2
M0731,"Europe, Middle East, Africa",26,0.24710029406985987,0.5590429896035094,0.44321782687415284,0.0,0.6538461538461539,0.34615384615384615,0.0,25,0.76,0.12,0.12
M0732,Asia-Pacific,26,0.29939916900105606,0.5932799071422654,0.46214339014802697,0.038461538461538464,0.6538461538461539,0.34615384615384615,0.0,25,0.72,0.12,0.16
M0733,"North, Central, South America",26,0.32674811675583637,0.5528777652677666,0.4851698600514904,0.0,0.19230769230769232,0.6538461538461539,0.15384615384615385,25,0.88,0.04,0.08
M0734,"Europe, Middle East, Africa",26,0.39122818169735435,0.5768286298179977,0.48234655534122045,0.11538461538461539,0.6538461538461539,0.34615384615384615,0.0,25,0.56,0.2,0.24
M0735,Asia-Pacific,26,0.43692777056641025,0.5401021522803187,0.5583828095222318,0.23076923076923078,0.0,0.5384615384615384,0.46153846153846156,25,0.88,0.08,0.04
M0736,"Europe, Middle East, Africa",26,0.2940687067958422,0.5579429144939423,0.4671426416971205,0.07692307692307693,0.4230769230769231,0.5,0.07692307692307693,25,0.64,0.2,0.16
M0737,"Europe, Middle East, Africa",26,0.34844445275023056,0.5774710536402975,0.4763923752904544,0.038461538461538464,0.15384615384615385,0.6153846153846154,0.23076923076923078,25,0.72,0.12,0.16
M0738,"Europe, Middle East, Africa",26,0.324709995794615,0.5240124672280324,0.4654725260704877,0.07692307692307693,0.6538461538461539,0.34615384615384615,0.0,25,0.72,0.12,0.16
M0739,"Europe, Middle East, Africa",26,0.29284585556781384,0.5235611726681157,0.4564053537341766,0.038461538461538464,0.07692307692307693,0.6538461538461539,0.2692307692307692,25,0.68,0.16,0.16
M0740,"Europe, Middle East, Africa",26,0.2977871496664096,0.5827910205207893,0.46376221099792664,0.07692307692307693,0.46153846153846156,0.5384615384615384,0.0,25,0.72,0.12,0.16
M0741,Asia-Pacific,26,0.5347912921963359,0.4695574878304121,0.5336221319597269,0.2692307692307692,0.23076923076923078,0.7692307692307693,0.0,25,0.8,0.08,0.12
M0742,"North, Central, South America",26,0.3865496571514164,0.4413340334889696,0.5106098689878344,0.11538461538461539,0.2692307692307692,0.46153846153846156,0.2692307692307692,25,0.88,0.04,0.08
M0743,"North, Central, South America",26,0.3319308762374077,0.5702413389890426,0.49202460845321355,0.038461538461538464,0.2692307692307692,0.7307692307692307,0.0,25,0.84,0.08,0.08
M0744,Asia-Pacific,26,0.322972431273408,0.5534988567644336,0.49134497846512537,0.07692307692307693,0.4230769230769231,0.5769230769230769,0.0,25,0.64,0.16,0.2
M0745,"North, Central, South America",26,0.24241712309400454,0.5127038626781962,0.43702738454228746,0.0,0.3076923076923077,0.5,0.19230769230769232,25,0.6,0.2,0.2
M0746,"North, Central, South America",26,0.42348917397502733,0.5214013209389786,0.5403358099164844,0.19230769230769232,0.19230769230769232,0.46153846153846156,0.34615384615384615,25,0.8,0.08,0.12
M0747,"North, Central, South America",26,0.5549241814974892,0.47213176557104514,0.5654863001828838,0.19230769230769232,0.0,0.38461538461538464,0.6153846153846154,25,0.88,0.08,0.04
M0748,Asia-Pacific,26,0.4213024816474872,0.43021603503700356,0.5160221587230673,0.15384615384615385,0.038461538461538464,0.5769230769230769,0.38461538461538464,25,0.8,0.12,0.08
M0749,"North, Central, South America",26,0.4957587060170097,0.5389369023976711,0.5500368751654763,0.038461538461538464,0.4230769230769231,0.46153846153846156,0.11538461538461539,25,0.52,0.2,0.28
M0750,"Europe, Middle East, Africa",26,0.2514276869843032,0.5460293354259695,0.42866674126101945,0.07692307692307693,0.3076923076923077,0.6923076923076923,0.0,25,0.52,0.24,0.24
M0751,"North, Central, South America",26,0.33150620586373286,0.5553806718974045,0.4885694281680944,0.038461538461538464,0.11538461538461539,0.8076923076923077,0.07692307692307693,25,0.84,0.08,0.08
M0752,"Europe, Middle East, Africa",26,0.5402547375147103,0.44336435021703857,0.5575561970346334,0.19230769230769232,0.15384615384615385,0.6153846153846154,0.23076923076923078,25,0.64,0.2,0.16
M0753,Asia-Pacific,26,0.38148153074802627,0.49994351137858584,0.4989338898792938,0.0,0.07692307692307693,0.34615384615384615,0.5769230769230769,25,0.88,0.08,0.04
M0754,"Europe, Middle East, Africa",26,0.3674056248691216,0.4872590794097186,0.4893427691361031,0.11538461538461539,0.2692307692307692,0.38461538461538464,0.34615384615384615,25,0.72,0.16,0.12
M0755,"Europe, Middle East, Africa",26,0.25813165816142936,0.5963923978683232,0.43817459276779464,0.038461538461538464,0.6153846153846154,0.34615384615384615,0.038461538461538464,25,0.64,0.2,0.16
M0756,"Europe, Middle East, Africa",26,0.35837523520263237,0.6097958981972595,0.5164617565030487,0.038461538461538464,0.3076923076923077,0.6538461538461539,0.038461538461538464,25,0.56,0.2,0.24
M0757,"Europe, Middle East, Africa",26,0.2988042041219775,0.5490571054530329,0.471098412775893,0.0,0.34615384615384615,0.34615384615384615,0.3076923076923077,25,0.64,0.2,0.16
M0758,"North, Central, South America",26,0.32887138503491414,0.49559828822001584,0.47365298825058166,0.15384615384615385,0.23076923076923078,0.38461538461538464,0.38461538461538464,25,0.72,0.16,0.12
M0759,"Europe, Middle East, Africa",26,0.38317445860037214,0.520746178457676,0.4748417031568684,0.15384615384615385,0.23076923076923078,0.5769230769230769,0.19230769230769232,25,0.64,0.2,0.16
M0760,"Europe, Middle East, Africa",26,0.3644935594147112,0.5607389153339706,0.49655207590214573,0.038461538461538464,0.19230769230769232,0.38461538461538464,0.4230769230769231,25,0.8,0.12,0.08
M0761,"Europe, Middle East, Africa",26,0.4367142786274929,0.5574960685380835,0.5141270326759029,0.11538461538461539,0.5769230769230769,0.4230769230769231,0.0,25,0.72,0.12,0.16
M0762,"Europe, Middle East, Africa",26,0.2329716825235881,0.5822635823825603,0.43957740390135414,0.0,0.4230769230769231,0.5,0.07692307692307693,25,0.64,0.2,0.16
M0763,"Europe, Middle East, Africa",26,0.2306073155381237,0.5486237222533242,0.4378719133204739,0.0,0.7307692307692307,0.2692307692307692,0.0,25,0.6,0.2,0.2
M0764,"Europe, Middle East, Africa",26,0.18794116613931394,0.5580298422080915,0.4298324352072014,0.038461538461538464,0.46153846153846156,0.5384615384615384,0.0,25,0.6,0.2,0.2
M0765,"Europe, Middle East, Africa",26,0.4860106283261161,0.5590433500723416,0.4939276942450216,0.23076923076923078,0.11538461538461539,0.5769230769230769,0.3076923076923077,25,0.64,0.16,0.2
M0766,"Europe, Middle East, Africa",26,0.4973814530146047,0.42620186769999074,0.5233255881215094,0.19230769230769232,0.34615384615384615,0.5384615384615384,0.11538461538461539,25,0.64,0.16,0.2
M0767,Asia-Pacific,26,0.2124831089240848,0.622330699459054,0.4262309698620591,0.038461538461538464,0.15384615384615385,0.6538461538461539,0.19230769230769232,25,0.68,0.12,0.2
M0768,"Europe, Middle East, Africa",26,0.1838783422596267,0.59941774495116,0.41418470795411605,0.0,0.4230769230769231,0.5769230769230769,0.0,25,0.56,0.2,0.24
M0769,"Europe, Middle East, Africa",26,0.3284031812780273,0.5368579476316288,0.4762354283450942,0.038461538461538464,0.2692307692307692,0.5769230769230769,0.15384615384615385,25,0.56,0.24,0.2
M0770,"Europe, Middle East, Africa",26,0.4444242665692612,0.5133773226367702,0.508299681134331,0.038461538461538464,0.7692307692307693,0.23076923076923078,0.0,25,0.72,0.12,0.16
M0771,"Europe, Middle East, Africa",26,0.18732367001204725,0.5811879655644602,0.4282046055007474,0.0,0.5384615384615384,0.46153846153846156,0.0,25,0.6,0.2,0.2
M0772,Asia-Pacific,26,0.5115403031036474,0.5097670492068646,0.5433968677624599,0.11538461538461539,0.0,0.6923076923076923,0.3076923076923077,25,0.88,0.08,0.04
M0773,"North, Central, South America",26,0.2785691394242988,0.6237889381279165,0.4835412177132554,0.0,0.38461538461538464,0.5,0.11538461538461539,25,0.68,0.16,0.16
M0774,"North, Central, South America",26,0.265698380173072,0.5742994246737086,0.4308223147847499,0.038461538461538464,0.038461538461538464,0.6923076923076923,0.2692307692307692,25,0.88,0.08,0.04
M0775,"Europe, Middle East, Africa",26,0.5221497425603505,0.48161256229074234,0.5585847905671856,0.2692307692307692,0.46153846153846156,0.5384615384615384,0.0,25,0.76,0.12,0.12
M0776,"Europe, Middle East, Africa",26,0.23618994383519484,0.6280953778103849,0.44976087251066593,0.0,0.38461538461538464,0.5,0.11538461538461539,25,0.88,0.08,0.04
M0777,"North, Central, South America",26,0.3724638532621948,0.5430848636309842,0.5142692633606878,0.15384615384615385,0.23076923076923078,0.6923076923076923,0.07692307692307693,25,0.72,0.16,0.12
M0778,"North, Central, South America",26,0.40258411181957643,0.4972271198776378,0.5178583804278227,0.07692307692307693,0.07692307692307693,0.5384615384615384,0.38461538461538464,25,0.84,0.08,0.08
M0779,"Europe, Middle East, Africa",26,0.37571270040148497,0.504512697727213,0.522561392760779,0.2692307692307692,0.4230769230769231,0.46153846153846156,0.11538461538461539,25,0.68,0.16,0.16
M0780,"Europe, Middle East, Africa",26,0.277623252812394,0.5412644422767888,0.44446033542604696,0.0,0.19230769230769232,0.6923076923076923,0.11538461538461539,25,0.84,0.08,0.08
M0781,"Europe, Middle East, Africa",26,0.45053577882324436,0.4896979094908654,0.5151962662592177,0.19230769230769232,0.5,0.5,0.0,25,0.96,0.0,0.04
M0782,"Europe, Middle East, Africa",26,0.18029959549772803,0.5711456647196729,0.42510167923919095,0.0,0.3076923076923077,0.5384615384615384,0.15384615384615385,25,0.64,0.2,0.16
M0783,Asia-Pacific,26,0.39331505344306095,0.5497870355306579,0.5075309480002027,0.19230769230769232,0.11538461538461539,0.5,0.38461538461538464,25,0.8,0.12,0.08
M0784,Asia-Pacific,26,0.3341155273996405,0.5074926292509514,0.4627631301140497,0.0,0.3076923076923077,0.23076923076923078,0.46153846153846156,25,0.8,0.12,0.08
M0785,"Europe, Middle East, Africa",26,0.3843109023948361,0.570493080226684,0.4683841502373936,0.15384615384615385,0.5769230769230769,0.4230769230769231,0.0,25,0.64,0.16,0.2
M0786,"Europe, Middle East, Africa",26,0.4895274653328628,0.5345264409915229,0.5225464589781341,0.07692307692307693,0.038461538461538464,0.6538461538461539,0.3076923076923077,25,0.88,0.08,0.04
M0787,"Europe, Middle East, Africa",26,0.46145992674077185,0.4710325950218455,0.5124676215929361,0.15384615384615385,0.46153846153846156,0.34615384615384615,0.19230769230769232,25,0.64,0.16,0.2
M0788,"Europe, Middle East, Africa",26,0.3080508376115895,0.5812375200348072,0.4989821877514313,0.038461538461538464,0.7307692307692307,0.2692307692307692,0.0,25,0.64,0.16,0.2
M0789,"Europe, Middle East, Africa",26,0.43584683087156784,0.5217347664256751,0.5422330955437539,0.0,0.7307692307692307,0.2692307692307692,0.0,25,0.64,0.16,0.2
M0790,"Europe, Middle East, Africa",26,0.2569245036309317,0.6210386220628479,0.454449162550704,0.07692307692307693,0.38461538461538464,0.34615384615384615,0.2692307692307692,25,0.36,0.28,0.36
M0791,Asia-Pacific,26,0.5000545790773478,0.4742067002331862,0.5315457180603811,0.3076923076923077,0.2692307692307692,0.6538461538461539,0.07692307692307693,25,0.72,0.16,0.12
M0792,"Europe, Middle East, Africa",26,0.2756632118078798,0.5829168070656368,0.4530069100164264,0.11538461538461539,0.11538461538461539,0.7692307692307693,0.11538461538461539,25,0.8,0.08,0.12
M0793,"Europe, Middle East, Africa",26,0.1371758063321395,0.6145338105020666,0.37254165969121644,0.0,0.7692307692307693,0.23076923076923078,0.0,25,0.72,0.12,0.16
M0794,Asia-Pacific,26,0.16375493493102294,0.5893765440528178,0.4325604250668205,0.0,0.5,0.34615384615384615,0.15384615384615385,25,0.68,0.12,0.2
M0795,"Europe, Middle East, Africa",26,0.2152712818340586,0.6054210527394916,0.4220588251028928,0.0,0.34615384615384615,0.3076923076923077,0.34615384615384615,25,0.68,0.16,0.16
M0796,"North, Central, South America",26,0.4505140054251933,0.5526086134155287,0.5322011685950502,0.11538461538461539,0.6538461538461539,0.34615384615384615,0.0,25,0.88,0.04,0.08
M0797,"Europe, Middle East, Africa",26,0.32227562191268777,0.5747682296931979,0.47927171025047605,0.038461538461538464,0.46153846153846156,0.5384615384615384,0.0,25,0.72,0.12,0.16
M0798,Asia-Pacific,26,0.5317925998353401,0.5115666360061093,0.5763539566678865,0.038461538461538464,0.5384615384615384,0.2692307692307692,0.19230769230769232,25,0.8,0.08,0.12
M0799,"Europe, Middle East, Africa",26,0.5386837849284046,0.4859454997401722,0.5409061272241363,0.11538461538461539,0.38461538461538464,0.2692307692307692,0.34615384615384615,25,0.64,0.2,0.16
M0800,"Europe, Middle East, Africa",26,0.479661460428288,0.5084375313813477,0.5695849813374959,0.34615384615384615,0.4230769230769231,0.46153846153846156,0.11538461538461539,25,0.64,0.16,0.2
M0801,Asia-Pacific,26,0.3942211867997161,0.5589554815993826,0.5323580564826556,0.11538461538461539,0.2692307692307692,0.6153846153846154,0.11538461538461539,25,0.8,0.08,0.12
M0802,"Europe, Middle East, Africa",26,0.48548634701974724,0.533596333675946,0.5407264713728973,0.07692307692307693,0.0,0.6923076923076923,0.3076923076923077,25,0.88,0.08,0.04
M0803,"Europe, Middle East, Africa",26,0.45848222341398337,0.5459889479737478,0.5161157027481076,0.038461538461538464,0.038461538461538464,0.5384615384615384,0.4230769230769231,25,0.8,0.12,0.08
M0804,"Europe, Middle East, Africa",26,0.33253252707006786,0.564145301631757,0.4637006141822769,0.07692307692307693,0.46153846153846156,0.23076923076923078,0.3076923076923077,25,0.64,0.2,0.16
M0805,Asia-Pacific,26,0.21395933762491273,0.589139350597255,0.45188312920273904,0.0,0.46153846153846156,0.4230769230769231,0.11538461538461539,25,0.68,0.16,0.16
M0806,Asia-Pacific,26,0.2681448120576802,0.6008544636758123,0.4554115136725583,0.0,0.4230769230769231,0.34615384615384615,0.23076923076923078,25,0.44,0.24,0.32
M0807,"North, Central, South America",26,0.22748327801165313,0.5708438579646035,0.44768527029169025,0.0,0.4230769230769231,0.5769230769230769,0.0,25,0.6,0.2,0.2
M0808,"Europe, Middle East, Africa",26,0.34674195266056734,0.562190867385101,0.4842984545734602,0.11538461538461539,0.2692307692307692,0.34615384615384615,0.38461538461538464,25,0.88,0.08,0.04
M0809,"Europe, Middle East, Africa",26,0.4983505746273067,0.5718701199751768,0.5381223363788983,0.19230769230769232,0.8076923076923077,0.19230769230769232,0.0,25,0.76,0.12,0.12
M0810,Asia-Pacific,26,0.30527582515084084,0.5650260541142729,0.4565477566924537,0.19230769230769232,0.23076923076923078,0.34615384615384615,0.4230769230769231,25,0.8,0.12,0.08
M0811,Asia-Pacific,26,0.5185860464034306,0.43393046213519876,0.5348956872876908,0.19230769230769232,0.11538461538461539,0.5,0.38461538461538464,25,0.8,0.08,0.12
M0812,"North, Central, South America",26,0.6344059835371696,0.45330764234637155,0.5693607080385784,0.19230769230769232,0.23076923076923078,0.7692307692307693,0.0,25,0.72,0.12,0.16
M0813,"Europe, Middle East, Africa",26,0.22240223491117536,0.5162504461286901,0.42196795021601036,0.0,0.5384615384615384,0.4230769230769231,0.038461538461538464,25,0.56,0.2,0.24
M0814,Asia-Pacific,26,0.3279667084658178,0.5561819317161877,0.46659439497532784,0.0,0.3076923076923077,0.46153846153846156,0.23076923076923078,25,0.72,0.16,0.12
M0815,"North, Central, South America",26,0.6221726197225312,0.4583736521629013,0.5693789592470592,0.3076923076923077,0.3076923076923077,0.6923076923076923,0.0,25,0.76,0.12,0.12
M0816,"Europe, Middle East, Africa",26,0.24931457973576562,0.5757058501447262,0.49727151395142505,0.0,0.6538461538461539,0.34615384615384615,0.0,25,0.64,0.16,0.2
M0817,Asia-Pacific,26,0.4402317671058334,0.48450146845057307,0.5146788975251072,0.11538461538461539,0.4230769230769231,0.5769230769230769,0.0,25,0.64,0.16,0.2
M0818,"North, Central, South America",26,0.2730339425243879,0.5415240230296976,0.47628355615951146,0.07692307692307693,0.2692307692307692,0.5769230769230769,0.15384615384615385,25,0.52,0.24,0.24
M0819,"Europe, Middle East, Africa",26,0.3527353851132697,0.5948636322236129,0.4861040564888099,0.07692307692307693,0.5,0.5,0.0,25,0.8,0.08,0.12
M0820,"Europe, Middle East, Africa",26,0.24640327195733563,0.5287326870652734,0.4800478039849263,0.038461538461538464,0.5384615384615384,0.46153846153846156,0.0,25,0.72,0.12,0.16
M0821,"Europe, Middle East, Africa",26,0.31699246945758625,0.4935921220687829,0.45979321411661606,0.07692307692307693,0.34615384615384615,0.3076923076923077,0.34615384615384615,25,0.56,0.2,0.24
M0822,"Europe, Middle East, Africa",26,0.360378229402388,0.57373053717577,0.459222018969306,0.15384615384615385,0.2692307692307692,0.5,0.23076923076923078,25,0.68,0.16,0.16
M0823,"Europe, Middle East, Africa",26,0.4424820718849579,0.6194715094114149,0.5332629251104397,0.07692307692307693,0.6538461538461539,0.2692307692307692,0.07692307692307693,25,0.6,0.16,0.24
M0824,"Europe, Middle East, Africa",26,0.3890352214986985,0.5619520970114787,0.5145481239559953,0.15384615384615385,0.38461538461538464,0.6153846153846154,0.0,25,0.56,0.2,0.24
M0825,"Europe, Middle East, Africa",26,0.21915559292147188,0.5796710532768263,0.4146199277288018,0.0,0.38461538461538464,0.5769230769230769,0.038461538461538464,25,0.72,0.16,0.12
M0826,"North, Central, South America",26,0.3885879637183613,0.5304679772895339,0.4898585136171744,0.11538461538461539,0.3076923076923077,0.6923076923076923,0.0,25,0.68,0.16,0.16
M0827,Asia-Pacific,26,0.43446159130795103,0.48458384538975197,0.5351896293654492,0.23076923076923078,0.3076923076923077,0.23076923076923078,0.46153846153846156,25,0.64,0.2,0.16
M0828,"North, Central, South America",26,0.4001744839147326,0.5863786976861417,0.5243507744820113,0.038461538461538464,0.23076923076923078,0.34615384615384615,0.4230769230769231,25,0.72,0.16,0.12
M0829,Asia-Pacific,26,0.37902223041913313,0.5358048200359469,0.4893703153812368,0.038461538461538464,0.07692307692307693,0.46153846153846156,0.46153846153846156,25,0.72,0.16,0.12
M0830,"Europe, Middle East, Africa",26,0.5355690989023691,0.5214018946739686,0.5466502177529017,0.19230769230769232,0.34615384615384615,0.38461538461538464,0.2692307692307692,25,0.68,0.16,0.16
M0831,Asia-Pacific,26,0.24547399230719227,0.6328141303411825,0.4378690912910128,0.038461538461538464,0.2692307692307692,0.5769230769230769,0.15384615384615385,25,0.8,0.12,0.08
M0832,"Europe, Middle East, Africa",26,0.18473819026063998,0.6198698147032284,0.4401789060181262,0.0,0.6153846153846154,0.38461538461538464,0.0,25,0.76,0.12,0.12
M0833,"Europe, Middle East, Africa",26,0.22419012529686194,0.6304683891661635,0.4512688559036982,0.0,0.2692307692307692,0.46153846153846156,0.2692307692307692,25,0.56,0.24,0.2
M0834,"Europe, Middle East, Africa",26,0.4329882466777449,0.503764889292783,0.5374286928821429,0.07692307692307693,0.3076923076923077,0.38461538461538464,0.3076923076923077,25,0.72,0.16,0.12
M0835,"Europe, Middle East, Africa",26,0.18038244362429937,0.6099032416735697,0.44628404050537607,0.0,0.5,0.2692307692307692,0.23076923076923078,25,0.8,0.12,0.08
M0836,"North, Central, South America",26,0.5464920622063152,0.47376971090770365,0.5409043764091072,0.15384615384615385,0.4230769230769231,0.5769230769230769,0.0,25,0.72,0.12,0.16
M0837,"North, Central, South America",26,0.5367721109638501,0.48813279878725013,0.5653735141659854,0.19230769230769232,0.3076923076923077,0.6153846153846154,0.07692307692307693,25,0.76,0.12,0.12
M0838,"North, Central, South America",26,0.1825692363096355,0.587926831171814,0.40126521778325147,0.038461538461538464,0.2692307692307692,0.5384615384615384,0.19230769230769232,25,0.76,0.12,0.12
M0839,"Europe, Middle East, Africa",26,0.26370195530676627,0.5561907336630643,0.4549213762897081,0.038461538461538464,0.2692307692307692,0.6923076923076923,0.038461538461538464,25,0.68,0.16,0.16
M0840,"Europe, Middle East, Africa",26,0.27164297377777213,0.6230928212992868,0.4504798728952498,0.0,0.8076923076923077,0.19230769230769232,0.0,25,0.8,0.08,0.12
M0841,Asia-Pacific,26,0.2055282252655696,0.6495885415231624,0.4381264300026958,0.038461538461538464,0.38461538461538464,0.46153846153846156,0.15384615384615385,25,0.56,0.2,0.24
M0842,"Europe, Middle East, Africa",26,0.1880780680031721,0.566274971022732,0.39311409072296893,0.038461538461538464,0.2692307692307692,0.38461538461538464,0.34615384615384615,25,0.68,0.16,0.16
M0843,"North, Central, South America",26,0.19216234373420824,0.5874586131643705,0.44759065676456,0.0,0.38461538461538464,0.5384615384615384,0.07692307692307693,25,0.72,0.12,0.16
M0844,"Europe, Middle East, Africa",26,0.11794809207698452,0.6310200582365206,0.3575478896967986,0.0,0.5384615384615384,0.23076923076923078,0.23076923076923078,25,0.8,0.12,0.08
M0845,Asia-Pacific,26,0.28827659688633545,0.5588252509634845,0.4940629421494823,0.038461538461538464,0.11538461538461539,0.4230769230769231,0.46153846153846156,25,0.84,0.08,0.08
M0846,"Europe, Middle East, Africa",26,0.4304506989892848,0.48676077938030793,0.5201189195628209,0.34615384615384615,0.07692307692307693,0.6153846153846154,0.3076923076923077,25,0.8,0.12,0.08
M0847,"Europe, Middle East, Africa",26,0.3990833052036565,0.5493424387548645,0.5107496081126409,0.0,0.15384615384615385,0.6153846153846154,0.23076923076923078,25,0.76,0.12,0.12
M0848,"North, Central, South America",26,0.22811247097233422,0.5387378688547616,0.44053655478693626,0.038461538461538464,0.5769230769230769,0.4230769230769231,0.0,25,0.52,0.24,0.24
M0849,"Europe, Middle East, Africa",26,0.4227276287409918,0.5460220427056204,0.500938939208585,0.11538461538461539,0.6153846153846154,0.38461538461538464,0.0,25,0.52,0.24,0.24
M0850,Asia-Pacific,26,0.14515561713292674,0.6218493061893112,0.4160768903563363,0.0,0.19230769230769232,0.4230769230769231,0.38461538461538464,25,0.8,0.12,0.08
M0851,"North, Central, South America",26,0.44565351548009385,0.5367811060310526,0.5404029921979818,0.07692307692307693,0.07692307692307693,0.8846153846153846,0.038461538461538464,25,0.84,0.08,0.08
M0852,"Europe, Middle East, Africa",26,0.32766766713798146,0.533666716117051,0.46880534461732937,0.07692307692307693,0.4230769230769231,0.5769230769230769,0.0,25,0.56,0.2,0.24
M0853,Asia-Pacific,26,0.48819283104125877,0.5609935094537964,0.540258086446181,0.3076923076923077,0.6153846153846154,0.38461538461538464,0.0,25,0.72,0.12,0.16
M0854,Asia-Pacific,26,0.47412650077632085,0.43897011373483175,0.5265166461411023,0.11538461538461539,0.11538461538461539,0.5769230769230769,0.3076923076923077,25,0.88,0.04,0.08
M0855,"Europe, Middle East, Africa",26,0.3304113310979133,0.5633879556248924,0.49527524799833744,0.0,0.23076923076923078,0.46153846153846156,0.3076923076923077,25,0.68,0.2,0.12
M0856,Asia-Pacific,26,0.45354968210916274,0.5408863250302971,0.5014817967054368,0.15384615384615385,0.038461538461538464,0.7307692307692307,0.23076923076923078,25,0.8,0.12,0.08
M0857,"Europe, Middle East, Africa",26,0.4847023943186961,0.4817897356031665,0.5279098373534565,0.19230769230769232,0.5769230769230769,0.3076923076923077,0.11538461538461539,25,0.56,0.24,0.2
M0858,"Europe, Middle East, Africa",26,0.4873296144170394,0.48184522507355887,0.5329585697376686,0.34615384615384615,0.2692307692307692,0.4230769230769231,0.3076923076923077,25,0.52,0.24,0.24
M0859,Asia-Pacific,26,0.25574453224913074,0.5709474975114315,0.45853554229176285,0.0,0.11538461538461539,0.5384615384615384,0.34615384615384615,25,0.72,0.12,0.16
M0860,"Europe, Middle East, Africa",26,0.2722757625125706,0.5841063786369808,0.46988653202648756,0.0,0.6153846153846154,0.38461538461538464,0.0,25,0.6,0.2,0.2
M0861,"North, Central, South America",26,0.39435900706779176,0.5794191409203072,0.5215698934262155,0.15384615384615385,0.19230769230769232,0.5,0.3076923076923077,25,0.64,0.2,0.16
M0862,Asia-Pacific,26,0.5121873389039121,0.48026719179223415,0.5446088947338775,0.38461538461538464,0.38461538461538464,0.5,0.11538461538461539,25,0.4,0.32,0.28
M0863,"Europe, Middle East, Africa",26,0.44310291989502126,0.5175983234814194,0.50378563422952,0.15384615384615385,0.23076923076923078,0.34615384615384615,0.4230769230769231,25,0.8,0.08,0.12
M0864,"Europe, Middle East, Africa",26,0.3019443897131547,0.5471532428675007,0.4791447586350253,0.038461538461538464,0.5,0.38461538461538464,0.11538461538461539,25,0.52,0.24,0.24
M0865,"Europe, Middle East, Africa",26,0.28271322014682965,0.5705490754921394,0.46519342964298654,0.0,0.34615384615384615,0.6153846153846154,0.038461538461538464,25,0.72,0.16,0.12
M0866,Asia-Pacific,26,0.44970050611058365,0.4733156565317734,0.5082354790983926,0.15384615384615385,0.07692307692307693,0.46153846153846156,0.46153846153846156,25,0.8,0.12,0.08
M0867,"North, Central, South America",26,0.32968600776953416,0.5778397445175473,0.4907382094271356,0.038461538461538464,0.46153846153846156,0.38461538461538464,0.15384615384615385,25,0.8,0.12,0.08
M0868,Asia-Pacific,26,0.4542493729377509,0.4947788360800664,0.5442199906835002,0.3076923076923077,0.6153846153846154,0.2692307692307692,0.11538461538461539,25,0.64,0.2,0.16
M0869,Asia-Pacific,26,0.483217339179298,0.4740476509737083,0.5200571696183625,0.19230769230769232,0.23076923076923078,0.4230769230769231,0.34615384615384615,25,0.76,0.12,0.12
M0870,"North, Central, South America",26,0.32576316595715077,0.5188892860387081,0.4857098003559222,0.11538461538461539,0.0,0.5,0.5,25,0.96,0.04,0.0
M0871,"Europe, Middle East, Africa",26,0.1481928012386999,0.604193604834109,0.4103615440556132,0.0,0.7307692307692307,0.2692307692307692,0.0,25,0.56,0.2,0.24
M0872,Asia-Pacific,26,0.42928863823211255,0.5036273043103988,0.52181731359717,0.23076923076923078,0.6153846153846154,0.38461538461538464,0.0,25,0.72,0.12,0.16
M0873,"Europe, Middle East, Africa",26,0.17599102894460186,0.6304989525460505,0.4071265842194572,0.0,0.38461538461538464,0.6153846153846154,0.0,25,0.64,0.16,0.2
M0874,"North, Central, South America",26,0.3589535603617037,0.5493717399677152,0.4866451770076734,0.11538461538461539,0.34615384615384615,0.6538461538461539,0.0,25,0.96,0.0,0.04
M0875,"Europe, Middle East, Africa",26,0.36850309471718806,0.5737186842600379,0.49264633312587924,0.0,0.4230769230769231,0.5384615384615384,0.038461538461538464,25,0.64,0.2,0.16
