manager_id,baseline_ai_attitude,posterior_appreciation_share,posterior_aversion_share,scenario_region_score,macro_region,scenario_plant_id,country_scenario
M0479,0.3075303739791474,0.46153846153846156,0.038461538461538464,1.2417095019243984,Asia-Pacific,P021,China
M0175,0.1607179254953119,0.038461538461538464,0.38461538461538464,0.6531919102553345,Asia-Pacific,P021,China
M0029,0.1601190422053839,0.15384615384615385,0.11538461538461539,0.8191694217688643,Asia-Pacific,P021,China
M0035,0.6325366243845741,0.0,0.4230769230769231,1.5563685523367967,Asia-Pacific,P021,China
M0669,-0.09851468542165628,0.19230769230769232,0.23076923076923078,0.262286570045958,Asia-Pacific,P021,China
M0656,0.7643429881362823,0.11538461538461539,0.23076923076923078,1.9465749194346371,Asia-Pacific,P021,China
M0055,0.433067608628168,0.15384615384615385,0.3076923076923077,1.2648351755813214,Asia-Pacific,P021,China
M0456,1.0,0.23076923076923078,0.15384615384615385,2.485605512636333,Asia-Pacific,P021,China
M0242,0.4756014702189514,0.46153846153846156,0.0,1.5932092022925954,Asia-Pacific,P021,China
M0829,0.2133012531790028,0.46153846153846156,0.07692307692307693,1.0363387958799177,Asia-Pacific,P021,China
M0527,0.2576355233090888,0.19230769230769232,0.2692307692307692,0.9481904824915875,Asia-Pacific,P021,China
M0370,0.08689932620649854,0.038461538461538464,0.4230769230769231,0.4882124446173436,Asia-Pacific,P021,China
M0539,-0.2482620843993118,0.5384615384615384,0.0,0.18398216723946192,Asia-Pacific,P021,China
M0432,0.05930338460259749,0.0,0.46153846153846156,0.4030764267071775,Asia-Pacific,P021,China
M0854,0.1789560624930194,0.3076923076923077,0.11538461538461539,0.9029608574552395,Asia-Pacific,P021,China
M0228,-0.0286194855436982,0.038461538461538464,0.4230769230769231,0.25960740410998184,Asia-Pacific,P021,China
M0724,0.6022580464797388,0.07692307692307693,0.46153846153846156,1.500809299825905,Asia-Pacific,P021,China
M0261,-0.02042446024659976,0.34615384615384615,0.038461538461538464,0.5578203245653036,Asia-Pacific,P021,China
M0283,0.003754659971488383,0.46153846153846156,0.0,0.6594516823213341,Asia-Pacific,P021,China
M0784,0.2267912618557236,0.46153846153846156,0.3076923076923077,0.9496543538682477,Asia-Pacific,P021,China
M0296,0.9220922159370589,0.0,0.34615384615384615,2.167175766963493,Asia-Pacific,P021,China
M0477,0.2207233280706815,0.4230769230769231,0.038461538461538464,1.058294867977965,Asia-Pacific,P021,China
M0168,0.1624369586684703,0.11538461538461539,0.5769230769230769,0.5853671521165863,Asia-Pacific,P021,China
M0582,0.5828752587255465,0.038461538461538464,0.4230769230769231,1.4697201006117395,Asia-Pacific,P021,China
M0294,0.8927451004757767,0.34615384615384615,0.23076923076923078,2.270446360587143,Asia-Pacific,P021,China
M0791,0.3097628642412555,0.07692307692307693,0.2692307692307692,1.0164619249629083,Asia-Pacific,P021,China
M0872,0.5583209112915191,0.0,0.6153846153846154,1.3150162960173037,Asia-Pacific,P021,China
M0753,-0.08760977364814324,0.5769230769230769,0.07692307692307693,0.47573884232091546,Asia-Pacific,P021,China
M0038,0.7341144562564281,0.3076923076923077,0.19230769230769232,1.9637937151646059,Asia-Pacific,P021,China
M0178,0.2379548632979192,0.0,0.7307692307692307,0.6243402404974884,Asia-Pacific,P021,China
M0431,0.6509949580226473,0.38461538461538464,0.0,1.9170457287214397,Asia-Pacific,P021,China
M0043,0.3902413085514311,0.38461538461538464,0.2692307692307692,1.268752233171761,Asia-Pacific,P021,China
M0385,0.3034326736300198,0.19230769230769232,0.038461538461538464,1.1522007797374074,Asia-Pacific,P022,China
M0639,-0.1593144113318921,0.3076923076923077,0.15384615384615385,0.2146464425164955,Asia-Pacific,P022,China
M0334,0.1809890370373869,0.15384615384615385,0.19230769230769232,0.8226764705489373,Asia-Pacific,P022,China
M0134,0.470313336340648,0.0,0.2692307692307692,1.3109249826473606,Asia-Pacific,P022,China
M0219,0.006834561192088459,0.46153846153846156,0.15384615384615385,0.5899597030726704,Asia-Pacific,P022,China
M0257,-0.2275611203796939,0.46153846153846156,0.038461538461538464,0.18279441363931376,Asia-Pacific,P022,China
M0772,0.7811500757456633,0.3076923076923077,0.0,2.1513581398300516,Asia-Pacific,P022,China
M0338,1.0,0.0,0.5,2.245763835709474,Asia-Pacific,P022,China
M0577,0.05307499601376262,0.0,0.2692307692307692,0.4852344630988026,Asia-Pacific,P022,China
M0634,-0.01774115087840573,0.0,0.34615384615384615,0.30729994556374945,Asia-Pacific,P022,China
M0448,0.1081385885115405,0.0,0.6538461538461539,0.4052348111181271,Asia-Pacific,P022,China
M0233,0.7980378153794061,0.15384615384615385,0.23076923076923078,2.0248835475672107,Asia-Pacific,P022,China
M0850,-0.1221033167970667,0.38461538461538464,0.19230769230769232,0.2926453444580622,Asia-Pacific,P022,China
M0006,0.2088968865057714,0.38461538461538464,0.19230769230769232,0.9476755835815305,Asia-Pacific,P022,China
M0596,-0.001066359483598345,0.0,0.46153846153846156,0.28360819825891903,Asia-Pacific,P022,China
M0594,-0.1561576462157847,0.07692307692307693,0.11538461538461539,0.17001913462831225,Asia-Pacific,P022,China
M0561,0.3223858920942834,0.07692307692307693,0.23076923076923078,1.0603388976389676,Asia-Pacific,P022,China
M0315,0.2604385313847866,0.0,0.5769230769230769,0.7444210434061774,Asia-Pacific,P022,China
M0193,0.2092622845442811,0.23076923076923078,0.11538461538461539,0.9396780847680151,Asia-Pacific,P022,China
M0368,0.7624110817410112,0.038461538461538464,0.5,1.787217637429815,Asia-Pacific,P022,China
M0783,0.090953362516494,0.38461538461538464,0.11538461538461539,0.7520656406583006,Asia-Pacific,P022,China
M0682,-0.02423770281295393,0.5,0.19230769230769232,0.5212012759438369,Asia-Pacific,P022,China
M0498,0.703310319977748,0.2692307692307692,0.11538461538461539,1.9289990598213755,Asia-Pacific,P022,China
M0794,-0.09632557835099241,0.15384615384615385,0.5,0.12271305088067704,Asia-Pacific,P022,China
M0024,0.1939046169518179,0.038461538461538464,0.4230769230769231,0.699969719945222,Asia-Pacific,P022,China
M0546,0.2553020748048709,0.46153846153846156,0.15384615384615385,1.0816625275186365,Asia-Pacific,P022,China
M0458,0.2828921374379733,0.0,0.038461538461538464,1.0534096689250463,Asia-Pacific,P022,China
M0473,0.02551492022007509,0.3076923076923077,0.23076923076923078,0.5426195262613348,Asia-Pacific,P022,China
M0862,0.224205768183935,0.11538461538461539,0.38461538461538464,0.8020877068678588,Asia-Pacific,P022,China
M0047,0.4177004738214073,0.0,0.5769230769230769,1.0556333228289598,Asia-Pacific,P022,China
M0508,1.0,0.07692307692307693,0.07692307692307693,2.476884912259278,Asia-Pacific,P022,China
M0483,0.4122167747732404,0.2692307692307692,0.07692307692307693,1.371838518047268,Asia-Pacific,P022,China
M0011,0.9372020623454591,0.038461538461538464,0.2692307692307692,2.2464992567260267,Asia-Pacific,P023,India
M0530,0.06197764087987759,0.11538461538461539,0.5,0.42435744101871364,Asia-Pacific,P023,India
M0354,1.0,0.0,0.46153846153846156,2.2646605670729136,Asia-Pacific,P023,India
M0339,0.2648727239009947,0.0,0.3076923076923077,0.8854731732228435,Asia-Pacific,P023,India
M0312,0.007080122244171067,0.23076923076923078,0.11538461538461539,0.5395712908855552,Asia-Pacific,P023,India
M0180,0.1267159300929857,0.0,0.7307692307692307,0.4042048318482021,Asia-Pacific,P023,India
M0351,0.7134903512605046,0.34615384615384615,0.07692307692307693,1.9912985152737979,Asia-Pacific,P023,India
M0244,0.1678243525009081,0.038461538461538464,0.5384615384615384,0.591668192420002,Asia-Pacific,P023,India
M0418,-0.05940349640013903,0.23076923076923078,0.3076923076923077,0.3135204018315464,Asia-Pacific,P023,India
M0086,0.3454069122590093,0.38461538461538464,0.0,1.31230467813456,Asia-Pacific,P023,India
M0151,0.7325095187780196,0.46153846153846156,0.0,2.1016153567336104,Asia-Pacific,P023,India
M0741,0.2048557838551572,0.0,0.23076923076923078,0.8044965862717904,Asia-Pacific,P023,India
M0454,0.5405196829273988,0.2692307692307692,0.0,1.6635360079313843,Asia-Pacific,P023,India
M0117,0.4274944260188642,0.46153846153846156,0.0,1.4980081469715634,Asia-Pacific,P023,India
M0801,-0.08607000401682341,0.11538461538461539,0.2692307692307692,0.24476011114753676,Asia-Pacific,P023,India
M0356,0.5559587647717271,0.23076923076923078,0.19230769230769232,1.5879768844645334,Asia-Pacific,P023,India
M0814,0.1953831387541519,0.23076923076923078,0.3076923076923077,0.8177284019634548,Asia-Pacific,P023,India
M0805,0.3731610670616982,0.11538461538461539,0.46153846153846156,1.05906815687281,Asia-Pacific,P023,India
M0466,-0.1232246174988199,0.5384615384615384,0.038461538461538464,0.41252734384454126,Asia-Pacific,P023,India
M0088,0.2481805801473738,0.038461538461538464,0.46153846153846156,0.7884819774461003,Asia-Pacific,P023,India
M0144,0.262703519274158,0.15384615384615385,0.23076923076923078,0.9654879686829616,Asia-Pacific,P023,India
M0810,-0.1586875358578929,0.4230769230769231,0.23076923076923078,0.2129790773877391,Asia-Pacific,P023,India
M0445,0.3257400745324103,0.11538461538461539,0.2692307692307692,1.0597084149066174,Asia-Pacific,P023,India
M0647,0.0986545133266048,0.38461538461538464,0.23076923076923078,0.7106155781640866,Asia-Pacific,P023,India
M0064,0.1056862649022135,0.15384615384615385,0.07692307692307693,0.7303468382277488,Asia-Pacific,P023,India
M0645,-0.02696640943841311,0.38461538461538464,0.07692307692307693,0.5376059702725293,Asia-Pacific,P023,India
M0318,0.1085056434766438,0.4230769230769231,0.0,0.8551192983577629,Asia-Pacific,P023,India
M0147,0.04221226568404624,0.2692307692307692,0.3076923076923077,0.5262406277410707,Asia-Pacific,P023,India
M0474,0.4664072394814678,0.34615384615384615,0.11538461538461539,1.4834386105436141,Asia-Pacific,P023,India
M0695,1.0,0.4230769230769231,0.11538461538461539,2.562644822879691,Asia-Pacific,P023,India
M0295,0.1847172462542193,0.0,0.6538461538461539,0.5567795412796601,Asia-Pacific,P023,India
M0084,0.0882604902091228,0.07692307692307693,0.4230769230769231,0.5025346251501115,Asia-Pacific,P023,India
M0859,0.2789384991115482,0.34615384615384615,0.11538461538461539,1.1124488268293908,Asia-Pacific,P024,India
M0112,0.6198664226695433,0.0,0.4230769230769231,1.5312949566823977,Asia-Pacific,P024,India
M0806,1.0,0.23076923076923078,0.4230769230769231,2.3533283930922555,Asia-Pacific,P024,India
M0340,0.09998633465465367,0.5,0.07692307692307693,0.8237236482483861,Asia-Pacific,P024,India
M0744,0.0822414947705063,0.0,0.4230769230769231,0.46736635009406424,Asia-Pacific,P024,India
M0569,-0.09794205270050549,0.15384615384615385,0.038461538461538464,0.34627491808983485,Asia-Pacific,P024,India
M0243,0.151006282784916,0.5384615384615384,0.038461538461538464,0.9552144189444716,Asia-Pacific,P024,India
M0007,0.1458620342921905,0.15384615384615385,0.15384615384615385,0.7720588971527962,Asia-Pacific,P024,India
M0831,0.6546069985863859,0.15384615384615385,0.2692307692307692,1.7221455336784897,Asia-Pacific,P024,India
M0672,0.02921219230024175,0.15384615384615385,0.23076923076923078,0.5034221505509735,Asia-Pacific,P024,India
M0488,0.2380713912296812,0.15384615384615385,0.11538461538461539,0.9734326074470459,Asia-Pacific,P024,India
M0343,-0.07285594530312238,0.11538461538461539,0.5769230769230769,0.11973611740825787,Asia-Pacific,P024,India
M0021,-0.1492479396931691,0.34615384615384615,0.07692307692307693,0.28398938559535153,Asia-Pacific,P024,India
M0395,0.4095741925528125,0.34615384615384615,0.07692307692307693,1.3898660323769554,Asia-Pacific,P024,India
M0403,0.04641192179135326,0.07692307692307693,0.34615384615384615,0.4575121937955403,Asia-Pacific,P024,India
M0767,-0.1019523978109207,0.19230769230769232,0.15384615384615385,0.29327699898038573,Asia-Pacific,P024,India
M0057,0.1819148711731179,0.0,0.5384615384615384,0.6079239973276127,Asia-Pacific,P024,India
M0197,0.3148913468794425,0.07692307692307693,0.15384615384615385,1.0833010892813777,Asia-Pacific,P024,India
M0435,0.07875403535974554,0.15384615384615385,0.34615384615384615,0.5447723956569825,Asia-Pacific,P024,India
M0022,0.4302405439326511,0.5769230769230769,0.0,1.5383281026647664,Asia-Pacific,P024,India
M0176,0.4367374409448171,0.15384615384615385,0.15384615384615385,1.3476844867252737,Asia-Pacific,P024,India
M0362,0.207161739043566,0.0,0.2692307692307692,0.7901632067232423,Asia-Pacific,P024,India
M0817,0.3644256680524814,0.0,0.4230769230769231,1.025792492003825,Asia-Pacific,P024,India
M0480,-0.07313932111900671,0.38461538461538464,0.0,0.4840259139581088,Asia-Pacific,P024,India
M0352,0.0972412767245786,0.0,0.5384615384615384,0.4403598560804684,Asia-Pacific,P024,India
M0214,0.3678354208569521,0.0,0.38461538461538464,1.051436926760126,Asia-Pacific,P024,India
M0869,-0.06380169921633566,0.34615384615384615,0.23076923076923078,0.37749562314649204,Asia-Pacific,P024,India
M0252,-0.04534417884295172,0.11538461538461539,0.2692307692307692,0.3253541613503845,Asia-Pacific,P024,India
M0393,0.4161731094414897,0.34615384615384615,0.11538461538461539,1.3840281754927903,Asia-Pacific,P024,India
M0119,0.7322388681100565,0.038461538461538464,0.34615384615384615,1.8030954989242185,Asia-Pacific,P024,India
M0868,0.0171008059329117,0.11538461538461539,0.6153846153846154,0.2788585887067535,Asia-Pacific,P024,India
M0705,0.1109736968059337,0.15384615384615385,0.3076923076923077,0.6274299716694045,Asia-Pacific,P025,Thailand
M0131,0.1794531741771617,0.4230769230769231,0.038461538461538464,0.9766236227527726,Asia-Pacific,P025,Thailand
M0032,-0.08320026545328008,0.3076923076923077,0.19230769230769232,0.3463751992284533,Asia-Pacific,P025,Thailand
M0811,0.3262705351113881,0.38461538461538464,0.11538461538461539,1.2177447015671143,Asia-Pacific,P025,Thailand
M0275,0.09748231219638134,0.46153846153846156,0.15384615384615385,0.7693463542706501,Asia-Pacific,P025,Thailand
M0620,0.7023517617198283,0.2692307692307692,0.23076923076923078,1.8704119344342367,Asia-Pacific,P025,Thailand
M0195,-0.1431552467800862,0.19230769230769232,0.0,0.28732587175763963,Asia-Pacific,P025,Thailand
M0853,0.1705272186821552,0.0,0.6153846153846154,0.5475950296077483,Asia-Pacific,P025,Thailand
M0537,-0.07056518960578606,0.0,0.38461538461538464,0.18386749979953668,Asia-Pacific,P025,Thailand
M0171,-0.00499300096380717,0.3076923076923077,0.19230769230769232,0.5011428478539203,Asia-Pacific,P025,Thailand
M0094,0.2171836510774879,0.0,0.5769230769230769,0.6588221395135889,Asia-Pacific,P025,Thailand
M0330,-0.09959823375284196,0.15384615384615385,0.11538461538461539,0.30520396894476387,Asia-Pacific,P025,Thailand
M0845,0.5075045950531295,0.46153846153846156,0.11538461538461539,1.599653445221936,Asia-Pacific,P025,Thailand
M0297,0.6988307532115852,0.11538461538461539,0.15384615384615385,1.8547234620676887,Asia-Pacific,P025,Thailand
M0478,-0.1958558767457846,0.5,0.2692307692307692,0.14378538281529268,Asia-Pacific,P025,Thailand
M0360,0.2330410381572057,0.46153846153846156,0.19230769230769232,1.0187124934292302,Asia-Pacific,P025,Thailand
M0438,0.1185494821973564,0.19230769230769232,0.3076923076923077,0.6540505281359238,Asia-Pacific,P025,Thailand
M0367,-0.2273156888806785,0.46153846153846156,0.038461538461538464,0.18328010836664116,Asia-Pacific,P025,Thailand
M0062,0.8090059789440989,0.4230769230769231,0.038461538461538464,2.2224721755104473,Asia-Pacific,P025,Thailand
M0095,-0.1106096562562026,0.34615384615384615,0.11538461538461539,0.3415555801953761,Asia-Pacific,P025,Thailand
M0145,0.316184015993036,0.07692307692307693,0.5,0.9157886243473153,Asia-Pacific,P025,Thailand
M0107,0.1349666043628948,0.0,0.6153846153846154,0.4772226326469792,Asia-Pacific,P025,Thailand
M0677,-0.2382094655775682,0.38461538461538464,0.07692307692307693,0.11956819206184574,Asia-Pacific,P025,Thailand
M0525,0.4830099985734505,0.4230769230769231,0.19230769230769232,1.501758078397201,Asia-Pacific,P025,Thailand
M0501,0.4495204327580716,0.11538461538461539,0.38461538461538464,1.2479723834974679,Asia-Pacific,P025,Thailand
M0298,0.07019215075330354,0.038461538461538464,0.5,0.41735644892829726,Asia-Pacific,P025,Thailand
M0202,0.1766587511058932,0.5,0.19230769230769232,0.9187637273756937,Asia-Pacific,P025,Thailand
M0025,-0.08651283268042365,0.38461538461538464,0.15384615384615385,0.3819735833819832,Asia-Pacific,P025,Thailand
M0153,0.41996045128808,0.4230769230769231,0.23076923076923078,1.358089943201187,Asia-Pacific,P025,Thailand
M0526,0.2229340859198372,0.2692307692307692,0.4230769230769231,0.8271884530315802,Asia-Pacific,P025,Thailand
M0866,0.7550224380934947,0.46153846153846156,0.07692307692307693,2.10837365794958,Asia-Pacific,P025,Thailand
M0468,0.1668845602108614,0.0,0.19230769230769232,0.7482504643821231,Asia-Pacific,P026,Indonesia
M0459,-0.02361587801801966,0.5,0.15384615384615385,0.5413285625759876,Asia-Pacific,P026,Indonesia
M0603,0.08076228305796482,0.11538461538461539,0.07692307692307693,0.6693952053526185,Asia-Pacific,P026,Indonesia
M0391,0.3626583940338648,0.0,0.38461538461538464,1.0411918904005173,Asia-Pacific,P026,Indonesia
M0798,0.9038134236880997,0.19230769230769232,0.5384615384615384,2.0946620174137744,Asia-Pacific,P026,Indonesia
M0304,0.3889702162721299,0.0,0.6153846153846154,0.9798810751099487,Asia-Pacific,P026,Indonesia
M0841,0.1779432240864796,0.15384615384615385,0.38461538461538464,0.7221653262388301,Asia-Pacific,P026,Indonesia
M0675,-0.002887518611005391,0.38461538461538464,0.038461538461538464,0.6041534325392195,Asia-Pacific,P026,Indonesia
M0856,0.2498973549261654,0.23076923076923078,0.038461538461538464,1.0578859992186358,Asia-Pacific,P026,Indonesia
M0727,-0.2329570777981899,0.5,0.038461538461538464,0.18374464208233254,Asia-Pacific,P026,Indonesia
M0266,0.6617120081250029,0.0,0.38461538461538464,1.6330016790175745,Asia-Pacific,P026,Indonesia
M0500,0.5171507544489823,0.07692307692307693,0.38461538461538464,1.3701803588992962,Asia-Pacific,P026,Indonesia
M0827,-0.1017470879339231,0.46153846153846156,0.3076923076923077,0.2994959803187027,Asia-Pacific,P026,Indonesia
M0301,0.3184761085619227,0.038461538461538464,0.3076923076923077,1.0031796838819618,Asia-Pacific,P026,Indonesia
M0735,1.0,0.46153846153846156,0.0,2.630963532745994,Asia-Pacific,P026,Indonesia
M0399,0.3143180502770525,0.0,0.23076923076923078,1.021116074217332,Asia-Pacific,P026,Indonesia
M0590,0.2983214087732289,0.0,0.4230769230769231,0.8949759899875036,Asia-Pacific,P026,Indonesia
M0129,0.3304750340424197,0.0,0.4230769230769231,0.958606152865364,Asia-Pacific,P026,Indonesia
M0696,1.0,0.038461538461538464,0.46153846153846156,2.2762890828488973,Asia-Pacific,P026,Indonesia
M0630,0.4360994300890866,0.3076923076923077,0.23076923076923078,1.355142500556392,Asia-Pacific,P026,Indonesia
M0282,1.0,0.2692307692307692,0.3076923076923077,2.4216471029585582,Asia-Pacific,P026,Indonesia
M0046,0.6936869909977883,0.5,0.038461538461538464,2.017519606294171,Asia-Pacific,P026,Indonesia
M0484,0.4188842885080842,0.0,0.5384615384615384,1.076872754920539,Asia-Pacific,P026,Indonesia
M0101,0.4367105317989312,0.5,0.0,1.5278748025210784,Asia-Pacific,P026,Indonesia
M0349,-0.04992781586173778,0.34615384615384615,0.23076923076923078,0.40495123507860536,Asia-Pacific,P026,Indonesia
M0394,0.7036460278004154,0.0,0.2692307692307692,1.7726768702810303,Asia-Pacific,P026,Indonesia
M0272,0.1740762064120801,0.0,0.4230769230769231,0.6491019276742942,Asia-Pacific,P026,Indonesia
M0082,0.09331896236453935,0.0,0.6538461538461539,0.37590762895350116,Asia-Pacific,P026,Indonesia
M0732,0.05833549744089295,0.0,0.6538461538461539,0.3066773772326644,Asia-Pacific,P026,Indonesia
M0566,0.1494486585860491,0.23076923076923078,0.5,0.632343068264215,Asia-Pacific,P026,Indonesia
M0748,0.5149781886497211,0.38461538461538464,0.038461538461538464,1.6289796854417935,Asia-Pacific,P026,Indonesia
M0287,0.2557567689770156,0.15384615384615385,0.46153846153846156,0.8383603638454653,Asia-Pacific,P027,Malaysia
M0184,-0.1575060113545865,0.23076923076923078,0.15384615384615385,0.19496812982253922,Asia-Pacific,P027,Malaysia
M0592,-0.04604953860295001,0.34615384615384615,0.19230769230769232,0.4315228526048388,Asia-Pacific,P027,Malaysia
M0265,0.2980536493688001,0.2692307692307692,0.2692307692307692,1.0514326455136784,Asia-Pacific,P027,Malaysia
M0031,0.3667459475359532,0.3076923076923077,0.5,1.0856188542503329,Asia-Pacific,P027,Malaysia
M0305,0.7350174219387621,0.23076923076923078,0.19230769230769232,1.942323600420899,Asia-Pacific,P027,Malaysia
M0699,-0.2044409523649007,0.46153846153846156,0.11538461538461539,0.1907544248746508,Asia-Pacific,P027,Malaysia
M0012,0.2845053659149211,0.0,0.46153846153846156,0.848738109685441,Asia-Pacific,P027,Malaysia
M0516,0.03042235860420711,0.15384615384615385,0.2692307692307692,0.48692026824066376,Asia-Pacific,P027,Malaysia
M0041,0.3626119636068785,0.07692307692307693,0.3076923076923077,1.1021505015524415,Asia-Pacific,P027,Malaysia
M0199,-0.02326117552986667,0.11538461538461539,0.4230769230769231,0.2934682209606745,Asia-Pacific,P027,Malaysia
M0215,0.0353920752916943,0.19230769230769232,0.11538461538461539,0.5839704910738551,Asia-Pacific,P027,Malaysia
M0009,-0.1415134383571929,0.23076923076923078,0.15384615384615385,0.22661650589648957,Asia-Pacific,P027,Malaysia
M0430,0.575476887292922,0.0,0.5769230769230769,1.3678637106445657,Asia-Pacific,P027,Malaysia
M0467,-0.1016224905265467,0.3076923076923077,0.3076923076923077,0.25322848827041566,Asia-Pacific,P027,Malaysia
M0382,1.0,0.07692307692307693,0.5384615384615384,2.2501241358980018,Asia-Pacific,P027,Malaysia
M0551,0.5112983969670888,0.3076923076923077,0.0,1.6173372905543875,Asia-Pacific,P027,Malaysia
M0416,-0.0748387546298535,0.4230769230769231,0.2692307692307692,0.3600142296605265,Asia-Pacific,P027,Malaysia
M0711,0.2815906418834778,0.07692307692307693,0.4230769230769231,0.8851238024901826,Asia-Pacific,P027,Malaysia
M0311,0.05748325707255439,0.0,0.6538461538461539,0.3049908428840655,Asia-Pacific,P027,Malaysia
M0254,0.05739655501422047,0.34615384615384615,0.5,0.4850628319678384,Asia-Pacific,P027,Malaysia
M0039,0.429140329047322,0.038461538461538464,0.2692307692307692,1.241074500695646,Asia-Pacific,P027,Malaysia
M0547,-0.08549651696211268,0.0,0.23076923076923078,0.22990619286234104,Asia-Pacific,P027,Malaysia
M0650,0.421737583920724,0.11538461538461539,0.11538461538461539,1.3252688536767814,Asia-Pacific,P027,Malaysia
M0720,-0.09574517924567683,0.11538461538461539,0.23076923076923078,0.24451023087606155,Asia-Pacific,P027,Malaysia
M0206,0.4308698621743849,0.0,0.5769230769230769,1.0816947799395114,Asia-Pacific,P027,Malaysia
M0237,-0.1350159136740207,0.2692307692307692,0.2692307692307692,0.1944130527568227,Asia-Pacific,P027,Malaysia
M0704,0.06077546633914399,0.07692307692307693,0.34615384615384615,0.4859368168801125,Asia-Pacific,P027,Malaysia
M0097,0.8634679902082176,0.038461538461538464,0.19230769230769232,2.138377259517628,Asia-Pacific,P027,Malaysia
M0118,-0.0710389367123284,0.0,0.5,0.12623978761289628,Asia-Pacific,P027,Malaysia
M0323,0.06779383829905783,0.0,0.5769230769230769,0.3631883489284633,Asia-Pacific,P027,Malaysia
M0626,-0.7052516281137773,0.0,0.5769230769230769,-1.1666238737378385,"Europe, Middle East, Africa",P001,Germany
M0517,-1.0,0.038461538461538464,0.6923076923076923,-1.7949755155971299,"Europe, Middle East, Africa",P001,Germany
M0014,-0.2960808676760148,0.0,0.5384615384615384,-0.3380018963549476,"Europe, Middle East, Africa",P001,Germany
M0424,-0.6161006471654669,0.0,0.3076923076923077,-0.8579221242812665,"Europe, Middle East, Africa",P001,Germany
M0538,-1.0,0.23076923076923078,0.4230769230769231,-1.6045558171731336,"Europe, Middle East, Africa",P001,Germany
M0607,-0.2331625513674682,0.38461538461538464,0.19230769230769232,0.07286554900288611,"Europe, Middle East, Africa",P001,Germany
M0307,-1.0,0.0,0.38461538461538464,-1.655430180465596,"Europe, Middle East, Africa",P001,Germany
M0770,-0.785430214779412,0.0,0.7692307692307693,-1.4197763116376922,"Europe, Middle East, Africa",P001,Germany
M0693,-0.177147925689941,0.038461538461538464,0.38461538461538464,-0.015425048541659651,"Europe, Middle East, Africa",P001,Germany
M0503,-1.0,0.0,0.6923076923076923,-1.8066040313731135,"Europe, Middle East, Africa",P001,Germany
M0045,-0.9874258585230192,0.34615384615384615,0.07692307692307693,-1.3747161895695328,"Europe, Middle East, Africa",P001,Germany
M0016,-0.6089085058684228,0.2692307692307692,0.5769230769230769,-0.8945668021546745,"Europe, Middle East, Africa",P001,Germany
M0557,-0.4598745208353793,0.19230769230769232,0.23076923076923078,-0.4528236233580791,"Europe, Middle East, Africa",P001,Germany
M0157,-0.4744186165168872,0.5,0.15384615384615385,-0.3507839577485451,"Europe, Middle East, Africa",P001,Germany
M0126,-0.5634639675452154,0.15384615384615385,0.2692307692307692,-0.6883463882389966,"Europe, Middle East, Africa",P001,Germany
M0797,-0.5520255251593544,0.0,0.46153846153846156,-0.806708092905615,"Europe, Middle East, Africa",P001,Germany
M0804,-0.3805912600925334,0.3076923076923077,0.46153846153846156,-0.3744214812945344,"Europe, Middle East, Africa",P001,Germany
M0787,-1.0,0.19230769230769232,0.46153846153846156,-1.635081064312557,"Europe, Middle East, Africa",P001,Germany
M0722,-0.1206344320223205,0.0,0.38461538461538464,0.08478336780936081,"Europe, Middle East, Africa",P001,Germany
M0115,-0.7019294961437427,0.0,0.5384615384615384,-1.1411528355400897,"Europe, Middle East, Africa",P001,Germany
M0253,-0.5996809637734676,0.34615384615384615,0.23076923076923078,-0.682978416753159,"Europe, Middle East, Africa",P001,Germany
M0504,-0.2300263069674843,0.11538461538461539,0.34615384615384615,-0.07791454078764345,"Europe, Middle East, Africa",P001,Germany
M0440,-0.4135046176350735,0.23076923076923078,0.19230769230769232,-0.33053502236464327,"Europe, Middle East, Africa",P001,Germany
M0236,-0.5720874099005172,0.23076923076923078,0.46153846153846156,-0.776638306672319,"Europe, Middle East, Africa",P001,Germany
M0613,-0.9256093163544075,0.38461538461538464,0.07692307692307693,-1.2407563157023729,"Europe, Middle East, Africa",P001,Germany
M0737,-0.3843193336643884,0.23076923076923078,0.15384615384615385,-0.25388230370136056,"Europe, Middle East, Africa",P002,Germany
M0269,-0.7355026153887635,0.0,0.4230769230769231,-1.1509019007243833,"Europe, Middle East, Africa",P002,Germany
M0540,-0.8098988465871069,0.0,0.38461538461538464,-1.279231003742532,"Europe, Middle East, Africa",P002,Germany
M0138,-0.1972725184728928,0.0,0.2692307692307692,-0.010188774234157066,"Europe, Middle East, Africa",P002,Germany
M0472,-0.8907369115967176,0.0,0.5384615384615384,-1.5147917797412633,"Europe, Middle East, Africa",P002,Germany
M0490,-0.4781537999621623,0.0,0.6153846153846154,-0.7361071509878581,"Europe, Middle East, Africa",P002,Germany
M0506,-0.4507075436629111,0.0,0.7307692307692307,-0.7384827928593257,"Europe, Middle East, Africa",P002,Germany
M0030,-1.0,0.19230769230769232,0.19230769230769232,-1.5028039447684791,"Europe, Middle East, Africa",P002,Germany
M0190,-0.2021767264088792,0.0,0.23076923076923078,-0.0009971864475668349,"Europe, Middle East, Africa",P002,Germany
M0611,-0.5114544969969441,0.5,0.07692307692307693,-0.38628235830431235,"Europe, Middle East, Africa",P002,Germany
M0050,-0.4642150198946794,0.23076923076923078,0.34615384615384615,-0.5064748980181523,"Europe, Middle East, Africa",P002,Germany
M0532,-1.0,0.11538461538461539,0.5769230769230769,-1.7150282899548435,"Europe, Middle East, Africa",P002,Germany
M0719,-0.2976305935140982,0.46153846153846156,0.0,0.06302771433261657,"Europe, Middle East, Africa",P002,Germany
M0350,-0.3456732658885832,0.15384615384615385,0.34615384615384615,-0.29514466135117357,"Europe, Middle East, Africa",P002,Germany
M0085,-0.6515391228519185,0.46153846153846156,0.038461538461538464,-0.6562335071030253,"Europe, Middle East, Africa",P002,Germany
M0702,-0.2696212544163222,0.19230769230769232,0.38461538461538464,-0.15191034925613747,"Europe, Middle East, Africa",P002,Germany
M0404,-0.1344791069627051,0.0,0.5769230769230769,-0.03709809917924013,"Europe, Middle East, Africa",P002,Germany
M0259,-0.1142807317535848,0.0,0.5769230769230769,0.0028733159773564193,"Europe, Middle East, Africa",P002,Germany
M0225,-0.6620594824022725,0.2692307692307692,0.38461538461538464,-0.905265850729231,"Europe, Middle East, Africa",P002,Germany
M0588,-0.3171475856718102,0.0,0.5769230769230769,-0.3985884429772233,"Europe, Middle East, Africa",P002,Germany
M0740,-0.9077835889944639,0.0,0.46153846153846156,-1.5107327046693981,"Europe, Middle East, Africa",P002,Germany
M0692,-0.1617150068070402,0.038461538461538464,0.6923076923076923,-0.13605804646670727,"Europe, Middle East, Africa",P002,Germany
M0181,-0.7786030116832898,0.11538461538461539,0.6153846153846154,-1.2957931991887741,"Europe, Middle East, Africa",P002,Germany
M0358,-0.1094130041886909,0.0,0.38461538461538464,0.10698992382903841,"Europe, Middle East, Africa",P002,Germany
M0662,-0.5811740214428488,0.07692307692307693,0.5384615384615384,-0.8789277106772377,"Europe, Middle East, Africa",P002,Germany
M0069,-0.7424072512168228,0.0,0.5384615384615384,-1.2212559693754568,"Europe, Middle East, Africa",P003,Germany
M0676,-0.8112881700330608,0.0,0.7307692307692307,-1.4520509766783354,"Europe, Middle East, Africa",P003,Germany
M0336,-0.3321646383689165,0.19230769230769232,0.4230769230769231,-0.29457681652084655,"Europe, Middle East, Africa",P003,Germany
M0211,-1.0,0.19230769230769232,0.6538461538461539,-1.7295647211297553,"Europe, Middle East, Africa",P003,Germany
M0327,-0.3718799414401961,0.07692307692307693,0.5,-0.4458501120415379,"Europe, Middle East, Africa",P003,Germany
M0289,-0.4404422565384906,0.11538461538461539,0.3076923076923077,-0.47541879162174594,"Europe, Middle East, Africa",P003,Germany
M0210,-0.3294545780530594,0.19230769230769232,0.34615384615384615,-0.25142030132746834,"Europe, Middle East, Africa",P003,Germany
M0708,-0.8302313851994795,0.038461538461538464,0.5769230769230769,-1.4023230615480073,"Europe, Middle East, Africa",P003,Germany
M0121,-0.3271205373747375,0.07692307692307693,0.46153846153846156,-0.33837711137231474,"Europe, Middle East, Africa",P003,Germany
M0840,-0.1978960939663049,0.0,0.8076923076923077,-0.27597703312195476,"Europe, Middle East, Africa",P003,Germany
M0320,-0.2743407423861643,0.2692307692307692,0.4230769230769231,-0.15688964252579762,"Europe, Middle East, Africa",P003,Germany
M0279,-0.372631596736154,0.15384615384615385,0.3076923076923077,-0.32959690598608926,"Europe, Middle East, Africa",P003,Germany
M0752,-0.7473737169912952,0.23076923076923078,0.15384615384615385,-0.9723459093199618,"Europe, Middle East, Africa",P003,Germany
M0586,-0.5201944774934858,0.0,0.5384615384615384,-0.7815097551560211,"Europe, Middle East, Africa",P003,Germany
M0790,-0.6730411945160636,0.2692307692307692,0.38461538461538464,-0.926998023217658,"Europe, Middle East, Africa",P003,Germany
M0725,-0.5463155071924979,0.34615384615384615,0.3076923076923077,-0.6151647304923267,"Europe, Middle East, Africa",P003,Germany
M0808,-0.5924457122206865,0.38461538461538464,0.2692307692307692,-0.6759284884015898,"Europe, Middle East, Africa",P003,Germany
M0165,-0.6930582120088539,0.38461538461538464,0.19230769230769232,-0.8372413378081691,"Europe, Middle East, Africa",P003,Germany
M0071,-0.3385632816313201,0.46153846153846156,0.15384615384615385,-0.09356263111257732,"Europe, Middle East, Africa",P003,Germany
M0629,-1.0,0.0,0.38461538461538464,-1.655430180465596,"Europe, Middle East, Africa",P003,Germany
M0823,-0.8274457817566381,0.07692307692307693,0.6538461538461539,-1.4229754605576614,"Europe, Middle East, Africa",P003,Germany
M0832,-0.6980219723707177,0.0,0.6153846153846154,-1.1712135349457231,"Europe, Middle East, Africa",P003,Germany
M0216,-0.5430812650256793,0.038461538461538464,0.7307692307692307,-0.9096565236959195,"Europe, Middle East, Africa",P003,Germany
M0847,-0.6652128462002219,0.23076923076923078,0.15384615384615385,-0.8097543027171399,"Europe, Middle East, Africa",P003,Germany
M0852,-0.2074292748425521,0.0,0.4230769230769231,-0.10587533251940934,"Europe, Middle East, Africa",P003,Germany
M0124,-0.3789208430480689,0.46153846153846156,0.23076923076923078,-0.2112213713875395,"Europe, Middle East, Africa",P004,Germany
M0156,-0.5710308055528565,0.38461538461538464,0.2692307692307692,-0.6335496279191339,"Europe, Middle East, Africa",P004,Germany
M0019,-0.2777863396180268,0.038461538461538464,0.6538461538461539,-0.34685976280179903,"Europe, Middle East, Africa",P004,Germany
M0326,-0.9112313706064272,0.0,0.5384615384615384,-1.5553491275974938,"Europe, Middle East, Africa",P004,Germany
M0507,-0.6915750008326322,0.19230769230769232,0.11538461538461539,-0.8546552649137795,"Europe, Middle East, Africa",P004,Germany
M0207,-0.3965930081901293,0.23076923076923078,0.34615384615384615,-0.3726548518222422,"Europe, Middle East, Africa",P004,Germany
M0209,-1.0,0.038461538461538464,0.19230769230769232,-1.5493180078724138,"Europe, Middle East, Africa",P004,Germany
M0136,-0.2962344790514083,0.11538461538461539,0.15384615384615385,-0.11445302341119332,"Europe, Middle East, Africa",P004,Germany
M0497,-0.1343359632054012,0.0,0.5384615384615384,-0.01791809460738486,"Europe, Middle East, Africa",P004,Germany
M0664,-0.4590064757063144,0.2692307692307692,0.4230769230769231,-0.5223324375682482,"Europe, Middle East, Africa",P004,Germany
M0599,-0.7510850593086102,0.0,0.5384615384615384,-1.238428849188556,"Europe, Middle East, Africa",P004,Germany
M0649,-0.4994666232676808,0.4230769230769231,0.15384615384615385,-0.42360954450930577,"Europe, Middle East, Africa",P004,Germany
M0839,-0.781757519110571,0.038461538461538464,0.2692307692307692,-1.1552222360385849,"Europe, Middle East, Africa",P004,Germany
M0739,-0.4139683606933374,0.2692307692307692,0.07692307692307693,-0.26313403316230205,"Europe, Middle East, Africa",P004,Germany
M0420,-0.3634218131625339,0.3076923076923077,0.3076923076923077,-0.2648572143891584,"Europe, Middle East, Africa",P004,Germany
M0280,-0.8670342349213634,0.15384615384615385,0.5769230769230769,-1.4402682231235635,"Europe, Middle East, Africa",P004,Germany
M0106,-0.3508001461562061,0.2692307692307692,0.5384615384615384,-0.36488857006999387,"Europe, Middle East, Africa",P004,Germany
M0558,-0.5558554283580479,0.15384615384615385,0.3076923076923077,-0.6921862610463985,"Europe, Middle East, Africa",P004,Germany
M0285,-0.8351696418550879,0.11538461538461539,0.38461538461538464,-1.2943548972005767,"Europe, Middle East, Africa",P004,Germany
M0234,-1.0,0.19230769230769232,0.0,-1.4083202879512808,"Europe, Middle East, Africa",P004,Germany
M0113,-0.7889223055060923,0.5,0.11538461538461539,-0.9542718187454013,"Europe, Middle East, Africa",P004,Germany
M0686,-0.6469235763923381,0.34615384615384615,0.23076923076923078,-0.776468812021115,"Europe, Middle East, Africa",P004,Germany
M0260,-0.1304194478401459,0.0,0.5,0.008729193917757672,"Europe, Middle East, Africa",P004,Germany
M0830,-0.3759587491302909,0.2692307692307692,0.34615384615384615,-0.3201923319845286,"Europe, Middle East, Africa",P004,Germany
M0802,-0.3890384818772824,0.3076923076923077,0.0,-0.16437726779449213,"Europe, Middle East, Africa",P004,Germany
M0535,-0.560537472394689,0.038461538461538464,0.34615384615384615,-0.7552340338199834,"Europe, Middle East, Africa",P005,Germany
M0408,-0.2446129617248316,0.07692307692307693,0.5,-0.19399612728973453,"Europe, Middle East, Africa",P005,Germany
M0679,-0.3452766709901812,0.23076923076923078,0.38461538461538464,-0.28999952281951735,"Europe, Middle East, Africa",P005,Germany
M0502,-0.6059559418134854,0.3076923076923077,0.4230769230769231,-0.8015084075985154,"Europe, Middle East, Africa",P005,Germany
M0332,-0.2668264492327449,0.0,0.7307692307692307,-0.3745927527535887,"Europe, Middle East, Africa",P005,Germany
M0222,-0.494497715860244,0.5,0.0,-0.31493240741849726,"Europe, Middle East, Africa",P005,Germany
M0384,-0.683999413390059,0.23076923076923078,0.19230769230769232,-0.8658285629034526,"Europe, Middle East, Africa",P005,Germany
M0637,-0.3855073899622758,0.19230769230769232,0.38461538461538464,-0.3812423022891397,"Europe, Middle East, Africa",P005,Germany
M0357,-1.0,0.038461538461538464,0.2692307692307692,-1.5871114705992933,"Europe, Middle East, Africa",P005,Germany
M0821,-0.8422331630630646,0.34615384615384615,0.34615384615384615,-1.2196653707101979,"Europe, Middle East, Africa",P005,Germany
M0709,-0.09069543882002076,0.0,0.46153846153846156,0.10623743931579394,"Europe, Middle East, Africa",P005,Germany
M0148,-0.7722517773826236,0.15384615384615385,0.4230769230769231,-1.1771123016184406,"Europe, Middle East, Africa",P005,Germany
M0606,-0.2554818375214446,0.0,0.7307692307692307,-0.35214242297171505,"Europe, Middle East, Africa",P005,Germany
M0373,-0.3338161166919925,0.19230769230769232,0.3076923076923077,-0.2411548024197766,"Europe, Middle East, Africa",P005,Germany
M0567,-0.05272779106638437,0.0,0.6538461538461539,0.08688955927111336,"Europe, Middle East, Africa",P005,Germany
M0098,-0.2162476527619667,0.07692307692307693,0.46153846153846156,-0.1189660916945837,"Europe, Middle East, Africa",P005,Germany
M0027,-0.4103246534703169,0.15384615384615385,0.38461538461538464,-0.441982745755359,"Europe, Middle East, Africa",P005,Germany
M0691,-0.3467483926177777,0.11538461538461539,0.3076923076923077,-0.29000405931647405,"Europe, Middle East, Africa",P005,Germany
M0873,-0.1274489928196857,0.0,0.38461538461538464,0.0712977465194682,"Europe, Middle East, Africa",P005,Germany
M0863,-0.4481658358399561,0.4230769230769231,0.23076923076923078,-0.3598817189689988,"Europe, Middle East, Africa",P005,Germany
M0060,-0.2247203592728858,0.2692307692307692,0.07692307692307693,0.11137680516084164,"Europe, Middle East, Africa",P005,Germany
M0644,-0.341437368586485,0.38461538461538464,0.23076923076923078,-0.16030077708081242,"Europe, Middle East, Africa",P005,Germany
M0764,-0.1575120683325406,0.0,0.46153846153846156,-0.025988802149583434,"Europe, Middle East, Africa",P005,Germany
M0223,-0.380704424204875,0.0,0.38461538461538464,-0.42988009000222693,"Europe, Middle East, Africa",P005,Germany
M0182,-0.384022073115624,0.34615384615384615,0.19230769230769232,-0.2373052263207045,"Europe, Middle East, Africa",P005,Germany
M0726,-1.0,0.19230769230769232,0.11538461538461539,-1.4650104820416,"Europe, Middle East, Africa",P006,Germany
M0819,-0.09119351660901433,0.0,0.5,0.0863550408440835,"Europe, Middle East, Africa",P006,Germany
M0263,-0.3618186132386565,0.4230769230769231,0.11538461538461539,-0.13231537041170244,"Europe, Middle East, Africa",P006,Germany
M0604,-0.6992971498117391,0.07692307692307693,0.34615384615384615,-1.0182028861792307,"Europe, Middle East, Africa",P006,Germany
M0155,-0.6326509683428441,0.19230769230769232,0.38461538461538464,-0.8703251355596087,"Europe, Middle East, Africa",P006,Germany
M0268,-0.6052599788996598,0.19230769230769232,0.5,-0.8728101473395652,"Europe, Middle East, Africa",P006,Germany
M0452,-0.4068823454293134,0.0,0.4230769230769231,-0.5005814119015546,"Europe, Middle East, Africa",P006,Germany
M0401,-0.8091120709286767,0.4230769230769231,0.0,-0.960793033094554,"Europe, Middle East, Africa",P006,Germany
M0584,-0.4413478561691518,0.11538461538461539,0.46153846153846156,-0.5527978463150127,"Europe, Middle East, Africa",P006,Germany
M0344,-0.5849670884338597,0.07692307692307693,0.23076923076923078,-0.7352601197458207,"Europe, Middle East, Africa",P006,Germany
M0444,-0.337934854348414,0.2692307692307692,0.15384615384615385,-0.15046158878233865,"Europe, Middle East, Africa",P006,Germany
M0768,-1.0,0.0,0.4230769230769231,-1.6743269118290356,"Europe, Middle East, Africa",P006,Germany
M0684,-1.0,0.23076923076923078,0.19230769230769232,-1.4911754289924954,"Europe, Middle East, Africa",P006,Germany
M0264,-0.9202590144052106,0.0,0.6153846153846154,-1.611007774747926,"Europe, Middle East, Africa",P006,Germany
M0299,-0.4738863297897612,0.38461538461538464,0.23076923076923078,-0.4224096031870625,"Europe, Middle East, Africa",P006,Germany
M0108,-1.0,0.38461538461538464,0.3076923076923077,-1.5013515599788798,"Europe, Middle East, Africa",P006,Germany
M0053,-0.5028197324588015,0.2692307692307692,0.34615384615384615,-0.571242873391855,"Europe, Middle East, Africa",P006,Germany
M0605,-0.4163900196462393,0.15384615384615385,0.23076923076923078,-0.3783988288101808,"Europe, Middle East, Africa",P006,Germany
M0125,-1.0,0.11538461538461539,0.2692307692307692,-1.563854439047326,"Europe, Middle East, Africa",P006,Germany
M0591,-1.0,0.0,0.34615384615384615,-1.6365334491021564,"Europe, Middle East, Africa",P006,Germany
M0763,-0.3389272773691361,0.0,0.7307692307692307,-0.5172761173676292,"Europe, Middle East, Africa",P006,Germany
M0313,-0.9506393718267321,0.0,0.6923076923076923,-1.7089222059452347,"Europe, Middle East, Africa",P006,Germany
M0083,-0.8287755423074976,0.0,0.5769230769230769,-1.41107054852659,"Europe, Middle East, Africa",P006,Germany
M0492,-0.3897701276239995,0.2692307692307692,0.38461538461538464,-0.3664209817790923,"Europe, Middle East, Africa",P006,Germany
M0092,-0.3351199719166969,0.5384615384615384,0.0,0.012095436468429033,"Europe, Middle East, Africa",P006,Germany
M0688,-0.5482998141190929,0.0,0.4230769230769231,-0.7804383950930439,"Europe, Middle East, Africa",P007,Germany
M0785,-0.8624703277976014,0.0,0.5769230769230769,-1.4777505782563702,"Europe, Middle East, Africa",P007,Germany
M0137,-0.424513519186802,0.038461538461538464,0.34615384615384615,-0.48605050551029655,"Europe, Middle East, Africa",P007,Germany
M0077,-0.6363704422144271,0.0,0.6538461538461539,-1.0681054574370212,"Europe, Middle East, Africa",P007,Germany
M0849,-0.4817288597030018,0.0,0.6153846153846154,-0.7431819872373702,"Europe, Middle East, Africa",P007,Germany
M0308,-0.3157459135757318,0.4230769230769231,0.11538461538461539,-0.041140165151607844,"Europe, Middle East, Africa",P007,Germany
M0549,-0.5390786901557207,0.4230769230769231,0.038461538461538464,-0.4453093374550616,"Europe, Middle East, Africa",P007,Germany
M0072,-1.0,0.15384615384615385,0.34615384615384615,-1.5900193859982217,"Europe, Middle East, Africa",P007,Germany
M0624,-0.7451661698277741,0.3076923076923077,0.38461538461538464,-1.0581006579176744,"Europe, Middle East, Africa",P007,Germany
M0258,-1.0,0.0,0.6538461538461539,-1.7877073000096737,"Europe, Middle East, Africa",P007,Germany
M0428,-1.0,0.34615384615384615,0.38461538461538464,-1.550773538481743,"Europe, Middle East, Africa",P007,Germany
M0048,-0.1718589994862893,0.0,0.5384615384615384,-0.09217401101605605,"Europe, Middle East, Africa",P007,Germany
M0087,-0.184532357721179,0.2692307692307692,0.38461538461538464,0.03973268264513481,"Europe, Middle East, Africa",P007,Germany
M0183,-0.5663569360027683,0.0,0.6923076923076923,-0.9484495134302398,"Europe, Middle East, Africa",P007,Germany
M0857,-0.7898352097046148,0.11538461538461539,0.5769230769230769,-1.2991243374229227,"Europe, Middle East, Africa",P007,Germany
M0648,-0.3396055311453884,0.038461538461538464,0.5769230769230769,-0.43140290109367774,"Europe, Middle East, Africa",P007,Germany
M0661,-0.1557411863935815,0.0,0.5769230769230769,-0.07917452340767725,"Europe, Middle East, Africa",P007,Germany
M0573,-0.4227203756484464,0.0,0.5384615384615384,-0.58861415085488,"Europe, Middle East, Africa",P007,Germany
M0187,-1.0,0.0,0.38461538461538464,-1.655430180465596,"Europe, Middle East, Africa",P007,Germany
M0002,-0.7498087299005035,0.5,0.2692307692307692,-0.9524552425509692,"Europe, Middle East, Africa",P007,Germany
M0813,-0.6805854699643278,0.038461538461538464,0.5384615384615384,-1.0872857276646075,"Europe, Middle East, Africa",P007,Germany
M0707,-0.9269378164407127,0.15384615384615385,0.46153846153846156,-1.5021237487501335,"Europe, Middle East, Africa",P007,Germany
M0509,-0.5376235969730754,0.2692307692307692,0.46153846153846156,-0.6968079003908043,"Europe, Middle East, Africa",P007,Germany
M0674,-1.0,0.0,0.46153846153846156,-1.6932236431924754,"Europe, Middle East, Africa",P007,Germany
M0765,-0.7620520838090576,0.3076923076923077,0.11538461538461539,-0.9592397845348075,"Europe, Middle East, Africa",P007,Germany
M0066,-0.4785190411242261,0.5,0.11538461538461539,-0.34000172928949046,"Europe, Middle East, Africa",P008,Germany
M0723,-0.8313567752499755,0.07692307692307693,0.34615384615384615,-1.2795412393470096,"Europe, Middle East, Africa",P008,Germany
M0198,-0.2340941927526949,0.3076923076923077,0.5,-0.10340899782070798,"Europe, Middle East, Africa",P008,Germany
M0383,-0.4085550824766477,0.0,0.6538461538461539,-0.617272049855978,"Europe, Middle East, Africa",P008,Germany
M0681,-0.2350971241045302,0.0,0.7307692307692307,-0.31180225528991984,"Europe, Middle East, Africa",P008,Germany
M0429,-0.5617412538569476,0.19230769230769232,0.34615384615384615,-0.7111021845370907,"Europe, Middle East, Africa",P008,Germany
M0328,-0.9908779039840239,0.34615384615384615,0.3076923076923077,-1.4949279758617853,"Europe, Middle East, Africa",P008,Germany
M0706,-0.7188929945391672,0.11538461538461539,0.6538461538461539,-1.1965272635275146,"Europe, Middle East, Africa",P008,Germany
M0322,-0.8888920962881637,0.0,0.4230769230769231,-1.4544508029606535,"Europe, Middle East, Africa",P008,Germany
M0824,-0.8195733101316095,0.0,0.38461538461538464,-1.2983762069953195,"Europe, Middle East, Africa",P008,Germany
M0226,-0.1381499129904757,0.07692307692307693,0.6153846153846154,-0.04000211159884266,"Europe, Middle East, Africa",P008,Germany
M0192,-0.9116905070311228,0.11538461538461539,0.23076923076923078,-1.3701983337648556,"Europe, Middle East, Africa",P008,Germany
M0680,-0.3292252439305796,0.46153846153846156,0.11538461538461539,-0.056186463763825745,"Europe, Middle East, Africa",P008,Germany
M0760,-0.3207187589937275,0.4230769230769231,0.19230769230769232,-0.08877460105847511,"Europe, Middle East, Africa",P008,Germany
M0842,-0.2330339849742369,0.34615384615384615,0.2692307692307692,0.023697995948893512,"Europe, Middle East, Africa",P008,Germany
M0335,-0.9329905837868082,0.0,0.5,-1.5795126193712685,"Europe, Middle East, Africa",P008,Germany
M0249,-0.7502420615592996,0.038461538461538464,0.46153846153846156,-1.1873386269450503,"Europe, Middle East, Africa",P008,Germany
M0423,-1.0,0.23076923076923078,0.34615384615384615,-1.5667623544462543,"Europe, Middle East, Africa",P008,Germany
M0319,-0.8733766251948201,0.0,0.6538461538461539,-1.5371269721137049,"Europe, Middle East, Africa",P008,Germany
M0565,-0.9195996465384096,0.46153846153846156,0.2692307692307692,-1.3000901523307808,"Europe, Middle East, Africa",P008,Germany
M0602,-0.8347149062591399,0.2692307692307692,0.3076923076923077,-1.2091474759522385,"Europe, Middle East, Africa",P008,Germany
M0364,-0.3055179911190311,0.0,0.8076923076923077,-0.48895453683174517,"Europe, Middle East, Africa",P008,Germany
M0073,-0.6271976852238471,0.07692307692307693,0.38461538461538464,-0.8944189513121671,"Europe, Middle East, Africa",P008,Germany
M0678,-0.1046979159686514,0.0,0.5769230769230769,0.02183715361989133,"Europe, Middle East, Africa",P008,Germany
M0221,-0.2486261541386974,0.07692307692307693,0.5769230769230769,-0.23973146546041205,"Europe, Middle East, Africa",P008,Germany
M0409,-0.1093122775234179,0.0,0.6538461538461539,-0.0250878634760211,"Europe, Middle East, Africa",P009,United Kingdom
M0081,-1.0,0.3076923076923077,0.23076923076923078,-1.486815128803968,"Europe, Middle East, Africa",P009,United Kingdom
M0174,-0.3256354797852877,0.4230769230769231,0.34615384615384615,-0.17409143230583363,"Europe, Middle East, Africa",P009,United Kingdom
M0789,-0.3178678306513603,0.0,0.7307692307692307,-0.4756006915470243,"Europe, Middle East, Africa",P009,United Kingdom
M0135,-0.5946150899926852,0.23076923076923078,0.2692307692307692,-0.7267356245204715,"Europe, Middle East, Africa",P009,United Kingdom
M0061,-0.2876503880800823,0.038461538461538464,0.5769230769230769,-0.3285866809035507,"Europe, Middle East, Africa",P009,United Kingdom
M0317,-0.3561557547845229,0.038461538461538464,0.2692307692307692,-0.312980984595006,"Europe, Middle East, Africa",P009,United Kingdom
M0037,-0.7943367754172765,0.5384615384615384,0.19230769230769232,-0.9911516881805135,"Europe, Middle East, Africa",P009,United Kingdom
M0179,-0.3735736474149851,0.0,0.6538461538461539,-0.5480458151144887,"Europe, Middle East, Africa",P009,United Kingdom
M0123,-0.6181405482958625,0.38461538461538464,0.038461538461538464,-0.6133966932145999,"Europe, Middle East, Africa",P009,United Kingdom
M0595,-0.2880052087517517,0.038461538461538464,0.38461538461538464,-0.23480519365329028,"Europe, Middle East, Africa",P009,United Kingdom
M0757,-0.2056464831737483,0.3076923076923077,0.34615384615384615,0.028474297913414874,"Europe, Middle East, Africa",P009,United Kingdom
M0353,-0.9393168601292436,0.46153846153846156,0.2692307692307692,-1.339109376501577,"Europe, Middle East, Africa",P009,United Kingdom
M0690,-1.0,0.07692307692307693,0.6153846153846154,-1.7455535370942667,"Europe, Middle East, Africa",P009,United Kingdom
M0372,-0.6921477551667141,0.4230769230769231,0.11538461538461539,-0.7860176179254894,"Europe, Middle East, Africa",P009,United Kingdom
M0562,-0.5601299235741136,0.19230769230769232,0.38461538461538464,-0.7268101865585548,"Europe, Middle East, Africa",P009,United Kingdom
M0281,-0.7449751965762789,0.38461538461538464,0.23076923076923078,-0.9588787759036104,"Europe, Middle East, Africa",P009,United Kingdom
M0331,-0.5743688849409484,0.34615384615384615,0.2692307692307692,-0.6517840095464883,"Europe, Middle East, Africa",P009,United Kingdom
M0104,-0.2038814742733291,0.0,0.5769230769230769,-0.17444136604611887,"Europe, Middle East, Africa",P009,United Kingdom
M0775,-0.09765760814409874,0.0,0.46153846153846156,0.09245970929731279,"Europe, Middle East, Africa",P009,United Kingdom
M0701,-0.2654649245375662,0.07692307692307693,0.38461538461538464,-0.1785707603841972,"Europe, Middle East, Africa",P009,United Kingdom
M0631,-1.0,0.23076923076923078,0.34615384615384615,-1.5667623544462543,"Europe, Middle East, Africa",P009,United Kingdom
M0421,-0.6906045702066711,0.0,0.5384615384615384,-1.1187414627657095,"Europe, Middle East, Africa",P009,United Kingdom
M0616,-0.4665777156869315,0.0,0.46153846153846156,-0.6376118249492808,"Europe, Middle East, Africa",P009,United Kingdom
M0643,-0.4294108567945447,0.2692307692307692,0.038461538461538464,-0.2747971075418889,"Europe, Middle East, Africa",P009,United Kingdom
M0359,-0.4965441355781377,0.2692307692307692,0.34615384615384615,-0.5588238304898699,"Europe, Middle East, Africa",P010,United Kingdom
M0589,-0.5331668776086743,0.0,0.5769230769230769,-0.8260781153120355,"Europe, Middle East, Africa",P010,United Kingdom
M0005,-1.0,0.3076923076923077,0.19230769230769232,-1.467918397440528,"Europe, Middle East, Africa",P010,United Kingdom
M0844,-0.5683783908166551,0.23076923076923078,0.5384615384615384,-0.807091835365403,"Europe, Middle East, Africa",P010,United Kingdom
M0548,-0.1445605763134257,0.0,0.38461538461538464,0.037434913458212496,"Europe, Middle East, Africa",P010,United Kingdom
M0074,-0.7628324977791349,0.0,0.7307692307692307,-1.3561600066225314,"Europe, Middle East, Africa",P010,United Kingdom
M0471,-0.4744924142718323,0.0,0.6538461538461539,-0.7477582120455736,"Europe, Middle East, Africa",P010,United Kingdom
M0130,-0.605917375975667,0.07692307692307693,0.46153846153846156,-0.8900999140575783,"Europe, Middle East, Africa",P010,United Kingdom
M0230,-0.3195105783619195,0.0,0.5384615384615384,-0.38436793734236174,"Europe, Middle East, Africa",P010,United Kingdom
M0105,-1.0,0.5,0.038461538461538464,-1.3341888931068513,"Europe, Middle East, Africa",P010,United Kingdom
M0489,-0.4368374267386291,0.07692307692307693,0.7307692307692307,-0.687777602922783,"Europe, Middle East, Africa",P010,United Kingdom
M0091,-0.889255252261861,0.23076923076923078,0.07692307692307693,-1.2153277906808744,"Europe, Middle East, Africa",P010,United Kingdom
M0635,-0.2909643765968402,0.0,0.6923076923076923,-0.40346358218159184,"Europe, Middle East, Africa",P010,United Kingdom
M0405,-1.0,0.0,0.4230769230769231,-1.6743269118290356,"Europe, Middle East, Africa",P010,United Kingdom
M0001,-0.1600447579496131,0.0,0.5384615384615384,-0.06879431099891992,"Europe, Middle East, Africa",P010,United Kingdom
M0204,-0.6443667012853015,0.4230769230769231,0.2692307692307692,-0.7670486040257068,"Europe, Middle East, Africa",P010,United Kingdom
M0617,-0.9600827381436734,0.0,0.5384615384615384,-1.6520231557102627,"Europe, Middle East, Africa",P010,United Kingdom
M0079,-0.3157671689317482,0.34615384615384615,0.038461538461538464,-0.0266457970956763,"Europe, Middle East, Africa",P010,United Kingdom
M0559,-0.2167699058132826,0.2692307692307692,0.5,-0.08075375273088817,"Europe, Middle East, Africa",P010,United Kingdom
M0673,-0.1545516182885036,0.0,0.5,-0.039026974270736356,"Europe, Middle East, Africa",P010,United Kingdom
M0004,-0.2189543430996023,0.0,0.6538461538461539,-0.24206316353845236,"Europe, Middle East, Africa",P010,United Kingdom
M0598,-0.818629728204344,0.23076923076923078,0.2692307692307692,-1.1700476242435904,"Europe, Middle East, Africa",P010,United Kingdom
M0292,-0.4732091152839217,0.34615384615384615,0.23076923076923078,-0.43269795066323363,"Europe, Middle East, Africa",P010,United Kingdom
M0407,-0.444724728988818,0.0,0.5769230769230769,-0.6510562235397982,"Europe, Middle East, Africa",P010,United Kingdom
M0514,-0.8120316127029136,0.0,0.6153846153846154,-1.3968320125901403,"Europe, Middle East, Africa",P010,United Kingdom
M0571,-0.4831326737324633,0.38461538461538464,0.3076923076923077,-0.4785010452606937,"Europe, Middle East, Africa",P011,United Kingdom
M0667,-0.2056912682868681,0.07692307692307693,0.4230769230769231,-0.07917888661540229,"Europe, Middle East, Africa",P011,United Kingdom
M0809,-0.7470417531085107,0.0,0.8076923076923077,-1.362704499849313,"Europe, Middle East, Africa",P011,United Kingdom
M0510,-1.0,0.07692307692307693,0.6538461538461539,-1.7644502684577064,"Europe, Middle East, Africa",P011,United Kingdom
M0666,-0.8978627424945442,0.2692307692307692,0.34615384615384615,-1.353010119289944,"Europe, Middle East, Africa",P011,United Kingdom
M0494,-0.4375845642666822,0.0,0.2692307692307692,-0.4857524000260631,"Europe, Middle East, Africa",P011,United Kingdom
M0371,-0.4784513547170473,0.3076923076923077,0.38461538461538464,-0.5302874802323752,"Europe, Middle East, Africa",P011,United Kingdom
M0329,-0.2581539283240301,0.23076923076923078,0.3076923076923077,-0.07979519631595092,"Europe, Middle East, Africa",P011,United Kingdom
M0286,-0.4298541642011984,0.2692307692307692,0.34615384615384615,-0.42684823814195055,"Europe, Middle East, Africa",P011,United Kingdom
M0028,-1.0,0.0,0.34615384615384615,-1.6365334491021564,"Europe, Middle East, Africa",P011,United Kingdom
M0333,-0.3665973709142606,0.038461538461538464,0.23076923076923078,-0.31474760703633703,"Europe, Middle East, Africa",P011,United Kingdom
M0816,-0.3144673524008883,0.0,0.6538461538461539,-0.4310778792326979,"Europe, Middle East, Africa",P011,United Kingdom
M0593,-0.6762523703903391,0.07692307692307693,0.3076923076923077,-0.9537018705152871,"Europe, Middle East, Africa",P011,United Kingdom
M0240,-0.6602153898076702,0.0,0.23076923076923078,-0.9074291832261362,"Europe, Middle East, Africa",P011,United Kingdom
M0149,-0.5251605026880557,0.15384615384615385,0.3076923076923077,-0.6314427802241325,"Europe, Middle East, Africa",P011,United Kingdom
M0865,-1.0,0.038461538461538464,0.34615384615384615,-1.6249049333261727,"Europe, Middle East, Africa",P011,United Kingdom
M0109,-1.0,0.19230769230769232,0.4230769230769231,-1.6161843329491172,"Europe, Middle East, Africa",P011,United Kingdom
M0054,-0.6462243268267749,0.07692307692307693,0.46153846153846156,-0.9698650362263497,"Europe, Middle East, Africa",P011,United Kingdom
M0531,-0.7194214012543897,0.0,0.5769230769230769,-1.1946650344259748,"Europe, Middle East, Africa",P011,United Kingdom
M0486,-0.5946042073725509,0.34615384615384615,0.23076923076923078,-0.672931809753883,"Europe, Middle East, Africa",P011,United Kingdom
M0378,-0.7636820322779231,0.15384615384615385,0.19230769230769232,-1.0467728840198558,"Europe, Middle East, Africa",P011,United Kingdom
M0020,-0.3618211588784016,0.0,0.7307692307692307,-0.5625817834362337,"Europe, Middle East, Africa",P011,United Kingdom
M0186,-0.4237123739368743,0.07692307692307693,0.5,-0.5484234951206626,"Europe, Middle East, Africa",P011,United Kingdom
M0355,-0.2905262537175082,0.11538461538461539,0.5,-0.27322735822331035,"Europe, Middle East, Africa",P011,United Kingdom
M0161,-0.8146046334695531,0.11538461538461539,0.4230769230769231,-1.2725546675774746,"Europe, Middle East, Africa",P011,United Kingdom
M0076,-0.6227437454166873,0.0,0.6923076923076923,-1.060035744753537,"Europe, Middle East, Africa",P012,United Kingdom
M0564,-0.4732157935988143,0.038461538461538464,0.3076923076923077,-0.5635327555965145,"Europe, Middle East, Africa",P012,United Kingdom
M0614,-0.3283888371113456,0.11538461538461539,0.38461538461538464,-0.2914650246201541,"Europe, Middle East, Africa",P012,United Kingdom
M0600,-0.2803812848199954,0.0,0.5384615384615384,-0.3069333308081514,"Europe, Middle East, Africa",P012,United Kingdom
M0640,-1.0,0.4230769230769231,0.07692307692307693,-1.3763426560222585,"Europe, Middle East, Africa",P012,United Kingdom
M0759,-0.3794121296044027,0.19230769230769232,0.23076923076923078,-0.2935932094714397,"Europe, Middle East, Africa",P012,United Kingdom
M0200,-0.2598026953524082,0.07692307692307693,0.6923076923076923,-0.31853938754829425,"Europe, Middle East, Africa",P012,United Kingdom
M0755,-0.9060908260612239,0.038461538461538464,0.6153846153846154,-1.5713412345045765,"Europe, Middle East, Africa",P012,United Kingdom
M0245,-0.3210469609640542,0.38461538461538464,0.19230769230769232,-0.10105260953252586,"Europe, Middle East, Africa",P012,United Kingdom
M0858,-0.3575963346099067,0.3076923076923077,0.2692307692307692,-0.2344321982353772,"Europe, Middle East, Africa",P012,United Kingdom
M0375,-0.5376693696323663,0.0,0.6923076923076923,-0.8916784804460627,"Europe, Middle East, Africa",P012,United Kingdom
M0687,-0.8507704778975369,0.0,0.6153846153846154,-1.47349398402884,"Europe, Middle East, Africa",P012,United Kingdom
M0402,-0.5664518738173588,0.07692307692307693,0.5,-0.8308967014997366,"Europe, Middle East, Africa",P012,United Kingdom
M0835,-0.6858560596677529,0.23076923076923078,0.5,-1.0206766093042363,"Europe, Middle East, Africa",P012,United Kingdom
M0102,-0.6761808995247031,0.0,0.6153846153846154,-1.1279913162694744,"Europe, Middle East, Africa",P012,United Kingdom
M0300,-0.703702663231234,0.0,0.46153846153846156,-1.1068683678220828,"Europe, Middle East, Africa",P012,United Kingdom
M0587,-0.2499225477942552,0.07692307692307693,0.2692307692307692,-0.09112310254270481,"Europe, Middle East, Africa",P012,United Kingdom
M0110,-0.9083323350430795,0.15384615384615385,0.6538461538461539,-1.5597882350432926,"Europe, Middle East, Africa",P012,United Kingdom
M0655,-0.580482019326819,0.038461538461538464,0.46153846153846156,-0.8513933316020896,"Europe, Middle East, Africa",P012,United Kingdom
M0580,-0.9167120587870721,0.07692307692307693,0.6923076923076923,-1.6185249861050666,"Europe, Middle East, Africa",P012,United Kingdom
M0619,-0.9877202849044793,0.038461538461538464,0.34615384615384615,-1.6006040880846133,"Europe, Middle East, Africa",P012,United Kingdom
M0622,-0.4553043609536416,0.038461538461538464,0.5769230769230769,-0.6603641869158118,"Europe, Middle East, Africa",P012,United Kingdom
M0628,-0.4750490449251146,0.0,0.8076923076923077,-0.8244466773361201,"Europe, Middle East, Africa",P012,United Kingdom
M0439,-0.2035384432460222,0.15384615384615385,0.38461538461538464,-0.032764807581681335,"Europe, Middle East, Africa",P012,United Kingdom
M0523,-0.347896618519673,0.19230769230769232,0.15384615384615385,-0.19343237489421264,"Europe, Middle East, Africa",P012,United Kingdom
M0793,-1.0,0.0,0.7692307692307693,-1.8443974940999928,"Europe, Middle East, Africa",P013,Austria
M0111,-0.7308526895442014,0.2692307692307692,0.19230769230769232,-0.9469199680723109,"Europe, Middle East, Africa",P013,Austria
M0779,-0.6416696911316807,0.11538461538461539,0.4230769230769231,-0.9303264287363643,"Europe, Middle East, Africa",P013,Austria
M0788,-0.7527590487608459,0.0,0.7307692307692307,-1.3362252342163317,"Europe, Middle East, Africa",P013,Austria
M0390,-0.2025766602776646,0.07692307692307693,0.3076923076923077,-0.016325063594686936,"Europe, Middle East, Africa",P013,Austria
M0481,-0.3004809589715847,0.3076923076923077,0.11538461538461539,-0.04581725108047299,"Europe, Middle East, Africa",P013,Austria
M0276,-0.1665812587962199,0.2692307692307692,0.38461538461538464,0.07525686814113863,"Europe, Middle East, Africa",P013,Austria
M0487,-0.6060891189573187,0.0,0.5769230769230769,-0.9703870091175161,"Europe, Middle East, Africa",P013,Austria
M0576,-0.4541580188660839,0.0,0.8076923076923077,-0.7831045462484799,"Europe, Middle East, Africa",P013,Austria
M0654,-0.5920041930534337,0.3076923076923077,0.2692307692307692,-0.6983117790832571,"Europe, Middle East, Africa",P013,Austria
M0465,-0.3583794909792833,0.0,0.46153846153846156,-0.4234938023747071,"Europe, Middle East, Africa",P013,Austria
M0689,-1.0,0.19230769230769232,0.4230769230769231,-1.6161843329491172,"Europe, Middle East, Africa",P013,Austria
M0670,-0.7912025346941376,0.15384615384615385,0.5,-1.2524082159132264,"Europe, Middle East, Africa",P013,Austria
M0761,-0.4909751522741143,0.0,0.5769230769230769,-0.7425831335592806,"Europe, Middle East, Africa",P013,Austria
M0543,-0.4619682798074796,0.11538461538461539,0.3076923076923077,-0.5180175454248144,"Europe, Middle East, Africa",P013,Austria
M0715,-0.7610749956733827,0.34615384615384615,0.11538461538461539,-0.9456776679067109,"Europe, Middle East, Africa",P013,Austria
M0127,-0.5677601602266269,0.0,0.5384615384615384,-0.8756394874760172,"Europe, Middle East, Africa",P013,Austria
M0262,-0.9072242163706485,0.07692307692307693,0.38461538461538464,-1.4485752443528246,"Europe, Middle East, Africa",P013,Austria
M0659,-0.3525171848571553,0.3076923076923077,0.19230769230769232,-0.18658739220450377,"Europe, Middle East, Africa",P013,Austria
M0220,-0.3822243293518056,0.0,0.34615384615384615,-0.4139911629298562,"Europe, Middle East, Africa",P013,Austria
M0274,-0.7444976632025497,0.34615384615384615,0.15384615384615385,-0.9317688180528358,"Europe, Middle East, Africa",P013,Austria
M0003,-0.1040325138134919,0.0,0.6923076923076923,-0.03353624812873654,"Europe, Middle East, Africa",P013,Austria
M0415,-0.3131549002336712,0.07692307692307693,0.11538461538461539,-0.14066934173789641,"Europe, Middle East, Africa",P013,Austria
M0412,-0.745805007214537,0.038461538461538464,0.3076923076923077,-1.1029710278256788,"Europe, Middle East, Africa",P013,Austria
M0713,-0.7803677306896426,0.0,0.34615384615384615,-1.201893903718047,"Europe, Middle East, Africa",P013,Austria
M0703,-1.0,0.19230769230769232,0.34615384615384615,-1.578390870222238,"Europe, Middle East, Africa",P014,Austria
M0238,-0.2799817721263521,0.15384615384615385,0.34615384615384615,-0.16514499839603264,"Europe, Middle East, Africa",P014,Austria
M0718,-0.3964142475254328,0.0,0.5384615384615384,-0.5365558462892331,"Europe, Middle East, Africa",P014,Austria
M0754,-0.3320738629380761,0.34615384615384615,0.2692307692307692,-0.17229618864095161,"Europe, Middle East, Africa",P014,Austria
M0545,-0.3805695543376494,0.038461538461538464,0.34615384615384615,-0.3990879432038373,"Europe, Middle East, Africa",P014,Austria
M0400,-0.5372935607508635,0.0,0.3076923076923077,-0.7019674627925773,"Europe, Middle East, Africa",P014,Austria
M0694,-0.7201569115834608,0.07692307692307693,0.34615384615384615,-1.0594831470523283,"Europe, Middle East, Africa",P014,Austria
M0068,-0.3958431104611911,0.0,0.5,-0.5165288677415636,"Europe, Middle East, Africa",P014,Austria
M0337,-0.706222750152306,0.0,0.5769230769230769,-1.1685456680291053,"Europe, Middle East, Africa",P014,Austria
M0166,-0.4056693788149024,0.07692307692307693,0.38461538461538464,-0.4560272582807695,"Europe, Middle East, Africa",P014,Austria
M0366,-0.3831536663555579,0.19230769230769232,0.23076923076923078,-0.3009974940862022,"Europe, Middle East, Africa",P014,Austria
M0321,-0.8391162464182662,0.0,0.6538461538461539,-1.4693276660149879,"Europe, Middle East, Africa",P014,Austria
M0414,-0.3073595915938735,0.4230769230769231,0.038461538461538464,0.013249343252370732,"Europe, Middle East, Africa",P014,Austria
M0860,-0.3423676117605407,0.0,0.6153846153846154,-0.4673941458601969,"Europe, Middle East, Africa",P014,Austria
M0232,-0.441366242754491,0.19230769230769232,0.38461538461538464,-0.4917837380240634,"Europe, Middle East, Africa",P014,Austria
M0542,-0.4886340800876394,0.0,0.4230769230769231,-0.6623633617845519,"Europe, Middle East, Africa",P014,Austria
M0291,-0.5048060946914628,0.4230769230769231,0.07692307692307693,-0.39638258660210135,"Europe, Middle East, Africa",P014,Austria
M0609,-1.0,0.23076923076923078,0.3076923076923077,-1.5478656230828145,"Europe, Middle East, Africa",P014,Austria
M0392,-1.0,0.0,0.5,-1.712120374555915,"Europe, Middle East, Africa",P014,Austria
M0522,-0.2416040251252321,0.15384615384615385,0.34615384615384615,-0.08919765895538626,"Europe, Middle East, Africa",P014,Austria
M0150,-0.3170566424211977,0.0,0.8846153846153846,-0.5495823224569261,"Europe, Middle East, Africa",P014,Austria
M0051,-0.6985038871532754,0.38461538461538464,0.3076923076923077,-0.9047082077326585,"Europe, Middle East, Africa",P014,Austria
M0524,-0.6775382461243101,0.5384615384615384,0.15384615384615385,-0.741117429381648,"Europe, Middle East, Africa",P014,Austria
M0120,-0.3329688330403614,0.038461538461538464,0.19230769230769232,-0.22930194614018873,"Europe, Middle East, Africa",P014,Austria
M0601,-0.1902727179416086,0.0,0.5384615384615384,-0.1286136937793464,"Europe, Middle East, Africa",P014,Austria
M0406,-0.620396640681708,0.0,0.46153846153846156,-0.9420105721876919,"Europe, Middle East, Africa",P015,Hungary
M0100,-0.253710583415508,0.0,0.46153846153846156,-0.2163600940985102,"Europe, Middle East, Africa",P015,Hungary
M0160,-0.85039585416025,0.23076923076923078,0.23076923076923078,-1.2140142170512418,"Europe, Middle East, Africa",P015,Hungary
M0103,-0.3833006923168515,0.038461538461538464,0.46153846153846156,-0.4611829012361263,"Europe, Middle East, Africa",P015,Hungary
M0306,-0.1068096824551632,0.0,0.7692307692307693,-0.07682556681367347,"Europe, Middle East, Africa",P015,Hungary
M0247,-0.7023718533268885,0.0,0.19230769230769232,-0.9719576525243677,"Europe, Middle East, Africa",P015,Hungary
M0139,-0.4384564020395859,0.038461538461538464,0.6538461538461539,-0.6648165143621207,"Europe, Middle East, Africa",P015,Hungary
M0533,-1.0,0.0,0.5769230769230769,-1.7499138372827945,"Europe, Middle East, Africa",P015,Hungary
M0397,-0.8721375321259857,0.07692307692307693,0.3076923076923077,-1.3413472648446858,"Europe, Middle East, Africa",P015,Hungary
M0795,-0.4687646458590393,0.34615384615384615,0.34615384615384615,-0.48059279707367814,"Europe, Middle East, Africa",P015,Hungary
M0730,-0.5764982723090359,0.07692307692307693,0.5769230769230769,-0.8885714052067374,"Europe, Middle East, Africa",P015,Hungary
M0018,-0.5256359660728683,0.0,0.46153846153846156,-0.7544846832934804,"Europe, Middle East, Africa",P015,Hungary
M0766,-0.1845285636180481,0.11538461538461539,0.34615384615384615,0.012122859215076904,"Europe, Middle East, Africa",P015,Hungary
M0052,-0.8727588948112408,0.23076923076923078,0.2692307692307692,-1.2771661111577213,"Europe, Middle East, Africa",P015,Hungary
M0521,-0.2519424423322999,0.038461538461538464,0.46153846153846156,-0.20123252948515108,"Europe, Middle East, Africa",P015,Hungary
M0846,-0.5640090893602286,0.3076923076923077,0.07692307692307693,-0.5484274328300197,"Europe, Middle East, Africa",P015,Hungary
M0341,-0.8727884602533195,0.038461538461538464,0.19230769230769232,-1.2975737356089465,"Europe, Middle East, Africa",P015,Hungary
M0290,-0.855838136472196,0.11538461538461539,0.5769230769230769,-1.4297403082652789,"Europe, Middle East, Africa",P015,Hungary
M0314,-0.4891568928059038,0.4230769230769231,0.0,-0.3276202593521674,"Europe, Middle East, Africa",P015,Hungary
M0574,-0.2911054863012836,0.0,0.6153846153846154,-0.3659493673902784,"Europe, Middle East, Africa",P015,Hungary
M0241,-0.7383673099918826,0.11538461538461539,0.46153846153846156,-1.1405821495283308,"Europe, Middle East, Africa",P015,Hungary
M0433,-0.6200425809796819,0.34615384615384615,0.23076923076923078,-0.7232728783711307,"Europe, Middle East, Africa",P015,Hungary
M0786,-0.9953525683757447,0.3076923076923077,0.038461538461538464,-1.3831344738648055,"Europe, Middle East, Africa",P015,Hungary
M0875,-0.1275985777851088,0.038461538461538464,0.4230769230769231,0.06373351094564159,"Europe, Middle East, Africa",P015,Hungary
M0346,-1.0,0.38461538461538464,0.0,-1.3501777090713625,"Europe, Middle East, Africa",P015,Hungary
M0447,-0.3628544094260011,0.0,0.5769230769230769,-0.489039600996271,"Europe, Middle East, Africa",P016,South Africa
M0239,-0.5011819329185898,0.038461538461538464,0.2692307692307692,-0.5999793948509856,"Europe, Middle East, Africa",P016,South Africa
M0426,-0.649671390979199,0.0,0.5,-1.0188403395320824,"Europe, Middle East, Africa",P016,South Africa
M0552,-0.9760385278054178,0.0,0.5769230769230769,-1.7024954710559694,"Europe, Middle East, Africa",P016,South Africa
M0632,-0.2183649435300152,0.11538461538461539,0.46153846153846156,-0.11152757176829997,"Europe, Middle East, Africa",P016,South Africa
M0578,-0.2366487898124595,0.038461538461538464,0.3076923076923077,-0.09538035111861143,"Europe, Middle East, Africa",P016,South Africa
M0822,-0.3348573440272062,0.23076923076923078,0.2692307692307692,-0.21269008389502267,"Europe, Middle East, Africa",P016,South Africa
M0425,-0.5666953174023303,0.4230769230769231,0.2692307692307692,-0.6133414320957701,"Europe, Middle East, Africa",P016,South Africa
M0010,-1.0,0.0,0.46153846153846156,-1.6932236431924754,"Europe, Middle East, Africa",P016,South Africa
M0457,-0.6619138382491965,0.0,0.6923076923076923,-1.1375510907217457,"Europe, Middle East, Africa",P016,South Africa
M0646,-1.0,0.11538461538461539,0.38461538461538464,-1.620544633137645,"Europe, Middle East, Africa",P016,South Africa
M0769,-0.4256271100782299,0.15384615384615385,0.2692307692307692,-0.415575227358405,"Europe, Middle East, Africa",P016,South Africa
M0834,-0.4606574516918264,0.3076923076923077,0.3076923076923077,-0.4572809135942382,"Europe, Middle East, Africa",P016,South Africa
M0820,-0.1472654072619803,0.0,0.5384615384615384,-0.04350471584690695,"Europe, Middle East, Africa",P016,South Africa
M0469,-0.6819592607513951,0.5384615384615384,0.038461538461538464,-0.6931761672842751,"Europe, Middle East, Africa",P016,South Africa
M0218,-0.7144492785477298,0.11538461538461539,0.5384615384615384,-1.1310432127584884,"Europe, Middle East, Africa",P016,South Africa
M0389,-0.5717105329942771,0.19230769230769232,0.19230769230769232,-0.6552438853260143,"Europe, Middle East, Africa",P016,South Africa
M0078,-0.2920661180997342,0.038461538461538464,0.7692307692307693,-0.43180881178153674,"Europe, Middle East, Africa",P016,South Africa
M0621,-0.4031631873878687,0.0,0.5,-0.5310148761845763,"Europe, Middle East, Africa",P016,South Africa
M0270,-0.9258647199209489,0.0,0.8076923076923077,-1.7165847982391933,"Europe, Middle East, Africa",P016,South Africa
M0235,-0.5642227188467738,0.038461538461538464,0.46153846153846156,-0.8192171172821241,"Europe, Middle East, Africa",P016,South Africa
M0453,-0.4339522281038789,0.0,0.5384615384615384,-0.6108413365975734,"Europe, Middle East, Africa",P016,South Africa
M0800,-0.9523932455963365,0.11538461538461539,0.4230769230769231,-1.5452303537229637,"Europe, Middle East, Africa",P016,South Africa
M0572,-0.8800623543564435,0.0,0.5384615384615384,-1.4936674489648358,"Europe, Middle East, Africa",P016,South Africa
M0731,-0.5428780365976517,0.0,0.6538461538461539,-0.88308939945184,"Europe, Middle East, Africa",P016,South Africa
M0293,-0.5134394168183796,0.34615384615384615,0.15384615384615385,-0.47451792554507743,"Europe, Middle East, Africa",P017,Netherlands
M0379,-0.6465719194197429,0.5,0.11538461538461539,-0.6725686460372291,"Europe, Middle East, Africa",P017,Netherlands
M0132,-1.0,0.0,0.46153846153846156,-1.6932236431924754,"Europe, Middle East, Africa",P017,Netherlands
M0556,-0.2403553376200936,0.3076923076923077,0.23076923076923078,0.016477678518939103,"Europe, Middle East, Africa",P017,Netherlands
M0803,-0.2674929521921672,0.4230769230769231,0.038461538461538464,0.09214311455454947,"Europe, Middle East, Africa",P017,Netherlands
M0493,-0.2691023301249118,0.0,0.4230769230769231,-0.2279227383698473,"Europe, Middle East, Africa",P017,Netherlands
M0080,-0.748511045365058,0.0,0.6538461538461539,-1.290025218706781,"Europe, Middle East, Africa",P017,Netherlands
M0520,-0.3319818981100711,0.0,0.6923076923076923,-0.4846348825523106,"Europe, Middle East, Africa",P017,Netherlands
M0036,-0.6942714661771416,0.0,0.46153846153846156,-1.0882045748699358,"Europe, Middle East, Africa",P017,Netherlands
M0792,-0.439399366891249,0.11538461538461539,0.11538461538461539,-0.378871316570614,"Europe, Middle East, Africa",P017,Netherlands
M0067,-0.4808124548859495,0.19230769230769232,0.4230769230769231,-0.5887422394624424,"Europe, Middle East, Africa",P017,Netherlands
M0799,-0.9162728388823731,0.34615384615384615,0.38461538461538464,-1.3850823340028422,"Europe, Middle East, Africa",P017,Netherlands
M0638,-1.0,0.07692307692307693,0.6153846153846154,-1.7455535370942667,"Europe, Middle East, Africa",P017,Netherlands
M0143,-0.782586311495694,0.4230769230769231,0.2692307692307692,-1.0405772104260815,"Europe, Middle East, Africa",P017,Netherlands
M0278,-0.5423432045402757,0.2692307692307692,0.038461538461538464,-0.49828368552740343,"Europe, Middle East, Africa",P017,Netherlands
M0710,-0.3557163972697674,0.15384615384615385,0.6538461538461539,-0.46619328781629593,"Europe, Middle East, Africa",P017,Netherlands
M0550,-0.8497226881915032,0.0,0.5384615384615384,-1.4336270061353658,"Europe, Middle East, Africa",P017,Netherlands
M0417,-0.5200404969805196,0.19230769230769232,0.038461538461538464,-0.477404950030908,"Europe, Middle East, Africa",P017,Netherlands
M0026,-0.4230116250123531,0.07692307692307693,0.34615384615384615,-0.47144982811504244,"Europe, Middle East, Africa",P017,Netherlands
M0122,-0.3646338998224874,0.38461538461538464,0.15384615384615385,-0.16841190670988396,"Europe, Middle East, Africa",P017,Netherlands
M0833,-0.18680768157141,0.2692307692307692,0.2692307692307692,0.09192014256541914,"Europe, Middle East, Africa",P017,Netherlands
M0348,-0.5738972966243246,0.3076923076923077,0.23076923076923078,-0.6435825479829769,"Europe, Middle East, Africa",P017,Netherlands
M0776,-0.3156742991117266,0.11538461538461539,0.38461538461538464,-0.26630369002539855,"Europe, Middle East, Africa",P017,Netherlands
M0568,-0.6694856361573328,0.15384615384615385,0.4230769230769231,-0.9737440577656999,"Europe, Middle East, Africa",P017,Netherlands
M0762,-0.2203392900766504,0.07692307692307693,0.4230769230769231,-0.10816647369210367,"Europe, Middle East, Africa",P017,Netherlands
M0213,-0.2908376293652278,0.07692307692307693,0.15384615384615385,-0.11540148610812215,"Europe, Middle East, Africa",P018,Netherlands
M0491,-0.6168252763397141,0.15384615384615385,0.3076923076923077,-0.8128420603608573,"Europe, Middle East, Africa",P018,Netherlands
M0248,-0.140045326899039,0.3076923076923077,0.46153846153846156,0.10160499412050791,"Europe, Middle East, Africa",P018,Netherlands
M0871,-0.5948451940321622,0.0,0.7307692307692307,-1.0237228581099318,"Europe, Middle East, Africa",P018,Netherlands
M0536,-0.822605698198545,0.0,0.34615384615384615,-1.2854803960566406,"Europe, Middle East, Africa",P018,Netherlands
M0411,-0.7395589841874383,0.38461538461538464,0.038461538461538464,-0.8536767483397938,"Europe, Middle East, Africa",P018,Netherlands
M0396,-0.4679124560090641,0.19230769230769232,0.3076923076923077,-0.5065236944384903,"Europe, Middle East, Africa",P018,Netherlands
M0227,-0.7179139584332045,0.0,0.6923076923076923,-1.2483720864463705,"Europe, Middle East, Africa",P018,Netherlands
M0063,-0.2813593911817331,0.07692307692307693,0.15384615384615385,-0.09664460148432807,"Europe, Middle East, Africa",P018,Netherlands
M0499,-0.5693087332556709,0.5769230769230769,0.15384615384615385,-0.5153089735719135,"Europe, Middle East, Africa",P018,Netherlands
M0185,-0.4241715738809964,0.0,0.2692307692307692,-0.45920886859608956,"Europe, Middle East, Africa",P018,Netherlands
M0541,-0.3194616408865599,0.0,0.7692307692307693,-0.49765148109249197,"Europe, Middle East, Africa",P018,Netherlands
M0780,-0.2215317041860763,0.11538461538461539,0.19230769230769232,0.014482711776620902,"Europe, Middle East, Africa",P018,Netherlands
M0205,-0.2881761364644219,0.0,0.6538461538461539,-0.3790490850208889,"Europe, Middle East, Africa",P018,Netherlands
M0657,-0.7608338017125178,0.11538461538461539,0.6153846153846154,-1.2606289614026696,"Europe, Middle East, Africa",P018,Netherlands
M0033,-0.9650039251565037,0.34615384615384615,0.34615384615384615,-1.4626216010961335,"Europe, Middle East, Africa",P018,Netherlands
M0463,-0.3451188306656402,0.0,0.3076923076923077,-0.32166479788441793,"Europe, Middle East, Africa",P018,Netherlands
M0380,-0.2653050115071847,0.34615384615384615,0.34615384615384615,-0.07795795995989063,"Europe, Middle East, Africa",P018,Netherlands
M0273,-0.7802998459999344,0.0,0.5769230769230769,-1.3151399520279274,"Europe, Middle East, Africa",P018,Netherlands
M0855,-0.3912877826924609,0.3076923076923077,0.23076923076923078,-0.28220889206539623,"Europe, Middle East, Africa",P018,Netherlands
M0585,-0.5083330858601527,0.19230769230769232,0.2692307692307692,-0.5676170494033533,"Europe, Middle East, Africa",P018,Netherlands
M0163,-0.5564743670113668,0.0,0.5769230769230769,-0.8722022874559575,"Europe, Middle East, Africa",P018,Netherlands
M0612,-0.3230357862887442,0.038461538461538464,0.34615384615384615,-0.2852319471449206,"Europe, Middle East, Africa",P018,Netherlands
M0771,-0.3552804512893986,0.0,0.5384615384615384,-0.45515444497379626,"Europe, Middle East, Africa",P018,Netherlands
M0579,-0.7076988332897409,0.0,0.5769230769230769,-1.1714667511004517,"Europe, Middle East, Africa",P018,Netherlands
M0529,-0.607538247610715,0.38461538461538464,0.11538461538461539,-0.6302088167043636,"Europe, Middle East, Africa",P019,Italy
M0736,-0.4825552626912863,0.07692307692307693,0.4230769230769231,-0.6270767025375281,"Europe, Middle East, Africa",P019,Italy
M0460,-0.3529091406288329,0.0,0.6153846153846154,-0.4882552211901321,"Europe, Middle East, Africa",P019,Italy
M0627,-0.359754573138205,0.3076923076923077,0.15384615384615385,-0.18201303324162735,"Europe, Middle East, Africa",P019,Italy
M0058,-0.7342953083762793,0.0,0.8461538461538461,-1.356376755041393,"Europe, Middle East, Africa",P019,Italy
M0563,-0.2706220023013798,0.19230769230769232,0.6538461538461539,-0.2861678909265783,"Europe, Middle East, Africa",P019,Italy
M0152,-0.6272549443380634,0.3076923076923077,0.11538461538461539,-0.6924840495842128,"Europe, Middle East, Africa",P019,Italy
M0750,-0.6584965359725087,0.0,0.3076923076923077,-0.9418211337260455,"Europe, Middle East, Africa",P019,Italy
M0377,-0.5327511180692434,0.15384615384615385,0.5,-0.740947825423031,"Europe, Middle East, Africa",P019,Italy
M0618,-0.8818709668647229,0.38461538461538464,0.38461538461538464,-1.3053745051957442,"Europe, Middle East, Africa",P019,Italy
M0443,-0.1816084952842141,0.0,0.5384615384615384,-0.11146769875438373,"Europe, Middle East, Africa",P019,Italy
M0597,-0.3543933750034729,0.0,0.7307692307692307,-0.5478826291783115,"Europe, Middle East, Africa",P019,Italy
M0721,-0.8259311820531545,0.19230769230769232,0.34615384615384615,-1.233918757196548,"Europe, Middle East, Africa",P019,Italy
M0114,-0.13736384120927,0.19230769230769232,0.5384615384615384,0.034232489001472285,"Europe, Middle East, Africa",P019,Italy
M0738,-0.4505295278023475,0.0,0.6538461538461539,-0.7003370470505955,"Europe, Middle East, Africa",P019,Italy
M0255,-0.8405399348221777,0.0,0.6923076923076923,-1.4910417943055172,"Europe, Middle East, Africa",P019,Italy
M0756,-0.8902888032364419,0.038461538461538464,0.3076923076923077,-1.38889609528283,"Europe, Middle East, Africa",P019,Italy
M0512,-0.5751801154689915,0.11538461538461539,0.2692307692307692,-0.7231604824513038,"Europe, Middle East, Africa",P019,Italy
M0734,-1.0,0.0,0.6538461538461539,-1.7877073000096737,"Europe, Middle East, Africa",P019,Italy
M0347,-1.0,0.23076923076923078,0.23076923076923078,-1.5100721603559353,"Europe, Middle East, Africa",P019,Italy
M0641,-0.2606978921093817,0.34615384615384615,0.3076923076923077,-0.04994400603676501,"Europe, Middle East, Africa",P019,Italy
M0451,-0.8127236627035919,0.2692307692307692,0.11538461538461539,-1.0711444213187382,"Europe, Middle East, Africa",P019,Italy
M0413,-0.2990508998639168,0.46153846153846156,0.19230769230769232,-0.034266646522425226,"Europe, Middle East, Africa",P019,Italy
M0864,-0.2605630249820342,0.11538461538461539,0.5,-0.21393186327295904,"Europe, Middle East, Africa",P019,Italy
M0369,-0.064064648848455,0.0,0.6153846153846154,0.08335130542971217,"Europe, Middle East, Africa",P019,Italy
M0511,-0.26855432694884,0.4230769230769231,0.11538461538461539,0.05224925263236528,"Europe, Middle East, Africa",P020,Italy
M0325,-0.5606777759662243,0.3076923076923077,0.038461538461538464,-0.5229382251257921,"Europe, Middle East, Africa",P020,Italy
M0825,-0.9822757677986711,0.038461538461538464,0.38461538461538464,-1.608726435305254,"Europe, Middle East, Africa",P020,Italy
M0651,-0.1977903275947248,0.0,0.5384615384615384,-0.14349060805185004,"Europe, Middle East, Africa",P020,Italy
M0075,-0.1231958598779663,0.07692307692307693,0.6538461538461539,-0.029305637615546914,"Europe, Middle East, Africa",P020,Italy
M0544,-0.7398890915531022,0.23076923076923078,0.5,-1.1276048511701315,"Europe, Middle East, Africa",P020,Italy
M0365,-0.5684941340400266,0.0,0.7692307692307693,-0.9904723673400567,"Europe, Middle East, Africa",P020,Italy
M0668,-0.6069517944682397,0.23076923076923078,0.3076923076923077,-0.7700459798091649,"Europe, Middle East, Africa",P020,Italy
M0158,-0.2643013766356562,0.0,0.4230769230769231,-0.2184219293651757,"Europe, Middle East, Africa",P020,Italy
M0231,-1.0,0.19230769230769232,0.38461538461538464,-1.5972876015856776,"Europe, Middle East, Africa",P020,Italy
M0449,-1.0,0.2692307692307692,0.11538461538461539,-1.4417534504896325,"Europe, Middle East, Africa",P020,Italy
M0042,-0.899038431353925,0.34615384615384615,0.5384615384615384,-1.426563364741539,"Europe, Middle East, Africa",P020,Italy
M0581,-0.3569373580161835,0.15384615384615385,0.5,-0.3930225729923342,"Europe, Middle East, Africa",P020,Italy
M0665,-0.6701295292879215,0.0,0.6538461538461539,-1.1349127362776001,"Europe, Middle East, Africa",P020,Italy
M0728,-0.2893645276646878,0.4230769230769231,0.0,0.06775726430983063,"Europe, Middle East, Africa",P020,Italy
M0302,-0.5209328161648323,0.038461538461538464,0.5384615384615384,-0.7713423688646127,"Europe, Middle East, Africa",P020,Italy
M0277,-0.2315394399384855,0.2692307692307692,0.07692307692307693,0.09788223931339014,"Europe, Middle East, Africa",P020,Italy
M0781,-0.3772592299738189,0.0,0.5,-0.47975244416834883,"Europe, Middle East, Africa",P020,Italy
M0410,-0.9093417517785998,0.23076923076923078,0.38461538461538464,-1.406251661226794,"Europe, Middle East, Africa",P020,Italy
M0782,-0.5817019074882264,0.15384615384615385,0.3076923076923077,-0.7433349468665421,"Europe, Middle East, Africa",P020,Italy
M0188,-0.6017378905257978,0.15384615384615385,0.46153846153846156,-0.8585719227710755,"Europe, Middle East, Africa",P020,Italy
M0464,-0.3141245709679882,0.34615384615384615,0.34615384615384615,-0.1745690417309038,"Europe, Middle East, Africa",P020,Italy
M0519,-0.2781309301661103,0.0,0.34615384615384615,-0.2079963524148984,"Europe, Middle East, Africa",P020,Italy
M0070,-0.5826097322189696,0.07692307692307693,0.7307692307692307,-0.9762525560000944,"Europe, Middle East, Africa",P020,Italy
M0462,-1.0,0.34615384615384615,0.19230769230769232,-1.4562898816645444,"Europe, Middle East, Africa",P020,Italy
M0518,0.8474679397185292,0.07692307692307693,0.15384615384615385,2.1372393330587576,"North, Central, South America",P028,United States
M0345,0.6654711302983185,0.5,0.038461538461538464,1.9616820515234314,"North, Central, South America",P028,United States
M0386,0.365967888644525,0.19230769230769232,0.11538461538461539,1.2381608870562586,"North, Central, South America",P028,United States
M0867,1.0,0.15384615384615385,0.46153846153846156,2.3111746301768483,"North, Central, South America",P028,United States
M0778,-0.09858886691714197,0.38461538461538464,0.07692307692307693,0.39586927349479667,"North, Central, South America",P028,United States
M0653,-0.09066709927481191,0.0,0.4230769230769231,0.1251902529984877,"North, Central, South America",P028,United States
M0446,0.596436994041227,0.0,0.3076923076923077,1.5416196679609402,"North, Central, South America",P028,United States
M0663,-0.1453890084434895,0.5384615384615384,0.0,0.3875620287329525,"North, Central, South America",P028,United States
M0170,-0.0852427677444565,0.19230769230769232,0.2692307692307692,0.2696541953897839,"North, Central, South America",P028,United States
M0815,-0.03731974302743508,0.0,0.3076923076923077,0.2874517765642545,"North, Central, South America",P028,United States
M0040,0.6773405564794863,0.038461538461538464,0.15384615384615385,1.7889385753549858,"North, Central, South America",P028,United States
M0342,0.1077036051694734,0.0,0.5384615384615384,0.46106419835779827,"North, Central, South America",P028,United States
M0729,0.7880322755722076,0.2692307692307692,0.11538461538461539,2.0966589049764344,"North, Central, South America",P028,United States
M0090,-0.1192991164873529,0.19230769230769232,0.34615384615384615,0.16446519018850395,"North, Central, South America",P028,United States
M0636,0.6346145024571354,0.2692307692307692,0.11538461538461539,1.793054014083323,"North, Central, South America",P028,United States
M0496,0.2135943663301631,0.38461538461538464,0.0,1.051455281011229,"North, Central, South America",P028,United States
M0743,0.1496524742645664,0.0,0.2692307692307692,0.6763557012168552,"North, Central, South America",P028,United States
M0250,0.04966067015174846,0.38461538461538464,0.038461538461538464,0.7081432558302939,"North, Central, South America",P028,United States
M0387,0.574769661125442,0.0,0.5769230769230769,1.3664641510038877,"North, Central, South America",P028,United States
M0642,0.01142377423483498,0.46153846153846156,0.0,0.6746284154461444,"North, Central, South America",P028,United States
M0201,1.0,0.38461538461538464,0.038461538461538464,2.5888097698305867,"North, Central, South America",P028,United States
M0191,-0.02669983345608071,0.038461538461538464,0.5769230769230769,0.1878193589996153,"North, Central, South America",P028,United States
M0455,0.5588447547450085,0.3076923076923077,0.07692307692307693,1.673635317179937,"North, Central, South America",P028,United States
M0442,-0.2409208850898013,0.34615384615384615,0.0,0.14036739677530502,"North, Central, South America",P028,United States
M0826,0.1955518795231576,0.0,0.3076923076923077,0.7482912355201907,"North, Central, South America",P028,United States
M0441,-0.1730526423612986,0.15384615384615385,0.19230769230769232,0.12204848421498815,"North, Central, South America",P028,United States
M0164,0.009299496333447843,0.11538461538461539,0.23076923076923078,0.4523875622995955,"North, Central, South America",P028,United States
M0717,-0.1891572620140731,0.3076923076923077,0.0,0.2311760942180983,"North, Central, South America",P028,United States
M0553,0.7405765663078949,0.07692307692307693,0.46153846153846156,1.7745336426334746,"North, Central, South America",P028,United States
M0660,0.2006878609834468,0.38461538461538464,0.2692307692307692,0.893636934606414,"North, Central, South America",P028,United States
M0528,0.7782162352308882,0.2692307692307692,0.11538461538461539,2.0772335294393165,"North, Central, South America",P028,United States
M0015,-0.02107985791984945,0.0,0.46153846153846156,0.24400264353241435,"North, Central, South America",P029,Mexico
M0870,0.2093558406883765,0.5,0.0,1.077953031482964,"North, Central, South America",P029,Mexico
M0461,-0.2392693010885729,0.5,0.07692307692307693,0.15235638627255468,"North, Central, South America",P029,Mexico
M0615,0.2108329052754589,0.038461538461538464,0.6538461538461539,0.6200894342960632,"North, Central, South America",P029,Mexico
M0749,0.385461633366897,0.11538461538461539,0.4230769230769231,1.102306996814584,"North, Central, South America",P029,Mexico
M0203,0.01571894460497621,0.0,0.5384615384615384,0.27903188054037587,"North, Central, South America",P029,Mexico
M0714,0.5524942744423237,0.34615384615384615,0.2692307692307692,1.5782129432799235,"North, Central, South America",P029,Mexico
M0774,0.2637113189944843,0.2692307692307692,0.038461538461538464,1.0968515501282057,"North, Central, South America",P029,Mexico
M0583,0.6422657866734449,0.0,0.6923076923076923,1.4433448816938343,"North, Central, South America",P029,Mexico
M0177,-0.1445648807350705,0.2692307692307692,0.15384615384615385,0.232206393869505,"North, Central, South America",P029,Mexico
M0099,0.5910307104451687,0.38461538461538464,0.0,1.7983799543877663,"North, Central, South America",P029,Mexico
M0303,-0.1315844157260951,0.07692307692307693,0.2692307692307692,0.14306120964973076,"North, Central, South America",P029,Mexico
M0534,0.5742227372194355,0.0,0.5384615384615384,1.3842785516214278,"North, Central, South America",P029,Mexico
M0049,-0.1293893962366116,0.2692307692307692,0.2692307692307692,0.2055476050189748,"North, Central, South America",P029,Mexico
M0505,-0.187120671818015,0.34615384615384615,0.19230769230769232,0.1523512472667633,"North, Central, South America",P029,Mexico
M0229,-0.09083677150663871,0.15384615384615385,0.5,0.13357508185190908,"North, Central, South America",P029,Mexico
M0777,0.00719969957768106,0.07692307692307693,0.23076923076923078,0.43660367031140385,"North, Central, South America",P029,Mexico
M0843,0.02681024637345394,0.07692307692307693,0.38461538461538464,0.3998248816164751,"North, Central, South America",P029,Mexico
M0747,0.8646126670497534,0.6153846153846154,0.0,2.4095539021730668,"North, Central, South America",P029,Mexico
M0851,0.9735102724294995,0.038461538461538464,0.07692307692307693,2.4128347592405364,"North, Central, South America",P029,Mexico
M0128,0.3000841090186024,0.07692307692307693,0.2692307692307692,0.9973082287275271,"North, Central, South America",P029,Mexico
M0208,0.429989342362356,0.2692307692307692,0.2692307692307692,1.312525743548487,"North, Central, South America",P029,Mexico
M0217,0.04279448033144639,0.46153846153846156,0.11538461538461539,0.6800190325181525,"North, Central, South America",P029,Mexico
M0758,0.1653375246342962,0.38461538461538464,0.23076923076923078,0.8425773969379168,"North, Central, South America",P029,Mexico
M0697,0.04768846493200737,0.07692307692307693,0.46153846153846156,0.40334820467528,"North, Central, South America",P029,Mexico
M0685,0.04041219001011609,0.5769230769230769,0.0,0.7668803593128919,"North, Central, South America",P029,Mexico
M0008,-0.00905631476397284,0.2692307692307692,0.07692307692307693,0.538163463402741,"North, Central, South America",P029,Mexico
M0515,0.7654343014814179,0.0,0.3076923076923077,1.8760555553083889,"North, Central, South America",P029,Mexico
M0560,0.5679762659502925,0.19230769230769232,0.11538461538461539,1.6379237704961738,"North, Central, South America",P029,Mexico
M0652,0.1367309449814536,0.38461538461538464,0.34615384615384615,0.7292764378887554,"North, Central, South America",P029,Mexico
M0861,0.4303732494254016,0.3076923076923077,0.19230769230769232,1.362707451902869,"North, Central, South America",P029,Mexico
M0162,0.004692053400372778,0.07692307692307693,0.23076923076923078,0.4316411837063535,"North, Central, South America",P030,Mexico
M0256,0.03491937686245025,0.0,0.5,0.3359251557348789,"North, Central, South America",P030,Mexico
M0427,0.7237161662051101,0.038461538461538464,0.23076923076923078,1.8429197593653446,"North, Central, South America",P030,Mexico
M0838,-0.002846402614238186,0.19230769230769232,0.2692307692307692,0.4327118316558603,"North, Central, South America",P030,Mexico
M0146,-0.1339115331786682,0.4230769230769231,0.23076923076923078,0.2620093522865373,"North, Central, South America",P030,Mexico
M0096,0.8658411319423973,0.5,0.0,2.377099415745846,"North, Central, South America",P030,Mexico
M0434,-0.0005627192337235298,0.11538461538461539,0.46153846153846156,0.3194904204831868,"North, Central, South America",P030,Mexico
M0874,1.0,0.0,0.34615384615384615,2.3213507611632327,"North, Central, South America",P030,Mexico
M0251,0.3401264705921971,0.038461538461538464,0.4230769230769231,0.9893343028047187,"North, Central, South America",P030,Mexico
M0271,0.4795756926365159,0.0,0.38461538461538464,1.2725644554236755,"North, Central, South America",P030,Mexico
M0133,0.2283522687148,0.2692307692307692,0.038461538461538464,1.0268780367322345,"North, Central, South America",P030,Mexico
M0436,0.07706690557577331,0.3076923076923077,0.3076923076923077,0.6068444579580307,"North, Central, South America",P030,Mexico
M0034,0.4974245997980551,0.0,0.19230769230769232,1.4023700661534484,"North, Central, South America",P030,Mexico
M0812,0.421990543242628,0.0,0.23076923076923078,1.234193704111513,"North, Central, South America",P030,Mexico
M0746,0.6078500382352139,0.34615384615384615,0.19230769230769232,1.725552257738333,"North, Central, South America",P030,Mexico
M0361,0.07571240579939298,0.15384615384615385,0.38461538461538464,0.5198564554883448,"North, Central, South America",P030,Mexico
M0023,1.0,0.3076923076923077,0.07692307692307693,2.54665600691518,"North, Central, South America",P030,Mexico
M0309,-0.05666036413998609,0.23076923076923078,0.11538461538461539,0.4134325585783093,"North, Central, South America",P030,Mexico
M0419,0.1525372736996995,0.0,0.6153846153846154,0.5119939700129459,"North, Central, South America",P030,Mexico
M0482,0.6417159969631733,0.5769230769230769,0.0,1.9568257808688783,"North, Central, South America",P030,Mexico
M0422,0.2453137714636668,0.0,0.6153846153846154,0.6955932878048102,"North, Central, South America",P030,Mexico
M0450,0.4474393891703125,0.11538461538461539,0.3076923076923077,1.2816475814459143,"North, Central, South America",P030,Mexico
M0623,0.5033565596586538,0.5,0.0,1.65976343319253,"North, Central, South America",P030,Mexico
M0363,0.1974063895377028,0.5769230769230769,0.0,1.0775627910196366,"North, Central, South America",P030,Mexico
M0807,0.3199815178720149,0.0,0.4230769230769231,0.9378400918848591,"North, Central, South America",P030,Mexico
M0159,0.3998282659689074,0.15384615384615385,0.46153846153846156,1.1234695153922183,"North, Central, South America",P030,Mexico
M0495,0.4619548226477463,0.2692307692307692,0.0,1.5080606979401128,"North, Central, South America",P030,Mexico
M0570,0.5015630080617657,0.0,0.15384615384615385,1.429456467878174,"North, Central, South America",P030,Mexico
M0837,-0.1148790574396534,0.07692307692307693,0.3076923076923077,0.1572234151806579,"North, Central, South America",P030,Mexico
M0288,0.5383895797227385,0.38461538461538464,0.038461538461538464,1.6753094729759153,"North, Central, South America",P030,Mexico
M0658,0.4707284759656717,0.3076923076923077,0.11538461538461539,1.480361571592457,"North, Central, South America",P030,Mexico
M0712,0.7335596935547408,0.34615384615384615,0.23076923076923078,1.9554276563084234,"North, Central, South America",P031,Brazil
M0625,0.3518563910748195,0.0,0.23076923076923078,1.0954022773788532,"North, Central, South America",P031,Brazil
M0140,0.897120675291821,0.0,0.6153846153846154,1.9854814142065214,"North, Central, South America",P031,Brazil
M0142,0.5655316791148052,0.5384615384615384,0.0,1.7944329107519466,"North, Central, South America",P031,Brazil
M0476,0.1407017862679364,0.11538461538461539,0.11538461538461539,0.769115280652128,"North, Central, South America",P031,Brazil
M0154,0.4906522858206604,0.46153846153846156,0.0,1.6229938950034055,"North, Central, South America",P031,Brazil
M0194,-0.1716914833414532,0.38461538461538464,0.0,0.2889968905842417,"North, Central, South America",P031,Brazil
M0470,0.5899601221115138,0.46153846153846156,0.0,1.819518353609,"North, Central, South America",P031,Brazil
M0246,0.9142351348646917,0.038461538461538464,0.46153846153846156,2.106565380091609,"North, Central, South America",P031,Brazil
M0169,0.2042371452668428,0.3076923076923077,0.23076923076923078,0.8963004625293844,"North, Central, South America",P031,Brazil
M0398,0.02604405896005785,0.5,0.07692307692307693,0.6773961655270205,"North, Central, South America",P031,Brazil
M0554,0.642845139050466,0.38461538461538464,0.0,1.900917708808181,"North, Central, South America",P031,Brazil
M0716,-0.13533111568239,0.23076923076923078,0.38461538461538464,0.12547057636453549,"North, Central, South America",P031,Brazil
M0267,-0.03367834704876459,0.34615384615384615,0.38461538461538464,0.3615210676448799,"North, Central, South America",P031,Brazil
M0848,0.7025539394671374,0.0,0.5769230769230769,1.6193418397882646,"North, Central, South America",P031,Brazil
M0196,0.2634032063020899,0.038461538461538464,0.4230769230769231,0.8375034046578019,"North, Central, South America",P031,Brazil
M0167,0.8026283996663013,0.34615384615384615,0.23076923076923078,2.0921106269796264,"North, Central, South America",P031,Brazil
M0485,0.8024899465890141,0.11538461538461539,0.38461538461538464,1.9464786162457368,"North, Central, South America",P031,Brazil
M0059,0.2734476420144522,0.0,0.6153846153846154,0.7512685888181122,"North, Central, South America",P031,Brazil
M0751,0.3485042285956408,0.07692307692307693,0.11538461538461539,1.1687157675478468,"North, Central, South America",P031,Brazil
M0836,0.1108501573125973,0.0,0.4230769230769231,0.5239812369701407,"North, Central, South America",P031,Brazil
M0116,0.1981947644824377,0.07692307692307693,0.5,0.6822947265799009,"North, Central, South America",P031,Brazil
M0513,-0.08895501572090715,0.46153846153846156,0.11538461538461539,0.4192944074501364,"North, Central, South America",P031,Brazil
M0172,-0.05362029769977979,0.07692307692307693,0.2692307692307692,0.29734768550154106,"North, Central, South America",P031,Brazil
M0733,0.5484240142423773,0.15384615384615385,0.19230769230769232,1.5498090178383648,"North, Central, South America",P031,Brazil
M0633,0.2232592121266374,0.4230769230769231,0.15384615384615385,1.0066230416197117,"North, Central, South America",P031,Brazil
M0388,-0.03346889153464905,0.0,0.5384615384615384,0.1816920005433038,"North, Central, South America",P031,Brazil
M0608,0.1433347208105072,0.07692307692307693,0.5384615384615384,0.5548331449046595,"North, Central, South America",P031,Brazil
M0437,0.6785115494623303,0.2692307692307692,0.0,1.9366139227832113,"North, Central, South America",P031,Brazil
M0056,0.03723317533295051,0.2692307692307692,0.15384615384615385,0.5919742216537861,"North, Central, South America",P031,Brazil
M0381,0.5838966174538481,0.07692307692307693,0.19230769230769232,1.5967502143602423,"North, Central, South America",P031,Brazil
M0316,-0.1405886306250039,0.2692307692307692,0.19230769230769232,0.22117843126941467,"North, Central, South America",P032,Brazil
M0141,-0.0642629363757504,0.2692307692307692,0.19230769230769232,0.3722225613227468,"North, Central, South America",P032,Brazil
M0745,0.2330167343353472,0.19230769230769232,0.3076923076923077,0.8805745930506341,"North, Central, South America",P032,Brazil
M0555,0.2546187304325255,0.23076923076923078,0.34615384615384615,0.9160554770947964,"North, Central, South America",P032,Brazil
M0065,-0.08181569066935082,0.15384615384615385,0.07692307692307693,0.3592913235524603,"North, Central, South America",P032,Brazil
M0376,0.2426928660164323,0.3076923076923077,0.2692307692307692,0.9535053761405325,"North, Central, South America",P032,Brazil
M0698,0.08491429517598265,0.0,0.38461538461538464,0.49155239871851686,"North, Central, South America",P032,Brazil
M0089,0.0389571423677712,0.038461538461538464,0.4230769230769231,0.39333763840687386,"North, Central, South America",P032,Brazil
M0475,0.16161505473346,0.0,0.38461538461538464,0.6433387613024678,"North, Central, South America",P032,Brazil
M0212,0.005560568629714935,0.0,0.5,0.2778257739666026,"North, Central, South America",P032,Brazil
M0828,-0.1700967664201789,0.4230769230769231,0.23076923076923078,0.19040087064086453,"North, Central, South America",P032,Brazil
M0224,0.1809320173769451,0.0,0.23076923076923078,0.7571528374746943,"North, Central, South America",P032,Brazil
M0610,0.0976570368294657,0.5384615384615384,0.23076923076923078,0.7551556930289525,"North, Central, South America",P032,Brazil
M0773,0.7532165076350609,0.11538461538461539,0.38461538461538464,1.8489693332350734,"North, Central, South America",P032,Brazil
M0818,0.05234738038786996,0.15384615384615385,0.2692307692307692,0.5303086170043056,"North, Central, South America",P032,Brazil
M0093,0.8972659876837681,0.3076923076923077,0.038461538461538464,2.362248075676807,"North, Central, South America",P032,Brazil
M0310,0.4817017966124609,0.2692307692307692,0.07692307692307693,1.5093453534409664,"North, Central, South America",P032,Brazil
M0683,0.1028445815745756,0.0,0.6153846153846154,0.41365500924914245,"North, Central, South America",P032,Brazil
M0013,-0.1600257401999626,0.2692307692307692,0.15384615384615385,0.20161024809289071,"North, Central, South America",P032,Brazil
M0173,0.2619130471891328,0.0,0.5384615384615384,0.7662357561795211,"North, Central, South America",P032,Brazil
M0044,1.0,0.07692307692307693,0.34615384615384615,2.3446077927152,"North, Central, South America",P032,Brazil
M0796,0.1232106247435051,0.0,0.6538461538461539,0.4350614982276474,"North, Central, South America",P032,Brazil
M0742,0.7185887384432907,0.2692307692307692,0.2692307692307692,1.8836472399689164,"North, Central, South America",P032,Brazil
M0374,0.3624182623768409,0.07692307692307693,0.34615384615384615,1.0828704466690644,"North, Central, South America",P032,Brazil
M0189,-0.02055883283049138,0.07692307692307693,0.46153846153846156,0.2682907535715429,"North, Central, South America",P032,Brazil
M0575,0.1697947929117082,0.0,0.5384615384615384,0.5839390641386057,"North, Central, South America",P032,Brazil
M0700,-0.1119538853125295,0.38461538461538464,0.23076923076923078,0.29383375040253257,"North, Central, South America",P032,Brazil
M0671,0.6974484175963078,0.0,0.6153846153846154,1.5903415762259645,"North, Central, South America",P032,Brazil
M0284,0.9047790021621198,0.4230769230769231,0.038461538461538464,2.41200144369244,"North, Central, South America",P032,Brazil
M0324,-0.01269145598869459,0.0,0.46153846153846156,0.2606028053087531,"North, Central, South America",P032,Brazil
M0017,-0.07499535449758814,0.11538461538461539,0.3076923076923077,0.24777947001729927,"North, Central, South America",P032,Brazil
