manager_id,three_period_path,previous_state,current_state,next_state,path_count,path_share
M0001,Neutral -> Neutral -> Neutral,Neutral,Neutral,Neutral,6,0.25
M0001,Aversion -> Aversion -> Aversion,Aversion,Aversion,Aversion,6,0.25
M0001,Neutral -> Aversion -> Aversion,Neutral,Aversion,Aversion,4,0.16666666666666666
M0001,Aversion -> Aversion -> Neutral,Aversion,Aversion,Neutral,3,0.125
M0001,Neutral -> Neutral -> Aversion,Neutral,Neutral,Aversion,2,0.08333333333333333
M0001,Aversion -> Neutral -> Aversion,Aversion,Neutral,Aversion,2,0.08333333333333333
M0001,Aversion -> Neutral -> Neutral,Aversion,Neutral,Neutral,1,0.041666666666666664
M0002,Appreciation -> Appreciation -> Appreciation,Appreciation,Appreciation,Appreciation,11,0.4583333333333333
M0002,Aversion -> Aversion -> Aversion,Aversion,Aversion,Aversion,2,0.08333333333333333
M0002,Neutral -> Aversion -> Aversion,Neutral,Aversion,Aversion,2,0.08333333333333333
M0002,Aversion -> Aversion -> Neutral,Aversion,Aversion,Neutral,2,0.08333333333333333
M0002,Aversion -> Neutral -> Aversion,Aversion,Neutral,Aversion,1,0.041666666666666664
M0002,Neutral -> Neutral -> Neutral,Neutral,Neutral,Neutral,1,0.041666666666666664
M0002,Aversion -> Neutral -> Neutral,Aversion,Neutral,Neutral,1,0.041666666666666664
M0002,Neutral -> Neutral -> Aversion,Neutral,Neutral,Aversion,1,0.041666666666666664
M0002,Neutral -> Aversion -> Neutral,Neutral,Aversion,Neutral,1,0.041666666666666664
M0002,Aversion -> Neutral -> Appreciation,Aversion,Neutral,Appreciation,1,0.041666666666666664
M0002,Neutral -> Appreciation -> Appreciation,Neutral,Appreciation,Appreciation,1,0.041666666666666664
M0003,Aversion -> Aversion -> Aversion,Aversion,Aversion,Aversion,8,0.3333333333333333
M0003,Aversion -> Neutral -> Aversion,Aversion,Neutral,Aversion,5,0.20833333333333334
M0003,Neutral -> Aversion -> Aversion,Neutral,Aversion,Aversion,4,0.16666666666666666
M0003,Aversion -> Aversion -> Neutral,Aversion,Aversion,Neutral,3,0.125
M0003,Neutral -> Aversion -> Neutral,Neutral,Aversion,Neutral,2,0.08333333333333333
M0003,Neutral -> Neutral -> Aversion,Neutral,Neutral,Aversion,1,0.041666666666666664
M0003,Neutral -> Neutral -> Neutral,Neutral,Neutral,Neutral,1,0.041666666666666664
M0004,Aversion -> Aversion -> Aversion,Aversion,Aversion,Aversion,13,0.5416666666666666
M0004,Neutral -> Neutral -> Neutral,Neutral,Neutral,Neutral,6,0.25
M0004,Neutral -> Aversion -> Aversion,Neutral,Aversion,Aversion,2,0.08333333333333333
M0004,Neutral -> Neutral -> Aversion,Neutral,Neutral,Aversion,1,0.041666666666666664
M0004,Aversion -> Aversion -> Neutral,Aversion,Aversion,Neutral,1,0.041666666666666664
M0004,Aversion -> Neutral -> Aversion,Aversion,Neutral,Aversion,1,0.041666666666666664
M0005,Neutral -> Neutral -> Neutral,Neutral,Neutral,Neutral,6,0.25
M0005,Appreciation -> Appreciation -> Appreciation,Appreciation,Appreciation,Appreciation,6,0.25
M0005,Aversion -> Neutral -> Aversion,Aversion,Neutral,Aversion,2,0.08333333333333333
M0005,Neutral -> Aversion -> Neutral,Neutral,Aversion,Neutral,2,0.08333333333333333
M0005,Neutral -> Neutral -> Aversion,Neutral,Neutral,Aversion,1,0.041666666666666664
M0005,Neutral -> Aversion -> Aversion,Neutral,Aversion,Aversion,1,0.041666666666666664
M0005,Aversion -> Neutral -> Neutral,Aversion,Neutral,Neutral,1,0.041666666666666664
M0005,Aversion -> Aversion -> Neutral,Aversion,Aversion,Neutral,1,0.041666666666666664
M0005,Neutral -> Neutral -> Appreciation,Neutral,Neutral,Appreciation,1,0.041666666666666664
M0005,Neutral -> Appreciation -> Appreciation,Neutral,Appreciation,Appreciation,1,0.041666666666666664
M0005,Appreciation -> Appreciation -> Neutral,Appreciation,Appreciation,Neutral,1,0.041666666666666664
M0005,Appreciation -> Neutral -> Aversion,Appreciation,Neutral,Aversion,1,0.041666666666666664
M0006,Appreciation -> Appreciation -> Appreciation,Appreciation,Appreciation,Appreciation,8,0.3333333333333333
M0006,Neutral -> Neutral -> Neutral,Neutral,Neutral,Neutral,7,0.2916666666666667
M0006,Aversion -> Aversion -> Aversion,Aversion,Aversion,Aversion,3,0.125
M0006,Neutral -> Aversion -> Aversion,Neutral,Aversion,Aversion,1,0.041666666666666664
M0006,Neutral -> Neutral -> Aversion,Neutral,Neutral,Aversion,1,0.041666666666666664
M0006,Aversion -> Aversion -> Neutral,Aversion,Aversion,Neutral,1,0.041666666666666664
M0006,Aversion -> Neutral -> Neutral,Aversion,Neutral,Neutral,1,0.041666666666666664
M0006,Neutral -> Neutral -> Appreciation,Neutral,Neutral,Appreciation,1,0.041666666666666664
M0006,Neutral -> Appreciation -> Appreciation,Neutral,Appreciation,Appreciation,1,0.041666666666666664
M0007,Neutral -> Neutral -> Neutral,Neutral,Neutral,Neutral,10,0.4166666666666667
M0007,Neutral -> Neutral -> Aversion,Neutral,Neutral,Aversion,2,0.08333333333333333
M0007,Aversion -> Neutral -> Neutral,Aversion,Neutral,Neutral,2,0.08333333333333333
M0007,Neutral -> Neutral -> Appreciation,Neutral,Neutral,Appreciation,2,0.08333333333333333
M0007,Neutral -> Aversion -> Neutral,Neutral,Aversion,Neutral,1,0.041666666666666664
M0007,Neutral -> Aversion -> Aversion,Neutral,Aversion,Aversion,1,0.041666666666666664
M0007,Aversion -> Aversion -> Aversion,Aversion,Aversion,Aversion,1,0.041666666666666664
M0007,Aversion -> Aversion -> Neutral,Aversion,Aversion,Neutral,1,0.041666666666666664
M0007,Neutral -> Appreciation -> Appreciation,Neutral,Appreciation,Appreciation,1,0.041666666666666664
M0007,Appreciation -> Appreciation -> Appreciation,Appreciation,Appreciation,Appreciation,1,0.041666666666666664
M0007,Appreciation -> Appreciation -> Neutral,Appreciation,Appreciation,Neutral,1,0.041666666666666664
M0007,Appreciation -> Neutral -> Neutral,Appreciation,Neutral,Neutral,1,0.041666666666666664
M0008,Neutral -> Neutral -> Neutral,Neutral,Neutral,Neutral,9,0.375
M0008,Appreciation -> Appreciation -> Appreciation,Appreciation,Appreciation,Appreciation,4,0.16666666666666666
M0008,Neutral -> Neutral -> Aversion,Neutral,Neutral,Aversion,2,0.08333333333333333
M0008,Neutral -> Aversion -> Neutral,Neutral,Aversion,Neutral,2,0.08333333333333333
M0008,Aversion -> Neutral -> Neutral,Aversion,Neutral,Neutral,1,0.041666666666666664
M0008,Neutral -> Neutral -> Appreciation,Neutral,Neutral,Appreciation,1,0.041666666666666664
M0008,Neutral -> Appreciation -> Appreciation,Neutral,Appreciation,Appreciation,1,0.041666666666666664
M0008,Appreciation -> Appreciation -> Neutral,Appreciation,Appreciation,Neutral,1,0.041666666666666664
M0008,Appreciation -> Neutral -> Appreciation,Appreciation,Neutral,Appreciation,1,0.041666666666666664
M0008,Neutral -> Appreciation -> Neutral,Neutral,Appreciation,Neutral,1,0.041666666666666664
M0008,Appreciation -> Neutral -> Neutral,Appreciation,Neutral,Neutral,1,0.041666666666666664
M0009,Neutral -> Neutral -> Neutral,Neutral,Neutral,Neutral,6,0.25
M0009,Neutral -> Neutral -> Aversion,Neutral,Neutral,Aversion,2,0.08333333333333333
M0009,Neutral -> Aversion -> Neutral,Neutral,Aversion,Neutral,2,0.08333333333333333
M0009,Aversion -> Neutral -> Neutral,Aversion,Neutral,Neutral,2,0.08333333333333333
M0009,Neutral -> Appreciation -> Appreciation,Neutral,Appreciation,Appreciation,2,0.08333333333333333
M0009,Appreciation -> Appreciation -> Neutral,Appreciation,Appreciation,Neutral,2,0.08333333333333333
M0009,Appreciation -> Appreciation -> Appreciation,Appreciation,Appreciation,Appreciation,2,0.08333333333333333
M0009,Neutral -> Neutral -> Appreciation,Neutral,Neutral,Appreciation,2,0.08333333333333333
M0009,Aversion -> Neutral -> Aversion,Aversion,Neutral,Aversion,1,0.041666666666666664
M0009,Aversion -> Aversion -> Neutral,Aversion,Aversion,Neutral,1,0.041666666666666664
M0009,Neutral -> Aversion -> Aversion,Neutral,Aversion,Aversion,1,0.041666666666666664
M0009,Appreciation -> Neutral -> Neutral,Appreciation,Neutral,Neutral,1,0.041666666666666664
M0010,Neutral -> Neutral -> Neutral,Neutral,Neutral,Neutral,7,0.2916666666666667
M0010,Aversion -> Neutral -> Aversion,Aversion,Neutral,Aversion,4,0.16666666666666666
M0010,Aversion -> Aversion -> Aversion,Aversion,Aversion,Aversion,3,0.125
M0010,Neutral -> Aversion -> Aversion,Neutral,Aversion,Aversion,3,0.125
M0010,Aversion -> Aversion -> Neutral,Aversion,Aversion,Neutral,3,0.125
M0010,Neutral -> Aversion -> Neutral,Neutral,Aversion,Neutral,2,0.08333333333333333
M0010,Aversion -> Neutral -> Neutral,Aversion,Neutral,Neutral,1,0.041666666666666664
M0010,Neutral -> Neutral -> Aversion,Neutral,Neutral,Aversion,1,0.041666666666666664
M0011,Neutral -> Neutral -> Neutral,Neutral,Neutral,Neutral,12,0.5
M0011,Aversion -> Aversion -> Aversion,Aversion,Aversion,Aversion,3,0.125
M0011,Neutral -> Aversion -> Aversion,Neutral,Aversion,Aversion,2,0.08333333333333333
M0011,Aversion -> Aversion -> Neutral,Aversion,Aversion,Neutral,2,0.08333333333333333
M0011,Neutral -> Neutral -> Aversion,Neutral,Neutral,Aversion,1,0.041666666666666664
M0011,Aversion -> Neutral -> Aversion,Aversion,Neutral,Aversion,1,0.041666666666666664
M0011,Aversion -> Neutral -> Neutral,Aversion,Neutral,Neutral,1,0.041666666666666664
M0011,Neutral -> Neutral -> Appreciation,Neutral,Neutral,Appreciation,1,0.041666666666666664
M0011,Neutral -> Appreciation -> Neutral,Neutral,Appreciation,Neutral,1,0.041666666666666664
M0012,Neutral -> Neutral -> Neutral,Neutral,Neutral,Neutral,7,0.2916666666666667
M0012,Aversion -> Aversion -> Aversion,Aversion,Aversion,Aversion,6,0.25
M0012,Neutral -> Neutral -> Aversion,Neutral,Neutral,Aversion,3,0.125
M0012,Neutral -> Aversion -> Aversion,Neutral,Aversion,Aversion,3,0.125
M0012,Aversion -> Aversion -> Neutral,Aversion,Aversion,Neutral,3,0.125
M0012,Aversion -> Neutral -> Neutral,Aversion,Neutral,Neutral,2,0.08333333333333333
M0013,Neutral -> Neutral -> Neutral,Neutral,Neutral,Neutral,6,0.25
M0013,Appreciation -> Appreciation -> Appreciation,Appreciation,Appreciation,Appreciation,3,0.125
M0013,Neutral -> Aversion -> Neutral,Neutral,Aversion,Neutral,2,0.08333333333333333
M0013,Neutral -> Neutral -> Aversion,Neutral,Neutral,Aversion,2,0.08333333333333333
M0013,Aversion -> Neutral -> Neutral,Aversion,Neutral,Neutral,2,0.08333333333333333
M0013,Neutral -> Neutral -> Appreciation,Neutral,Neutral,Appreciation,2,0.08333333333333333
M0013,Neutral -> Appreciation -> Appreciation,Neutral,Appreciation,Appreciation,2,0.08333333333333333
M0013,Aversion -> Neutral -> Aversion,Aversion,Neutral,Aversion,1,0.041666666666666664
M0013,Aversion -> Aversion -> Neutral,Aversion,Aversion,Neutral,1,0.041666666666666664
M0013,Neutral -> Aversion -> Aversion,Neutral,Aversion,Aversion,1,0.041666666666666664
M0013,Appreciation -> Appreciation -> Neutral,Appreciation,Appreciation,Neutral,1,0.041666666666666664
M0013,Appreciation -> Neutral -> Neutral,Appreciation,Neutral,Neutral,1,0.041666666666666664
M0014,Neutral -> Neutral -> Neutral,Neutral,Neutral,Neutral,6,0.25
M0014,Aversion -> Aversion -> Aversion,Aversion,Aversion,Aversion,6,0.25
M0014,Aversion -> Neutral -> Neutral,Aversion,Neutral,Neutral,2,0.08333333333333333
M0014,Aversion -> Aversion -> Neutral,Aversion,Aversion,Neutral,2,0.08333333333333333
M0014,Neutral -> Neutral -> Aversion,Neutral,Neutral,Aversion,2,0.08333333333333333
M0014,Neutral -> Aversion -> Neutral,Neutral,Aversion,Neutral,2,0.08333333333333333
M0014,Aversion -> Neutral -> Aversion,Aversion,Neutral,Aversion,2,0.08333333333333333
M0014,Neutral -> Aversion -> Aversion,Neutral,Aversion,Aversion,2,0.08333333333333333
M0015,Neutral -> Neutral -> Neutral,Neutral,Neutral,Neutral,10,0.4166666666666667
M0015,Aversion -> Aversion -> Aversion,Aversion,Aversion,Aversion,9,0.375
M0015,Neutral -> Neutral -> Aversion,Neutral,Neutral,Aversion,2,0.08333333333333333
M0015,Neutral -> Aversion -> Neutral,Neutral,Aversion,Neutral,1,0.041666666666666664
M0015,Aversion -> Neutral -> Neutral,Aversion,Neutral,Neutral,1,0.041666666666666664
M0015,Neutral -> Aversion -> Aversion,Neutral,Aversion,Aversion,1,0.041666666666666664
M0016,Aversion -> Aversion -> Aversion,Aversion,Aversion,Aversion,11,0.4583333333333333
M0016,Appreciation -> Appreciation -> Appreciation,Appreciation,Appreciation,Appreciation,5,0.20833333333333334
M0016,Aversion -> Neutral -> Aversion,Aversion,Neutral,Aversion,2,0.08333333333333333
M0016,Neutral -> Aversion -> Neutral,Neutral,Aversion,Neutral,2,0.08333333333333333
M0016,Neutral -> Aversion -> Aversion,Neutral,Aversion,Aversion,1,0.041666666666666664
M0016,Aversion -> Aversion -> Neutral,Aversion,Aversion,Neutral,1,0.041666666666666664
M0016,Aversion -> Neutral -> Appreciation,Aversion,Neutral,Appreciation,1,0.041666666666666664
M0016,Neutral -> Appreciation -> Appreciation,Neutral,Appreciation,Appreciation,1,0.041666666666666664
M0017,Neutral -> Neutral -> Neutral,Neutral,Neutral,Neutral,10,0.4166666666666667
M0017,Aversion -> Aversion -> Aversion,Aversion,Aversion,Aversion,4,0.16666666666666666
M0017,Aversion -> Aversion -> Neutral,Aversion,Aversion,Neutral,2,0.08333333333333333
M0017,Neutral -> Aversion -> Aversion,Neutral,Aversion,Aversion,2,0.08333333333333333
M0017,Neutral -> Neutral -> Aversion,Neutral,Neutral,Aversion,1,0.041666666666666664
M0017,Aversion -> Neutral -> Aversion,Aversion,Neutral,Aversion,1,0.041666666666666664
M0017,Aversion -> Neutral -> Neutral,Aversion,Neutral,Neutral,1,0.041666666666666664
M0017,Neutral -> Neutral -> Appreciation,Neutral,Neutral,Appreciation,1,0.041666666666666664
M0017,Neutral -> Appreciation -> Appreciation,Neutral,Appreciation,Appreciation,1,0.041666666666666664
M0017,Appreciation -> Appreciation -> Appreciation,Appreciation,Appreciation,Appreciation,1,0.041666666666666664
M0018,Neutral -> Neutral -> Neutral,Neutral,Neutral,Neutral,8,0.3333333333333333
M0018,Aversion -> Aversion -> Aversion,Aversion,Aversion,Aversion,8,0.3333333333333333
M0018,Neutral -> Neutral -> Aversion,Neutral,Neutral,Aversion,3,0.125
M0018,Aversion -> Neutral -> Neutral,Aversion,Neutral,Neutral,2,0.08333333333333333
M0018,Neutral -> Aversion -> Neutral,Neutral,Aversion,Neutral,1,0.041666666666666664
M0018,Neutral -> Aversion -> Aversion,Neutral,Aversion,Aversion,1,0.041666666666666664
M0018,Aversion -> Aversion -> Neutral,Aversion,Aversion,Neutral,1,0.041666666666666664
M0019,Aversion -> Aversion -> Aversion,Aversion,Aversion,Aversion,13,0.5416666666666666
M0019,Neutral -> Neutral -> Neutral,Neutral,Neutral,Neutral,2,0.08333333333333333
M0019,Neutral -> Neutral -> Aversion,Neutral,Neutral,Aversion,2,0.08333333333333333
M0019,Neutral -> Aversion -> Aversion,Neutral,Aversion,Aversion,2,0.08333333333333333
M0019,Aversion -> Aversion -> Neutral,Aversion,Aversion,Neutral,1,0.041666666666666664
M0019,Aversion -> Neutral -> Neutral,Aversion,Neutral,Neutral,1,0.041666666666666664
M0019,Neutral -> Neutral -> Appreciation,Neutral,Neutral,Appreciation,1,0.041666666666666664
M0019,Neutral -> Appreciation -> Neutral,Neutral,Appreciation,Neutral,1,0.041666666666666664
M0019,Appreciation -> Neutral -> Neutral,Appreciation,Neutral,Neutral,1,0.041666666666666664
M0020,Aversion -> Aversion -> Aversion,Aversion,Aversion,Aversion,9,0.375
M0020,Neutral -> Aversion -> Aversion,Neutral,Aversion,Aversion,5,0.20833333333333334
M0020,Aversion -> Aversion -> Neutral,Aversion,Aversion,Neutral,4,0.16666666666666666
M0020,Aversion -> Neutral -> Aversion,Aversion,Neutral,Aversion,3,0.125
M0020,Neutral -> Neutral -> Aversion,Neutral,Neutral,Aversion,2,0.08333333333333333
M0020,Aversion -> Neutral -> Neutral,Aversion,Neutral,Neutral,1,0.041666666666666664
M0021,Neutral -> Neutral -> Neutral,Neutral,Neutral,Neutral,10,0.4166666666666667
M0021,Appreciation -> Appreciation -> Appreciation,Appreciation,Appreciation,Appreciation,7,0.2916666666666667
M0021,Neutral -> Neutral -> Aversion,Neutral,Neutral,Aversion,1,0.041666666666666664
M0021,Aversion -> Neutral -> Neutral,Aversion,Neutral,Neutral,1,0.041666666666666664
M0021,Neutral -> Aversion -> Neutral,Neutral,Aversion,Neutral,1,0.041666666666666664
M0021,Neutral -> Neutral -> Appreciation,Neutral,Neutral,Appreciation,1,0.041666666666666664
M0021,Neutral -> Appreciation -> Appreciation,Neutral,Appreciation,Appreciation,1,0.041666666666666664
M0021,Appreciation -> Appreciation -> Neutral,Appreciation,Appreciation,Neutral,1,0.041666666666666664
M0021,Appreciation -> Neutral -> Aversion,Appreciation,Neutral,Aversion,1,0.041666666666666664
M0022,Appreciation -> Appreciation -> Appreciation,Appreciation,Appreciation,Appreciation,13,0.5416666666666666
M0022,Neutral -> Neutral -> Neutral,Neutral,Neutral,Neutral,9,0.375
M0022,Neutral -> Neutral -> Appreciation,Neutral,Neutral,Appreciation,1,0.041666666666666664
M0022,Neutral -> Appreciation -> Appreciation,Neutral,Appreciation,Appreciation,1,0.041666666666666664
M0023,Neutral -> Neutral -> Neutral,Neutral,Neutral,Neutral,12,0.5
M0023,Appreciation -> Appreciation -> Appreciation,Appreciation,Appreciation,Appreciation,5,0.20833333333333334
M0023,Neutral -> Neutral -> Aversion,Neutral,Neutral,Aversion,1,0.041666666666666664
M0023,Aversion -> Neutral -> Neutral,Aversion,Neutral,Neutral,1,0.041666666666666664
M0023,Neutral -> Aversion -> Neutral,Neutral,Aversion,Neutral,1,0.041666666666666664
M0023,Neutral -> Neutral -> Appreciation,Neutral,Neutral,Appreciation,1,0.041666666666666664
M0023,Neutral -> Appreciation -> Aversion,Neutral,Appreciation,Aversion,1,0.041666666666666664
M0023,Appreciation -> Aversion -> Appreciation,Appreciation,Aversion,Appreciation,1,0.041666666666666664
M0023,Aversion -> Appreciation -> Appreciation,Aversion,Appreciation,Appreciation,1,0.041666666666666664
M0024,Neutral -> Neutral -> Aversion,Neutral,Neutral,Aversion,4,0.16666666666666666
M0024,Aversion -> Neutral -> Neutral,Aversion,Neutral,Neutral,4,0.16666666666666666
M0024,Aversion -> Aversion -> Aversion,Aversion,Aversion,Aversion,4,0.16666666666666666
M0024,Neutral -> Aversion -> Neutral,Neutral,Aversion,Neutral,3,0.125
M0024,Neutral -> Aversion -> Aversion,Neutral,Aversion,Aversion,2,0.08333333333333333
M0024,Aversion -> Aversion -> Neutral,Aversion,Aversion,Neutral,2,0.08333333333333333
M0024,Neutral -> Neutral -> Neutral,Neutral,Neutral,Neutral,1,0.041666666666666664
M0024,Aversion -> Neutral -> Aversion,Aversion,Neutral,Aversion,1,0.041666666666666664
M0024,Neutral -> Neutral -> Appreciation,Neutral,Neutral,Appreciation,1,0.041666666666666664
M0024,Neutral -> Appreciation -> Neutral,Neutral,Appreciation,Neutral,1,0.041666666666666664
M0024,Appreciation -> Neutral -> Neutral,Appreciation,Neutral,Neutral,1,0.041666666666666664
M0025,Neutral -> Neutral -> Neutral,Neutral,Neutral,Neutral,6,0.25
M0025,Appreciation -> Appreciation -> Appreciation,Appreciation,Appreciation,Appreciation,6,0.25
M0025,Neutral -> Aversion -> Aversion,Neutral,Aversion,Aversion,2,0.08333333333333333
M0025,Neutral -> Appreciation -> Appreciation,Neutral,Appreciation,Appreciation,2,0.08333333333333333
M0025,Aversion -> Aversion -> Neutral,Aversion,Aversion,Neutral,2,0.08333333333333333
M0025,Neutral -> Neutral -> Aversion,Neutral,Neutral,Aversion,1,0.041666666666666664
M0025,Aversion -> Neutral -> Neutral,Aversion,Neutral,Neutral,1,0.041666666666666664
M0025,Neutral -> Neutral -> Appreciation,Neutral,Neutral,Appreciation,1,0.041666666666666664
M0025,Appreciation -> Appreciation -> Neutral,Appreciation,Appreciation,Neutral,1,0.041666666666666664
M0025,Appreciation -> Neutral -> Aversion,Appreciation,Neutral,Aversion,1,0.041666666666666664
M0025,Aversion -> Neutral -> Appreciation,Aversion,Neutral,Appreciation,1,0.041666666666666664
M0026,Neutral -> Neutral -> Neutral,Neutral,Neutral,Neutral,6,0.25
M0026,Neutral -> Aversion -> Neutral,Neutral,Aversion,Neutral,3,0.125
M0026,Neutral -> Neutral -> Aversion,Neutral,Neutral,Aversion,3,0.125
M0026,Aversion -> Neutral -> Neutral,Aversion,Neutral,Neutral,2,0.08333333333333333
M0026,Neutral -> Aversion -> Aversion,Neutral,Aversion,Aversion,2,0.08333333333333333
M0026,Aversion -> Aversion -> Aversion,Aversion,Aversion,Aversion,2,0.08333333333333333
M0026,Aversion -> Aversion -> Neutral,Aversion,Aversion,Neutral,1,0.041666666666666664
M0026,Aversion -> Neutral -> Aversion,Aversion,Neutral,Aversion,1,0.041666666666666664
M0026,Aversion -> Aversion -> Appreciation,Aversion,Aversion,Appreciation,1,0.041666666666666664
M0026,Aversion -> Appreciation -> Neutral,Aversion,Appreciation,Neutral,1,0.041666666666666664
M0026,Appreciation -> Neutral -> Neutral,Appreciation,Neutral,Neutral,1,0.041666666666666664
M0026,Aversion -> Neutral -> Appreciation,Aversion,Neutral,Appreciation,1,0.041666666666666664
M0027,Neutral -> Neutral -> Neutral,Neutral,Neutral,Neutral,4,0.16666666666666666
M0027,Aversion -> Neutral -> Neutral,Aversion,Neutral,Neutral,3,0.125
M0027,Neutral -> Aversion -> Neutral,Neutral,Aversion,Neutral,3,0.125
M0027,Aversion -> Aversion -> Aversion,Aversion,Aversion,Aversion,3,0.125
M0027,Neutral -> Neutral -> Aversion,Neutral,Neutral,Aversion,3,0.125
M0027,Aversion -> Neutral -> Aversion,Aversion,Neutral,Aversion,2,0.08333333333333333
M0027,Appreciation -> Appreciation -> Appreciation,Appreciation,Appreciation,Appreciation,2,0.08333333333333333
M0027,Neutral -> Aversion -> Aversion,Neutral,Aversion,Aversion,1,0.041666666666666664
M0027,Aversion -> Aversion -> Neutral,Aversion,Aversion,Neutral,1,0.041666666666666664
M0027,Neutral -> Aversion -> Appreciation,Neutral,Aversion,Appreciation,1,0.041666666666666664
M0027,Aversion -> Appreciation -> Appreciation,Aversion,Appreciation,Appreciation,1,0.041666666666666664
M0028,Neutral -> Neutral -> Neutral,Neutral,Neutral,Neutral,10,0.4166666666666667
M0028,Neutral -> Aversion -> Neutral,Neutral,Aversion,Neutral,3,0.125
M0028,Aversion -> Neutral -> Aversion,Aversion,Neutral,Aversion,3,0.125
M0028,Neutral -> Neutral -> Aversion,Neutral,Neutral,Aversion,2,0.08333333333333333
M0028,Neutral -> Aversion -> Aversion,Neutral,Aversion,Aversion,2,0.08333333333333333
M0028,Aversion -> Aversion -> Aversion,Aversion,Aversion,Aversion,2,0.08333333333333333
M0028,Aversion -> Neutral -> Neutral,Aversion,Neutral,Neutral,1,0.041666666666666664
M0028,Aversion -> Aversion -> Neutral,Aversion,Aversion,Neutral,1,0.041666666666666664
M0029,Neutral -> Neutral -> Neutral,Neutral,Neutral,Neutral,13,0.5416666666666666
M0029,Neutral -> Neutral -> Aversion,Neutral,Neutral,Aversion,1,0.041666666666666664
M0029,Neutral -> Aversion -> Neutral,Neutral,Aversion,Neutral,1,0.041666666666666664
M0029,Aversion -> Neutral -> Aversion,Aversion,Neutral,Aversion,1,0.041666666666666664
M0029,Neutral -> Aversion -> Aversion,Neutral,Aversion,Aversion,1,0.041666666666666664
M0029,Aversion -> Aversion -> Neutral,Aversion,Aversion,Neutral,1,0.041666666666666664
M0029,Aversion -> Neutral -> Appreciation,Aversion,Neutral,Appreciation,1,0.041666666666666664
M0029,Neutral -> Appreciation -> Neutral,Neutral,Appreciation,Neutral,1,0.041666666666666664
M0029,Appreciation -> Neutral -> Neutral,Appreciation,Neutral,Neutral,1,0.041666666666666664
M0029,Neutral -> Neutral -> Appreciation,Neutral,Neutral,Appreciation,1,0.041666666666666664
M0029,Neutral -> Appreciation -> Appreciation,Neutral,Appreciation,Appreciation,1,0.041666666666666664
M0029,Appreciation -> Appreciation -> Appreciation,Appreciation,Appreciation,Appreciation,1,0.041666666666666664
M0030,Neutral -> Neutral -> Neutral,Neutral,Neutral,Neutral,13,0.5416666666666666
M0030,Appreciation -> Appreciation -> Appreciation,Appreciation,Appreciation,Appreciation,3,0.125
M0030,Aversion -> Aversion -> Aversion,Aversion,Aversion,Aversion,2,0.08333333333333333
M0030,Neutral -> Appreciation -> Appreciation,Neutral,Appreciation,Appreciation,1,0.041666666666666664
M0030,Neutral -> Neutral -> Appreciation,Neutral,Neutral,Appreciation,1,0.041666666666666664
M0030,Appreciation -> Appreciation -> Aversion,Appreciation,Appreciation,Aversion,1,0.041666666666666664
M0030,Appreciation -> Aversion -> Neutral,Appreciation,Aversion,Neutral,1,0.041666666666666664
M0030,Aversion -> Neutral -> Aversion,Aversion,Neutral,Aversion,1,0.041666666666666664
M0030,Neutral -> Aversion -> Aversion,Neutral,Aversion,Aversion,1,0.041666666666666664
M0031,Aversion -> Aversion -> Aversion,Aversion,Aversion,Aversion,7,0.2916666666666667
M0031,Appreciation -> Appreciation -> Appreciation,Appreciation,Appreciation,Appreciation,6,0.25
M0031,Aversion -> Neutral -> Aversion,Aversion,Neutral,Aversion,3,0.125
M0031,Aversion -> Aversion -> Neutral,Aversion,Aversion,Neutral,2,0.08333333333333333
M0031,Neutral -> Aversion -> Aversion,Neutral,Aversion,Aversion,2,0.08333333333333333
M0031,Neutral -> Neutral -> Aversion,Neutral,Neutral,Aversion,1,0.041666666666666664
M0031,Neutral -> Aversion -> Neutral,Neutral,Aversion,Neutral,1,0.041666666666666664
M0031,Neutral -> Aversion -> Appreciation,Neutral,Aversion,Appreciation,1,0.041666666666666664
M0031,Aversion -> Appreciation -> Appreciation,Aversion,Appreciation,Appreciation,1,0.041666666666666664
M0032,Appreciation -> Appreciation -> Appreciation,Appreciation,Appreciation,Appreciation,6,0.25
M0032,Neutral -> Neutral -> Neutral,Neutral,Neutral,Neutral,5,0.20833333333333334
M0032,Neutral -> Neutral -> Aversion,Neutral,Neutral,Aversion,3,0.125
M0032,Neutral -> Aversion -> Aversion,Neutral,Aversion,Aversion,2,0.08333333333333333
M0032,Aversion -> Neutral -> Neutral,Aversion,Neutral,Neutral,2,0.08333333333333333
M0032,Aversion -> Aversion -> Neutral,Aversion,Aversion,Neutral,2,0.08333333333333333
M0032,Neutral -> Aversion -> Neutral,Neutral,Aversion,Neutral,1,0.041666666666666664
M0032,Aversion -> Neutral -> Appreciation,Aversion,Neutral,Appreciation,1,0.041666666666666664
M0032,Neutral -> Appreciation -> Appreciation,Neutral,Appreciation,Appreciation,1,0.041666666666666664
M0032,Appreciation -> Appreciation -> Neutral,Appreciation,Appreciation,Neutral,1,0.041666666666666664
M0033,Appreciation -> Appreciation -> Appreciation,Appreciation,Appreciation,Appreciation,7,0.2916666666666667
M0033,Neutral -> Aversion -> Aversion,Neutral,Aversion,Aversion,3,0.125
M0033,Aversion -> Aversion -> Aversion,Aversion,Aversion,Aversion,3,0.125
M0033,Aversion -> Neutral -> Neutral,Aversion,Neutral,Neutral,3,0.125
M0033,Aversion -> Aversion -> Neutral,Aversion,Aversion,Neutral,3,0.125
M0033,Neutral -> Neutral -> Aversion,Neutral,Neutral,Aversion,2,0.08333333333333333
M0033,Neutral -> Neutral -> Neutral,Neutral,Neutral,Neutral,1,0.041666666666666664
M0033,Neutral -> Neutral -> Appreciation,Neutral,Neutral,Appreciation,1,0.041666666666666664
M0033,Neutral -> Appreciation -> Appreciation,Neutral,Appreciation,Appreciation,1,0.041666666666666664
M0034,Neutral -> Neutral -> Neutral,Neutral,Neutral,Neutral,19,0.7916666666666666
M0034,Aversion -> Aversion -> Aversion,Aversion,Aversion,Aversion,3,0.125
M0034,Neutral -> Neutral -> Aversion,Neutral,Neutral,Aversion,1,0.041666666666666664
M0034,Neutral -> Aversion -> Aversion,Neutral,Aversion,Aversion,1,0.041666666666666664
M0035,Neutral -> Neutral -> Neutral,Neutral,Neutral,Neutral,10,0.4166666666666667
M0035,Aversion -> Aversion -> Aversion,Aversion,Aversion,Aversion,7,0.2916666666666667
M0035,Neutral -> Neutral -> Aversion,Neutral,Neutral,Aversion,2,0.08333333333333333
M0035,Neutral -> Aversion -> Neutral,Neutral,Aversion,Neutral,2,0.08333333333333333
M0035,Aversion -> Neutral -> Neutral,Aversion,Neutral,Neutral,1,0.041666666666666664
M0035,Aversion -> Neutral -> Aversion,Aversion,Neutral,Aversion,1,0.041666666666666664
M0035,Neutral -> Aversion -> Aversion,Neutral,Aversion,Aversion,1,0.041666666666666664
M0036,Neutral -> Neutral -> Neutral,Neutral,Neutral,Neutral,6,0.25
M0036,Aversion -> Aversion -> Aversion,Aversion,Aversion,Aversion,4,0.16666666666666666
M0036,Aversion -> Neutral -> Neutral,Aversion,Neutral,Neutral,3,0.125
M0036,Neutral -> Aversion -> Aversion,Neutral,Aversion,Aversion,3,0.125
M0036,Neutral -> Neutral -> Aversion,Neutral,Neutral,Aversion,3,0.125
M0036,Aversion -> Aversion -> Neutral,Aversion,Aversion,Neutral,2,0.08333333333333333
M0036,Neutral -> Aversion -> Neutral,Neutral,Aversion,Neutral,2,0.08333333333333333
M0036,Aversion -> Neutral -> Aversion,Aversion,Neutral,Aversion,1,0.041666666666666664
M0037,Appreciation -> Appreciation -> Appreciation,Appreciation,Appreciation,Appreciation,12,0.5
M0037,Neutral -> Aversion -> Neutral,Neutral,Aversion,Neutral,3,0.125
M0037,Aversion -> Neutral -> Aversion,Aversion,Neutral,Aversion,3,0.125
M0037,Aversion -> Aversion -> Neutral,Aversion,Aversion,Neutral,1,0.041666666666666664
M0037,Neutral -> Aversion -> Aversion,Neutral,Aversion,Aversion,1,0.041666666666666664
M0037,Aversion -> Neutral -> Neutral,Aversion,Neutral,Neutral,1,0.041666666666666664
M0037,Neutral -> Neutral -> Neutral,Neutral,Neutral,Neutral,1,0.041666666666666664
M0037,Neutral -> Neutral -> Appreciation,Neutral,Neutral,Appreciation,1,0.041666666666666664
M0037,Neutral -> Appreciation -> Appreciation,Neutral,Appreciation,Appreciation,1,0.041666666666666664
M0038,Neutral -> Neutral -> Neutral,Neutral,Neutral,Neutral,7,0.2916666666666667
M0038,Appreciation -> Appreciation -> Appreciation,Appreciation,Appreciation,Appreciation,6,0.25
M0038,Neutral -> Neutral -> Aversion,Neutral,Neutral,Aversion,2,0.08333333333333333
M0038,Aversion -> Aversion -> Aversion,Aversion,Aversion,Aversion,2,0.08333333333333333
M0038,Neutral -> Aversion -> Aversion,Neutral,Aversion,Aversion,1,0.041666666666666664
M0038,Aversion -> Neutral -> Neutral,Aversion,Neutral,Neutral,1,0.041666666666666664
M0038,Aversion -> Aversion -> Neutral,Aversion,Aversion,Neutral,1,0.041666666666666664
M0038,Neutral -> Neutral -> Appreciation,Neutral,Neutral,Appreciation,1,0.041666666666666664
M0038,Neutral -> Appreciation -> Appreciation,Neutral,Appreciation,Appreciation,1,0.041666666666666664
M0038,Appreciation -> Appreciation -> Neutral,Appreciation,Appreciation,Neutral,1,0.041666666666666664
M0038,Appreciation -> Neutral -> Neutral,Appreciation,Neutral,Neutral,1,0.041666666666666664
M0039,Neutral -> Neutral -> Neutral,Neutral,Neutral,Neutral,10,0.4166666666666667
M0039,Neutral -> Neutral -> Aversion,Neutral,Neutral,Aversion,3,0.125
M0039,Neutral -> Aversion -> Neutral,Neutral,Aversion,Neutral,2,0.08333333333333333
M0039,Neutral -> Aversion -> Aversion,Neutral,Aversion,Aversion,2,0.08333333333333333
M0039,Aversion -> Neutral -> Neutral,Aversion,Neutral,Neutral,1,0.041666666666666664
M0039,Aversion -> Aversion -> Neutral,Aversion,Aversion,Neutral,1,0.041666666666666664
M0039,Aversion -> Neutral -> Appreciation,Aversion,Neutral,Appreciation,1,0.041666666666666664
M0039,Neutral -> Appreciation -> Neutral,Neutral,Appreciation,Neutral,1,0.041666666666666664
M0039,Appreciation -> Neutral -> Neutral,Appreciation,Neutral,Neutral,1,0.041666666666666664
M0039,Aversion -> Neutral -> Aversion,Aversion,Neutral,Aversion,1,0.041666666666666664
M0039,Aversion -> Aversion -> Aversion,Aversion,Aversion,Aversion,1,0.041666666666666664
M0040,Neutral -> Neutral -> Neutral,Neutral,Neutral,Neutral,16,0.6666666666666666
M0040,Neutral -> Neutral -> Aversion,Neutral,Neutral,Aversion,1,0.041666666666666664
M0040,Neutral -> Aversion -> Aversion,Neutral,Aversion,Aversion,1,0.041666666666666664
M0040,Aversion -> Aversion -> Aversion,Aversion,Aversion,Aversion,1,0.041666666666666664
M0040,Aversion -> Aversion -> Neutral,Aversion,Aversion,Neutral,1,0.041666666666666664
M0040,Aversion -> Neutral -> Aversion,Aversion,Neutral,Aversion,1,0.041666666666666664
M0040,Neutral -> Aversion -> Neutral,Neutral,Aversion,Neutral,1,0.041666666666666664
M0040,Aversion -> Neutral -> Neutral,Aversion,Neutral,Neutral,1,0.041666666666666664
M0040,Neutral -> Neutral -> Appreciation,Neutral,Neutral,Appreciation,1,0.041666666666666664
M0041,Neutral -> Neutral -> Neutral,Neutral,Neutral,Neutral,7,0.2916666666666667
M0041,Neutral -> Neutral -> Aversion,Neutral,Neutral,Aversion,2,0.08333333333333333
M0041,Aversion -> Aversion -> Neutral,Aversion,Aversion,Neutral,2,0.08333333333333333
M0041,Neutral -> Aversion -> Aversion,Neutral,Aversion,Aversion,2,0.08333333333333333
M0041,Aversion -> Neutral -> Neutral,Aversion,Neutral,Neutral,2,0.08333333333333333
M0041,Neutral -> Aversion -> Neutral,Neutral,Aversion,Neutral,2,0.08333333333333333
M0041,Aversion -> Aversion -> Aversion,Aversion,Aversion,Aversion,2,0.08333333333333333
M0041,Aversion -> Neutral -> Aversion,Aversion,Neutral,Aversion,1,0.041666666666666664
M0041,Neutral -> Neutral -> Appreciation,Neutral,Neutral,Appreciation,1,0.041666666666666664
M0041,Neutral -> Appreciation -> Appreciation,Neutral,Appreciation,Appreciation,1,0.041666666666666664
M0041,Appreciation -> Appreciation -> Neutral,Appreciation,Appreciation,Neutral,1,0.041666666666666664
M0041,Appreciation -> Neutral -> Aversion,Appreciation,Neutral,Aversion,1,0.041666666666666664
M0042,Aversion -> Aversion -> Aversion,Aversion,Aversion,Aversion,12,0.5
M0042,Appreciation -> Appreciation -> Appreciation,Appreciation,Appreciation,Appreciation,7,0.2916666666666667
M0042,Neutral -> Neutral -> Aversion,Neutral,Neutral,Aversion,1,0.041666666666666664
M0042,Neutral -> Aversion -> Aversion,Neutral,Aversion,Aversion,1,0.041666666666666664
M0042,Aversion -> Aversion -> Neutral,Aversion,Aversion,Neutral,1,0.041666666666666664
M0042,Aversion -> Neutral -> Appreciation,Aversion,Neutral,Appreciation,1,0.041666666666666664
M0042,Neutral -> Appreciation -> Appreciation,Neutral,Appreciation,Appreciation,1,0.041666666666666664
M0043,Appreciation -> Appreciation -> Appreciation,Appreciation,Appreciation,Appreciation,6,0.25
M0043,Neutral -> Neutral -> Neutral,Neutral,Neutral,Neutral,3,0.125
M0043,Aversion -> Aversion -> Aversion,Aversion,Aversion,Aversion,3,0.125
M0043,Neutral -> Aversion -> Aversion,Neutral,Aversion,Aversion,2,0.08333333333333333
M0043,Neutral -> Appreciation -> Appreciation,Neutral,Appreciation,Appreciation,2,0.08333333333333333
M0043,Aversion -> Aversion -> Neutral,Aversion,Aversion,Neutral,2,0.08333333333333333
M0043,Neutral -> Neutral -> Aversion,Neutral,Neutral,Aversion,1,0.041666666666666664
M0043,Aversion -> Neutral -> Aversion,Aversion,Neutral,Aversion,1,0.041666666666666664
M0043,Neutral -> Neutral -> Appreciation,Neutral,Neutral,Appreciation,1,0.041666666666666664
M0043,Aversion -> Neutral -> Neutral,Aversion,Neutral,Neutral,1,0.041666666666666664
M0043,Appreciation -> Appreciation -> Neutral,Appreciation,Appreciation,Neutral,1,0.041666666666666664
M0043,Appreciation -> Neutral -> Appreciation,Appreciation,Neutral,Appreciation,1,0.041666666666666664
M0044,Neutral -> Neutral -> Neutral,Neutral,Neutral,Neutral,8,0.3333333333333333
M0044,Neutral -> Neutral -> Aversion,Neutral,Neutral,Aversion,2,0.08333333333333333
M0044,Neutral -> Aversion -> Aversion,Neutral,Aversion,Aversion,2,0.08333333333333333
M0044,Aversion -> Aversion -> Neutral,Aversion,Aversion,Neutral,2,0.08333333333333333
M0044,Aversion -> Neutral -> Aversion,Aversion,Neutral,Aversion,2,0.08333333333333333
M0044,Aversion -> Aversion -> Aversion,Aversion,Aversion,Aversion,2,0.08333333333333333
M0044,Neutral -> Aversion -> Neutral,Neutral,Aversion,Neutral,1,0.041666666666666664
M0044,Aversion -> Neutral -> Neutral,Aversion,Neutral,Neutral,1,0.041666666666666664
M0044,Neutral -> Aversion -> Appreciation,Neutral,Aversion,Appreciation,1,0.041666666666666664
M0044,Aversion -> Appreciation -> Appreciation,Aversion,Appreciation,Appreciation,1,0.041666666666666664
M0044,Appreciation -> Appreciation -> Neutral,Appreciation,Appreciation,Neutral,1,0.041666666666666664
M0044,Appreciation -> Neutral -> Aversion,Appreciation,Neutral,Aversion,1,0.041666666666666664
M0045,Neutral -> Neutral -> Neutral,Neutral,Neutral,Neutral,8,0.3333333333333333
M0045,Appreciation -> Appreciation -> Appreciation,Appreciation,Appreciation,Appreciation,4,0.16666666666666666
M0045,Neutral -> Neutral -> Appreciation,Neutral,Neutral,Appreciation,2,0.08333333333333333
M0045,Neutral -> Appreciation -> Appreciation,Neutral,Appreciation,Appreciation,2,0.08333333333333333
M0045,Aversion -> Aversion -> Neutral,Aversion,Aversion,Neutral,1,0.041666666666666664
M0045,Neutral -> Aversion -> Aversion,Neutral,Aversion,Aversion,1,0.041666666666666664
M0045,Neutral -> Neutral -> Aversion,Neutral,Neutral,Aversion,1,0.041666666666666664
M0045,Aversion -> Neutral -> Neutral,Aversion,Neutral,Neutral,1,0.041666666666666664
M0045,Appreciation -> Appreciation -> Neutral,Appreciation,Appreciation,Neutral,1,0.041666666666666664
M0045,Appreciation -> Neutral -> Neutral,Appreciation,Neutral,Neutral,1,0.041666666666666664
M0045,Neutral -> Appreciation -> Neutral,Neutral,Appreciation,Neutral,1,0.041666666666666664
M0045,Appreciation -> Neutral -> Appreciation,Appreciation,Neutral,Appreciation,1,0.041666666666666664
M0046,Appreciation -> Appreciation -> Appreciation,Appreciation,Appreciation,Appreciation,11,0.4583333333333333
M0046,Neutral -> Neutral -> Neutral,Neutral,Neutral,Neutral,8,0.3333333333333333
M0046,Neutral -> Neutral -> Aversion,Neutral,Neutral,Aversion,1,0.041666666666666664
M0046,Neutral -> Aversion -> Neutral,Neutral,Aversion,Neutral,1,0.041666666666666664
M0046,Aversion -> Neutral -> Neutral,Aversion,Neutral,Neutral,1,0.041666666666666664
M0046,Neutral -> Neutral -> Appreciation,Neutral,Neutral,Appreciation,1,0.041666666666666664
M0046,Neutral -> Appreciation -> Appreciation,Neutral,Appreciation,Appreciation,1,0.041666666666666664
M0047,Aversion -> Aversion -> Aversion,Aversion,Aversion,Aversion,4,0.16666666666666666
M0047,Neutral -> Aversion -> Aversion,Neutral,Aversion,Aversion,4,0.16666666666666666
M0047,Aversion -> Neutral -> Aversion,Aversion,Neutral,Aversion,4,0.16666666666666666
M0047,Neutral -> Neutral -> Aversion,Neutral,Neutral,Aversion,3,0.125
M0047,Neutral -> Aversion -> Neutral,Neutral,Aversion,Neutral,3,0.125
M0047,Aversion -> Aversion -> Neutral,Aversion,Aversion,Neutral,3,0.125
M0047,Aversion -> Neutral -> Neutral,Aversion,Neutral,Neutral,2,0.08333333333333333
M0047,Neutral -> Neutral -> Neutral,Neutral,Neutral,Neutral,1,0.041666666666666664
M0048,Neutral -> Neutral -> Neutral,Neutral,Neutral,Neutral,5,0.20833333333333334
M0048,Neutral -> Aversion -> Aversion,Neutral,Aversion,Aversion,5,0.20833333333333334
M0048,Aversion -> Aversion -> Neutral,Aversion,Aversion,Neutral,4,0.16666666666666666
M0048,Aversion -> Aversion -> Aversion,Aversion,Aversion,Aversion,4,0.16666666666666666
M0048,Aversion -> Neutral -> Aversion,Aversion,Neutral,Aversion,3,0.125
M0048,Neutral -> Neutral -> Aversion,Neutral,Neutral,Aversion,2,0.08333333333333333
M0048,Aversion -> Neutral -> Neutral,Aversion,Neutral,Neutral,1,0.041666666666666664
M0049,Appreciation -> Appreciation -> Appreciation,Appreciation,Appreciation,Appreciation,5,0.20833333333333334
M0049,Neutral -> Neutral -> Neutral,Neutral,Neutral,Neutral,3,0.125
M0049,Neutral -> Aversion -> Aversion,Neutral,Aversion,Aversion,2,0.08333333333333333
M0049,Aversion -> Neutral -> Aversion,Aversion,Neutral,Aversion,2,0.08333333333333333
M0049,Neutral -> Aversion -> Neutral,Neutral,Aversion,Neutral,2,0.08333333333333333
M0049,Aversion -> Neutral -> Neutral,Aversion,Neutral,Neutral,2,0.08333333333333333
M0049,Aversion -> Aversion -> Neutral,Aversion,Aversion,Neutral,2,0.08333333333333333
M0049,Neutral -> Neutral -> Appreciation,Neutral,Neutral,Appreciation,1,0.041666666666666664
M0049,Neutral -> Appreciation -> Appreciation,Neutral,Appreciation,Appreciation,1,0.041666666666666664
M0049,Appreciation -> Appreciation -> Neutral,Appreciation,Appreciation,Neutral,1,0.041666666666666664
M0049,Appreciation -> Neutral -> Neutral,Appreciation,Neutral,Neutral,1,0.041666666666666664
M0049,Neutral -> Neutral -> Aversion,Neutral,Neutral,Aversion,1,0.041666666666666664
M0049,Aversion -> Aversion -> Aversion,Aversion,Aversion,Aversion,1,0.041666666666666664
M0050,Appreciation -> Appreciation -> Appreciation,Appreciation,Appreciation,Appreciation,4,0.16666666666666666
M0050,Aversion -> Aversion -> Neutral,Aversion,Aversion,Neutral,3,0.125
M0050,Neutral -> Aversion -> Aversion,Neutral,Aversion,Aversion,3,0.125
M0050,Aversion -> Neutral -> Neutral,Aversion,Neutral,Neutral,3,0.125
M0050,Neutral -> Neutral -> Neutral,Neutral,Neutral,Neutral,3,0.125
M0050,Aversion -> Aversion -> Aversion,Aversion,Aversion,Aversion,2,0.08333333333333333
M0050,Neutral -> Neutral -> Aversion,Neutral,Neutral,Aversion,2,0.08333333333333333
M0050,Aversion -> Neutral -> Aversion,Aversion,Neutral,Aversion,1,0.041666666666666664
M0050,Neutral -> Aversion -> Neutral,Neutral,Aversion,Neutral,1,0.041666666666666664
M0050,Neutral -> Neutral -> Appreciation,Neutral,Neutral,Appreciation,1,0.041666666666666664
M0050,Neutral -> Appreciation -> Appreciation,Neutral,Appreciation,Appreciation,1,0.041666666666666664
M0051,Appreciation -> Appreciation -> Appreciation,Appreciation,Appreciation,Appreciation,7,0.2916666666666667
M0051,Neutral -> Aversion -> Aversion,Neutral,Aversion,Aversion,3,0.125
M0051,Aversion -> Aversion -> Aversion,Aversion,Aversion,Aversion,2,0.08333333333333333
M0051,Neutral -> Neutral -> Aversion,Neutral,Neutral,Aversion,2,0.08333333333333333
M0051,Aversion -> Neutral -> Neutral,Aversion,Neutral,Neutral,2,0.08333333333333333
M0051,Aversion -> Aversion -> Neutral,Aversion,Aversion,Neutral,2,0.08333333333333333
M0051,Neutral -> Neutral -> Neutral,Neutral,Neutral,Neutral,1,0.041666666666666664
M0051,Aversion -> Aversion -> Appreciation,Aversion,Aversion,Appreciation,1,0.041666666666666664
M0051,Aversion -> Appreciation -> Neutral,Aversion,Appreciation,Neutral,1,0.041666666666666664
M0051,Appreciation -> Neutral -> Aversion,Appreciation,Neutral,Aversion,1,0.041666666666666664
M0051,Neutral -> Neutral -> Appreciation,Neutral,Neutral,Appreciation,1,0.041666666666666664
M0051,Neutral -> Appreciation -> Appreciation,Neutral,Appreciation,Appreciation,1,0.041666666666666664
M0052,Neutral -> Neutral -> Neutral,Neutral,Neutral,Neutral,7,0.2916666666666667
M0052,Aversion -> Aversion -> Aversion,Aversion,Aversion,Aversion,5,0.20833333333333334
M0052,Neutral -> Neutral -> Appreciation,Neutral,Neutral,Appreciation,2,0.08333333333333333
M0052,Appreciation -> Appreciation -> Appreciation,Appreciation,Appreciation,Appreciation,2,0.08333333333333333
M0052,Neutral -> Appreciation -> Appreciation,Neutral,Appreciation,Appreciation,2,0.08333333333333333
M0052,Neutral -> Aversion -> Aversion,Neutral,Aversion,Aversion,1,0.041666666666666664
M0052,Neutral -> Neutral -> Aversion,Neutral,Neutral,Aversion,1,0.041666666666666664
M0052,Aversion -> Neutral -> Neutral,Aversion,Neutral,Neutral,1,0.041666666666666664
M0052,Aversion -> Aversion -> Neutral,Aversion,Aversion,Neutral,1,0.041666666666666664
M0052,Appreciation -> Appreciation -> Neutral,Appreciation,Appreciation,Neutral,1,0.041666666666666664
M0052,Appreciation -> Neutral -> Neutral,Appreciation,Neutral,Neutral,1,0.041666666666666664
M0053,Appreciation -> Appreciation -> Appreciation,Appreciation,Appreciation,Appreciation,5,0.20833333333333334
M0053,Aversion -> Aversion -> Aversion,Aversion,Aversion,Aversion,4,0.16666666666666666
M0053,Neutral -> Neutral -> Neutral,Neutral,Neutral,Neutral,3,0.125
M0053,Neutral -> Aversion -> Aversion,Neutral,Aversion,Aversion,2,0.08333333333333333
M0053,Aversion -> Aversion -> Neutral,Aversion,Aversion,Neutral,2,0.08333333333333333
M0053,Aversion -> Neutral -> Neutral,Aversion,Neutral,Neutral,2,0.08333333333333333
M0053,Neutral -> Aversion -> Neutral,Neutral,Aversion,Neutral,1,0.041666666666666664
M0053,Aversion -> Neutral -> Aversion,Aversion,Neutral,Aversion,1,0.041666666666666664
M0053,Neutral -> Neutral -> Aversion,Neutral,Neutral,Aversion,1,0.041666666666666664
M0053,Neutral -> Neutral -> Appreciation,Neutral,Neutral,Appreciation,1,0.041666666666666664
M0053,Neutral -> Appreciation -> Appreciation,Neutral,Appreciation,Appreciation,1,0.041666666666666664
M0053,Appreciation -> Appreciation -> Neutral,Appreciation,Appreciation,Neutral,1,0.041666666666666664
M0054,Neutral -> Neutral -> Neutral,Neutral,Neutral,Neutral,4,0.16666666666666666
M0054,Neutral -> Aversion -> Aversion,Neutral,Aversion,Aversion,4,0.16666666666666666
M0054,Aversion -> Aversion -> Neutral,Aversion,Aversion,Neutral,4,0.16666666666666666
M0054,Aversion -> Neutral -> Aversion,Aversion,Neutral,Aversion,3,0.125
M0054,Aversion -> Aversion -> Aversion,Aversion,Aversion,Aversion,3,0.125
M0054,Neutral -> Neutral -> Aversion,Neutral,Neutral,Aversion,2,0.08333333333333333
M0054,Neutral -> Aversion -> Neutral,Neutral,Aversion,Neutral,1,0.041666666666666664
M0054,Aversion -> Neutral -> Neutral,Aversion,Neutral,Neutral,1,0.041666666666666664
M0054,Aversion -> Neutral -> Appreciation,Aversion,Neutral,Appreciation,1,0.041666666666666664
M0054,Neutral -> Appreciation -> Appreciation,Neutral,Appreciation,Appreciation,1,0.041666666666666664
M0055,Neutral -> Neutral -> Neutral,Neutral,Neutral,Neutral,7,0.2916666666666667
M0055,Neutral -> Aversion -> Neutral,Neutral,Aversion,Neutral,3,0.125
M0055,Aversion -> Aversion -> Aversion,Aversion,Aversion,Aversion,3,0.125
M0055,Appreciation -> Appreciation -> Appreciation,Appreciation,Appreciation,Appreciation,2,0.08333333333333333
M0055,Aversion -> Neutral -> Aversion,Aversion,Neutral,Aversion,2,0.08333333333333333
M0055,Neutral -> Neutral -> Aversion,Neutral,Neutral,Aversion,1,0.041666666666666664
M0055,Aversion -> Neutral -> Neutral,Aversion,Neutral,Neutral,1,0.041666666666666664
M0055,Neutral -> Neutral -> Appreciation,Neutral,Neutral,Appreciation,1,0.041666666666666664
M0055,Appreciation -> Appreciation -> Neutral,Appreciation,Appreciation,Neutral,1,0.041666666666666664
M0055,Neutral -> Appreciation -> Appreciation,Neutral,Appreciation,Appreciation,1,0.041666666666666664
M0055,Appreciation -> Neutral -> Aversion,Appreciation,Neutral,Aversion,1,0.041666666666666664
M0055,Neutral -> Aversion -> Aversion,Neutral,Aversion,Aversion,1,0.041666666666666664
M0056,Neutral -> Neutral -> Neutral,Neutral,Neutral,Neutral,8,0.3333333333333333
M0056,Appreciation -> Appreciation -> Appreciation,Appreciation,Appreciation,Appreciation,5,0.20833333333333334
M0056,Neutral -> Neutral -> Aversion,Neutral,Neutral,Aversion,3,0.125
M0056,Aversion -> Neutral -> Neutral,Aversion,Neutral,Neutral,2,0.08333333333333333
M0056,Neutral -> Aversion -> Neutral,Neutral,Aversion,Neutral,2,0.08333333333333333
M0056,Neutral -> Aversion -> Aversion,Neutral,Aversion,Aversion,1,0.041666666666666664
M0056,Aversion -> Aversion -> Neutral,Aversion,Aversion,Neutral,1,0.041666666666666664
M0056,Aversion -> Neutral -> Appreciation,Aversion,Neutral,Appreciation,1,0.041666666666666664
M0056,Neutral -> Appreciation -> Appreciation,Neutral,Appreciation,Appreciation,1,0.041666666666666664
M0057,Aversion -> Aversion -> Aversion,Aversion,Aversion,Aversion,5,0.20833333333333334
M0057,Neutral -> Neutral -> Aversion,Neutral,Neutral,Aversion,4,0.16666666666666666
M0057,Aversion -> Neutral -> Neutral,Aversion,Neutral,Neutral,3,0.125
M0057,Neutral -> Aversion -> Neutral,Neutral,Aversion,Neutral,3,0.125
M0057,Aversion -> Aversion -> Neutral,Aversion,Aversion,Neutral,3,0.125
M0057,Neutral -> Aversion -> Aversion,Neutral,Aversion,Aversion,3,0.125
M0057,Aversion -> Neutral -> Aversion,Aversion,Neutral,Aversion,2,0.08333333333333333
M0057,Neutral -> Neutral -> Neutral,Neutral,Neutral,Neutral,1,0.041666666666666664
M0058,Aversion -> Aversion -> Aversion,Aversion,Aversion,Aversion,17,0.7083333333333334
M0058,Aversion -> Neutral -> Aversion,Aversion,Neutral,Aversion,2,0.08333333333333333
M0058,Neutral -> Aversion -> Aversion,Neutral,Aversion,Aversion,2,0.08333333333333333
M0058,Neutral -> Neutral -> Aversion,Neutral,Neutral,Aversion,1,0.041666666666666664
M0058,Neutral -> Aversion -> Neutral,Neutral,Aversion,Neutral,1,0.041666666666666664
M0058,Aversion -> Aversion -> Neutral,Aversion,Aversion,Neutral,1,0.041666666666666664
M0059,Aversion -> Aversion -> Aversion,Aversion,Aversion,Aversion,11,0.4583333333333333
M0059,Neutral -> Neutral -> Neutral,Neutral,Neutral,Neutral,4,0.16666666666666666
M0059,Neutral -> Neutral -> Aversion,Neutral,Neutral,Aversion,3,0.125
M0059,Neutral -> Aversion -> Aversion,Neutral,Aversion,Aversion,2,0.08333333333333333
M0059,Aversion -> Neutral -> Neutral,Aversion,Neutral,Neutral,2,0.08333333333333333
M0059,Aversion -> Aversion -> Neutral,Aversion,Aversion,Neutral,1,0.041666666666666664
M0059,Neutral -> Aversion -> Neutral,Neutral,Aversion,Neutral,1,0.041666666666666664
M0060,Neutral -> Neutral -> Neutral,Neutral,Neutral,Neutral,12,0.5
M0060,Appreciation -> Appreciation -> Appreciation,Appreciation,Appreciation,Appreciation,3,0.125
M0060,Neutral -> Appreciation -> Appreciation,Neutral,Appreciation,Appreciation,2,0.08333333333333333
M0060,Neutral -> Neutral -> Aversion,Neutral,Neutral,Aversion,1,0.041666666666666664
M0060,Neutral -> Aversion -> Aversion,Neutral,Aversion,Aversion,1,0.041666666666666664
M0060,Aversion -> Aversion -> Neutral,Aversion,Aversion,Neutral,1,0.041666666666666664
M0060,Neutral -> Neutral -> Appreciation,Neutral,Neutral,Appreciation,1,0.041666666666666664
M0060,Aversion -> Neutral -> Neutral,Aversion,Neutral,Neutral,1,0.041666666666666664
M0060,Appreciation -> Appreciation -> Neutral,Appreciation,Appreciation,Neutral,1,0.041666666666666664
M0060,Appreciation -> Neutral -> Appreciation,Appreciation,Neutral,Appreciation,1,0.041666666666666664
M0061,Aversion -> Aversion -> Aversion,Aversion,Aversion,Aversion,8,0.3333333333333333
M0061,Neutral -> Aversion -> Aversion,Neutral,Aversion,Aversion,3,0.125
M0061,Aversion -> Aversion -> Neutral,Aversion,Aversion,Neutral,3,0.125
M0061,Neutral -> Neutral -> Aversion,Neutral,Neutral,Aversion,2,0.08333333333333333
M0061,Aversion -> Neutral -> Aversion,Aversion,Neutral,Aversion,2,0.08333333333333333
M0061,Neutral -> Aversion -> Neutral,Neutral,Aversion,Neutral,1,0.041666666666666664
M0061,Aversion -> Neutral -> Neutral,Aversion,Neutral,Neutral,1,0.041666666666666664
M0061,Aversion -> Neutral -> Appreciation,Aversion,Neutral,Appreciation,1,0.041666666666666664
M0061,Neutral -> Appreciation -> Neutral,Neutral,Appreciation,Neutral,1,0.041666666666666664
M0061,Appreciation -> Neutral -> Neutral,Appreciation,Neutral,Neutral,1,0.041666666666666664
M0061,Neutral -> Neutral -> Neutral,Neutral,Neutral,Neutral,1,0.041666666666666664
M0062,Neutral -> Neutral -> Neutral,Neutral,Neutral,Neutral,8,0.3333333333333333
M0062,Appreciation -> Appreciation -> Appreciation,Appreciation,Appreciation,Appreciation,7,0.2916666666666667
M0062,Neutral -> Neutral -> Appreciation,Neutral,Neutral,Appreciation,2,0.08333333333333333
M0062,Neutral -> Appreciation -> Appreciation,Neutral,Appreciation,Appreciation,2,0.08333333333333333
M0062,Neutral -> Neutral -> Aversion,Neutral,Neutral,Aversion,1,0.041666666666666664
M0062,Aversion -> Neutral -> Neutral,Aversion,Neutral,Neutral,1,0.041666666666666664
M0062,Neutral -> Aversion -> Neutral,Neutral,Aversion,Neutral,1,0.041666666666666664
M0062,Appreciation -> Appreciation -> Neutral,Appreciation,Appreciation,Neutral,1,0.041666666666666664
M0062,Appreciation -> Neutral -> Neutral,Appreciation,Neutral,Neutral,1,0.041666666666666664
M0063,Neutral -> Neutral -> Neutral,Neutral,Neutral,Neutral,12,0.5
M0063,Neutral -> Neutral -> Aversion,Neutral,Neutral,Aversion,3,0.125
M0063,Aversion -> Neutral -> Neutral,Aversion,Neutral,Neutral,2,0.08333333333333333
M0063,Neutral -> Aversion -> Aversion,Neutral,Aversion,Aversion,1,0.041666666666666664
M0063,Aversion -> Aversion -> Neutral,Aversion,Aversion,Neutral,1,0.041666666666666664
M0063,Neutral -> Neutral -> Appreciation,Neutral,Neutral,Appreciation,1,0.041666666666666664
M0063,Neutral -> Appreciation -> Appreciation,Neutral,Appreciation,Appreciation,1,0.041666666666666664
M0063,Appreciation -> Appreciation -> Neutral,Appreciation,Appreciation,Neutral,1,0.041666666666666664
M0063,Appreciation -> Neutral -> Neutral,Appreciation,Neutral,Neutral,1,0.041666666666666664
M0063,Neutral -> Aversion -> Neutral,Neutral,Aversion,Neutral,1,0.041666666666666664
M0064,Neutral -> Neutral -> Neutral,Neutral,Neutral,Neutral,14,0.5833333333333334
M0064,Neutral -> Neutral -> Appreciation,Neutral,Neutral,Appreciation,1,0.041666666666666664
M0064,Neutral -> Appreciation -> Appreciation,Neutral,Appreciation,Appreciation,1,0.041666666666666664
M0064,Appreciation -> Appreciation -> Appreciation,Appreciation,Appreciation,Appreciation,1,0.041666666666666664
M0064,Appreciation -> Appreciation -> Neutral,Appreciation,Appreciation,Neutral,1,0.041666666666666664
M0064,Appreciation -> Neutral -> Appreciation,Appreciation,Neutral,Appreciation,1,0.041666666666666664
M0064,Neutral -> Appreciation -> Neutral,Neutral,Appreciation,Neutral,1,0.041666666666666664
M0064,Appreciation -> Neutral -> Neutral,Appreciation,Neutral,Neutral,1,0.041666666666666664
M0064,Neutral -> Neutral -> Aversion,Neutral,Neutral,Aversion,1,0.041666666666666664
M0064,Neutral -> Aversion -> Aversion,Neutral,Aversion,Aversion,1,0.041666666666666664
M0064,Aversion -> Aversion -> Neutral,Aversion,Aversion,Neutral,1,0.041666666666666664
M0065,Neutral -> Neutral -> Neutral,Neutral,Neutral,Neutral,12,0.5
M0065,Neutral -> Neutral -> Aversion,Neutral,Neutral,Aversion,2,0.08333333333333333
M0065,Neutral -> Aversion -> Neutral,Neutral,Aversion,Neutral,2,0.08333333333333333
M0065,Aversion -> Neutral -> Neutral,Aversion,Neutral,Neutral,2,0.08333333333333333
M0065,Appreciation -> Appreciation -> Appreciation,Appreciation,Appreciation,Appreciation,2,0.08333333333333333
M0065,Neutral -> Neutral -> Appreciation,Neutral,Neutral,Appreciation,1,0.041666666666666664
M0065,Neutral -> Appreciation -> Appreciation,Neutral,Appreciation,Appreciation,1,0.041666666666666664
M0065,Appreciation -> Appreciation -> Neutral,Appreciation,Appreciation,Neutral,1,0.041666666666666664
M0065,Appreciation -> Neutral -> Neutral,Appreciation,Neutral,Neutral,1,0.041666666666666664
M0066,Appreciation -> Appreciation -> Appreciation,Appreciation,Appreciation,Appreciation,11,0.4583333333333333
M0066,Neutral -> Aversion -> Neutral,Neutral,Aversion,Neutral,3,0.125
M0066,Neutral -> Neutral -> Aversion,Neutral,Neutral,Aversion,3,0.125
M0066,Aversion -> Neutral -> Neutral,Aversion,Neutral,Neutral,3,0.125
M0066,Neutral -> Neutral -> Neutral,Neutral,Neutral,Neutral,2,0.08333333333333333
M0066,Neutral -> Neutral -> Appreciation,Neutral,Neutral,Appreciation,1,0.041666666666666664
M0066,Neutral -> Appreciation -> Appreciation,Neutral,Appreciation,Appreciation,1,0.041666666666666664
M0067,Aversion -> Aversion -> Aversion,Aversion,Aversion,Aversion,5,0.20833333333333334
M0067,Appreciation -> Appreciation -> Appreciation,Appreciation,Appreciation,Appreciation,3,0.125
M0067,Aversion -> Neutral -> Aversion,Aversion,Neutral,Aversion,2,0.08333333333333333
M0067,Neutral -> Aversion -> Aversion,Neutral,Aversion,Aversion,2,0.08333333333333333
M0067,Neutral -> Aversion -> Neutral,Neutral,Aversion,Neutral,2,0.08333333333333333
M0067,Neutral -> Neutral -> Neutral,Neutral,Neutral,Neutral,2,0.08333333333333333
M0067,Aversion -> Aversion -> Neutral,Aversion,Aversion,Neutral,2,0.08333333333333333
M0067,Aversion -> Neutral -> Neutral,Aversion,Neutral,Neutral,1,0.041666666666666664
M0067,Neutral -> Neutral -> Aversion,Neutral,Neutral,Aversion,1,0.041666666666666664
M0067,Neutral -> Appreciation -> Appreciation,Neutral,Appreciation,Appreciation,1,0.041666666666666664
M0067,Aversion -> Neutral -> Appreciation,Aversion,Neutral,Appreciation,1,0.041666666666666664
M0067,Appreciation -> Appreciation -> Neutral,Appreciation,Appreciation,Neutral,1,0.041666666666666664
M0067,Appreciation -> Neutral -> Neutral,Appreciation,Neutral,Neutral,1,0.041666666666666664
M0068,Aversion -> Neutral -> Aversion,Aversion,Neutral,Aversion,5,0.20833333333333334
M0068,Neutral -> Aversion -> Aversion,Neutral,Aversion,Aversion,4,0.16666666666666666
M0068,Aversion -> Aversion -> Neutral,Aversion,Aversion,Neutral,4,0.16666666666666666
M0068,Neutral -> Aversion -> Neutral,Neutral,Aversion,Neutral,4,0.16666666666666666
M0068,Aversion -> Neutral -> Neutral,Aversion,Neutral,Neutral,3,0.125
M0068,Neutral -> Neutral -> Aversion,Neutral,Neutral,Aversion,2,0.08333333333333333
M0068,Aversion -> Aversion -> Aversion,Aversion,Aversion,Aversion,1,0.041666666666666664
M0068,Neutral -> Neutral -> Neutral,Neutral,Neutral,Neutral,1,0.041666666666666664
M0069,Aversion -> Aversion -> Aversion,Aversion,Aversion,Aversion,8,0.3333333333333333
M0069,Neutral -> Neutral -> Neutral,Neutral,Neutral,Neutral,7,0.2916666666666667
M0069,Neutral -> Aversion -> Aversion,Neutral,Aversion,Aversion,3,0.125
M0069,Neutral -> Neutral -> Aversion,Neutral,Neutral,Aversion,2,0.08333333333333333
M0069,Aversion -> Aversion -> Neutral,Aversion,Aversion,Neutral,2,0.08333333333333333
M0069,Aversion -> Neutral -> Neutral,Aversion,Neutral,Neutral,1,0.041666666666666664
M0069,Aversion -> Neutral -> Aversion,Aversion,Neutral,Aversion,1,0.041666666666666664
M0070,Aversion -> Aversion -> Aversion,Aversion,Aversion,Aversion,14,0.5833333333333334
M0070,Neutral -> Aversion -> Aversion,Neutral,Aversion,Aversion,2,0.08333333333333333
M0070,Aversion -> Neutral -> Neutral,Aversion,Neutral,Neutral,1,0.041666666666666664
M0070,Neutral -> Aversion -> Neutral,Neutral,Aversion,Neutral,1,0.041666666666666664
M0070,Neutral -> Neutral -> Aversion,Neutral,Neutral,Aversion,1,0.041666666666666664
M0070,Neutral -> Neutral -> Neutral,Neutral,Neutral,Neutral,1,0.041666666666666664
M0070,Aversion -> Aversion -> Neutral,Aversion,Aversion,Neutral,1,0.041666666666666664
M0070,Aversion -> Neutral -> Aversion,Aversion,Neutral,Aversion,1,0.041666666666666664
M0070,Aversion -> Aversion -> Appreciation,Aversion,Aversion,Appreciation,1,0.041666666666666664
M0070,Aversion -> Appreciation -> Appreciation,Aversion,Appreciation,Appreciation,1,0.041666666666666664
M0071,Appreciation -> Appreciation -> Appreciation,Appreciation,Appreciation,Appreciation,10,0.4166666666666667
M0071,Neutral -> Neutral -> Neutral,Neutral,Neutral,Neutral,4,0.16666666666666666
M0071,Aversion -> Neutral -> Neutral,Aversion,Neutral,Neutral,2,0.08333333333333333
M0071,Neutral -> Neutral -> Aversion,Neutral,Neutral,Aversion,2,0.08333333333333333
M0071,Neutral -> Aversion -> Aversion,Neutral,Aversion,Aversion,1,0.041666666666666664
M0071,Aversion -> Aversion -> Neutral,Aversion,Aversion,Neutral,1,0.041666666666666664
M0071,Aversion -> Aversion -> Aversion,Aversion,Aversion,Aversion,1,0.041666666666666664
M0071,Neutral -> Aversion -> Neutral,Neutral,Aversion,Neutral,1,0.041666666666666664
M0071,Neutral -> Neutral -> Appreciation,Neutral,Neutral,Appreciation,1,0.041666666666666664
M0071,Neutral -> Appreciation -> Appreciation,Neutral,Appreciation,Appreciation,1,0.041666666666666664
M0072,Neutral -> Neutral -> Neutral,Neutral,Neutral,Neutral,10,0.4166666666666667
M0072,Aversion -> Aversion -> Aversion,Aversion,Aversion,Aversion,6,0.25
M0072,Appreciation -> Appreciation -> Appreciation,Appreciation,Appreciation,Appreciation,2,0.08333333333333333
M0072,Neutral -> Aversion -> Neutral,Neutral,Aversion,Neutral,1,0.041666666666666664
M0072,Aversion -> Neutral -> Neutral,Aversion,Neutral,Neutral,1,0.041666666666666664
M0072,Neutral -> Aversion -> Aversion,Neutral,Aversion,Aversion,1,0.041666666666666664
M0072,Neutral -> Neutral -> Aversion,Neutral,Neutral,Aversion,1,0.041666666666666664
M0072,Aversion -> Aversion -> Appreciation,Aversion,Aversion,Appreciation,1,0.041666666666666664
M0072,Aversion -> Appreciation -> Appreciation,Aversion,Appreciation,Appreciation,1,0.041666666666666664
M0073,Neutral -> Neutral -> Neutral,Neutral,Neutral,Neutral,5,0.20833333333333334
M0073,Neutral -> Aversion -> Aversion,Neutral,Aversion,Aversion,4,0.16666666666666666
M0073,Aversion -> Aversion -> Neutral,Aversion,Aversion,Neutral,4,0.16666666666666666
M0073,Neutral -> Neutral -> Aversion,Neutral,Neutral,Aversion,2,0.08333333333333333
M0073,Aversion -> Aversion -> Aversion,Aversion,Aversion,Aversion,2,0.08333333333333333
M0073,Aversion -> Neutral -> Aversion,Aversion,Neutral,Aversion,2,0.08333333333333333
M0073,Aversion -> Neutral -> Neutral,Aversion,Neutral,Neutral,2,0.08333333333333333
M0073,Neutral -> Neutral -> Appreciation,Neutral,Neutral,Appreciation,1,0.041666666666666664
M0073,Neutral -> Appreciation -> Appreciation,Neutral,Appreciation,Appreciation,1,0.041666666666666664
M0073,Appreciation -> Appreciation -> Neutral,Appreciation,Appreciation,Neutral,1,0.041666666666666664
M0074,Aversion -> Aversion -> Aversion,Aversion,Aversion,Aversion,11,0.4583333333333333
M0074,Neutral -> Aversion -> Aversion,Neutral,Aversion,Aversion,3,0.125
M0074,Aversion -> Neutral -> Aversion,Aversion,Neutral,Aversion,3,0.125
M0074,Neutral -> Neutral -> Neutral,Neutral,Neutral,Neutral,2,0.08333333333333333
M0074,Aversion -> Aversion -> Neutral,Aversion,Aversion,Neutral,2,0.08333333333333333
M0074,Aversion -> Neutral -> Neutral,Aversion,Neutral,Neutral,1,0.041666666666666664
M0074,Neutral -> Neutral -> Aversion,Neutral,Neutral,Aversion,1,0.041666666666666664
M0074,Neutral -> Aversion -> Neutral,Neutral,Aversion,Neutral,1,0.041666666666666664
M0075,Aversion -> Aversion -> Aversion,Aversion,Aversion,Aversion,10,0.4166666666666667
M0075,Neutral -> Neutral -> Neutral,Neutral,Neutral,Neutral,2,0.08333333333333333
M0075,Neutral -> Aversion -> Aversion,Neutral,Aversion,Aversion,2,0.08333333333333333
M0075,Neutral -> Neutral -> Aversion,Neutral,Neutral,Aversion,2,0.08333333333333333
M0075,Aversion -> Neutral -> Neutral,Aversion,Neutral,Neutral,1,0.041666666666666664
M0075,Aversion -> Aversion -> Neutral,Aversion,Aversion,Neutral,1,0.041666666666666664
M0075,Aversion -> Aversion -> Appreciation,Aversion,Aversion,Appreciation,1,0.041666666666666664
M0075,Aversion -> Appreciation -> Appreciation,Aversion,Appreciation,Appreciation,1,0.041666666666666664
M0075,Appreciation -> Appreciation -> Neutral,Appreciation,Appreciation,Neutral,1,0.041666666666666664
M0075,Appreciation -> Neutral -> Neutral,Appreciation,Neutral,Neutral,1,0.041666666666666664
M0075,Neutral -> Aversion -> Neutral,Neutral,Aversion,Neutral,1,0.041666666666666664
M0075,Aversion -> Neutral -> Aversion,Aversion,Neutral,Aversion,1,0.041666666666666664
M0076,Aversion -> Aversion -> Aversion,Aversion,Aversion,Aversion,8,0.3333333333333333
M0076,Neutral -> Aversion -> Aversion,Neutral,Aversion,Aversion,4,0.16666666666666666
M0076,Aversion -> Neutral -> Aversion,Aversion,Neutral,Aversion,4,0.16666666666666666
M0076,Aversion -> Aversion -> Neutral,Aversion,Aversion,Neutral,4,0.16666666666666666
M0076,Neutral -> Neutral -> Aversion,Neutral,Neutral,Aversion,2,0.08333333333333333
M0076,Neutral -> Aversion -> Neutral,Neutral,Aversion,Neutral,1,0.041666666666666664
M0076,Aversion -> Neutral -> Neutral,Aversion,Neutral,Neutral,1,0.041666666666666664
M0077,Aversion -> Aversion -> Aversion,Aversion,Aversion,Aversion,10,0.4166666666666667
M0077,Neutral -> Neutral -> Neutral,Neutral,Neutral,Neutral,3,0.125
M0077,Neutral -> Aversion -> Aversion,Neutral,Aversion,Aversion,3,0.125
M0077,Neutral -> Neutral -> Aversion,Neutral,Neutral,Aversion,2,0.08333333333333333
M0077,Aversion -> Aversion -> Neutral,Aversion,Aversion,Neutral,2,0.08333333333333333
M0077,Aversion -> Neutral -> Aversion,Aversion,Neutral,Aversion,2,0.08333333333333333
M0077,Neutral -> Aversion -> Neutral,Neutral,Aversion,Neutral,1,0.041666666666666664
M0077,Aversion -> Neutral -> Neutral,Aversion,Neutral,Neutral,1,0.041666666666666664
M0078,Aversion -> Aversion -> Aversion,Aversion,Aversion,Aversion,16,0.6666666666666666
M0078,Neutral -> Aversion -> Aversion,Neutral,Aversion,Aversion,2,0.08333333333333333
M0078,Neutral -> Neutral -> Neutral,Neutral,Neutral,Neutral,2,0.08333333333333333
M0078,Neutral -> Neutral -> Aversion,Neutral,Neutral,Aversion,1,0.041666666666666664
M0078,Aversion -> Aversion -> Neutral,Aversion,Aversion,Neutral,1,0.041666666666666664
M0078,Aversion -> Neutral -> Aversion,Aversion,Neutral,Aversion,1,0.041666666666666664
M0078,Aversion -> Aversion -> Appreciation,Aversion,Aversion,Appreciation,1,0.041666666666666664
M0079,Neutral -> Neutral -> Neutral,Neutral,Neutral,Neutral,12,0.5
M0079,Appreciation -> Appreciation -> Appreciation,Appreciation,Appreciation,Appreciation,6,0.25
M0079,Neutral -> Appreciation -> Neutral,Neutral,Appreciation,Neutral,1,0.041666666666666664
M0079,Neutral -> Neutral -> Appreciation,Neutral,Neutral,Appreciation,1,0.041666666666666664
M0079,Appreciation -> Neutral -> Appreciation,Appreciation,Neutral,Appreciation,1,0.041666666666666664
M0079,Neutral -> Appreciation -> Appreciation,Neutral,Appreciation,Appreciation,1,0.041666666666666664
M0079,Appreciation -> Appreciation -> Neutral,Appreciation,Appreciation,Neutral,1,0.041666666666666664
M0079,Appreciation -> Neutral -> Aversion,Appreciation,Neutral,Aversion,1,0.041666666666666664
M0080,Aversion -> Aversion -> Aversion,Aversion,Aversion,Aversion,7,0.2916666666666667
M0080,Aversion -> Neutral -> Aversion,Aversion,Neutral,Aversion,4,0.16666666666666666
M0080,Neutral -> Aversion -> Aversion,Neutral,Aversion,Aversion,3,0.125
M0080,Aversion -> Aversion -> Neutral,Aversion,Aversion,Neutral,3,0.125
M0080,Neutral -> Aversion -> Neutral,Neutral,Aversion,Neutral,3,0.125
M0080,Aversion -> Neutral -> Neutral,Aversion,Neutral,Neutral,2,0.08333333333333333
M0080,Neutral -> Neutral -> Aversion,Neutral,Neutral,Aversion,2,0.08333333333333333
M0081,Neutral -> Neutral -> Neutral,Neutral,Neutral,Neutral,4,0.16666666666666666
M0081,Appreciation -> Appreciation -> Appreciation,Appreciation,Appreciation,Appreciation,4,0.16666666666666666
M0081,Aversion -> Aversion -> Neutral,Aversion,Aversion,Neutral,2,0.08333333333333333
M0081,Neutral -> Aversion -> Aversion,Neutral,Aversion,Aversion,2,0.08333333333333333
M0081,Neutral -> Appreciation -> Appreciation,Neutral,Appreciation,Appreciation,2,0.08333333333333333
M0081,Neutral -> Neutral -> Aversion,Neutral,Neutral,Aversion,2,0.08333333333333333
M0081,Neutral -> Aversion -> Neutral,Neutral,Aversion,Neutral,1,0.041666666666666664
M0081,Aversion -> Neutral -> Aversion,Aversion,Neutral,Aversion,1,0.041666666666666664
M0081,Neutral -> Neutral -> Appreciation,Neutral,Neutral,Appreciation,1,0.041666666666666664
M0081,Aversion -> Neutral -> Neutral,Aversion,Neutral,Neutral,1,0.041666666666666664
M0081,Appreciation -> Appreciation -> Neutral,Appreciation,Appreciation,Neutral,1,0.041666666666666664
M0081,Appreciation -> Neutral -> Neutral,Appreciation,Neutral,Neutral,1,0.041666666666666664
M0081,Aversion -> Aversion -> Aversion,Aversion,Aversion,Aversion,1,0.041666666666666664
M0081,Aversion -> Neutral -> Appreciation,Aversion,Neutral,Appreciation,1,0.041666666666666664
M0082,Aversion -> Aversion -> Aversion,Aversion,Aversion,Aversion,9,0.375
M0082,Neutral -> Aversion -> Aversion,Neutral,Aversion,Aversion,4,0.16666666666666666
M0082,Neutral -> Neutral -> Neutral,Neutral,Neutral,Neutral,3,0.125
M0082,Aversion -> Aversion -> Neutral,Aversion,Aversion,Neutral,3,0.125
M0082,Neutral -> Neutral -> Aversion,Neutral,Neutral,Aversion,2,0.08333333333333333
M0082,Aversion -> Neutral -> Aversion,Aversion,Neutral,Aversion,2,0.08333333333333333
M0082,Aversion -> Neutral -> Neutral,Aversion,Neutral,Neutral,1,0.041666666666666664
M0083,Aversion -> Aversion -> Aversion,Aversion,Aversion,Aversion,8,0.3333333333333333
M0083,Neutral -> Neutral -> Neutral,Neutral,Neutral,Neutral,3,0.125
M0083,Neutral -> Aversion -> Aversion,Neutral,Aversion,Aversion,3,0.125
M0083,Neutral -> Neutral -> Aversion,Neutral,Neutral,Aversion,3,0.125
M0083,Aversion -> Aversion -> Neutral,Aversion,Aversion,Neutral,3,0.125
M0083,Aversion -> Neutral -> Neutral,Aversion,Neutral,Neutral,2,0.08333333333333333
M0083,Neutral -> Aversion -> Neutral,Neutral,Aversion,Neutral,1,0.041666666666666664
M0083,Aversion -> Neutral -> Aversion,Aversion,Neutral,Aversion,1,0.041666666666666664
M0084,Neutral -> Neutral -> Neutral,Neutral,Neutral,Neutral,7,0.2916666666666667
M0084,Neutral -> Aversion -> Aversion,Neutral,Aversion,Aversion,4,0.16666666666666666
M0084,Aversion -> Aversion -> Aversion,Aversion,Aversion,Aversion,3,0.125
M0084,Neutral -> Neutral -> Aversion,Neutral,Neutral,Aversion,2,0.08333333333333333
M0084,Aversion -> Aversion -> Neutral,Aversion,Aversion,Neutral,2,0.08333333333333333
M0084,Aversion -> Neutral -> Aversion,Aversion,Neutral,Aversion,2,0.08333333333333333
M0084,Aversion -> Aversion -> Appreciation,Aversion,Aversion,Appreciation,1,0.041666666666666664
M0084,Aversion -> Appreciation -> Appreciation,Aversion,Appreciation,Appreciation,1,0.041666666666666664
M0084,Appreciation -> Appreciation -> Neutral,Appreciation,Appreciation,Neutral,1,0.041666666666666664
M0084,Appreciation -> Neutral -> Neutral,Appreciation,Neutral,Neutral,1,0.041666666666666664
M0085,Appreciation -> Appreciation -> Appreciation,Appreciation,Appreciation,Appreciation,10,0.4166666666666667
M0085,Neutral -> Neutral -> Neutral,Neutral,Neutral,Neutral,10,0.4166666666666667
M0085,Aversion -> Neutral -> Neutral,Aversion,Neutral,Neutral,1,0.041666666666666664
M0085,Neutral -> Aversion -> Neutral,Neutral,Aversion,Neutral,1,0.041666666666666664
M0085,Neutral -> Neutral -> Appreciation,Neutral,Neutral,Appreciation,1,0.041666666666666664
M0085,Neutral -> Appreciation -> Appreciation,Neutral,Appreciation,Appreciation,1,0.041666666666666664
M0086,Neutral -> Neutral -> Neutral,Neutral,Neutral,Neutral,12,0.5
M0086,Appreciation -> Appreciation -> Appreciation,Appreciation,Appreciation,Appreciation,6,0.25
M0086,Appreciation -> Appreciation -> Neutral,Appreciation,Appreciation,Neutral,2,0.08333333333333333
M0086,Neutral -> Appreciation -> Appreciation,Neutral,Appreciation,Appreciation,2,0.08333333333333333
M0086,Neutral -> Neutral -> Appreciation,Neutral,Neutral,Appreciation,1,0.041666666666666664
M0086,Appreciation -> Neutral -> Appreciation,Appreciation,Neutral,Appreciation,1,0.041666666666666664
M0087,Appreciation -> Appreciation -> Appreciation,Appreciation,Appreciation,Appreciation,5,0.20833333333333334
M0087,Aversion -> Aversion -> Aversion,Aversion,Aversion,Aversion,4,0.16666666666666666
M0087,Neutral -> Neutral -> Neutral,Neutral,Neutral,Neutral,3,0.125
M0087,Neutral -> Neutral -> Aversion,Neutral,Neutral,Aversion,3,0.125
M0087,Neutral -> Aversion -> Aversion,Neutral,Aversion,Aversion,3,0.125
M0087,Aversion -> Neutral -> Neutral,Aversion,Neutral,Neutral,2,0.08333333333333333
M0087,Aversion -> Aversion -> Neutral,Aversion,Aversion,Neutral,2,0.08333333333333333
M0087,Aversion -> Aversion -> Appreciation,Aversion,Aversion,Appreciation,1,0.041666666666666664
M0087,Aversion -> Appreciation -> Appreciation,Aversion,Appreciation,Appreciation,1,0.041666666666666664
M0088,Neutral -> Neutral -> Neutral,Neutral,Neutral,Neutral,5,0.20833333333333334
M0088,Aversion -> Aversion -> Aversion,Aversion,Aversion,Aversion,4,0.16666666666666666
M0088,Neutral -> Neutral -> Aversion,Neutral,Neutral,Aversion,3,0.125
M0088,Neutral -> Aversion -> Aversion,Neutral,Aversion,Aversion,3,0.125
M0088,Aversion -> Aversion -> Neutral,Aversion,Aversion,Neutral,3,0.125
M0088,Aversion -> Neutral -> Neutral,Aversion,Neutral,Neutral,2,0.08333333333333333
M0088,Aversion -> Neutral -> Aversion,Aversion,Neutral,Aversion,2,0.08333333333333333
M0088,Neutral -> Aversion -> Neutral,Neutral,Aversion,Neutral,1,0.041666666666666664
M0088,Neutral -> Aversion -> Appreciation,Neutral,Aversion,Appreciation,1,0.041666666666666664
M0089,Neutral -> Neutral -> Neutral,Neutral,Neutral,Neutral,5,0.20833333333333334
M0089,Neutral -> Neutral -> Aversion,Neutral,Neutral,Aversion,3,0.125
M0089,Neutral -> Aversion -> Aversion,Neutral,Aversion,Aversion,3,0.125
M0089,Neutral -> Aversion -> Neutral,Neutral,Aversion,Neutral,3,0.125
M0089,Aversion -> Neutral -> Aversion,Aversion,Neutral,Aversion,3,0.125
M0089,Aversion -> Aversion -> Neutral,Aversion,Aversion,Neutral,2,0.08333333333333333
M0089,Aversion -> Aversion -> Aversion,Aversion,Aversion,Aversion,2,0.08333333333333333
M0089,Aversion -> Neutral -> Neutral,Aversion,Neutral,Neutral,2,0.08333333333333333
M0089,Aversion -> Aversion -> Appreciation,Aversion,Aversion,Appreciation,1,0.041666666666666664
M0090,Neutral -> Neutral -> Neutral,Neutral,Neutral,Neutral,4,0.16666666666666666
M0090,Neutral -> Aversion -> Aversion,Neutral,Aversion,Aversion,3,0.125
M0090,Aversion -> Aversion -> Aversion,Aversion,Aversion,Aversion,3,0.125
M0090,Aversion -> Aversion -> Neutral,Aversion,Aversion,Neutral,2,0.08333333333333333
M0090,Appreciation -> Neutral -> Neutral,Appreciation,Neutral,Neutral,2,0.08333333333333333
M0090,Neutral -> Neutral -> Appreciation,Neutral,Neutral,Appreciation,2,0.08333333333333333
M0090,Neutral -> Appreciation -> Appreciation,Neutral,Appreciation,Appreciation,2,0.08333333333333333
M0090,Appreciation -> Appreciation -> Neutral,Appreciation,Appreciation,Neutral,2,0.08333333333333333
M0090,Aversion -> Neutral -> Aversion,Aversion,Neutral,Aversion,1,0.041666666666666664
M0090,Aversion -> Neutral -> Neutral,Aversion,Neutral,Neutral,1,0.041666666666666664
M0090,Appreciation -> Appreciation -> Appreciation,Appreciation,Appreciation,Appreciation,1,0.041666666666666664
M0090,Neutral -> Neutral -> Aversion,Neutral,Neutral,Aversion,1,0.041666666666666664
M0091,Neutral -> Neutral -> Neutral,Neutral,Neutral,Neutral,10,0.4166666666666667
M0091,Appreciation -> Appreciation -> Appreciation,Appreciation,Appreciation,Appreciation,4,0.16666666666666666
M0091,Neutral -> Neutral -> Aversion,Neutral,Neutral,Aversion,2,0.08333333333333333
M0091,Aversion -> Neutral -> Neutral,Aversion,Neutral,Neutral,2,0.08333333333333333
M0091,Neutral -> Aversion -> Neutral,Neutral,Aversion,Neutral,2,0.08333333333333333
M0091,Neutral -> Neutral -> Appreciation,Neutral,Neutral,Appreciation,1,0.041666666666666664
M0091,Neutral -> Appreciation -> Appreciation,Neutral,Appreciation,Appreciation,1,0.041666666666666664
M0091,Appreciation -> Appreciation -> Neutral,Appreciation,Appreciation,Neutral,1,0.041666666666666664
M0091,Appreciation -> Neutral -> Neutral,Appreciation,Neutral,Neutral,1,0.041666666666666664
M0092,Appreciation -> Appreciation -> Appreciation,Appreciation,Appreciation,Appreciation,11,0.4583333333333333
M0092,Neutral -> Neutral -> Neutral,Neutral,Neutral,Neutral,8,0.3333333333333333
M0092,Neutral -> Neutral -> Appreciation,Neutral,Neutral,Appreciation,2,0.08333333333333333
M0092,Neutral -> Appreciation -> Neutral,Neutral,Appreciation,Neutral,1,0.041666666666666664
M0092,Appreciation -> Neutral -> Neutral,Appreciation,Neutral,Neutral,1,0.041666666666666664
M0092,Neutral -> Appreciation -> Appreciation,Neutral,Appreciation,Appreciation,1,0.041666666666666664
M0093,Neutral -> Neutral -> Neutral,Neutral,Neutral,Neutral,12,0.5
M0093,Appreciation -> Appreciation -> Appreciation,Appreciation,Appreciation,Appreciation,6,0.25
M0093,Neutral -> Neutral -> Appreciation,Neutral,Neutral,Appreciation,1,0.041666666666666664
M0093,Neutral -> Appreciation -> Appreciation,Neutral,Appreciation,Appreciation,1,0.041666666666666664
M0093,Appreciation -> Appreciation -> Neutral,Appreciation,Appreciation,Neutral,1,0.041666666666666664
M0093,Appreciation -> Neutral -> Neutral,Appreciation,Neutral,Neutral,1,0.041666666666666664
M0093,Neutral -> Neutral -> Aversion,Neutral,Neutral,Aversion,1,0.041666666666666664
M0093,Neutral -> Aversion -> Neutral,Neutral,Aversion,Neutral,1,0.041666666666666664
M0094,Aversion -> Aversion -> Aversion,Aversion,Aversion,Aversion,6,0.25
M0094,Neutral -> Aversion -> Aversion,Neutral,Aversion,Aversion,4,0.16666666666666666
M0094,Aversion -> Aversion -> Neutral,Aversion,Aversion,Neutral,4,0.16666666666666666
M0094,Neutral -> Neutral -> Neutral,Neutral,Neutral,Neutral,3,0.125
M0094,Aversion -> Neutral -> Aversion,Aversion,Neutral,Aversion,3,0.125
M0094,Neutral -> Neutral -> Aversion,Neutral,Neutral,Aversion,2,0.08333333333333333
M0094,Aversion -> Neutral -> Neutral,Aversion,Neutral,Neutral,1,0.041666666666666664
M0094,Neutral -> Aversion -> Neutral,Neutral,Aversion,Neutral,1,0.041666666666666664
M0095,Neutral -> Neutral -> Neutral,Neutral,Neutral,Neutral,8,0.3333333333333333
M0095,Appreciation -> Appreciation -> Appreciation,Appreciation,Appreciation,Appreciation,5,0.20833333333333334
M0095,Neutral -> Neutral -> Appreciation,Neutral,Neutral,Appreciation,2,0.08333333333333333
M0095,Neutral -> Appreciation -> Appreciation,Neutral,Appreciation,Appreciation,2,0.08333333333333333
M0095,Neutral -> Neutral -> Aversion,Neutral,Neutral,Aversion,1,0.041666666666666664
M0095,Neutral -> Aversion -> Aversion,Neutral,Aversion,Aversion,1,0.041666666666666664
M0095,Aversion -> Aversion -> Aversion,Aversion,Aversion,Aversion,1,0.041666666666666664
M0095,Aversion -> Neutral -> Neutral,Aversion,Neutral,Neutral,1,0.041666666666666664
M0095,Aversion -> Aversion -> Neutral,Aversion,Aversion,Neutral,1,0.041666666666666664
M0095,Appreciation -> Appreciation -> Neutral,Appreciation,Appreciation,Neutral,1,0.041666666666666664
M0095,Appreciation -> Neutral -> Neutral,Appreciation,Neutral,Neutral,1,0.041666666666666664
M0096,Neutral -> Neutral -> Neutral,Neutral,Neutral,Neutral,10,0.4166666666666667
M0096,Appreciation -> Appreciation -> Appreciation,Appreciation,Appreciation,Appreciation,9,0.375
M0096,Neutral -> Appreciation -> Appreciation,Neutral,Appreciation,Appreciation,2,0.08333333333333333
M0096,Neutral -> Neutral -> Appreciation,Neutral,Neutral,Appreciation,1,0.041666666666666664
M0096,Appreciation -> Appreciation -> Neutral,Appreciation,Appreciation,Neutral,1,0.041666666666666664
M0096,Appreciation -> Neutral -> Appreciation,Appreciation,Neutral,Appreciation,1,0.041666666666666664
M0097,Neutral -> Neutral -> Neutral,Neutral,Neutral,Neutral,14,0.5833333333333334
M0097,Neutral -> Neutral -> Aversion,Neutral,Neutral,Aversion,2,0.08333333333333333
M0097,Aversion -> Neutral -> Neutral,Aversion,Neutral,Neutral,2,0.08333333333333333
M0097,Aversion -> Aversion -> Aversion,Aversion,Aversion,Aversion,2,0.08333333333333333
M0097,Neutral -> Aversion -> Neutral,Neutral,Aversion,Neutral,1,0.041666666666666664
M0097,Neutral -> Aversion -> Aversion,Neutral,Aversion,Aversion,1,0.041666666666666664
M0097,Aversion -> Aversion -> Neutral,Aversion,Aversion,Neutral,1,0.041666666666666664
M0097,Neutral -> Neutral -> Appreciation,Neutral,Neutral,Appreciation,1,0.041666666666666664
M0098,Aversion -> Aversion -> Aversion,Aversion,Aversion,Aversion,6,0.25
M0098,Neutral -> Neutral -> Neutral,Neutral,Neutral,Neutral,5,0.20833333333333334
M0098,Neutral -> Neutral -> Aversion,Neutral,Neutral,Aversion,2,0.08333333333333333
M0098,Neutral -> Aversion -> Neutral,Neutral,Aversion,Neutral,2,0.08333333333333333
M0098,Aversion -> Neutral -> Aversion,Aversion,Neutral,Aversion,2,0.08333333333333333
M0098,Neutral -> Aversion -> Aversion,Neutral,Aversion,Aversion,2,0.08333333333333333
M0098,Aversion -> Aversion -> Neutral,Aversion,Aversion,Neutral,2,0.08333333333333333
M0098,Aversion -> Neutral -> Neutral,Aversion,Neutral,Neutral,1,0.041666666666666664
M0098,Aversion -> Neutral -> Appreciation,Aversion,Neutral,Appreciation,1,0.041666666666666664
M0098,Neutral -> Appreciation -> Appreciation,Neutral,Appreciation,Appreciation,1,0.041666666666666664
M0099,Neutral -> Neutral -> Neutral,Neutral,Neutral,Neutral,14,0.5833333333333334
M0099,Appreciation -> Appreciation -> Appreciation,Appreciation,Appreciation,Appreciation,8,0.3333333333333333
M0099,Neutral -> Neutral -> Appreciation,Neutral,Neutral,Appreciation,1,0.041666666666666664
M0099,Neutral -> Appreciation -> Appreciation,Neutral,Appreciation,Appreciation,1,0.041666666666666664
M0100,Neutral -> Neutral -> Neutral,Neutral,Neutral,Neutral,7,0.2916666666666667
M0100,Neutral -> Aversion -> Aversion,Neutral,Aversion,Aversion,4,0.16666666666666666
M0100,Aversion -> Aversion -> Neutral,Aversion,Aversion,Neutral,3,0.125
M0100,Aversion -> Neutral -> Aversion,Aversion,Neutral,Aversion,3,0.125
M0100,Aversion -> Aversion -> Aversion,Aversion,Aversion,Aversion,3,0.125
M0100,Neutral -> Neutral -> Aversion,Neutral,Neutral,Aversion,2,0.08333333333333333
M0100,Neutral -> Aversion -> Neutral,Neutral,Aversion,Neutral,1,0.041666666666666664
M0100,Aversion -> Neutral -> Neutral,Aversion,Neutral,Neutral,1,0.041666666666666664
M0101,Neutral -> Neutral -> Neutral,Neutral,Neutral,Neutral,10,0.4166666666666667
M0101,Appreciation -> Appreciation -> Appreciation,Appreciation,Appreciation,Appreciation,10,0.4166666666666667
M0101,Neutral -> Neutral -> Appreciation,Neutral,Neutral,Appreciation,1,0.041666666666666664
M0101,Neutral -> Appreciation -> Neutral,Neutral,Appreciation,Neutral,1,0.041666666666666664
M0101,Appreciation -> Neutral -> Appreciation,Appreciation,Neutral,Appreciation,1,0.041666666666666664
M0101,Neutral -> Appreciation -> Appreciation,Neutral,Appreciation,Appreciation,1,0.041666666666666664
M0102,Aversion -> Aversion -> Aversion,Aversion,Aversion,Aversion,9,0.375
M0102,Neutral -> Neutral -> Neutral,Neutral,Neutral,Neutral,3,0.125
M0102,Neutral -> Aversion -> Aversion,Neutral,Aversion,Aversion,3,0.125
M0102,Aversion -> Aversion -> Neutral,Aversion,Aversion,Neutral,3,0.125
M0102,Neutral -> Neutral -> Aversion,Neutral,Neutral,Aversion,2,0.08333333333333333
M0102,Aversion -> Neutral -> Aversion,Aversion,Neutral,Aversion,2,0.08333333333333333
M0102,Aversion -> Neutral -> Neutral,Aversion,Neutral,Neutral,1,0.041666666666666664
M0102,Neutral -> Aversion -> Neutral,Neutral,Aversion,Neutral,1,0.041666666666666664
M0103,Neutral -> Aversion -> Aversion,Neutral,Aversion,Aversion,4,0.16666666666666666
M0103,Aversion -> Aversion -> Neutral,Aversion,Aversion,Neutral,4,0.16666666666666666
M0103,Neutral -> Neutral -> Neutral,Neutral,Neutral,Neutral,3,0.125
M0103,Aversion -> Neutral -> Neutral,Aversion,Neutral,Neutral,3,0.125
M0103,Neutral -> Neutral -> Aversion,Neutral,Neutral,Aversion,3,0.125
M0103,Aversion -> Aversion -> Aversion,Aversion,Aversion,Aversion,3,0.125
M0103,Aversion -> Neutral -> Aversion,Aversion,Neutral,Aversion,2,0.08333333333333333
M0103,Neutral -> Aversion -> Neutral,Neutral,Aversion,Neutral,1,0.041666666666666664
M0103,Neutral -> Neutral -> Appreciation,Neutral,Neutral,Appreciation,1,0.041666666666666664
M0104,Aversion -> Aversion -> Aversion,Aversion,Aversion,Aversion,8,0.3333333333333333
M0104,Neutral -> Neutral -> Neutral,Neutral,Neutral,Neutral,4,0.16666666666666666
M0104,Aversion -> Neutral -> Neutral,Aversion,Neutral,Neutral,3,0.125
M0104,Aversion -> Aversion -> Neutral,Aversion,Aversion,Neutral,3,0.125
M0104,Neutral -> Aversion -> Aversion,Neutral,Aversion,Aversion,3,0.125
M0104,Neutral -> Neutral -> Aversion,Neutral,Neutral,Aversion,2,0.08333333333333333
M0104,Aversion -> Neutral -> Aversion,Aversion,Neutral,Aversion,1,0.041666666666666664
M0105,Appreciation -> Appreciation -> Appreciation,Appreciation,Appreciation,Appreciation,11,0.4583333333333333
M0105,Neutral -> Neutral -> Neutral,Neutral,Neutral,Neutral,8,0.3333333333333333
M0105,Neutral -> Neutral -> Aversion,Neutral,Neutral,Aversion,1,0.041666666666666664
M0105,Neutral -> Aversion -> Neutral,Neutral,Aversion,Neutral,1,0.041666666666666664
M0105,Aversion -> Neutral -> Neutral,Aversion,Neutral,Neutral,1,0.041666666666666664
M0105,Neutral -> Neutral -> Appreciation,Neutral,Neutral,Appreciation,1,0.041666666666666664
M0105,Neutral -> Appreciation -> Appreciation,Neutral,Appreciation,Appreciation,1,0.041666666666666664
M0106,Aversion -> Aversion -> Aversion,Aversion,Aversion,Aversion,10,0.4166666666666667
M0106,Appreciation -> Appreciation -> Appreciation,Appreciation,Appreciation,Appreciation,5,0.20833333333333334
M0106,Aversion -> Aversion -> Neutral,Aversion,Aversion,Neutral,2,0.08333333333333333
M0106,Neutral -> Aversion -> Aversion,Neutral,Aversion,Aversion,2,0.08333333333333333
M0106,Aversion -> Neutral -> Neutral,Aversion,Neutral,Neutral,2,0.08333333333333333
M0106,Neutral -> Neutral -> Aversion,Neutral,Neutral,Aversion,1,0.041666666666666664
M0106,Neutral -> Neutral -> Appreciation,Neutral,Neutral,Appreciation,1,0.041666666666666664
M0106,Neutral -> Appreciation -> Appreciation,Neutral,Appreciation,Appreciation,1,0.041666666666666664
M0107,Aversion -> Aversion -> Aversion,Aversion,Aversion,Aversion,9,0.375
M0107,Neutral -> Aversion -> Neutral,Neutral,Aversion,Neutral,3,0.125
M0107,Neutral -> Neutral -> Aversion,Neutral,Neutral,Aversion,3,0.125
M0107,Aversion -> Neutral -> Neutral,Aversion,Neutral,Neutral,3,0.125
M0107,Neutral -> Neutral -> Neutral,Neutral,Neutral,Neutral,2,0.08333333333333333
M0107,Neutral -> Aversion -> Aversion,Neutral,Aversion,Aversion,2,0.08333333333333333
M0107,Aversion -> Aversion -> Neutral,Aversion,Aversion,Neutral,1,0.041666666666666664
M0107,Aversion -> Neutral -> Aversion,Aversion,Neutral,Aversion,1,0.041666666666666664
M0108,Appreciation -> Appreciation -> Appreciation,Appreciation,Appreciation,Appreciation,8,0.3333333333333333
M0108,Aversion -> Aversion -> Aversion,Aversion,Aversion,Aversion,5,0.20833333333333334
M0108,Neutral -> Neutral -> Neutral,Neutral,Neutral,Neutral,3,0.125
M0108,Neutral -> Aversion -> Neutral,Neutral,Aversion,Neutral,1,0.041666666666666664
M0108,Neutral -> Neutral -> Aversion,Neutral,Neutral,Aversion,1,0.041666666666666664
M0108,Neutral -> Aversion -> Aversion,Neutral,Aversion,Aversion,1,0.041666666666666664
M0108,Aversion -> Neutral -> Aversion,Aversion,Neutral,Aversion,1,0.041666666666666664
M0108,Aversion -> Aversion -> Neutral,Aversion,Aversion,Neutral,1,0.041666666666666664
M0108,Aversion -> Neutral -> Neutral,Aversion,Neutral,Neutral,1,0.041666666666666664
M0108,Neutral -> Neutral -> Appreciation,Neutral,Neutral,Appreciation,1,0.041666666666666664
M0108,Neutral -> Appreciation -> Appreciation,Neutral,Appreciation,Appreciation,1,0.041666666666666664
M0109,Aversion -> Aversion -> Aversion,Aversion,Aversion,Aversion,6,0.25
M0109,Neutral -> Neutral -> Neutral,Neutral,Neutral,Neutral,3,0.125
M0109,Appreciation -> Appreciation -> Appreciation,Appreciation,Appreciation,Appreciation,3,0.125
M0109,Neutral -> Neutral -> Aversion,Neutral,Neutral,Aversion,2,0.08333333333333333
M0109,Aversion -> Aversion -> Neutral,Aversion,Aversion,Neutral,2,0.08333333333333333
M0109,Neutral -> Aversion -> Aversion,Neutral,Aversion,Aversion,2,0.08333333333333333
M0109,Aversion -> Neutral -> Aversion,Aversion,Neutral,Aversion,1,0.041666666666666664
M0109,Neutral -> Aversion -> Neutral,Neutral,Aversion,Neutral,1,0.041666666666666664
M0109,Aversion -> Neutral -> Neutral,Aversion,Neutral,Neutral,1,0.041666666666666664
M0109,Aversion -> Neutral -> Appreciation,Aversion,Neutral,Appreciation,1,0.041666666666666664
M0109,Neutral -> Appreciation -> Appreciation,Neutral,Appreciation,Appreciation,1,0.041666666666666664
M0109,Appreciation -> Appreciation -> Neutral,Appreciation,Appreciation,Neutral,1,0.041666666666666664
M0110,Aversion -> Aversion -> Aversion,Aversion,Aversion,Aversion,13,0.5416666666666666
M0110,Neutral -> Aversion -> Aversion,Neutral,Aversion,Aversion,2,0.08333333333333333
M0110,Aversion -> Aversion -> Neutral,Aversion,Aversion,Neutral,2,0.08333333333333333
M0110,Appreciation -> Appreciation -> Appreciation,Appreciation,Appreciation,Appreciation,2,0.08333333333333333
M0110,Aversion -> Neutral -> Neutral,Aversion,Neutral,Neutral,1,0.041666666666666664
M0110,Neutral -> Neutral -> Neutral,Neutral,Neutral,Neutral,1,0.041666666666666664
M0110,Neutral -> Neutral -> Aversion,Neutral,Neutral,Aversion,1,0.041666666666666664
M0110,Aversion -> Neutral -> Appreciation,Aversion,Neutral,Appreciation,1,0.041666666666666664
M0110,Neutral -> Appreciation -> Appreciation,Neutral,Appreciation,Appreciation,1,0.041666666666666664
M0111,Neutral -> Neutral -> Neutral,Neutral,Neutral,Neutral,7,0.2916666666666667
M0111,Appreciation -> Appreciation -> Appreciation,Appreciation,Appreciation,Appreciation,5,0.20833333333333334
M0111,Neutral -> Neutral -> Aversion,Neutral,Neutral,Aversion,2,0.08333333333333333
M0111,Aversion -> Neutral -> Neutral,Aversion,Neutral,Neutral,2,0.08333333333333333
M0111,Neutral -> Aversion -> Neutral,Neutral,Aversion,Neutral,2,0.08333333333333333
M0111,Neutral -> Neutral -> Appreciation,Neutral,Neutral,Appreciation,1,0.041666666666666664
M0111,Neutral -> Appreciation -> Appreciation,Neutral,Appreciation,Appreciation,1,0.041666666666666664
M0111,Appreciation -> Appreciation -> Neutral,Appreciation,Appreciation,Neutral,1,0.041666666666666664
M0111,Appreciation -> Neutral -> Aversion,Appreciation,Neutral,Aversion,1,0.041666666666666664
M0111,Neutral -> Aversion -> Aversion,Neutral,Aversion,Aversion,1,0.041666666666666664
M0111,Aversion -> Aversion -> Aversion,Aversion,Aversion,Aversion,1,0.041666666666666664
M0112,Neutral -> Neutral -> Neutral,Neutral,Neutral,Neutral,7,0.2916666666666667
M0112,Aversion -> Aversion -> Aversion,Aversion,Aversion,Aversion,5,0.20833333333333334
M0112,Neutral -> Neutral -> Aversion,Neutral,Neutral,Aversion,3,0.125
M0112,Neutral -> Aversion -> Neutral,Neutral,Aversion,Neutral,2,0.08333333333333333
M0112,Aversion -> Neutral -> Neutral,Aversion,Neutral,Neutral,2,0.08333333333333333
M0112,Neutral -> Aversion -> Aversion,Neutral,Aversion,Aversion,2,0.08333333333333333
M0112,Aversion -> Aversion -> Neutral,Aversion,Aversion,Neutral,2,0.08333333333333333
M0112,Aversion -> Neutral -> Aversion,Aversion,Neutral,Aversion,1,0.041666666666666664
M0113,Appreciation -> Appreciation -> Appreciation,Appreciation,Appreciation,Appreciation,11,0.4583333333333333
M0113,Neutral -> Neutral -> Neutral,Neutral,Neutral,Neutral,6,0.25
M0113,Neutral -> Neutral -> Aversion,Neutral,Neutral,Aversion,1,0.041666666666666664
M0113,Aversion -> Aversion -> Aversion,Aversion,Aversion,Aversion,1,0.041666666666666664
M0113,Neutral -> Aversion -> Aversion,Neutral,Aversion,Aversion,1,0.041666666666666664
M0113,Aversion -> Aversion -> Neutral,Aversion,Aversion,Neutral,1,0.041666666666666664
M0113,Aversion -> Neutral -> Neutral,Aversion,Neutral,Neutral,1,0.041666666666666664
M0113,Neutral -> Neutral -> Appreciation,Neutral,Neutral,Appreciation,1,0.041666666666666664
M0113,Neutral -> Appreciation -> Appreciation,Neutral,Appreciation,Appreciation,1,0.041666666666666664
M0114,Aversion -> Aversion -> Aversion,Aversion,Aversion,Aversion,10,0.4166666666666667
M0114,Appreciation -> Appreciation -> Appreciation,Appreciation,Appreciation,Appreciation,3,0.125
M0114,Neutral -> Neutral -> Neutral,Neutral,Neutral,Neutral,2,0.08333333333333333
M0114,Neutral -> Neutral -> Aversion,Neutral,Neutral,Aversion,1,0.041666666666666664
M0114,Neutral -> Aversion -> Aversion,Neutral,Aversion,Aversion,1,0.041666666666666664
M0114,Aversion -> Aversion -> Neutral,Aversion,Aversion,Neutral,1,0.041666666666666664
M0114,Neutral -> Aversion -> Neutral,Neutral,Aversion,Neutral,1,0.041666666666666664
M0114,Aversion -> Neutral -> Aversion,Aversion,Neutral,Aversion,1,0.041666666666666664
M0114,Aversion -> Neutral -> Appreciation,Aversion,Neutral,Appreciation,1,0.041666666666666664
M0114,Neutral -> Appreciation -> Appreciation,Neutral,Appreciation,Appreciation,1,0.041666666666666664
M0114,Appreciation -> Appreciation -> Neutral,Appreciation,Appreciation,Neutral,1,0.041666666666666664
M0114,Appreciation -> Neutral -> Aversion,Appreciation,Neutral,Aversion,1,0.041666666666666664
M0115,Aversion -> Neutral -> Neutral,Aversion,Neutral,Neutral,4,0.16666666666666666
M0115,Neutral -> Neutral -> Aversion,Neutral,Neutral,Aversion,4,0.16666666666666666
M0115,Neutral -> Aversion -> Aversion,Neutral,Aversion,Aversion,4,0.16666666666666666
M0115,Aversion -> Aversion -> Neutral,Aversion,Aversion,Neutral,4,0.16666666666666666
M0115,Aversion -> Aversion -> Aversion,Aversion,Aversion,Aversion,3,0.125
M0115,Neutral -> Aversion -> Neutral,Neutral,Aversion,Neutral,2,0.08333333333333333
M0115,Aversion -> Neutral -> Aversion,Aversion,Neutral,Aversion,2,0.08333333333333333
M0115,Neutral -> Neutral -> Neutral,Neutral,Neutral,Neutral,1,0.041666666666666664
M0116,Aversion -> Aversion -> Aversion,Aversion,Aversion,Aversion,10,0.4166666666666667
M0116,Neutral -> Neutral -> Neutral,Neutral,Neutral,Neutral,5,0.20833333333333334
M0116,Neutral -> Neutral -> Aversion,Neutral,Neutral,Aversion,1,0.041666666666666664
M0116,Aversion -> Neutral -> Neutral,Aversion,Neutral,Neutral,1,0.041666666666666664
M0116,Neutral -> Aversion -> Neutral,Neutral,Aversion,Neutral,1,0.041666666666666664
M0116,Neutral -> Appreciation -> Appreciation,Neutral,Appreciation,Appreciation,1,0.041666666666666664
M0116,Neutral -> Neutral -> Appreciation,Neutral,Neutral,Appreciation,1,0.041666666666666664
M0116,Appreciation -> Appreciation -> Neutral,Appreciation,Appreciation,Neutral,1,0.041666666666666664
M0116,Appreciation -> Neutral -> Aversion,Appreciation,Neutral,Aversion,1,0.041666666666666664
M0116,Neutral -> Aversion -> Aversion,Neutral,Aversion,Aversion,1,0.041666666666666664
M0116,Aversion -> Aversion -> Neutral,Aversion,Aversion,Neutral,1,0.041666666666666664
M0117,Neutral -> Neutral -> Neutral,Neutral,Neutral,Neutral,10,0.4166666666666667
M0117,Appreciation -> Appreciation -> Appreciation,Appreciation,Appreciation,Appreciation,10,0.4166666666666667
M0117,Neutral -> Neutral -> Appreciation,Neutral,Neutral,Appreciation,1,0.041666666666666664
M0117,Neutral -> Appreciation -> Appreciation,Neutral,Appreciation,Appreciation,1,0.041666666666666664
M0117,Appreciation -> Appreciation -> Neutral,Appreciation,Appreciation,Neutral,1,0.041666666666666664
M0117,Appreciation -> Neutral -> Neutral,Appreciation,Neutral,Neutral,1,0.041666666666666664
M0118,Aversion -> Aversion -> Aversion,Aversion,Aversion,Aversion,4,0.16666666666666666
M0118,Neutral -> Neutral -> Neutral,Neutral,Neutral,Neutral,4,0.16666666666666666
M0118,Neutral -> Neutral -> Aversion,Neutral,Neutral,Aversion,3,0.125
M0118,Neutral -> Aversion -> Neutral,Neutral,Aversion,Neutral,3,0.125
M0118,Neutral -> Aversion -> Aversion,Neutral,Aversion,Aversion,3,0.125
M0118,Aversion -> Neutral -> Aversion,Aversion,Neutral,Aversion,3,0.125
M0118,Aversion -> Neutral -> Neutral,Aversion,Neutral,Neutral,2,0.08333333333333333
M0118,Aversion -> Aversion -> Neutral,Aversion,Aversion,Neutral,2,0.08333333333333333
M0119,Neutral -> Neutral -> Neutral,Neutral,Neutral,Neutral,8,0.3333333333333333
M0119,Aversion -> Aversion -> Aversion,Aversion,Aversion,Aversion,4,0.16666666666666666
M0119,Neutral -> Neutral -> Aversion,Neutral,Neutral,Aversion,3,0.125
M0119,Aversion -> Neutral -> Neutral,Aversion,Neutral,Neutral,2,0.08333333333333333
M0119,Neutral -> Aversion -> Aversion,Neutral,Aversion,Aversion,2,0.08333333333333333
M0119,Neutral -> Neutral -> Appreciation,Neutral,Neutral,Appreciation,1,0.041666666666666664
M0119,Neutral -> Appreciation -> Neutral,Neutral,Appreciation,Neutral,1,0.041666666666666664
M0119,Appreciation -> Neutral -> Neutral,Appreciation,Neutral,Neutral,1,0.041666666666666664
M0119,Aversion -> Aversion -> Neutral,Aversion,Aversion,Neutral,1,0.041666666666666664
M0119,Neutral -> Aversion -> Neutral,Neutral,Aversion,Neutral,1,0.041666666666666664
M0120,Neutral -> Neutral -> Neutral,Neutral,Neutral,Neutral,14,0.5833333333333334
M0120,Neutral -> Neutral -> Aversion,Neutral,Neutral,Aversion,2,0.08333333333333333
M0120,Aversion -> Aversion -> Neutral,Aversion,Aversion,Neutral,2,0.08333333333333333
M0120,Neutral -> Aversion -> Aversion,Neutral,Aversion,Aversion,2,0.08333333333333333
M0120,Aversion -> Neutral -> Neutral,Aversion,Neutral,Neutral,1,0.041666666666666664
M0120,Aversion -> Aversion -> Aversion,Aversion,Aversion,Aversion,1,0.041666666666666664
M0120,Aversion -> Neutral -> Appreciation,Aversion,Neutral,Appreciation,1,0.041666666666666664
M0120,Neutral -> Appreciation -> Neutral,Neutral,Appreciation,Neutral,1,0.041666666666666664
M0121,Neutral -> Aversion -> Aversion,Neutral,Aversion,Aversion,4,0.16666666666666666
M0121,Aversion -> Aversion -> Neutral,Aversion,Aversion,Neutral,3,0.125
M0121,Neutral -> Neutral -> Neutral,Neutral,Neutral,Neutral,3,0.125
M0121,Aversion -> Aversion -> Aversion,Aversion,Aversion,Aversion,3,0.125
M0121,Neutral -> Neutral -> Aversion,Neutral,Neutral,Aversion,2,0.08333333333333333
M0121,Aversion -> Neutral -> Neutral,Aversion,Neutral,Neutral,2,0.08333333333333333
M0121,Aversion -> Neutral -> Aversion,Aversion,Neutral,Aversion,2,0.08333333333333333
M0121,Neutral -> Neutral -> Appreciation,Neutral,Neutral,Appreciation,1,0.041666666666666664
M0121,Neutral -> Appreciation -> Appreciation,Neutral,Appreciation,Appreciation,1,0.041666666666666664
M0121,Appreciation -> Appreciation -> Neutral,Appreciation,Appreciation,Neutral,1,0.041666666666666664
M0121,Appreciation -> Neutral -> Neutral,Appreciation,Neutral,Neutral,1,0.041666666666666664
M0121,Neutral -> Aversion -> Neutral,Neutral,Aversion,Neutral,1,0.041666666666666664
M0122,Appreciation -> Appreciation -> Appreciation,Appreciation,Appreciation,Appreciation,8,0.3333333333333333
M0122,Neutral -> Neutral -> Neutral,Neutral,Neutral,Neutral,6,0.25
M0122,Neutral -> Aversion -> Aversion,Neutral,Aversion,Aversion,2,0.08333333333333333
M0122,Neutral -> Neutral -> Aversion,Neutral,Neutral,Aversion,2,0.08333333333333333
M0122,Aversion -> Aversion -> Neutral,Aversion,Aversion,Neutral,2,0.08333333333333333
M0122,Aversion -> Neutral -> Neutral,Aversion,Neutral,Neutral,2,0.08333333333333333
M0122,Neutral -> Neutral -> Appreciation,Neutral,Neutral,Appreciation,1,0.041666666666666664
M0122,Neutral -> Appreciation -> Appreciation,Neutral,Appreciation,Appreciation,1,0.041666666666666664
M0123,Neutral -> Neutral -> Neutral,Neutral,Neutral,Neutral,12,0.5
M0123,Appreciation -> Appreciation -> Appreciation,Appreciation,Appreciation,Appreciation,8,0.3333333333333333
M0123,Aversion -> Neutral -> Neutral,Aversion,Neutral,Neutral,1,0.041666666666666664
M0123,Neutral -> Aversion -> Neutral,Neutral,Aversion,Neutral,1,0.041666666666666664
M0123,Neutral -> Neutral -> Appreciation,Neutral,Neutral,Appreciation,1,0.041666666666666664
M0123,Neutral -> Appreciation -> Appreciation,Neutral,Appreciation,Appreciation,1,0.041666666666666664
M0124,Appreciation -> Appreciation -> Appreciation,Appreciation,Appreciation,Appreciation,10,0.4166666666666667
M0124,Aversion -> Neutral -> Neutral,Aversion,Neutral,Neutral,3,0.125
M0124,Neutral -> Aversion -> Neutral,Neutral,Aversion,Neutral,2,0.08333333333333333
M0124,Neutral -> Aversion -> Aversion,Neutral,Aversion,Aversion,2,0.08333333333333333
M0124,Neutral -> Neutral -> Aversion,Neutral,Neutral,Aversion,2,0.08333333333333333
M0124,Aversion -> Aversion -> Neutral,Aversion,Aversion,Neutral,2,0.08333333333333333
M0124,Aversion -> Neutral -> Aversion,Aversion,Neutral,Aversion,1,0.041666666666666664
M0124,Neutral -> Neutral -> Appreciation,Neutral,Neutral,Appreciation,1,0.041666666666666664
M0124,Neutral -> Appreciation -> Appreciation,Neutral,Appreciation,Appreciation,1,0.041666666666666664
M0125,Neutral -> Neutral -> Neutral,Neutral,Neutral,Neutral,9,0.375
M0125,Neutral -> Neutral -> Aversion,Neutral,Neutral,Aversion,3,0.125
M0125,Aversion -> Aversion -> Aversion,Aversion,Aversion,Aversion,3,0.125
M0125,Neutral -> Aversion -> Neutral,Neutral,Aversion,Neutral,1,0.041666666666666664
M0125,Aversion -> Neutral -> Neutral,Aversion,Neutral,Neutral,1,0.041666666666666664
M0125,Neutral -> Aversion -> Appreciation,Neutral,Aversion,Appreciation,1,0.041666666666666664
M0125,Appreciation -> Appreciation -> Appreciation,Appreciation,Appreciation,Appreciation,1,0.041666666666666664
M0125,Aversion -> Appreciation -> Appreciation,Aversion,Appreciation,Appreciation,1,0.041666666666666664
M0125,Appreciation -> Appreciation -> Neutral,Appreciation,Appreciation,Neutral,1,0.041666666666666664
M0125,Appreciation -> Neutral -> Neutral,Appreciation,Neutral,Neutral,1,0.041666666666666664
M0125,Neutral -> Aversion -> Aversion,Neutral,Aversion,Aversion,1,0.041666666666666664
M0125,Aversion -> Aversion -> Neutral,Aversion,Aversion,Neutral,1,0.041666666666666664
M0126,Neutral -> Neutral -> Neutral,Neutral,Neutral,Neutral,9,0.375
M0126,Aversion -> Aversion -> Aversion,Aversion,Aversion,Aversion,3,0.125
M0126,Aversion -> Neutral -> Neutral,Aversion,Neutral,Neutral,2,0.08333333333333333
M0126,Neutral -> Aversion -> Neutral,Neutral,Aversion,Neutral,2,0.08333333333333333
M0126,Neutral -> Neutral -> Aversion,Neutral,Neutral,Aversion,2,0.08333333333333333
M0126,Appreciation -> Appreciation -> Appreciation,Appreciation,Appreciation,Appreciation,2,0.08333333333333333
M0126,Neutral -> Aversion -> Aversion,Neutral,Aversion,Aversion,1,0.041666666666666664
M0126,Aversion -> Aversion -> Neutral,Aversion,Aversion,Neutral,1,0.041666666666666664
M0126,Aversion -> Neutral -> Appreciation,Aversion,Neutral,Appreciation,1,0.041666666666666664
M0126,Neutral -> Appreciation -> Appreciation,Neutral,Appreciation,Appreciation,1,0.041666666666666664
M0127,Aversion -> Aversion -> Aversion,Aversion,Aversion,Aversion,8,0.3333333333333333
M0127,Neutral -> Neutral -> Neutral,Neutral,Neutral,Neutral,7,0.2916666666666667
M0127,Neutral -> Aversion -> Aversion,Neutral,Aversion,Aversion,3,0.125
M0127,Aversion -> Aversion -> Neutral,Aversion,Aversion,Neutral,3,0.125
M0127,Aversion -> Neutral -> Neutral,Aversion,Neutral,Neutral,1,0.041666666666666664
M0127,Neutral -> Neutral -> Aversion,Neutral,Neutral,Aversion,1,0.041666666666666664
M0127,Aversion -> Neutral -> Aversion,Aversion,Neutral,Aversion,1,0.041666666666666664
M0128,Neutral -> Neutral -> Neutral,Neutral,Neutral,Neutral,10,0.4166666666666667
M0128,Aversion -> Aversion -> Aversion,Aversion,Aversion,Aversion,3,0.125
M0128,Neutral -> Neutral -> Appreciation,Neutral,Neutral,Appreciation,2,0.08333333333333333
M0128,Appreciation -> Neutral -> Neutral,Appreciation,Neutral,Neutral,2,0.08333333333333333
M0128,Neutral -> Appreciation -> Neutral,Neutral,Appreciation,Neutral,2,0.08333333333333333
M0128,Neutral -> Aversion -> Aversion,Neutral,Aversion,Aversion,2,0.08333333333333333
M0128,Neutral -> Neutral -> Aversion,Neutral,Neutral,Aversion,1,0.041666666666666664
M0128,Aversion -> Aversion -> Neutral,Aversion,Aversion,Neutral,1,0.041666666666666664
M0128,Aversion -> Neutral -> Aversion,Aversion,Neutral,Aversion,1,0.041666666666666664
M0129,Neutral -> Neutral -> Neutral,Neutral,Neutral,Neutral,7,0.2916666666666667
M0129,Neutral -> Aversion -> Aversion,Neutral,Aversion,Aversion,4,0.16666666666666666
M0129,Aversion -> Neutral -> Aversion,Aversion,Neutral,Aversion,4,0.16666666666666666
M0129,Aversion -> Aversion -> Neutral,Aversion,Aversion,Neutral,3,0.125
M0129,Neutral -> Neutral -> Aversion,Neutral,Neutral,Aversion,2,0.08333333333333333
M0129,Neutral -> Aversion -> Neutral,Neutral,Aversion,Neutral,2,0.08333333333333333
M0129,Aversion -> Aversion -> Aversion,Aversion,Aversion,Aversion,1,0.041666666666666664
M0129,Aversion -> Neutral -> Neutral,Aversion,Neutral,Neutral,1,0.041666666666666664
M0130,Neutral -> Aversion -> Neutral,Neutral,Aversion,Neutral,5,0.20833333333333334
M0130,Aversion -> Aversion -> Aversion,Aversion,Aversion,Aversion,5,0.20833333333333334
M0130,Neutral -> Neutral -> Neutral,Neutral,Neutral,Neutral,3,0.125
M0130,Aversion -> Neutral -> Aversion,Aversion,Neutral,Aversion,3,0.125
M0130,Neutral -> Neutral -> Aversion,Neutral,Neutral,Aversion,3,0.125
M0130,Aversion -> Neutral -> Neutral,Aversion,Neutral,Neutral,2,0.08333333333333333
M0130,Neutral -> Aversion -> Aversion,Neutral,Aversion,Aversion,1,0.041666666666666664
M0130,Aversion -> Aversion -> Appreciation,Aversion,Aversion,Appreciation,1,0.041666666666666664
M0130,Aversion -> Appreciation -> Appreciation,Aversion,Appreciation,Appreciation,1,0.041666666666666664
M0131,Neutral -> Neutral -> Neutral,Neutral,Neutral,Neutral,9,0.375
M0131,Appreciation -> Appreciation -> Appreciation,Appreciation,Appreciation,Appreciation,7,0.2916666666666667
M0131,Neutral -> Appreciation -> Appreciation,Neutral,Appreciation,Appreciation,2,0.08333333333333333
M0131,Neutral -> Neutral -> Appreciation,Neutral,Neutral,Appreciation,2,0.08333333333333333
M0131,Neutral -> Aversion -> Neutral,Neutral,Aversion,Neutral,1,0.041666666666666664
M0131,Aversion -> Neutral -> Neutral,Aversion,Neutral,Neutral,1,0.041666666666666664
M0131,Appreciation -> Appreciation -> Neutral,Appreciation,Appreciation,Neutral,1,0.041666666666666664
M0131,Appreciation -> Neutral -> Neutral,Appreciation,Neutral,Neutral,1,0.041666666666666664
M0132,Neutral -> Aversion -> Neutral,Neutral,Aversion,Neutral,5,0.20833333333333334
M0132,Neutral -> Neutral -> Aversion,Neutral,Neutral,Aversion,4,0.16666666666666666
M0132,Aversion -> Neutral -> Aversion,Aversion,Neutral,Aversion,4,0.16666666666666666
M0132,Aversion -> Neutral -> Neutral,Aversion,Neutral,Neutral,3,0.125
M0132,Neutral -> Aversion -> Aversion,Neutral,Aversion,Aversion,3,0.125
M0132,Neutral -> Neutral -> Neutral,Neutral,Neutral,Neutral,2,0.08333333333333333
M0132,Aversion -> Aversion -> Neutral,Aversion,Aversion,Neutral,2,0.08333333333333333
M0132,Aversion -> Aversion -> Aversion,Aversion,Aversion,Aversion,1,0.041666666666666664
M0133,Neutral -> Neutral -> Neutral,Neutral,Neutral,Neutral,11,0.4583333333333333
M0133,Appreciation -> Appreciation -> Appreciation,Appreciation,Appreciation,Appreciation,3,0.125
M0133,Neutral -> Neutral -> Appreciation,Neutral,Neutral,Appreciation,2,0.08333333333333333
M0133,Neutral -> Appreciation -> Appreciation,Neutral,Appreciation,Appreciation,2,0.08333333333333333
M0133,Appreciation -> Appreciation -> Neutral,Appreciation,Appreciation,Neutral,2,0.08333333333333333
M0133,Aversion -> Neutral -> Neutral,Aversion,Neutral,Neutral,1,0.041666666666666664
M0133,Neutral -> Aversion -> Neutral,Neutral,Aversion,Neutral,1,0.041666666666666664
M0133,Neutral -> Neutral -> Aversion,Neutral,Neutral,Aversion,1,0.041666666666666664
M0133,Appreciation -> Neutral -> Neutral,Appreciation,Neutral,Neutral,1,0.041666666666666664
M0134,Neutral -> Neutral -> Neutral,Neutral,Neutral,Neutral,13,0.5416666666666666
M0134,Neutral -> Neutral -> Aversion,Neutral,Neutral,Aversion,3,0.125
M0134,Aversion -> Neutral -> Neutral,Aversion,Neutral,Neutral,2,0.08333333333333333
M0134,Aversion -> Aversion -> Aversion,Aversion,Aversion,Aversion,2,0.08333333333333333
M0134,Neutral -> Aversion -> Aversion,Neutral,Aversion,Aversion,2,0.08333333333333333
M0134,Neutral -> Aversion -> Neutral,Neutral,Aversion,Neutral,1,0.041666666666666664
M0134,Aversion -> Aversion -> Neutral,Aversion,Aversion,Neutral,1,0.041666666666666664
M0135,Neutral -> Neutral -> Neutral,Neutral,Neutral,Neutral,4,0.16666666666666666
M0135,Appreciation -> Appreciation -> Appreciation,Appreciation,Appreciation,Appreciation,4,0.16666666666666666
M0135,Aversion -> Neutral -> Neutral,Aversion,Neutral,Neutral,3,0.125
M0135,Neutral -> Neutral -> Aversion,Neutral,Neutral,Aversion,2,0.08333333333333333
M0135,Aversion -> Aversion -> Neutral,Aversion,Aversion,Neutral,2,0.08333333333333333
M0135,Neutral -> Aversion -> Aversion,Neutral,Aversion,Aversion,2,0.08333333333333333
M0135,Aversion -> Aversion -> Aversion,Aversion,Aversion,Aversion,2,0.08333333333333333
M0135,Neutral -> Aversion -> Neutral,Neutral,Aversion,Neutral,1,0.041666666666666664
M0135,Neutral -> Appreciation -> Appreciation,Neutral,Appreciation,Appreciation,1,0.041666666666666664
M0135,Neutral -> Neutral -> Appreciation,Neutral,Neutral,Appreciation,1,0.041666666666666664
M0135,Appreciation -> Appreciation -> Neutral,Appreciation,Appreciation,Neutral,1,0.041666666666666664
M0135,Appreciation -> Neutral -> Aversion,Appreciation,Neutral,Aversion,1,0.041666666666666664
M0136,Neutral -> Neutral -> Neutral,Neutral,Neutral,Neutral,13,0.5416666666666666
M0136,Neutral -> Aversion -> Aversion,Neutral,Aversion,Aversion,1,0.041666666666666664
M0136,Aversion -> Aversion -> Neutral,Aversion,Aversion,Neutral,1,0.041666666666666664
M0136,Aversion -> Neutral -> Neutral,Aversion,Neutral,Neutral,1,0.041666666666666664
M0136,Neutral -> Neutral -> Appreciation,Neutral,Neutral,Appreciation,1,0.041666666666666664
M0136,Neutral -> Appreciation -> Appreciation,Neutral,Appreciation,Appreciation,1,0.041666666666666664
M0136,Appreciation -> Appreciation -> Appreciation,Appreciation,Appreciation,Appreciation,1,0.041666666666666664
M0136,Appreciation -> Appreciation -> Neutral,Appreciation,Appreciation,Neutral,1,0.041666666666666664
M0136,Appreciation -> Neutral -> Neutral,Appreciation,Neutral,Neutral,1,0.041666666666666664
M0136,Neutral -> Neutral -> Aversion,Neutral,Neutral,Aversion,1,0.041666666666666664
M0136,Neutral -> Aversion -> Neutral,Neutral,Aversion,Neutral,1,0.041666666666666664
M0136,Aversion -> Neutral -> Aversion,Aversion,Neutral,Aversion,1,0.041666666666666664
M0137,Neutral -> Neutral -> Neutral,Neutral,Neutral,Neutral,8,0.3333333333333333
M0137,Neutral -> Aversion -> Aversion,Neutral,Aversion,Aversion,3,0.125
M0137,Aversion -> Aversion -> Aversion,Aversion,Aversion,Aversion,3,0.125
M0137,Aversion -> Aversion -> Neutral,Aversion,Aversion,Neutral,3,0.125
M0137,Neutral -> Neutral -> Aversion,Neutral,Neutral,Aversion,2,0.08333333333333333
M0137,Aversion -> Neutral -> Aversion,Aversion,Neutral,Aversion,1,0.041666666666666664
M0137,Aversion -> Neutral -> Neutral,Aversion,Neutral,Neutral,1,0.041666666666666664
M0137,Neutral -> Neutral -> Appreciation,Neutral,Neutral,Appreciation,1,0.041666666666666664
M0137,Neutral -> Appreciation -> Neutral,Neutral,Appreciation,Neutral,1,0.041666666666666664
M0137,Appreciation -> Neutral -> Neutral,Appreciation,Neutral,Neutral,1,0.041666666666666664
M0138,Neutral -> Neutral -> Neutral,Neutral,Neutral,Neutral,15,0.625
M0138,Aversion -> Aversion -> Aversion,Aversion,Aversion,Aversion,3,0.125
M0138,Neutral -> Neutral -> Aversion,Neutral,Neutral,Aversion,2,0.08333333333333333
M0138,Neutral -> Aversion -> Aversion,Neutral,Aversion,Aversion,2,0.08333333333333333
M0138,Aversion -> Aversion -> Neutral,Aversion,Aversion,Neutral,1,0.041666666666666664
M0138,Aversion -> Neutral -> Neutral,Aversion,Neutral,Neutral,1,0.041666666666666664
M0139,Aversion -> Aversion -> Aversion,Aversion,Aversion,Aversion,6,0.25
M0139,Neutral -> Aversion -> Aversion,Neutral,Aversion,Aversion,5,0.20833333333333334
M0139,Aversion -> Aversion -> Neutral,Aversion,Aversion,Neutral,4,0.16666666666666666
M0139,Aversion -> Neutral -> Aversion,Aversion,Neutral,Aversion,4,0.16666666666666666
M0139,Aversion -> Neutral -> Neutral,Aversion,Neutral,Neutral,1,0.041666666666666664
M0139,Neutral -> Neutral -> Neutral,Neutral,Neutral,Neutral,1,0.041666666666666664
M0139,Neutral -> Neutral -> Aversion,Neutral,Neutral,Aversion,1,0.041666666666666664
M0139,Neutral -> Aversion -> Neutral,Neutral,Aversion,Neutral,1,0.041666666666666664
M0139,Aversion -> Aversion -> Appreciation,Aversion,Aversion,Appreciation,1,0.041666666666666664
M0140,Aversion -> Aversion -> Aversion,Aversion,Aversion,Aversion,10,0.4166666666666667
M0140,Neutral -> Neutral -> Neutral,Neutral,Neutral,Neutral,6,0.25
M0140,Neutral -> Aversion -> Aversion,Neutral,Aversion,Aversion,3,0.125
M0140,Aversion -> Aversion -> Neutral,Aversion,Aversion,Neutral,2,0.08333333333333333
M0140,Aversion -> Neutral -> Aversion,Aversion,Neutral,Aversion,2,0.08333333333333333
M0140,Neutral -> Neutral -> Aversion,Neutral,Neutral,Aversion,1,0.041666666666666664
M0141,Neutral -> Neutral -> Neutral,Neutral,Neutral,Neutral,8,0.3333333333333333
M0141,Appreciation -> Appreciation -> Appreciation,Appreciation,Appreciation,Appreciation,3,0.125
M0141,Aversion -> Neutral -> Aversion,Aversion,Neutral,Aversion,2,0.08333333333333333
M0141,Neutral -> Neutral -> Aversion,Neutral,Neutral,Aversion,1,0.041666666666666664
M0141,Neutral -> Aversion -> Aversion,Neutral,Aversion,Aversion,1,0.041666666666666664
M0141,Neutral -> Aversion -> Neutral,Neutral,Aversion,Neutral,1,0.041666666666666664
M0141,Aversion -> Aversion -> Aversion,Aversion,Aversion,Aversion,1,0.041666666666666664
M0141,Aversion -> Aversion -> Neutral,Aversion,Aversion,Neutral,1,0.041666666666666664
M0141,Aversion -> Appreciation -> Appreciation,Aversion,Appreciation,Appreciation,1,0.041666666666666664
M0141,Neutral -> Aversion -> Appreciation,Neutral,Aversion,Appreciation,1,0.041666666666666664
M0141,Appreciation -> Appreciation -> Neutral,Appreciation,Appreciation,Neutral,1,0.041666666666666664
M0141,Appreciation -> Neutral -> Neutral,Appreciation,Neutral,Neutral,1,0.041666666666666664
M0141,Neutral -> Neutral -> Appreciation,Neutral,Neutral,Appreciation,1,0.041666666666666664
M0141,Neutral -> Appreciation -> Appreciation,Neutral,Appreciation,Appreciation,1,0.041666666666666664
M0142,Appreciation -> Appreciation -> Appreciation,Appreciation,Appreciation,Appreciation,12,0.5
M0142,Neutral -> Neutral -> Neutral,Neutral,Neutral,Neutral,10,0.4166666666666667
M0142,Neutral -> Neutral -> Appreciation,Neutral,Neutral,Appreciation,1,0.041666666666666664
M0142,Neutral -> Appreciation -> Appreciation,Neutral,Appreciation,Appreciation,1,0.041666666666666664
M0143,Appreciation -> Appreciation -> Appreciation,Appreciation,Appreciation,Appreciation,9,0.375
M0143,Aversion -> Aversion -> Aversion,Aversion,Aversion,Aversion,4,0.16666666666666666
M0143,Neutral -> Neutral -> Neutral,Neutral,Neutral,Neutral,3,0.125
M0143,Aversion -> Neutral -> Neutral,Aversion,Neutral,Neutral,2,0.08333333333333333
M0143,Neutral -> Aversion -> Aversion,Neutral,Aversion,Aversion,1,0.041666666666666664
M0143,Aversion -> Aversion -> Neutral,Aversion,Aversion,Neutral,1,0.041666666666666664
M0143,Neutral -> Neutral -> Aversion,Neutral,Neutral,Aversion,1,0.041666666666666664
M0143,Neutral -> Aversion -> Neutral,Neutral,Aversion,Neutral,1,0.041666666666666664
M0143,Neutral -> Neutral -> Appreciation,Neutral,Neutral,Appreciation,1,0.041666666666666664
M0143,Neutral -> Appreciation -> Appreciation,Neutral,Appreciation,Appreciation,1,0.041666666666666664
M0144,Neutral -> Neutral -> Neutral,Neutral,Neutral,Neutral,11,0.4583333333333333
M0144,Neutral -> Aversion -> Aversion,Neutral,Aversion,Aversion,2,0.08333333333333333
M0144,Appreciation -> Appreciation -> Appreciation,Appreciation,Appreciation,Appreciation,2,0.08333333333333333
M0144,Aversion -> Aversion -> Aversion,Aversion,Aversion,Aversion,2,0.08333333333333333
M0144,Neutral -> Neutral -> Appreciation,Neutral,Neutral,Appreciation,1,0.041666666666666664
M0144,Neutral -> Appreciation -> Appreciation,Neutral,Appreciation,Appreciation,1,0.041666666666666664
M0144,Appreciation -> Appreciation -> Neutral,Appreciation,Appreciation,Neutral,1,0.041666666666666664
M0144,Neutral -> Neutral -> Aversion,Neutral,Neutral,Aversion,1,0.041666666666666664
M0144,Appreciation -> Neutral -> Neutral,Appreciation,Neutral,Neutral,1,0.041666666666666664
M0144,Aversion -> Aversion -> Neutral,Aversion,Aversion,Neutral,1,0.041666666666666664
M0144,Aversion -> Neutral -> Aversion,Aversion,Neutral,Aversion,1,0.041666666666666664
M0145,Neutral -> Aversion -> Aversion,Neutral,Aversion,Aversion,4,0.16666666666666666
M0145,Aversion -> Aversion -> Aversion,Aversion,Aversion,Aversion,4,0.16666666666666666
M0145,Aversion -> Neutral -> Aversion,Aversion,Neutral,Aversion,3,0.125
M0145,Aversion -> Aversion -> Neutral,Aversion,Aversion,Neutral,3,0.125
M0145,Neutral -> Neutral -> Neutral,Neutral,Neutral,Neutral,2,0.08333333333333333
M0145,Neutral -> Neutral -> Aversion,Neutral,Neutral,Aversion,2,0.08333333333333333
M0145,Aversion -> Neutral -> Neutral,Aversion,Neutral,Neutral,1,0.041666666666666664
M0145,Neutral -> Neutral -> Appreciation,Neutral,Neutral,Appreciation,1,0.041666666666666664
M0145,Neutral -> Appreciation -> Appreciation,Neutral,Appreciation,Appreciation,1,0.041666666666666664
M0145,Appreciation -> Appreciation -> Neutral,Appreciation,Appreciation,Neutral,1,0.041666666666666664
M0145,Appreciation -> Neutral -> Neutral,Appreciation,Neutral,Neutral,1,0.041666666666666664
M0145,Neutral -> Aversion -> Neutral,Neutral,Aversion,Neutral,1,0.041666666666666664
M0146,Appreciation -> Appreciation -> Appreciation,Appreciation,Appreciation,Appreciation,9,0.375
M0146,Neutral -> Neutral -> Neutral,Neutral,Neutral,Neutral,5,0.20833333333333334
M0146,Neutral -> Aversion -> Aversion,Neutral,Aversion,Aversion,2,0.08333333333333333
M0146,Aversion -> Neutral -> Aversion,Aversion,Neutral,Aversion,2,0.08333333333333333
M0146,Neutral -> Neutral -> Aversion,Neutral,Neutral,Aversion,1,0.041666666666666664
M0146,Neutral -> Aversion -> Neutral,Neutral,Aversion,Neutral,1,0.041666666666666664
M0146,Aversion -> Aversion -> Neutral,Aversion,Aversion,Neutral,1,0.041666666666666664
M0146,Aversion -> Aversion -> Aversion,Aversion,Aversion,Aversion,1,0.041666666666666664
M0146,Aversion -> Aversion -> Appreciation,Aversion,Aversion,Appreciation,1,0.041666666666666664
M0146,Aversion -> Appreciation -> Appreciation,Aversion,Appreciation,Appreciation,1,0.041666666666666664
M0147,Appreciation -> Appreciation -> Appreciation,Appreciation,Appreciation,Appreciation,5,0.20833333333333334
M0147,Neutral -> Neutral -> Neutral,Neutral,Neutral,Neutral,4,0.16666666666666666
M0147,Aversion -> Aversion -> Aversion,Aversion,Aversion,Aversion,4,0.16666666666666666
M0147,Aversion -> Neutral -> Neutral,Aversion,Neutral,Neutral,2,0.08333333333333333
M0147,Neutral -> Neutral -> Aversion,Neutral,Neutral,Aversion,2,0.08333333333333333
M0147,Neutral -> Aversion -> Neutral,Neutral,Aversion,Neutral,1,0.041666666666666664
M0147,Aversion -> Aversion -> Neutral,Aversion,Aversion,Neutral,1,0.041666666666666664
M0147,Neutral -> Aversion -> Aversion,Neutral,Aversion,Aversion,1,0.041666666666666664
M0147,Neutral -> Neutral -> Appreciation,Neutral,Neutral,Appreciation,1,0.041666666666666664
M0147,Neutral -> Appreciation -> Appreciation,Neutral,Appreciation,Appreciation,1,0.041666666666666664
M0147,Appreciation -> Appreciation -> Neutral,Appreciation,Appreciation,Neutral,1,0.041666666666666664
M0147,Appreciation -> Neutral -> Neutral,Appreciation,Neutral,Neutral,1,0.041666666666666664
M0148,Aversion -> Aversion -> Aversion,Aversion,Aversion,Aversion,7,0.2916666666666667
M0148,Neutral -> Neutral -> Neutral,Neutral,Neutral,Neutral,6,0.25
M0148,Neutral -> Aversion -> Aversion,Neutral,Aversion,Aversion,2,0.08333333333333333
M0148,Appreciation -> Appreciation -> Appreciation,Appreciation,Appreciation,Appreciation,2,0.08333333333333333
M0148,Aversion -> Aversion -> Neutral,Aversion,Aversion,Neutral,1,0.041666666666666664
M0148,Neutral -> Neutral -> Appreciation,Neutral,Neutral,Appreciation,1,0.041666666666666664
M0148,Aversion -> Neutral -> Neutral,Aversion,Neutral,Neutral,1,0.041666666666666664
M0148,Neutral -> Appreciation -> Appreciation,Neutral,Appreciation,Appreciation,1,0.041666666666666664
M0148,Appreciation -> Appreciation -> Neutral,Appreciation,Appreciation,Neutral,1,0.041666666666666664
M0148,Appreciation -> Neutral -> Neutral,Appreciation,Neutral,Neutral,1,0.041666666666666664
M0148,Neutral -> Neutral -> Aversion,Neutral,Neutral,Aversion,1,0.041666666666666664
M0149,Neutral -> Neutral -> Neutral,Neutral,Neutral,Neutral,9,0.375
M0149,Aversion -> Aversion -> Aversion,Aversion,Aversion,Aversion,4,0.16666666666666666
M0149,Aversion -> Aversion -> Neutral,Aversion,Aversion,Neutral,2,0.08333333333333333
M0149,Neutral -> Aversion -> Aversion,Neutral,Aversion,Aversion,2,0.08333333333333333
M0149,Appreciation -> Appreciation -> Appreciation,Appreciation,Appreciation,Appreciation,2,0.08333333333333333
M0149,Neutral -> Neutral -> Aversion,Neutral,Neutral,Aversion,1,0.041666666666666664
M0149,Aversion -> Neutral -> Aversion,Aversion,Neutral,Aversion,1,0.041666666666666664
M0149,Aversion -> Neutral -> Neutral,Aversion,Neutral,Neutral,1,0.041666666666666664
M0149,Neutral -> Neutral -> Appreciation,Neutral,Neutral,Appreciation,1,0.041666666666666664
M0149,Neutral -> Appreciation -> Appreciation,Neutral,Appreciation,Appreciation,1,0.041666666666666664
M0150,Aversion -> Aversion -> Aversion,Aversion,Aversion,Aversion,19,0.7916666666666666
M0150,Neutral -> Aversion -> Aversion,Neutral,Aversion,Aversion,2,0.08333333333333333
M0150,Neutral -> Neutral -> Aversion,Neutral,Neutral,Aversion,1,0.041666666666666664
M0150,Aversion -> Aversion -> Neutral,Aversion,Aversion,Neutral,1,0.041666666666666664
M0150,Aversion -> Neutral -> Aversion,Aversion,Neutral,Aversion,1,0.041666666666666664
M0151,Neutral -> Neutral -> Neutral,Neutral,Neutral,Neutral,12,0.5
M0151,Appreciation -> Appreciation -> Appreciation,Appreciation,Appreciation,Appreciation,10,0.4166666666666667
M0151,Neutral -> Neutral -> Appreciation,Neutral,Neutral,Appreciation,1,0.041666666666666664
M0151,Neutral -> Appreciation -> Appreciation,Neutral,Appreciation,Appreciation,1,0.041666666666666664
M0152,Neutral -> Neutral -> Neutral,Neutral,Neutral,Neutral,7,0.2916666666666667
M0152,Appreciation -> Appreciation -> Appreciation,Appreciation,Appreciation,Appreciation,5,0.20833333333333334
M0152,Neutral -> Aversion -> Neutral,Neutral,Aversion,Neutral,3,0.125
M0152,Neutral -> Neutral -> Appreciation,Neutral,Neutral,Appreciation,2,0.08333333333333333
M0152,Aversion -> Neutral -> Neutral,Aversion,Neutral,Neutral,2,0.08333333333333333
M0152,Neutral -> Neutral -> Aversion,Neutral,Neutral,Aversion,1,0.041666666666666664
M0152,Aversion -> Neutral -> Aversion,Aversion,Neutral,Aversion,1,0.041666666666666664
M0152,Neutral -> Appreciation -> Appreciation,Neutral,Appreciation,Appreciation,1,0.041666666666666664
M0152,Appreciation -> Appreciation -> Neutral,Appreciation,Appreciation,Neutral,1,0.041666666666666664
M0152,Appreciation -> Neutral -> Aversion,Appreciation,Neutral,Aversion,1,0.041666666666666664
M0153,Appreciation -> Appreciation -> Appreciation,Appreciation,Appreciation,Appreciation,9,0.375
M0153,Neutral -> Neutral -> Neutral,Neutral,Neutral,Neutral,5,0.20833333333333334
M0153,Neutral -> Aversion -> Aversion,Neutral,Aversion,Aversion,2,0.08333333333333333
M0153,Aversion -> Aversion -> Neutral,Aversion,Aversion,Neutral,2,0.08333333333333333
M0153,Aversion -> Aversion -> Aversion,Aversion,Aversion,Aversion,2,0.08333333333333333
M0153,Neutral -> Neutral -> Aversion,Neutral,Neutral,Aversion,1,0.041666666666666664
M0153,Aversion -> Neutral -> Aversion,Aversion,Neutral,Aversion,1,0.041666666666666664
M0153,Aversion -> Neutral -> Appreciation,Aversion,Neutral,Appreciation,1,0.041666666666666664
M0153,Neutral -> Appreciation -> Appreciation,Neutral,Appreciation,Appreciation,1,0.041666666666666664
M0154,Neutral -> Neutral -> Neutral,Neutral,Neutral,Neutral,12,0.5
M0154,Appreciation -> Appreciation -> Appreciation,Appreciation,Appreciation,Appreciation,10,0.4166666666666667
M0154,Neutral -> Neutral -> Appreciation,Neutral,Neutral,Appreciation,1,0.041666666666666664
M0154,Neutral -> Appreciation -> Appreciation,Neutral,Appreciation,Appreciation,1,0.041666666666666664
M0155,Aversion -> Aversion -> Aversion,Aversion,Aversion,Aversion,7,0.2916666666666667
M0155,Neutral -> Neutral -> Neutral,Neutral,Neutral,Neutral,4,0.16666666666666666
M0155,Appreciation -> Appreciation -> Neutral,Appreciation,Appreciation,Neutral,2,0.08333333333333333
M0155,Neutral -> Appreciation -> Appreciation,Neutral,Appreciation,Appreciation,2,0.08333333333333333
M0155,Neutral -> Neutral -> Aversion,Neutral,Neutral,Aversion,1,0.041666666666666664
M0155,Aversion -> Aversion -> Neutral,Aversion,Aversion,Neutral,1,0.041666666666666664
M0155,Neutral -> Aversion -> Aversion,Neutral,Aversion,Aversion,1,0.041666666666666664
M0155,Neutral -> Neutral -> Appreciation,Neutral,Neutral,Appreciation,1,0.041666666666666664
M0155,Aversion -> Neutral -> Neutral,Aversion,Neutral,Neutral,1,0.041666666666666664
M0155,Appreciation -> Neutral -> Appreciation,Appreciation,Neutral,Appreciation,1,0.041666666666666664
M0155,Appreciation -> Appreciation -> Appreciation,Appreciation,Appreciation,Appreciation,1,0.041666666666666664
M0155,Appreciation -> Neutral -> Aversion,Appreciation,Neutral,Aversion,1,0.041666666666666664
M0155,Neutral -> Aversion -> Neutral,Neutral,Aversion,Neutral,1,0.041666666666666664
M0156,Appreciation -> Appreciation -> Appreciation,Appreciation,Appreciation,Appreciation,8,0.3333333333333333
M0156,Aversion -> Aversion -> Aversion,Aversion,Aversion,Aversion,3,0.125
M0156,Neutral -> Neutral -> Neutral,Neutral,Neutral,Neutral,3,0.125
M0156,Neutral -> Aversion -> Aversion,Neutral,Aversion,Aversion,2,0.08333333333333333
M0156,Aversion -> Neutral -> Neutral,Aversion,Neutral,Neutral,2,0.08333333333333333
M0156,Aversion -> Aversion -> Neutral,Aversion,Aversion,Neutral,2,0.08333333333333333
M0156,Neutral -> Neutral -> Aversion,Neutral,Neutral,Aversion,1,0.041666666666666664
M0156,Neutral -> Neutral -> Appreciation,Neutral,Neutral,Appreciation,1,0.041666666666666664
M0156,Neutral -> Appreciation -> Appreciation,Neutral,Appreciation,Appreciation,1,0.041666666666666664
M0156,Appreciation -> Appreciation -> Neutral,Appreciation,Appreciation,Neutral,1,0.041666666666666664
M0157,Appreciation -> Appreciation -> Appreciation,Appreciation,Appreciation,Appreciation,11,0.4583333333333333
M0157,Neutral -> Neutral -> Aversion,Neutral,Neutral,Aversion,2,0.08333333333333333
M0157,Neutral -> Aversion -> Neutral,Neutral,Aversion,Neutral,2,0.08333333333333333
M0157,Aversion -> Neutral -> Neutral,Aversion,Neutral,Neutral,2,0.08333333333333333
M0157,Neutral -> Neutral -> Neutral,Neutral,Neutral,Neutral,2,0.08333333333333333
M0157,Aversion -> Neutral -> Aversion,Aversion,Neutral,Aversion,1,0.041666666666666664
M0157,Aversion -> Aversion -> Neutral,Aversion,Aversion,Neutral,1,0.041666666666666664
M0157,Neutral -> Aversion -> Aversion,Neutral,Aversion,Aversion,1,0.041666666666666664
M0157,Neutral -> Neutral -> Appreciation,Neutral,Neutral,Appreciation,1,0.041666666666666664
M0157,Neutral -> Appreciation -> Appreciation,Neutral,Appreciation,Appreciation,1,0.041666666666666664
M0158,Neutral -> Neutral -> Neutral,Neutral,Neutral,Neutral,13,0.5416666666666666
M0158,Aversion -> Aversion -> Aversion,Aversion,Aversion,Aversion,9,0.375
M0158,Neutral -> Neutral -> Aversion,Neutral,Neutral,Aversion,1,0.041666666666666664
M0158,Neutral -> Aversion -> Aversion,Neutral,Aversion,Aversion,1,0.041666666666666664
M0159,Aversion -> Aversion -> Aversion,Aversion,Aversion,Aversion,7,0.2916666666666667
M0159,Neutral -> Neutral -> Neutral,Neutral,Neutral,Neutral,4,0.16666666666666666
M0159,Aversion -> Neutral -> Aversion,Aversion,Neutral,Aversion,2,0.08333333333333333
M0159,Appreciation -> Appreciation -> Appreciation,Appreciation,Appreciation,Appreciation,2,0.08333333333333333
M0159,Aversion -> Aversion -> Neutral,Aversion,Aversion,Neutral,2,0.08333333333333333
M0159,Neutral -> Aversion -> Aversion,Neutral,Aversion,Aversion,2,0.08333333333333333
M0159,Neutral -> Neutral -> Aversion,Neutral,Neutral,Aversion,1,0.041666666666666664
M0159,Neutral -> Aversion -> Neutral,Neutral,Aversion,Neutral,1,0.041666666666666664
M0159,Aversion -> Neutral -> Neutral,Aversion,Neutral,Neutral,1,0.041666666666666664
M0159,Neutral -> Neutral -> Appreciation,Neutral,Neutral,Appreciation,1,0.041666666666666664
M0159,Neutral -> Appreciation -> Appreciation,Neutral,Appreciation,Appreciation,1,0.041666666666666664
M0160,Neutral -> Neutral -> Neutral,Neutral,Neutral,Neutral,8,0.3333333333333333
M0160,Appreciation -> Appreciation -> Appreciation,Appreciation,Appreciation,Appreciation,4,0.16666666666666666
M0160,Aversion -> Aversion -> Aversion,Aversion,Aversion,Aversion,2,0.08333333333333333
M0160,Neutral -> Aversion -> Neutral,Neutral,Aversion,Neutral,1,0.041666666666666664
M0160,Aversion -> Neutral -> Aversion,Aversion,Neutral,Aversion,1,0.041666666666666664
M0160,Aversion -> Aversion -> Neutral,Aversion,Aversion,Neutral,1,0.041666666666666664
M0160,Neutral -> Aversion -> Aversion,Neutral,Aversion,Aversion,1,0.041666666666666664
M0160,Neutral -> Neutral -> Appreciation,Neutral,Neutral,Appreciation,1,0.041666666666666664
M0160,Aversion -> Neutral -> Neutral,Aversion,Neutral,Neutral,1,0.041666666666666664
M0160,Neutral -> Appreciation -> Appreciation,Neutral,Appreciation,Appreciation,1,0.041666666666666664
M0160,Appreciation -> Appreciation -> Neutral,Appreciation,Appreciation,Neutral,1,0.041666666666666664
M0160,Appreciation -> Neutral -> Neutral,Appreciation,Neutral,Neutral,1,0.041666666666666664
M0160,Neutral -> Neutral -> Aversion,Neutral,Neutral,Aversion,1,0.041666666666666664
M0161,Neutral -> Neutral -> Neutral,Neutral,Neutral,Neutral,8,0.3333333333333333
M0161,Aversion -> Aversion -> Aversion,Aversion,Aversion,Aversion,8,0.3333333333333333
M0161,Neutral -> Neutral -> Aversion,Neutral,Neutral,Aversion,2,0.08333333333333333
M0161,Neutral -> Aversion -> Aversion,Neutral,Aversion,Aversion,1,0.041666666666666664
M0161,Aversion -> Aversion -> Neutral,Aversion,Aversion,Neutral,1,0.041666666666666664
M0161,Aversion -> Neutral -> Neutral,Aversion,Neutral,Neutral,1,0.041666666666666664
M0161,Neutral -> Aversion -> Appreciation,Neutral,Aversion,Appreciation,1,0.041666666666666664
M0161,Aversion -> Appreciation -> Appreciation,Aversion,Appreciation,Appreciation,1,0.041666666666666664
M0161,Appreciation -> Appreciation -> Appreciation,Appreciation,Appreciation,Appreciation,1,0.041666666666666664
M0162,Neutral -> Neutral -> Neutral,Neutral,Neutral,Neutral,15,0.625
M0162,Aversion -> Aversion -> Aversion,Aversion,Aversion,Aversion,4,0.16666666666666666
M0162,Neutral -> Neutral -> Appreciation,Neutral,Neutral,Appreciation,1,0.041666666666666664
M0162,Neutral -> Appreciation -> Appreciation,Neutral,Appreciation,Appreciation,1,0.041666666666666664
M0162,Appreciation -> Appreciation -> Neutral,Appreciation,Appreciation,Neutral,1,0.041666666666666664
M0162,Appreciation -> Neutral -> Aversion,Appreciation,Neutral,Aversion,1,0.041666666666666664
M0162,Neutral -> Aversion -> Aversion,Neutral,Aversion,Aversion,1,0.041666666666666664
M0163,Aversion -> Aversion -> Aversion,Aversion,Aversion,Aversion,11,0.4583333333333333
M0163,Neutral -> Neutral -> Neutral,Neutral,Neutral,Neutral,7,0.2916666666666667
M0163,Neutral -> Neutral -> Aversion,Neutral,Neutral,Aversion,2,0.08333333333333333
M0163,Neutral -> Aversion -> Aversion,Neutral,Aversion,Aversion,2,0.08333333333333333
M0163,Aversion -> Aversion -> Neutral,Aversion,Aversion,Neutral,1,0.041666666666666664
M0163,Aversion -> Neutral -> Neutral,Aversion,Neutral,Neutral,1,0.041666666666666664
M0164,Neutral -> Neutral -> Neutral,Neutral,Neutral,Neutral,12,0.5
M0164,Aversion -> Aversion -> Aversion,Aversion,Aversion,Aversion,3,0.125
M0164,Neutral -> Neutral -> Aversion,Neutral,Neutral,Aversion,2,0.08333333333333333
M0164,Neutral -> Aversion -> Neutral,Neutral,Aversion,Neutral,1,0.041666666666666664
M0164,Aversion -> Neutral -> Neutral,Aversion,Neutral,Neutral,1,0.041666666666666664
M0164,Neutral -> Aversion -> Aversion,Neutral,Aversion,Aversion,1,0.041666666666666664
M0164,Aversion -> Aversion -> Neutral,Aversion,Aversion,Neutral,1,0.041666666666666664
M0164,Aversion -> Neutral -> Appreciation,Aversion,Neutral,Appreciation,1,0.041666666666666664
M0164,Neutral -> Appreciation -> Appreciation,Neutral,Appreciation,Appreciation,1,0.041666666666666664
M0164,Appreciation -> Appreciation -> Appreciation,Appreciation,Appreciation,Appreciation,1,0.041666666666666664
M0165,Appreciation -> Appreciation -> Appreciation,Appreciation,Appreciation,Appreciation,8,0.3333333333333333
M0165,Neutral -> Neutral -> Neutral,Neutral,Neutral,Neutral,5,0.20833333333333334
M0165,Aversion -> Aversion -> Aversion,Aversion,Aversion,Aversion,1,0.041666666666666664
M0165,Neutral -> Aversion -> Aversion,Neutral,Aversion,Aversion,1,0.041666666666666664
M0165,Neutral -> Neutral -> Aversion,Neutral,Neutral,Aversion,1,0.041666666666666664
M0165,Aversion -> Neutral -> Aversion,Aversion,Neutral,Aversion,1,0.041666666666666664
M0165,Aversion -> Aversion -> Neutral,Aversion,Aversion,Neutral,1,0.041666666666666664
M0165,Aversion -> Neutral -> Neutral,Aversion,Neutral,Neutral,1,0.041666666666666664
M0165,Neutral -> Aversion -> Neutral,Neutral,Aversion,Neutral,1,0.041666666666666664
M0165,Neutral -> Neutral -> Appreciation,Neutral,Neutral,Appreciation,1,0.041666666666666664
M0165,Neutral -> Appreciation -> Appreciation,Neutral,Appreciation,Appreciation,1,0.041666666666666664
M0165,Appreciation -> Appreciation -> Neutral,Appreciation,Appreciation,Neutral,1,0.041666666666666664
M0165,Appreciation -> Neutral -> Aversion,Appreciation,Neutral,Aversion,1,0.041666666666666664
M0166,Neutral -> Neutral -> Neutral,Neutral,Neutral,Neutral,8,0.3333333333333333
M0166,Aversion -> Aversion -> Aversion,Aversion,Aversion,Aversion,4,0.16666666666666666
M0166,Aversion -> Neutral -> Neutral,Aversion,Neutral,Neutral,2,0.08333333333333333
M0166,Neutral -> Aversion -> Neutral,Neutral,Aversion,Neutral,2,0.08333333333333333
M0166,Neutral -> Aversion -> Aversion,Neutral,Aversion,Aversion,2,0.08333333333333333
M0166,Neutral -> Neutral -> Aversion,Neutral,Neutral,Aversion,2,0.08333333333333333
M0166,Aversion -> Aversion -> Neutral,Aversion,Aversion,Neutral,1,0.041666666666666664
M0166,Aversion -> Neutral -> Aversion,Aversion,Neutral,Aversion,1,0.041666666666666664
M0166,Aversion -> Aversion -> Appreciation,Aversion,Aversion,Appreciation,1,0.041666666666666664
M0166,Aversion -> Appreciation -> Appreciation,Aversion,Appreciation,Appreciation,1,0.041666666666666664
M0167,Appreciation -> Appreciation -> Appreciation,Appreciation,Appreciation,Appreciation,7,0.2916666666666667
M0167,Neutral -> Neutral -> Neutral,Neutral,Neutral,Neutral,5,0.20833333333333334
M0167,Neutral -> Aversion -> Aversion,Neutral,Aversion,Aversion,2,0.08333333333333333
M0167,Aversion -> Aversion -> Neutral,Aversion,Aversion,Neutral,2,0.08333333333333333
M0167,Aversion -> Aversion -> Aversion,Aversion,Aversion,Aversion,2,0.08333333333333333
M0167,Neutral -> Neutral -> Aversion,Neutral,Neutral,Aversion,1,0.041666666666666664
M0167,Aversion -> Neutral -> Aversion,Aversion,Neutral,Aversion,1,0.041666666666666664
M0167,Aversion -> Neutral -> Appreciation,Aversion,Neutral,Appreciation,1,0.041666666666666664
M0167,Neutral -> Appreciation -> Appreciation,Neutral,Appreciation,Appreciation,1,0.041666666666666664
M0167,Appreciation -> Appreciation -> Neutral,Appreciation,Appreciation,Neutral,1,0.041666666666666664
M0167,Appreciation -> Neutral -> Neutral,Appreciation,Neutral,Neutral,1,0.041666666666666664
M0168,Aversion -> Aversion -> Aversion,Aversion,Aversion,Aversion,10,0.4166666666666667
M0168,Neutral -> Aversion -> Aversion,Neutral,Aversion,Aversion,2,0.08333333333333333
M0168,Neutral -> Neutral -> Aversion,Neutral,Neutral,Aversion,2,0.08333333333333333
M0168,Neutral -> Neutral -> Neutral,Neutral,Neutral,Neutral,1,0.041666666666666664
M0168,Aversion -> Aversion -> Neutral,Aversion,Aversion,Neutral,1,0.041666666666666664
M0168,Aversion -> Neutral -> Aversion,Aversion,Neutral,Aversion,1,0.041666666666666664
M0168,Neutral -> Aversion -> Neutral,Neutral,Aversion,Neutral,1,0.041666666666666664
M0168,Aversion -> Neutral -> Neutral,Aversion,Neutral,Neutral,1,0.041666666666666664
M0168,Neutral -> Neutral -> Appreciation,Neutral,Neutral,Appreciation,1,0.041666666666666664
M0168,Neutral -> Appreciation -> Appreciation,Neutral,Appreciation,Appreciation,1,0.041666666666666664
M0168,Appreciation -> Appreciation -> Appreciation,Appreciation,Appreciation,Appreciation,1,0.041666666666666664
M0168,Appreciation -> Appreciation -> Neutral,Appreciation,Appreciation,Neutral,1,0.041666666666666664
M0168,Appreciation -> Neutral -> Neutral,Appreciation,Neutral,Neutral,1,0.041666666666666664
M0169,Appreciation -> Appreciation -> Appreciation,Appreciation,Appreciation,Appreciation,6,0.25
M0169,Neutral -> Neutral -> Neutral,Neutral,Neutral,Neutral,5,0.20833333333333334
M0169,Aversion -> Neutral -> Neutral,Aversion,Neutral,Neutral,2,0.08333333333333333
M0169,Neutral -> Neutral -> Aversion,Neutral,Neutral,Aversion,2,0.08333333333333333
M0169,Neutral -> Aversion -> Aversion,Neutral,Aversion,Aversion,2,0.08333333333333333
M0169,Neutral -> Aversion -> Neutral,Neutral,Aversion,Neutral,1,0.041666666666666664
M0169,Aversion -> Aversion -> Neutral,Aversion,Aversion,Neutral,1,0.041666666666666664
M0169,Aversion -> Aversion -> Aversion,Aversion,Aversion,Aversion,1,0.041666666666666664
M0169,Neutral -> Neutral -> Appreciation,Neutral,Neutral,Appreciation,1,0.041666666666666664
M0169,Neutral -> Appreciation -> Appreciation,Neutral,Appreciation,Appreciation,1,0.041666666666666664
M0169,Appreciation -> Appreciation -> Neutral,Appreciation,Appreciation,Neutral,1,0.041666666666666664
M0169,Appreciation -> Neutral -> Aversion,Appreciation,Neutral,Aversion,1,0.041666666666666664
M0170,Neutral -> Neutral -> Neutral,Neutral,Neutral,Neutral,5,0.20833333333333334
M0170,Aversion -> Neutral -> Neutral,Aversion,Neutral,Neutral,3,0.125
M0170,Neutral -> Neutral -> Aversion,Neutral,Neutral,Aversion,3,0.125
M0170,Appreciation -> Appreciation -> Appreciation,Appreciation,Appreciation,Appreciation,3,0.125
M0170,Neutral -> Aversion -> Neutral,Neutral,Aversion,Neutral,2,0.08333333333333333
M0170,Aversion -> Aversion -> Aversion,Aversion,Aversion,Aversion,2,0.08333333333333333
M0170,Aversion -> Aversion -> Neutral,Aversion,Aversion,Neutral,1,0.041666666666666664
M0170,Neutral -> Aversion -> Aversion,Neutral,Aversion,Aversion,1,0.041666666666666664
M0170,Neutral -> Neutral -> Appreciation,Neutral,Neutral,Appreciation,1,0.041666666666666664
M0170,Neutral -> Appreciation -> Appreciation,Neutral,Appreciation,Appreciation,1,0.041666666666666664
M0170,Appreciation -> Appreciation -> Neutral,Appreciation,Appreciation,Neutral,1,0.041666666666666664
M0170,Appreciation -> Neutral -> Neutral,Appreciation,Neutral,Neutral,1,0.041666666666666664
M0171,Neutral -> Neutral -> Neutral,Neutral,Neutral,Neutral,8,0.3333333333333333
M0171,Appreciation -> Appreciation -> Appreciation,Appreciation,Appreciation,Appreciation,6,0.25
M0171,Aversion -> Aversion -> Aversion,Aversion,Aversion,Aversion,2,0.08333333333333333
M0171,Aversion -> Neutral -> Neutral,Aversion,Neutral,Neutral,2,0.08333333333333333
M0171,Neutral -> Aversion -> Neutral,Neutral,Aversion,Neutral,1,0.041666666666666664
M0171,Neutral -> Neutral -> Aversion,Neutral,Neutral,Aversion,1,0.041666666666666664
M0171,Neutral -> Aversion -> Aversion,Neutral,Aversion,Aversion,1,0.041666666666666664
M0171,Aversion -> Aversion -> Neutral,Aversion,Aversion,Neutral,1,0.041666666666666664
M0171,Neutral -> Neutral -> Appreciation,Neutral,Neutral,Appreciation,1,0.041666666666666664
M0171,Neutral -> Appreciation -> Appreciation,Neutral,Appreciation,Appreciation,1,0.041666666666666664
M0172,Neutral -> Neutral -> Neutral,Neutral,Neutral,Neutral,10,0.4166666666666667
M0172,Aversion -> Neutral -> Neutral,Aversion,Neutral,Neutral,2,0.08333333333333333
M0172,Neutral -> Neutral -> Aversion,Neutral,Neutral,Aversion,2,0.08333333333333333
M0172,Aversion -> Aversion -> Aversion,Aversion,Aversion,Aversion,2,0.08333333333333333
M0172,Neutral -> Aversion -> Aversion,Neutral,Aversion,Aversion,2,0.08333333333333333
M0172,Neutral -> Aversion -> Neutral,Neutral,Aversion,Neutral,1,0.041666666666666664
M0172,Aversion -> Aversion -> Neutral,Aversion,Aversion,Neutral,1,0.041666666666666664
M0172,Neutral -> Neutral -> Appreciation,Neutral,Neutral,Appreciation,1,0.041666666666666664
M0172,Neutral -> Appreciation -> Appreciation,Neutral,Appreciation,Appreciation,1,0.041666666666666664
M0172,Appreciation -> Appreciation -> Neutral,Appreciation,Appreciation,Neutral,1,0.041666666666666664
M0172,Appreciation -> Neutral -> Aversion,Appreciation,Neutral,Aversion,1,0.041666666666666664
M0173,Aversion -> Aversion -> Aversion,Aversion,Aversion,Aversion,7,0.2916666666666667
M0173,Neutral -> Neutral -> Neutral,Neutral,Neutral,Neutral,5,0.20833333333333334
M0173,Neutral -> Aversion -> Aversion,Neutral,Aversion,Aversion,3,0.125
M0173,Aversion -> Aversion -> Neutral,Aversion,Aversion,Neutral,3,0.125
M0173,Aversion -> Neutral -> Neutral,Aversion,Neutral,Neutral,3,0.125
M0173,Neutral -> Neutral -> Aversion,Neutral,Neutral,Aversion,3,0.125
M0174,Appreciation -> Appreciation -> Appreciation,Appreciation,Appreciation,Appreciation,9,0.375
M0174,Aversion -> Neutral -> Aversion,Aversion,Neutral,Aversion,4,0.16666666666666666
M0174,Neutral -> Aversion -> Neutral,Neutral,Aversion,Neutral,3,0.125
M0174,Neutral -> Aversion -> Aversion,Neutral,Aversion,Aversion,2,0.08333333333333333
M0174,Aversion -> Aversion -> Aversion,Aversion,Aversion,Aversion,2,0.08333333333333333
M0174,Aversion -> Aversion -> Neutral,Aversion,Aversion,Neutral,2,0.08333333333333333
M0174,Aversion -> Neutral -> Appreciation,Aversion,Neutral,Appreciation,1,0.041666666666666664
M0174,Neutral -> Appreciation -> Appreciation,Neutral,Appreciation,Appreciation,1,0.041666666666666664
M0175,Neutral -> Neutral -> Neutral,Neutral,Neutral,Neutral,7,0.2916666666666667
M0175,Aversion -> Neutral -> Aversion,Aversion,Neutral,Aversion,3,0.125
M0175,Neutral -> Aversion -> Neutral,Neutral,Aversion,Neutral,2,0.08333333333333333
M0175,Neutral -> Aversion -> Aversion,Neutral,Aversion,Aversion,2,0.08333333333333333
M0175,Aversion -> Aversion -> Neutral,Aversion,Aversion,Neutral,2,0.08333333333333333
M0175,Neutral -> Neutral -> Aversion,Neutral,Neutral,Aversion,2,0.08333333333333333
M0175,Aversion -> Aversion -> Aversion,Aversion,Aversion,Aversion,2,0.08333333333333333
M0175,Aversion -> Neutral -> Neutral,Aversion,Neutral,Neutral,1,0.041666666666666664
M0175,Neutral -> Aversion -> Appreciation,Neutral,Aversion,Appreciation,1,0.041666666666666664
M0175,Aversion -> Appreciation -> Neutral,Aversion,Appreciation,Neutral,1,0.041666666666666664
M0175,Appreciation -> Neutral -> Neutral,Appreciation,Neutral,Neutral,1,0.041666666666666664
M0176,Neutral -> Neutral -> Neutral,Neutral,Neutral,Neutral,13,0.5416666666666666
M0176,Neutral -> Neutral -> Aversion,Neutral,Neutral,Aversion,2,0.08333333333333333
M0176,Neutral -> Aversion -> Neutral,Neutral,Aversion,Neutral,2,0.08333333333333333
M0176,Appreciation -> Appreciation -> Appreciation,Appreciation,Appreciation,Appreciation,2,0.08333333333333333
M0176,Aversion -> Neutral -> Neutral,Aversion,Neutral,Neutral,1,0.041666666666666664
M0176,Aversion -> Neutral -> Aversion,Aversion,Neutral,Aversion,1,0.041666666666666664
M0176,Neutral -> Aversion -> Aversion,Neutral,Aversion,Aversion,1,0.041666666666666664
M0176,Aversion -> Aversion -> Appreciation,Aversion,Aversion,Appreciation,1,0.041666666666666664
M0176,Aversion -> Appreciation -> Appreciation,Aversion,Appreciation,Appreciation,1,0.041666666666666664
M0177,Neutral -> Neutral -> Neutral,Neutral,Neutral,Neutral,13,0.5416666666666666
M0177,Appreciation -> Appreciation -> Appreciation,Appreciation,Appreciation,Appreciation,5,0.20833333333333334
M0177,Aversion -> Aversion -> Aversion,Aversion,Aversion,Aversion,2,0.08333333333333333
M0177,Neutral -> Aversion -> Aversion,Neutral,Aversion,Aversion,1,0.041666666666666664
M0177,Neutral -> Neutral -> Aversion,Neutral,Neutral,Aversion,1,0.041666666666666664
M0177,Aversion -> Aversion -> Appreciation,Aversion,Aversion,Appreciation,1,0.041666666666666664
M0177,Aversion -> Appreciation -> Appreciation,Aversion,Appreciation,Appreciation,1,0.041666666666666664
M0178,Aversion -> Aversion -> Aversion,Aversion,Aversion,Aversion,13,0.5416666666666666
M0178,Neutral -> Aversion -> Aversion,Neutral,Aversion,Aversion,3,0.125
M0178,Aversion -> Aversion -> Neutral,Aversion,Aversion,Neutral,3,0.125
M0178,Neutral -> Neutral -> Aversion,Neutral,Neutral,Aversion,2,0.08333333333333333
M0178,Aversion -> Neutral -> Neutral,Aversion,Neutral,Neutral,2,0.08333333333333333
M0178,Aversion -> Neutral -> Aversion,Aversion,Neutral,Aversion,1,0.041666666666666664
M0179,Aversion -> Aversion -> Aversion,Aversion,Aversion,Aversion,11,0.4583333333333333
M0179,Neutral -> Neutral -> Neutral,Neutral,Neutral,Neutral,3,0.125
M0179,Neutral -> Neutral -> Aversion,Neutral,Neutral,Aversion,3,0.125
M0179,Neutral -> Aversion -> Aversion,Neutral,Aversion,Aversion,3,0.125
M0179,Aversion -> Aversion -> Neutral,Aversion,Aversion,Neutral,2,0.08333333333333333
M0179,Aversion -> Neutral -> Neutral,Aversion,Neutral,Neutral,2,0.08333333333333333
M0180,Aversion -> Aversion -> Aversion,Aversion,Aversion,Aversion,9,0.375
M0180,Neutral -> Aversion -> Aversion,Neutral,Aversion,Aversion,5,0.20833333333333334
M0180,Aversion -> Aversion -> Neutral,Aversion,Aversion,Neutral,4,0.16666666666666666
M0180,Aversion -> Neutral -> Aversion,Aversion,Neutral,Aversion,2,0.08333333333333333
M0180,Aversion -> Neutral -> Neutral,Aversion,Neutral,Neutral,2,0.08333333333333333
M0180,Neutral -> Neutral -> Aversion,Neutral,Neutral,Aversion,2,0.08333333333333333
M0181,Aversion -> Aversion -> Aversion,Aversion,Aversion,Aversion,12,0.5
M0181,Neutral -> Neutral -> Neutral,Neutral,Neutral,Neutral,2,0.08333333333333333
M0181,Neutral -> Neutral -> Aversion,Neutral,Neutral,Aversion,2,0.08333333333333333
M0181,Neutral -> Aversion -> Aversion,Neutral,Aversion,Aversion,2,0.08333333333333333
M0181,Aversion -> Aversion -> Neutral,Aversion,Aversion,Neutral,2,0.08333333333333333
M0181,Aversion -> Neutral -> Neutral,Aversion,Neutral,Neutral,1,0.041666666666666664
M0181,Aversion -> Neutral -> Appreciation,Aversion,Neutral,Appreciation,1,0.041666666666666664
M0181,Neutral -> Appreciation -> Appreciation,Neutral,Appreciation,Appreciation,1,0.041666666666666664
M0181,Appreciation -> Appreciation -> Appreciation,Appreciation,Appreciation,Appreciation,1,0.041666666666666664
M0182,Appreciation -> Appreciation -> Appreciation,Appreciation,Appreciation,Appreciation,7,0.2916666666666667
M0182,Neutral -> Neutral -> Neutral,Neutral,Neutral,Neutral,5,0.20833333333333334
M0182,Neutral -> Neutral -> Aversion,Neutral,Neutral,Aversion,3,0.125
M0182,Neutral -> Aversion -> Neutral,Neutral,Aversion,Neutral,2,0.08333333333333333
M0182,Aversion -> Neutral -> Neutral,Aversion,Neutral,Neutral,2,0.08333333333333333
M0182,Neutral -> Aversion -> Aversion,Neutral,Aversion,Aversion,1,0.041666666666666664
M0182,Aversion -> Aversion -> Aversion,Aversion,Aversion,Aversion,1,0.041666666666666664
M0182,Aversion -> Aversion -> Neutral,Aversion,Aversion,Neutral,1,0.041666666666666664
M0182,Aversion -> Neutral -> Appreciation,Aversion,Neutral,Appreciation,1,0.041666666666666664
M0182,Neutral -> Appreciation -> Appreciation,Neutral,Appreciation,Appreciation,1,0.041666666666666664
M0183,Aversion -> Aversion -> Aversion,Aversion,Aversion,Aversion,12,0.5
M0183,Neutral -> Neutral -> Neutral,Neutral,Neutral,Neutral,2,0.08333333333333333
M0183,Neutral -> Aversion -> Neutral,Neutral,Aversion,Neutral,2,0.08333333333333333
M0183,Neutral -> Neutral -> Aversion,Neutral,Neutral,Aversion,2,0.08333333333333333
M0183,Aversion -> Neutral -> Aversion,Aversion,Neutral,Aversion,2,0.08333333333333333
M0183,Neutral -> Aversion -> Aversion,Neutral,Aversion,Aversion,2,0.08333333333333333
M0183,Aversion -> Neutral -> Neutral,Aversion,Neutral,Neutral,1,0.041666666666666664
M0183,Aversion -> Aversion -> Neutral,Aversion,Aversion,Neutral,1,0.041666666666666664
M0184,Neutral -> Neutral -> Neutral,Neutral,Neutral,Neutral,10,0.4166666666666667
M0184,Appreciation -> Appreciation -> Appreciation,Appreciation,Appreciation,Appreciation,4,0.16666666666666666
M0184,Neutral -> Neutral -> Aversion,Neutral,Neutral,Aversion,2,0.08333333333333333
M0184,Neutral -> Aversion -> Neutral,Neutral,Aversion,Neutral,2,0.08333333333333333
M0184,Neutral -> Aversion -> Aversion,Neutral,Aversion,Aversion,1,0.041666666666666664
M0184,Aversion -> Neutral -> Neutral,Aversion,Neutral,Neutral,1,0.041666666666666664
M0184,Aversion -> Aversion -> Neutral,Aversion,Aversion,Neutral,1,0.041666666666666664
M0184,Aversion -> Neutral -> Aversion,Aversion,Neutral,Aversion,1,0.041666666666666664
M0184,Aversion -> Neutral -> Appreciation,Aversion,Neutral,Appreciation,1,0.041666666666666664
M0184,Neutral -> Appreciation -> Appreciation,Neutral,Appreciation,Appreciation,1,0.041666666666666664
M0185,Neutral -> Neutral -> Neutral,Neutral,Neutral,Neutral,11,0.4583333333333333
M0185,Neutral -> Neutral -> Aversion,Neutral,Neutral,Aversion,3,0.125
M0185,Neutral -> Aversion -> Neutral,Neutral,Aversion,Neutral,2,0.08333333333333333
M0185,Aversion -> Neutral -> Neutral,Aversion,Neutral,Neutral,2,0.08333333333333333
M0185,Neutral -> Aversion -> Aversion,Neutral,Aversion,Aversion,2,0.08333333333333333
M0185,Aversion -> Aversion -> Neutral,Aversion,Aversion,Neutral,2,0.08333333333333333
M0185,Aversion -> Neutral -> Aversion,Aversion,Neutral,Aversion,2,0.08333333333333333
M0186,Aversion -> Aversion -> Aversion,Aversion,Aversion,Aversion,7,0.2916666666666667
M0186,Neutral -> Neutral -> Neutral,Neutral,Neutral,Neutral,4,0.16666666666666666
M0186,Neutral -> Aversion -> Neutral,Neutral,Aversion,Neutral,2,0.08333333333333333
M0186,Neutral -> Neutral -> Aversion,Neutral,Neutral,Aversion,2,0.08333333333333333
M0186,Neutral -> Aversion -> Aversion,Neutral,Aversion,Aversion,2,0.08333333333333333
M0186,Aversion -> Neutral -> Aversion,Aversion,Neutral,Aversion,1,0.041666666666666664
M0186,Aversion -> Neutral -> Neutral,Aversion,Neutral,Neutral,1,0.041666666666666664
M0186,Aversion -> Aversion -> Neutral,Aversion,Aversion,Neutral,1,0.041666666666666664
M0186,Aversion -> Neutral -> Appreciation,Aversion,Neutral,Appreciation,1,0.041666666666666664
M0186,Neutral -> Appreciation -> Appreciation,Neutral,Appreciation,Appreciation,1,0.041666666666666664
M0186,Appreciation -> Appreciation -> Neutral,Appreciation,Appreciation,Neutral,1,0.041666666666666664
M0186,Appreciation -> Neutral -> Aversion,Appreciation,Neutral,Aversion,1,0.041666666666666664
M0187,Neutral -> Neutral -> Neutral,Neutral,Neutral,Neutral,6,0.25
M0187,Neutral -> Neutral -> Aversion,Neutral,Neutral,Aversion,3,0.125
M0187,Neutral -> Aversion -> Neutral,Neutral,Aversion,Neutral,3,0.125
M0187,Aversion -> Neutral -> Aversion,Aversion,Neutral,Aversion,3,0.125
M0187,Neutral -> Aversion -> Aversion,Neutral,Aversion,Aversion,3,0.125
M0187,Aversion -> Aversion -> Neutral,Aversion,Aversion,Neutral,3,0.125
M0187,Aversion -> Neutral -> Neutral,Aversion,Neutral,Neutral,2,0.08333333333333333
M0187,Aversion -> Aversion -> Aversion,Aversion,Aversion,Aversion,1,0.041666666666666664
M0188,Aversion -> Neutral -> Aversion,Aversion,Neutral,Aversion,4,0.16666666666666666
M0188,Aversion -> Aversion -> Aversion,Aversion,Aversion,Aversion,3,0.125
M0188,Neutral -> Aversion -> Aversion,Neutral,Aversion,Aversion,3,0.125
M0188,Aversion -> Aversion -> Neutral,Aversion,Aversion,Neutral,3,0.125
M0188,Neutral -> Neutral -> Neutral,Neutral,Neutral,Neutral,2,0.08333333333333333
M0188,Neutral -> Neutral -> Aversion,Neutral,Neutral,Aversion,2,0.08333333333333333
M0188,Neutral -> Aversion -> Neutral,Neutral,Aversion,Neutral,2,0.08333333333333333
M0188,Appreciation -> Appreciation -> Appreciation,Appreciation,Appreciation,Appreciation,2,0.08333333333333333
M0188,Aversion -> Neutral -> Neutral,Aversion,Neutral,Neutral,1,0.041666666666666664
M0188,Neutral -> Aversion -> Appreciation,Neutral,Aversion,Appreciation,1,0.041666666666666664
M0188,Aversion -> Appreciation -> Appreciation,Aversion,Appreciation,Appreciation,1,0.041666666666666664
M0189,Aversion -> Aversion -> Aversion,Aversion,Aversion,Aversion,5,0.20833333333333334
M0189,Neutral -> Neutral -> Neutral,Neutral,Neutral,Neutral,4,0.16666666666666666
M0189,Aversion -> Aversion -> Neutral,Aversion,Aversion,Neutral,3,0.125
M0189,Neutral -> Aversion -> Aversion,Neutral,Aversion,Aversion,3,0.125
M0189,Neutral -> Neutral -> Aversion,Neutral,Neutral,Aversion,2,0.08333333333333333
M0189,Aversion -> Neutral -> Aversion,Aversion,Neutral,Aversion,2,0.08333333333333333
M0189,Aversion -> Neutral -> Neutral,Aversion,Neutral,Neutral,2,0.08333333333333333
M0189,Neutral -> Aversion -> Neutral,Neutral,Aversion,Neutral,1,0.041666666666666664
M0189,Neutral -> Neutral -> Appreciation,Neutral,Neutral,Appreciation,1,0.041666666666666664
M0189,Neutral -> Appreciation -> Appreciation,Neutral,Appreciation,Appreciation,1,0.041666666666666664
M0190,Neutral -> Neutral -> Neutral,Neutral,Neutral,Neutral,14,0.5833333333333334
M0190,Neutral -> Aversion -> Aversion,Neutral,Aversion,Aversion,3,0.125
M0190,Aversion -> Aversion -> Neutral,Aversion,Aversion,Neutral,3,0.125
M0190,Neutral -> Neutral -> Aversion,Neutral,Neutral,Aversion,2,0.08333333333333333
M0190,Aversion -> Neutral -> Neutral,Aversion,Neutral,Neutral,1,0.041666666666666664
M0190,Aversion -> Neutral -> Aversion,Aversion,Neutral,Aversion,1,0.041666666666666664
M0191,Aversion -> Aversion -> Aversion,Aversion,Aversion,Aversion,10,0.4166666666666667
M0191,Neutral -> Neutral -> Neutral,Neutral,Neutral,Neutral,5,0.20833333333333334
M0191,Neutral -> Neutral -> Aversion,Neutral,Neutral,Aversion,2,0.08333333333333333
M0191,Neutral -> Aversion -> Aversion,Neutral,Aversion,Aversion,2,0.08333333333333333
M0191,Aversion -> Aversion -> Neutral,Aversion,Aversion,Neutral,1,0.041666666666666664
M0191,Aversion -> Neutral -> Neutral,Aversion,Neutral,Neutral,1,0.041666666666666664
M0191,Aversion -> Aversion -> Appreciation,Aversion,Aversion,Appreciation,1,0.041666666666666664
M0191,Aversion -> Appreciation -> Neutral,Aversion,Appreciation,Neutral,1,0.041666666666666664
M0191,Appreciation -> Neutral -> Aversion,Appreciation,Neutral,Aversion,1,0.041666666666666664
M0192,Neutral -> Neutral -> Neutral,Neutral,Neutral,Neutral,11,0.4583333333333333
M0192,Neutral -> Neutral -> Aversion,Neutral,Neutral,Aversion,2,0.08333333333333333
M0192,Neutral -> Aversion -> Aversion,Neutral,Aversion,Aversion,2,0.08333333333333333
M0192,Aversion -> Aversion -> Neutral,Aversion,Aversion,Neutral,2,0.08333333333333333
M0192,Aversion -> Aversion -> Aversion,Aversion,Aversion,Aversion,2,0.08333333333333333
M0192,Aversion -> Neutral -> Neutral,Aversion,Neutral,Neutral,1,0.041666666666666664
M0192,Aversion -> Neutral -> Appreciation,Aversion,Neutral,Appreciation,1,0.041666666666666664
M0192,Neutral -> Appreciation -> Appreciation,Neutral,Appreciation,Appreciation,1,0.041666666666666664
M0192,Appreciation -> Appreciation -> Appreciation,Appreciation,Appreciation,Appreciation,1,0.041666666666666664
M0192,Appreciation -> Appreciation -> Neutral,Appreciation,Appreciation,Neutral,1,0.041666666666666664
M0193,Neutral -> Neutral -> Neutral,Neutral,Neutral,Neutral,10,0.4166666666666667
M0193,Appreciation -> Appreciation -> Appreciation,Appreciation,Appreciation,Appreciation,4,0.16666666666666666
M0193,Neutral -> Neutral -> Aversion,Neutral,Neutral,Aversion,2,0.08333333333333333
M0193,Aversion -> Neutral -> Neutral,Aversion,Neutral,Neutral,2,0.08333333333333333
M0193,Neutral -> Aversion -> Neutral,Neutral,Aversion,Neutral,2,0.08333333333333333
M0193,Neutral -> Neutral -> Appreciation,Neutral,Neutral,Appreciation,1,0.041666666666666664
M0193,Neutral -> Appreciation -> Appreciation,Neutral,Appreciation,Appreciation,1,0.041666666666666664
M0193,Appreciation -> Appreciation -> Neutral,Appreciation,Appreciation,Neutral,1,0.041666666666666664
M0193,Appreciation -> Neutral -> Aversion,Appreciation,Neutral,Aversion,1,0.041666666666666664
M0194,Neutral -> Neutral -> Neutral,Neutral,Neutral,Neutral,14,0.5833333333333334
M0194,Appreciation -> Appreciation -> Appreciation,Appreciation,Appreciation,Appreciation,8,0.3333333333333333
M0194,Neutral -> Neutral -> Appreciation,Neutral,Neutral,Appreciation,1,0.041666666666666664
M0194,Neutral -> Appreciation -> Appreciation,Neutral,Appreciation,Appreciation,1,0.041666666666666664
M0195,Neutral -> Neutral -> Neutral,Neutral,Neutral,Neutral,17,0.7083333333333334
M0195,Neutral -> Neutral -> Appreciation,Neutral,Neutral,Appreciation,2,0.08333333333333333
M0195,Appreciation -> Appreciation -> Appreciation,Appreciation,Appreciation,Appreciation,2,0.08333333333333333
M0195,Neutral -> Appreciation -> Appreciation,Neutral,Appreciation,Appreciation,1,0.041666666666666664
M0195,Appreciation -> Appreciation -> Neutral,Appreciation,Appreciation,Neutral,1,0.041666666666666664
M0195,Appreciation -> Neutral -> Neutral,Appreciation,Neutral,Neutral,1,0.041666666666666664
M0196,Neutral -> Neutral -> Neutral,Neutral,Neutral,Neutral,7,0.2916666666666667
M0196,Aversion -> Aversion -> Aversion,Aversion,Aversion,Aversion,5,0.20833333333333334
M0196,Neutral -> Aversion -> Aversion,Neutral,Aversion,Aversion,3,0.125
M0196,Aversion -> Aversion -> Neutral,Aversion,Aversion,Neutral,3,0.125
M0196,Aversion -> Neutral -> Aversion,Aversion,Neutral,Aversion,2,0.08333333333333333
M0196,Appreciation -> Neutral -> Aversion,Appreciation,Neutral,Aversion,1,0.041666666666666664
M0196,Neutral -> Appreciation -> Neutral,Neutral,Appreciation,Neutral,1,0.041666666666666664
M0196,Neutral -> Neutral -> Appreciation,Neutral,Neutral,Appreciation,1,0.041666666666666664
M0196,Aversion -> Neutral -> Neutral,Aversion,Neutral,Neutral,1,0.041666666666666664
M0197,Neutral -> Neutral -> Neutral,Neutral,Neutral,Neutral,12,0.5
M0197,Neutral -> Neutral -> Aversion,Neutral,Neutral,Aversion,2,0.08333333333333333
M0197,Neutral -> Aversion -> Neutral,Neutral,Aversion,Neutral,2,0.08333333333333333
M0197,Aversion -> Neutral -> Aversion,Aversion,Neutral,Aversion,1,0.041666666666666664
M0197,Neutral -> Aversion -> Aversion,Neutral,Aversion,Aversion,1,0.041666666666666664
M0197,Aversion -> Aversion -> Neutral,Aversion,Aversion,Neutral,1,0.041666666666666664
M0197,Aversion -> Neutral -> Neutral,Aversion,Neutral,Neutral,1,0.041666666666666664
M0197,Neutral -> Neutral -> Appreciation,Neutral,Neutral,Appreciation,1,0.041666666666666664
M0197,Neutral -> Appreciation -> Neutral,Neutral,Appreciation,Neutral,1,0.041666666666666664
M0197,Appreciation -> Neutral -> Neutral,Appreciation,Neutral,Neutral,1,0.041666666666666664
M0197,Aversion -> Neutral -> Appreciation,Aversion,Neutral,Appreciation,1,0.041666666666666664
M0198,Aversion -> Aversion -> Aversion,Aversion,Aversion,Aversion,8,0.3333333333333333
M0198,Appreciation -> Appreciation -> Appreciation,Appreciation,Appreciation,Appreciation,6,0.25
M0198,Neutral -> Aversion -> Aversion,Neutral,Aversion,Aversion,2,0.08333333333333333
M0198,Aversion -> Aversion -> Neutral,Aversion,Aversion,Neutral,2,0.08333333333333333
M0198,Aversion -> Neutral -> Neutral,Aversion,Neutral,Neutral,1,0.041666666666666664
M0198,Aversion -> Neutral -> Aversion,Aversion,Neutral,Aversion,1,0.041666666666666664
M0198,Neutral -> Neutral -> Neutral,Neutral,Neutral,Neutral,1,0.041666666666666664
M0198,Neutral -> Neutral -> Aversion,Neutral,Neutral,Aversion,1,0.041666666666666664
M0198,Neutral -> Aversion -> Appreciation,Neutral,Aversion,Appreciation,1,0.041666666666666664
M0198,Aversion -> Appreciation -> Appreciation,Aversion,Appreciation,Appreciation,1,0.041666666666666664
M0199,Neutral -> Neutral -> Neutral,Neutral,Neutral,Neutral,4,0.16666666666666666
M0199,Neutral -> Neutral -> Aversion,Neutral,Neutral,Aversion,4,0.16666666666666666
M0199,Neutral -> Aversion -> Aversion,Neutral,Aversion,Aversion,4,0.16666666666666666
M0199,Aversion -> Aversion -> Aversion,Aversion,Aversion,Aversion,3,0.125
M0199,Aversion -> Aversion -> Neutral,Aversion,Aversion,Neutral,3,0.125
M0199,Aversion -> Neutral -> Neutral,Aversion,Neutral,Neutral,3,0.125
M0199,Aversion -> Aversion -> Appreciation,Aversion,Aversion,Appreciation,1,0.041666666666666664
M0199,Aversion -> Appreciation -> Appreciation,Aversion,Appreciation,Appreciation,1,0.041666666666666664
M0199,Appreciation -> Appreciation -> Appreciation,Appreciation,Appreciation,Appreciation,1,0.041666666666666664
M0200,Aversion -> Aversion -> Aversion,Aversion,Aversion,Aversion,11,0.4583333333333333
M0200,Neutral -> Aversion -> Aversion,Neutral,Aversion,Aversion,3,0.125
M0200,Aversion -> Aversion -> Neutral,Aversion,Aversion,Neutral,2,0.08333333333333333
M0200,Aversion -> Neutral -> Aversion,Aversion,Neutral,Aversion,2,0.08333333333333333
M0200,Neutral -> Aversion -> Neutral,Neutral,Aversion,Neutral,1,0.041666666666666664
M0200,Aversion -> Neutral -> Neutral,Aversion,Neutral,Neutral,1,0.041666666666666664
M0200,Neutral -> Neutral -> Appreciation,Neutral,Neutral,Appreciation,1,0.041666666666666664
M0200,Neutral -> Appreciation -> Appreciation,Neutral,Appreciation,Appreciation,1,0.041666666666666664
M0200,Appreciation -> Appreciation -> Neutral,Appreciation,Appreciation,Neutral,1,0.041666666666666664
M0200,Appreciation -> Neutral -> Aversion,Appreciation,Neutral,Aversion,1,0.041666666666666664
M0201,Neutral -> Neutral -> Neutral,Neutral,Neutral,Neutral,11,0.4583333333333333
M0201,Appreciation -> Appreciation -> Appreciation,Appreciation,Appreciation,Appreciation,8,0.3333333333333333
M0201,Neutral -> Neutral -> Aversion,Neutral,Neutral,Aversion,1,0.041666666666666664
M0201,Neutral -> Aversion -> Neutral,Neutral,Aversion,Neutral,1,0.041666666666666664
M0201,Aversion -> Neutral -> Neutral,Aversion,Neutral,Neutral,1,0.041666666666666664
M0201,Neutral -> Neutral -> Appreciation,Neutral,Neutral,Appreciation,1,0.041666666666666664
M0201,Neutral -> Appreciation -> Appreciation,Neutral,Appreciation,Appreciation,1,0.041666666666666664
M0202,Appreciation -> Appreciation -> Appreciation,Appreciation,Appreciation,Appreciation,11,0.4583333333333333
M0202,Neutral -> Neutral -> Neutral,Neutral,Neutral,Neutral,3,0.125
M0202,Aversion -> Aversion -> Aversion,Aversion,Aversion,Aversion,2,0.08333333333333333
M0202,Neutral -> Aversion -> Aversion,Neutral,Aversion,Aversion,1,0.041666666666666664
M0202,Neutral -> Neutral -> Aversion,Neutral,Neutral,Aversion,1,0.041666666666666664
M0202,Aversion -> Aversion -> Neutral,Aversion,Aversion,Neutral,1,0.041666666666666664
M0202,Aversion -> Neutral -> Aversion,Aversion,Neutral,Aversion,1,0.041666666666666664
M0202,Aversion -> Neutral -> Neutral,Aversion,Neutral,Neutral,1,0.041666666666666664
M0202,Neutral -> Aversion -> Neutral,Neutral,Aversion,Neutral,1,0.041666666666666664
M0202,Neutral -> Neutral -> Appreciation,Neutral,Neutral,Appreciation,1,0.041666666666666664
M0202,Neutral -> Appreciation -> Appreciation,Neutral,Appreciation,Appreciation,1,0.041666666666666664
M0203,Aversion -> Aversion -> Aversion,Aversion,Aversion,Aversion,8,0.3333333333333333
M0203,Neutral -> Neutral -> Neutral,Neutral,Neutral,Neutral,7,0.2916666666666667
M0203,Neutral -> Aversion -> Aversion,Neutral,Aversion,Aversion,3,0.125
M0203,Neutral -> Neutral -> Aversion,Neutral,Neutral,Aversion,2,0.08333333333333333
M0203,Aversion -> Aversion -> Neutral,Aversion,Aversion,Neutral,2,0.08333333333333333
M0203,Aversion -> Neutral -> Neutral,Aversion,Neutral,Neutral,1,0.041666666666666664
M0203,Aversion -> Neutral -> Aversion,Aversion,Neutral,Aversion,1,0.041666666666666664
M0204,Appreciation -> Appreciation -> Appreciation,Appreciation,Appreciation,Appreciation,9,0.375
M0204,Neutral -> Neutral -> Neutral,Neutral,Neutral,Neutral,3,0.125
M0204,Aversion -> Aversion -> Aversion,Aversion,Aversion,Aversion,3,0.125
M0204,Neutral -> Aversion -> Aversion,Neutral,Aversion,Aversion,2,0.08333333333333333
M0204,Aversion -> Aversion -> Neutral,Aversion,Aversion,Neutral,2,0.08333333333333333
M0204,Aversion -> Neutral -> Neutral,Aversion,Neutral,Neutral,2,0.08333333333333333
M0204,Neutral -> Neutral -> Aversion,Neutral,Neutral,Aversion,1,0.041666666666666664
M0204,Neutral -> Neutral -> Appreciation,Neutral,Neutral,Appreciation,1,0.041666666666666664
M0204,Neutral -> Appreciation -> Appreciation,Neutral,Appreciation,Appreciation,1,0.041666666666666664
M0205,Aversion -> Aversion -> Aversion,Aversion,Aversion,Aversion,9,0.375
M0205,Neutral -> Aversion -> Aversion,Neutral,Aversion,Aversion,3,0.125
M0205,Aversion -> Neutral -> Neutral,Aversion,Neutral,Neutral,2,0.08333333333333333
M0205,Neutral -> Aversion -> Neutral,Neutral,Aversion,Neutral,2,0.08333333333333333
M0205,Neutral -> Neutral -> Aversion,Neutral,Neutral,Aversion,2,0.08333333333333333
M0205,Aversion -> Aversion -> Neutral,Aversion,Aversion,Neutral,2,0.08333333333333333
M0205,Aversion -> Neutral -> Aversion,Aversion,Neutral,Aversion,2,0.08333333333333333
M0205,Neutral -> Neutral -> Neutral,Neutral,Neutral,Neutral,2,0.08333333333333333
M0206,Aversion -> Aversion -> Aversion,Aversion,Aversion,Aversion,11,0.4583333333333333
M0206,Neutral -> Neutral -> Neutral,Neutral,Neutral,Neutral,7,0.2916666666666667
M0206,Neutral -> Neutral -> Aversion,Neutral,Neutral,Aversion,2,0.08333333333333333
M0206,Neutral -> Aversion -> Aversion,Neutral,Aversion,Aversion,2,0.08333333333333333
M0206,Aversion -> Aversion -> Neutral,Aversion,Aversion,Neutral,1,0.041666666666666664
M0206,Aversion -> Neutral -> Neutral,Aversion,Neutral,Neutral,1,0.041666666666666664
M0207,Neutral -> Neutral -> Neutral,Neutral,Neutral,Neutral,5,0.20833333333333334
M0207,Aversion -> Aversion -> Aversion,Aversion,Aversion,Aversion,5,0.20833333333333334
M0207,Appreciation -> Appreciation -> Appreciation,Appreciation,Appreciation,Appreciation,4,0.16666666666666666
M0207,Neutral -> Aversion -> Neutral,Neutral,Aversion,Neutral,2,0.08333333333333333
M0207,Neutral -> Neutral -> Aversion,Neutral,Neutral,Aversion,2,0.08333333333333333
M0207,Neutral -> Aversion -> Aversion,Neutral,Aversion,Aversion,1,0.041666666666666664
M0207,Aversion -> Neutral -> Neutral,Aversion,Neutral,Neutral,1,0.041666666666666664
M0207,Aversion -> Aversion -> Neutral,Aversion,Aversion,Neutral,1,0.041666666666666664
M0207,Aversion -> Neutral -> Aversion,Aversion,Neutral,Aversion,1,0.041666666666666664
M0207,Aversion -> Neutral -> Appreciation,Aversion,Neutral,Appreciation,1,0.041666666666666664
M0207,Neutral -> Appreciation -> Appreciation,Neutral,Appreciation,Appreciation,1,0.041666666666666664
M0208,Neutral -> Neutral -> Neutral,Neutral,Neutral,Neutral,9,0.375
M0208,Appreciation -> Appreciation -> Appreciation,Appreciation,Appreciation,Appreciation,5,0.20833333333333334
M0208,Aversion -> Aversion -> Aversion,Aversion,Aversion,Aversion,4,0.16666666666666666
M0208,Neutral -> Neutral -> Aversion,Neutral,Neutral,Aversion,1,0.041666666666666664
M0208,Neutral -> Aversion -> Neutral,Neutral,Aversion,Neutral,1,0.041666666666666664
M0208,Neutral -> Aversion -> Aversion,Neutral,Aversion,Aversion,1,0.041666666666666664
M0208,Aversion -> Neutral -> Aversion,Aversion,Neutral,Aversion,1,0.041666666666666664
M0208,Aversion -> Aversion -> Appreciation,Aversion,Aversion,Appreciation,1,0.041666666666666664
M0208,Aversion -> Appreciation -> Appreciation,Aversion,Appreciation,Appreciation,1,0.041666666666666664
M0209,Neutral -> Neutral -> Neutral,Neutral,Neutral,Neutral,12,0.5
M0209,Neutral -> Neutral -> Aversion,Neutral,Neutral,Aversion,3,0.125
M0209,Aversion -> Neutral -> Neutral,Aversion,Neutral,Neutral,3,0.125
M0209,Neutral -> Aversion -> Neutral,Neutral,Aversion,Neutral,2,0.08333333333333333
M0209,Neutral -> Aversion -> Aversion,Neutral,Aversion,Aversion,1,0.041666666666666664
M0209,Aversion -> Aversion -> Aversion,Aversion,Aversion,Aversion,1,0.041666666666666664
M0209,Aversion -> Aversion -> Neutral,Aversion,Aversion,Neutral,1,0.041666666666666664
M0209,Neutral -> Neutral -> Appreciation,Neutral,Neutral,Appreciation,1,0.041666666666666664
M0210,Aversion -> Aversion -> Aversion,Aversion,Aversion,Aversion,7,0.2916666666666667
M0210,Neutral -> Neutral -> Neutral,Neutral,Neutral,Neutral,6,0.25
M0210,Appreciation -> Appreciation -> Appreciation,Appreciation,Appreciation,Appreciation,3,0.125
M0210,Neutral -> Aversion -> Aversion,Neutral,Aversion,Aversion,1,0.041666666666666664
M0210,Neutral -> Neutral -> Aversion,Neutral,Neutral,Aversion,1,0.041666666666666664
M0210,Aversion -> Neutral -> Neutral,Aversion,Neutral,Neutral,1,0.041666666666666664
M0210,Aversion -> Aversion -> Neutral,Aversion,Aversion,Neutral,1,0.041666666666666664
M0210,Neutral -> Neutral -> Appreciation,Neutral,Neutral,Appreciation,1,0.041666666666666664
M0210,Neutral -> Appreciation -> Appreciation,Neutral,Appreciation,Appreciation,1,0.041666666666666664
M0210,Appreciation -> Appreciation -> Neutral,Appreciation,Appreciation,Neutral,1,0.041666666666666664
M0210,Appreciation -> Neutral -> Neutral,Appreciation,Neutral,Neutral,1,0.041666666666666664
M0211,Aversion -> Aversion -> Aversion,Aversion,Aversion,Aversion,13,0.5416666666666666
M0211,Neutral -> Aversion -> Aversion,Neutral,Aversion,Aversion,2,0.08333333333333333
M0211,Neutral -> Appreciation -> Appreciation,Neutral,Appreciation,Appreciation,2,0.08333333333333333
M0211,Appreciation -> Appreciation -> Neutral,Appreciation,Appreciation,Neutral,2,0.08333333333333333
M0211,Aversion -> Aversion -> Neutral,Aversion,Aversion,Neutral,1,0.041666666666666664
M0211,Aversion -> Neutral -> Appreciation,Aversion,Neutral,Appreciation,1,0.041666666666666664
M0211,Appreciation -> Appreciation -> Appreciation,Appreciation,Appreciation,Appreciation,1,0.041666666666666664
M0211,Appreciation -> Neutral -> Appreciation,Appreciation,Neutral,Appreciation,1,0.041666666666666664
M0211,Appreciation -> Neutral -> Aversion,Appreciation,Neutral,Aversion,1,0.041666666666666664
M0212,Neutral -> Neutral -> Neutral,Neutral,Neutral,Neutral,11,0.4583333333333333
M0212,Aversion -> Aversion -> Aversion,Aversion,Aversion,Aversion,11,0.4583333333333333
M0212,Neutral -> Neutral -> Aversion,Neutral,Neutral,Aversion,1,0.041666666666666664
M0212,Neutral -> Aversion -> Aversion,Neutral,Aversion,Aversion,1,0.041666666666666664
M0213,Neutral -> Neutral -> Neutral,Neutral,Neutral,Neutral,12,0.5
M0213,Neutral -> Neutral -> Aversion,Neutral,Neutral,Aversion,2,0.08333333333333333
M0213,Neutral -> Aversion -> Neutral,Neutral,Aversion,Neutral,2,0.08333333333333333
M0213,Aversion -> Neutral -> Neutral,Aversion,Neutral,Neutral,2,0.08333333333333333
M0213,Aversion -> Neutral -> Aversion,Aversion,Neutral,Aversion,1,0.041666666666666664
M0213,Neutral -> Aversion -> Aversion,Neutral,Aversion,Aversion,1,0.041666666666666664
M0213,Aversion -> Aversion -> Neutral,Aversion,Aversion,Neutral,1,0.041666666666666664
M0213,Neutral -> Neutral -> Appreciation,Neutral,Neutral,Appreciation,1,0.041666666666666664
M0213,Neutral -> Appreciation -> Neutral,Neutral,Appreciation,Neutral,1,0.041666666666666664
M0213,Appreciation -> Neutral -> Appreciation,Appreciation,Neutral,Appreciation,1,0.041666666666666664
M0214,Neutral -> Neutral -> Neutral,Neutral,Neutral,Neutral,10,0.4166666666666667
M0214,Aversion -> Aversion -> Aversion,Aversion,Aversion,Aversion,4,0.16666666666666666
M0214,Neutral -> Neutral -> Aversion,Neutral,Neutral,Aversion,2,0.08333333333333333
M0214,Neutral -> Aversion -> Aversion,Neutral,Aversion,Aversion,2,0.08333333333333333
M0214,Aversion -> Neutral -> Aversion,Aversion,Neutral,Aversion,2,0.08333333333333333
M0214,Neutral -> Aversion -> Neutral,Neutral,Aversion,Neutral,2,0.08333333333333333
M0214,Aversion -> Aversion -> Neutral,Aversion,Aversion,Neutral,1,0.041666666666666664
M0214,Aversion -> Neutral -> Neutral,Aversion,Neutral,Neutral,1,0.041666666666666664
M0215,Neutral -> Neutral -> Neutral,Neutral,Neutral,Neutral,13,0.5416666666666666
M0215,Appreciation -> Appreciation -> Appreciation,Appreciation,Appreciation,Appreciation,3,0.125
M0215,Neutral -> Neutral -> Appreciation,Neutral,Neutral,Appreciation,1,0.041666666666666664
M0215,Neutral -> Appreciation -> Appreciation,Neutral,Appreciation,Appreciation,1,0.041666666666666664
M0215,Appreciation -> Appreciation -> Neutral,Appreciation,Appreciation,Neutral,1,0.041666666666666664
M0215,Appreciation -> Neutral -> Neutral,Appreciation,Neutral,Neutral,1,0.041666666666666664
M0215,Neutral -> Neutral -> Aversion,Neutral,Neutral,Aversion,1,0.041666666666666664
M0215,Neutral -> Aversion -> Aversion,Neutral,Aversion,Aversion,1,0.041666666666666664
M0215,Aversion -> Aversion -> Aversion,Aversion,Aversion,Aversion,1,0.041666666666666664
M0215,Aversion -> Aversion -> Neutral,Aversion,Aversion,Neutral,1,0.041666666666666664
M0216,Aversion -> Aversion -> Aversion,Aversion,Aversion,Aversion,9,0.375
M0216,Neutral -> Aversion -> Aversion,Neutral,Aversion,Aversion,5,0.20833333333333334
M0216,Aversion -> Aversion -> Neutral,Aversion,Aversion,Neutral,5,0.20833333333333334
M0216,Aversion -> Neutral -> Aversion,Aversion,Neutral,Aversion,4,0.16666666666666666
M0216,Aversion -> Neutral -> Appreciation,Aversion,Neutral,Appreciation,1,0.041666666666666664
M0217,Appreciation -> Appreciation -> Appreciation,Appreciation,Appreciation,Appreciation,8,0.3333333333333333
M0217,Neutral -> Neutral -> Neutral,Neutral,Neutral,Neutral,6,0.25
M0217,Neutral -> Appreciation -> Appreciation,Neutral,Appreciation,Appreciation,2,0.08333333333333333
M0217,Neutral -> Neutral -> Appreciation,Neutral,Neutral,Appreciation,2,0.08333333333333333
M0217,Aversion -> Aversion -> Aversion,Aversion,Aversion,Aversion,1,0.041666666666666664
M0217,Neutral -> Aversion -> Aversion,Neutral,Aversion,Aversion,1,0.041666666666666664
M0217,Aversion -> Aversion -> Neutral,Aversion,Aversion,Neutral,1,0.041666666666666664
M0217,Aversion -> Neutral -> Neutral,Aversion,Neutral,Neutral,1,0.041666666666666664
M0217,Appreciation -> Appreciation -> Neutral,Appreciation,Appreciation,Neutral,1,0.041666666666666664
M0217,Appreciation -> Neutral -> Neutral,Appreciation,Neutral,Neutral,1,0.041666666666666664
M0218,Aversion -> Aversion -> Aversion,Aversion,Aversion,Aversion,5,0.20833333333333334
M0218,Neutral -> Aversion -> Aversion,Neutral,Aversion,Aversion,4,0.16666666666666666
M0218,Aversion -> Aversion -> Neutral,Aversion,Aversion,Neutral,3,0.125
M0218,Aversion -> Neutral -> Aversion,Aversion,Neutral,Aversion,3,0.125
M0218,Neutral -> Neutral -> Neutral,Neutral,Neutral,Neutral,2,0.08333333333333333
M0218,Neutral -> Neutral -> Aversion,Neutral,Neutral,Aversion,2,0.08333333333333333
M0218,Aversion -> Neutral -> Neutral,Aversion,Neutral,Neutral,1,0.041666666666666664
M0218,Neutral -> Aversion -> Neutral,Neutral,Aversion,Neutral,1,0.041666666666666664
M0218,Aversion -> Aversion -> Appreciation,Aversion,Aversion,Appreciation,1,0.041666666666666664
M0218,Aversion -> Appreciation -> Appreciation,Aversion,Appreciation,Appreciation,1,0.041666666666666664
M0218,Appreciation -> Appreciation -> Appreciation,Appreciation,Appreciation,Appreciation,1,0.041666666666666664
M0219,Appreciation -> Appreciation -> Appreciation,Appreciation,Appreciation,Appreciation,8,0.3333333333333333
M0219,Neutral -> Neutral -> Neutral,Neutral,Neutral,Neutral,5,0.20833333333333334
M0219,Aversion -> Aversion -> Aversion,Aversion,Aversion,Aversion,2,0.08333333333333333
M0219,Neutral -> Appreciation -> Appreciation,Neutral,Appreciation,Appreciation,2,0.08333333333333333
M0219,Neutral -> Neutral -> Aversion,Neutral,Neutral,Aversion,1,0.041666666666666664
M0219,Neutral -> Aversion -> Aversion,Neutral,Aversion,Aversion,1,0.041666666666666664
M0219,Aversion -> Aversion -> Neutral,Aversion,Aversion,Neutral,1,0.041666666666666664
M0219,Neutral -> Neutral -> Appreciation,Neutral,Neutral,Appreciation,1,0.041666666666666664
M0219,Aversion -> Neutral -> Neutral,Aversion,Neutral,Neutral,1,0.041666666666666664
M0219,Appreciation -> Appreciation -> Neutral,Appreciation,Appreciation,Neutral,1,0.041666666666666664
M0219,Appreciation -> Neutral -> Appreciation,Appreciation,Neutral,Appreciation,1,0.041666666666666664
M0220,Neutral -> Neutral -> Neutral,Neutral,Neutral,Neutral,12,0.5
M0220,Aversion -> Aversion -> Aversion,Aversion,Aversion,Aversion,5,0.20833333333333334
M0220,Neutral -> Neutral -> Aversion,Neutral,Neutral,Aversion,2,0.08333333333333333
M0220,Neutral -> Aversion -> Aversion,Neutral,Aversion,Aversion,2,0.08333333333333333
M0220,Aversion -> Aversion -> Neutral,Aversion,Aversion,Neutral,2,0.08333333333333333
M0220,Aversion -> Neutral -> Neutral,Aversion,Neutral,Neutral,1,0.041666666666666664
M0221,Aversion -> Aversion -> Aversion,Aversion,Aversion,Aversion,10,0.4166666666666667
M0221,Neutral -> Neutral -> Aversion,Neutral,Neutral,Aversion,2,0.08333333333333333
M0221,Aversion -> Aversion -> Neutral,Aversion,Aversion,Neutral,2,0.08333333333333333
M0221,Aversion -> Neutral -> Neutral,Aversion,Neutral,Neutral,2,0.08333333333333333
M0221,Neutral -> Neutral -> Neutral,Neutral,Neutral,Neutral,2,0.08333333333333333
M0221,Neutral -> Aversion -> Aversion,Neutral,Aversion,Aversion,2,0.08333333333333333
M0221,Neutral -> Aversion -> Neutral,Neutral,Aversion,Neutral,1,0.041666666666666664
M0221,Aversion -> Neutral -> Aversion,Aversion,Neutral,Aversion,1,0.041666666666666664
M0221,Neutral -> Neutral -> Appreciation,Neutral,Neutral,Appreciation,1,0.041666666666666664
M0221,Neutral -> Appreciation -> Appreciation,Neutral,Appreciation,Appreciation,1,0.041666666666666664
M0222,Neutral -> Neutral -> Neutral,Neutral,Neutral,Neutral,9,0.375
M0222,Appreciation -> Appreciation -> Appreciation,Appreciation,Appreciation,Appreciation,9,0.375
M0222,Neutral -> Neutral -> Appreciation,Neutral,Neutral,Appreciation,2,0.08333333333333333
M0222,Neutral -> Appreciation -> Appreciation,Neutral,Appreciation,Appreciation,2,0.08333333333333333
M0222,Appreciation -> Appreciation -> Neutral,Appreciation,Appreciation,Neutral,1,0.041666666666666664
M0222,Appreciation -> Neutral -> Neutral,Appreciation,Neutral,Neutral,1,0.041666666666666664
M0223,Neutral -> Neutral -> Neutral,Neutral,Neutral,Neutral,10,0.4166666666666667
M0223,Aversion -> Aversion -> Aversion,Aversion,Aversion,Aversion,4,0.16666666666666666
M0223,Neutral -> Neutral -> Aversion,Neutral,Neutral,Aversion,3,0.125
M0223,Neutral -> Aversion -> Aversion,Neutral,Aversion,Aversion,3,0.125
M0223,Aversion -> Aversion -> Neutral,Aversion,Aversion,Neutral,2,0.08333333333333333
M0223,Aversion -> Neutral -> Neutral,Aversion,Neutral,Neutral,2,0.08333333333333333
M0224,Neutral -> Neutral -> Neutral,Neutral,Neutral,Neutral,14,0.5833333333333334
M0224,Neutral -> Neutral -> Aversion,Neutral,Neutral,Aversion,3,0.125
M0224,Neutral -> Aversion -> Aversion,Neutral,Aversion,Aversion,2,0.08333333333333333
M0224,Aversion -> Neutral -> Neutral,Aversion,Neutral,Neutral,2,0.08333333333333333
M0224,Aversion -> Aversion -> Neutral,Aversion,Aversion,Neutral,1,0.041666666666666664
M0224,Neutral -> Aversion -> Neutral,Neutral,Aversion,Neutral,1,0.041666666666666664
M0224,Aversion -> Aversion -> Aversion,Aversion,Aversion,Aversion,1,0.041666666666666664
M0225,Appreciation -> Appreciation -> Appreciation,Appreciation,Appreciation,Appreciation,5,0.20833333333333334
M0225,Neutral -> Aversion -> Aversion,Neutral,Aversion,Aversion,3,0.125
M0225,Neutral -> Neutral -> Neutral,Neutral,Neutral,Neutral,3,0.125
M0225,Aversion -> Aversion -> Aversion,Aversion,Aversion,Aversion,3,0.125
M0225,Aversion -> Aversion -> Neutral,Aversion,Aversion,Neutral,3,0.125
M0225,Aversion -> Neutral -> Neutral,Aversion,Neutral,Neutral,2,0.08333333333333333
M0225,Aversion -> Neutral -> Aversion,Aversion,Neutral,Aversion,2,0.08333333333333333
M0225,Neutral -> Neutral -> Aversion,Neutral,Neutral,Aversion,1,0.041666666666666664
M0225,Neutral -> Neutral -> Appreciation,Neutral,Neutral,Appreciation,1,0.041666666666666664
M0225,Neutral -> Appreciation -> Appreciation,Neutral,Appreciation,Appreciation,1,0.041666666666666664
M0226,Aversion -> Aversion -> Aversion,Aversion,Aversion,Aversion,12,0.5
M0226,Neutral -> Neutral -> Neutral,Neutral,Neutral,Neutral,3,0.125
M0226,Neutral -> Aversion -> Aversion,Neutral,Aversion,Aversion,2,0.08333333333333333
M0226,Aversion -> Aversion -> Neutral,Aversion,Aversion,Neutral,2,0.08333333333333333
M0226,Neutral -> Neutral -> Aversion,Neutral,Neutral,Aversion,1,0.041666666666666664
M0226,Aversion -> Neutral -> Aversion,Aversion,Neutral,Aversion,1,0.041666666666666664
M0226,Aversion -> Neutral -> Neutral,Aversion,Neutral,Neutral,1,0.041666666666666664
M0226,Neutral -> Neutral -> Appreciation,Neutral,Neutral,Appreciation,1,0.041666666666666664
M0226,Neutral -> Appreciation -> Appreciation,Neutral,Appreciation,Appreciation,1,0.041666666666666664
M0227,Aversion -> Aversion -> Aversion,Aversion,Aversion,Aversion,9,0.375
M0227,Neutral -> Aversion -> Aversion,Neutral,Aversion,Aversion,4,0.16666666666666666
M0227,Aversion -> Aversion -> Neutral,Aversion,Aversion,Neutral,4,0.16666666666666666
M0227,Neutral -> Neutral -> Aversion,Neutral,Neutral,Aversion,3,0.125
M0227,Aversion -> Neutral -> Neutral,Aversion,Neutral,Neutral,2,0.08333333333333333
M0227,Aversion -> Neutral -> Aversion,Aversion,Neutral,Aversion,2,0.08333333333333333
M0228,Neutral -> Neutral -> Neutral,Neutral,Neutral,Neutral,6,0.25
M0228,Aversion -> Aversion -> Aversion,Aversion,Aversion,Aversion,5,0.20833333333333334
M0228,Aversion -> Aversion -> Neutral,Aversion,Aversion,Neutral,3,0.125
M0228,Neutral -> Aversion -> Aversion,Neutral,Aversion,Aversion,3,0.125
M0228,Aversion -> Neutral -> Neutral,Aversion,Neutral,Neutral,2,0.08333333333333333
M0228,Neutral -> Neutral -> Aversion,Neutral,Neutral,Aversion,1,0.041666666666666664
M0228,Aversion -> Neutral -> Aversion,Aversion,Neutral,Aversion,1,0.041666666666666664
M0228,Neutral -> Neutral -> Appreciation,Neutral,Neutral,Appreciation,1,0.041666666666666664
M0228,Neutral -> Appreciation -> Neutral,Neutral,Appreciation,Neutral,1,0.041666666666666664
M0228,Appreciation -> Neutral -> Aversion,Appreciation,Neutral,Aversion,1,0.041666666666666664
M0229,Aversion -> Aversion -> Aversion,Aversion,Aversion,Aversion,6,0.25
M0229,Neutral -> Neutral -> Neutral,Neutral,Neutral,Neutral,4,0.16666666666666666
M0229,Neutral -> Neutral -> Aversion,Neutral,Neutral,Aversion,2,0.08333333333333333
M0229,Appreciation -> Appreciation -> Appreciation,Appreciation,Appreciation,Appreciation,2,0.08333333333333333
M0229,Neutral -> Aversion -> Aversion,Neutral,Aversion,Aversion,2,0.08333333333333333
M0229,Neutral -> Aversion -> Neutral,Neutral,Aversion,Neutral,1,0.041666666666666664
M0229,Aversion -> Neutral -> Neutral,Aversion,Neutral,Neutral,1,0.041666666666666664
M0229,Aversion -> Neutral -> Aversion,Aversion,Neutral,Aversion,1,0.041666666666666664
M0229,Aversion -> Aversion -> Neutral,Aversion,Aversion,Neutral,1,0.041666666666666664
M0229,Aversion -> Aversion -> Appreciation,Aversion,Aversion,Appreciation,1,0.041666666666666664
M0229,Aversion -> Appreciation -> Appreciation,Aversion,Appreciation,Appreciation,1,0.041666666666666664
M0229,Appreciation -> Appreciation -> Aversion,Appreciation,Appreciation,Aversion,1,0.041666666666666664
M0229,Appreciation -> Aversion -> Aversion,Appreciation,Aversion,Aversion,1,0.041666666666666664
M0230,Aversion -> Aversion -> Aversion,Aversion,Aversion,Aversion,6,0.25
M0230,Neutral -> Neutral -> Neutral,Neutral,Neutral,Neutral,3,0.125
M0230,Neutral -> Aversion -> Aversion,Neutral,Aversion,Aversion,3,0.125
M0230,Aversion -> Aversion -> Neutral,Aversion,Aversion,Neutral,3,0.125
M0230,Aversion -> Neutral -> Aversion,Aversion,Neutral,Aversion,3,0.125
M0230,Neutral -> Neutral -> Aversion,Neutral,Neutral,Aversion,2,0.08333333333333333
M0230,Neutral -> Aversion -> Neutral,Neutral,Aversion,Neutral,2,0.08333333333333333
M0230,Aversion -> Neutral -> Neutral,Aversion,Neutral,Neutral,2,0.08333333333333333
M0231,Neutral -> Neutral -> Neutral,Neutral,Neutral,Neutral,4,0.16666666666666666
M0231,Neutral -> Aversion -> Aversion,Neutral,Aversion,Aversion,3,0.125
M0231,Aversion -> Aversion -> Aversion,Aversion,Aversion,Aversion,3,0.125
M0231,Neutral -> Neutral -> Aversion,Neutral,Neutral,Aversion,2,0.08333333333333333
M0231,Appreciation -> Appreciation -> Appreciation,Appreciation,Appreciation,Appreciation,2,0.08333333333333333
M0231,Appreciation -> Neutral -> Aversion,Appreciation,Neutral,Aversion,2,0.08333333333333333
M0231,Aversion -> Appreciation -> Neutral,Aversion,Appreciation,Neutral,1,0.041666666666666664
M0231,Aversion -> Aversion -> Appreciation,Aversion,Aversion,Appreciation,1,0.041666666666666664
M0231,Aversion -> Neutral -> Neutral,Aversion,Neutral,Neutral,1,0.041666666666666664
M0231,Neutral -> Aversion -> Neutral,Neutral,Aversion,Neutral,1,0.041666666666666664
M0231,Aversion -> Aversion -> Neutral,Aversion,Aversion,Neutral,1,0.041666666666666664
M0231,Aversion -> Neutral -> Appreciation,Aversion,Neutral,Appreciation,1,0.041666666666666664
M0231,Neutral -> Appreciation -> Appreciation,Neutral,Appreciation,Appreciation,1,0.041666666666666664
M0231,Appreciation -> Appreciation -> Neutral,Appreciation,Appreciation,Neutral,1,0.041666666666666664
M0232,Aversion -> Aversion -> Aversion,Aversion,Aversion,Aversion,6,0.25
M0232,Aversion -> Neutral -> Neutral,Aversion,Neutral,Neutral,3,0.125
M0232,Appreciation -> Appreciation -> Appreciation,Appreciation,Appreciation,Appreciation,3,0.125
M0232,Neutral -> Neutral -> Neutral,Neutral,Neutral,Neutral,3,0.125
M0232,Neutral -> Aversion -> Neutral,Neutral,Aversion,Neutral,2,0.08333333333333333
M0232,Neutral -> Neutral -> Aversion,Neutral,Neutral,Aversion,1,0.041666666666666664
M0232,Neutral -> Aversion -> Aversion,Neutral,Aversion,Aversion,1,0.041666666666666664
M0232,Aversion -> Aversion -> Neutral,Aversion,Aversion,Neutral,1,0.041666666666666664
M0232,Neutral -> Appreciation -> Appreciation,Neutral,Appreciation,Appreciation,1,0.041666666666666664
M0232,Neutral -> Neutral -> Appreciation,Neutral,Neutral,Appreciation,1,0.041666666666666664
M0232,Appreciation -> Appreciation -> Neutral,Appreciation,Appreciation,Neutral,1,0.041666666666666664
M0232,Appreciation -> Neutral -> Aversion,Appreciation,Neutral,Aversion,1,0.041666666666666664
M0233,Neutral -> Neutral -> Neutral,Neutral,Neutral,Neutral,11,0.4583333333333333
M0233,Aversion -> Aversion -> Aversion,Aversion,Aversion,Aversion,3,0.125
M0233,Appreciation -> Appreciation -> Appreciation,Appreciation,Appreciation,Appreciation,2,0.08333333333333333
M0233,Neutral -> Aversion -> Neutral,Neutral,Aversion,Neutral,1,0.041666666666666664
M0233,Neutral -> Neutral -> Aversion,Neutral,Neutral,Aversion,1,0.041666666666666664
M0233,Neutral -> Neutral -> Appreciation,Neutral,Neutral,Appreciation,1,0.041666666666666664
M0233,Aversion -> Neutral -> Neutral,Aversion,Neutral,Neutral,1,0.041666666666666664
M0233,Neutral -> Appreciation -> Appreciation,Neutral,Appreciation,Appreciation,1,0.041666666666666664
M0233,Appreciation -> Appreciation -> Neutral,Appreciation,Appreciation,Neutral,1,0.041666666666666664
M0233,Appreciation -> Neutral -> Aversion,Appreciation,Neutral,Aversion,1,0.041666666666666664
M0233,Neutral -> Aversion -> Aversion,Neutral,Aversion,Aversion,1,0.041666666666666664
M0234,Neutral -> Neutral -> Neutral,Neutral,Neutral,Neutral,19,0.7916666666666666
M0234,Appreciation -> Appreciation -> Appreciation,Appreciation,Appreciation,Appreciation,3,0.125
M0234,Neutral -> Neutral -> Appreciation,Neutral,Neutral,Appreciation,1,0.041666666666666664
M0234,Neutral -> Appreciation -> Appreciation,Neutral,Appreciation,Appreciation,1,0.041666666666666664
M0235,Aversion -> Aversion -> Aversion,Aversion,Aversion,Aversion,5,0.20833333333333334
M0235,Neutral -> Neutral -> Neutral,Neutral,Neutral,Neutral,5,0.20833333333333334
M0235,Neutral -> Aversion -> Aversion,Neutral,Aversion,Aversion,3,0.125
M0235,Neutral -> Neutral -> Aversion,Neutral,Neutral,Aversion,3,0.125
M0235,Aversion -> Aversion -> Neutral,Aversion,Aversion,Neutral,2,0.08333333333333333
M0235,Aversion -> Neutral -> Neutral,Aversion,Neutral,Neutral,2,0.08333333333333333
M0235,Neutral -> Aversion -> Neutral,Neutral,Aversion,Neutral,1,0.041666666666666664
M0235,Aversion -> Neutral -> Appreciation,Aversion,Neutral,Appreciation,1,0.041666666666666664
M0235,Neutral -> Appreciation -> Neutral,Neutral,Appreciation,Neutral,1,0.041666666666666664
M0235,Appreciation -> Neutral -> Aversion,Appreciation,Neutral,Aversion,1,0.041666666666666664
M0236,Aversion -> Aversion -> Aversion,Aversion,Aversion,Aversion,5,0.20833333333333334
M0236,Appreciation -> Appreciation -> Appreciation,Appreciation,Appreciation,Appreciation,4,0.16666666666666666
M0236,Neutral -> Aversion -> Aversion,Neutral,Aversion,Aversion,3,0.125
M0236,Aversion -> Aversion -> Neutral,Aversion,Aversion,Neutral,3,0.125
M0236,Neutral -> Neutral -> Neutral,Neutral,Neutral,Neutral,2,0.08333333333333333
M0236,Aversion -> Neutral -> Aversion,Aversion,Neutral,Aversion,2,0.08333333333333333
M0236,Aversion -> Neutral -> Neutral,Aversion,Neutral,Neutral,1,0.041666666666666664
M0236,Neutral -> Aversion -> Neutral,Neutral,Aversion,Neutral,1,0.041666666666666664
M0236,Neutral -> Neutral -> Aversion,Neutral,Neutral,Aversion,1,0.041666666666666664
M0236,Aversion -> Neutral -> Appreciation,Aversion,Neutral,Appreciation,1,0.041666666666666664
M0236,Neutral -> Appreciation -> Appreciation,Neutral,Appreciation,Appreciation,1,0.041666666666666664
M0237,Neutral -> Neutral -> Neutral,Neutral,Neutral,Neutral,4,0.16666666666666666
M0237,Appreciation -> Appreciation -> Appreciation,Appreciation,Appreciation,Appreciation,3,0.125
M0237,Aversion -> Aversion -> Aversion,Aversion,Aversion,Aversion,3,0.125
M0237,Neutral -> Aversion -> Aversion,Neutral,Aversion,Aversion,2,0.08333333333333333
M0237,Neutral -> Neutral -> Aversion,Neutral,Neutral,Aversion,2,0.08333333333333333
M0237,Aversion -> Neutral -> Neutral,Aversion,Neutral,Neutral,2,0.08333333333333333
M0237,Aversion -> Aversion -> Neutral,Aversion,Aversion,Neutral,2,0.08333333333333333
M0237,Neutral -> Neutral -> Appreciation,Neutral,Neutral,Appreciation,2,0.08333333333333333
M0237,Neutral -> Appreciation -> Appreciation,Neutral,Appreciation,Appreciation,2,0.08333333333333333
M0237,Appreciation -> Appreciation -> Neutral,Appreciation,Appreciation,Neutral,1,0.041666666666666664
M0237,Appreciation -> Neutral -> Neutral,Appreciation,Neutral,Neutral,1,0.041666666666666664
M0238,Neutral -> Neutral -> Neutral,Neutral,Neutral,Neutral,6,0.25
M0238,Aversion -> Aversion -> Aversion,Aversion,Aversion,Aversion,4,0.16666666666666666
M0238,Aversion -> Neutral -> Neutral,Aversion,Neutral,Neutral,2,0.08333333333333333
M0238,Neutral -> Neutral -> Aversion,Neutral,Neutral,Aversion,2,0.08333333333333333
M0238,Appreciation -> Appreciation -> Appreciation,Appreciation,Appreciation,Appreciation,2,0.08333333333333333
M0238,Neutral -> Aversion -> Aversion,Neutral,Aversion,Aversion,2,0.08333333333333333
M0238,Neutral -> Aversion -> Neutral,Neutral,Aversion,Neutral,1,0.041666666666666664
M0238,Aversion -> Aversion -> Neutral,Aversion,Aversion,Neutral,1,0.041666666666666664
M0238,Neutral -> Neutral -> Appreciation,Neutral,Neutral,Appreciation,1,0.041666666666666664
M0238,Neutral -> Appreciation -> Appreciation,Neutral,Appreciation,Appreciation,1,0.041666666666666664
M0238,Appreciation -> Appreciation -> Neutral,Appreciation,Appreciation,Neutral,1,0.041666666666666664
M0238,Appreciation -> Neutral -> Aversion,Appreciation,Neutral,Aversion,1,0.041666666666666664
M0239,Neutral -> Neutral -> Neutral,Neutral,Neutral,Neutral,10,0.4166666666666667
M0239,Neutral -> Aversion -> Neutral,Neutral,Aversion,Neutral,3,0.125
M0239,Aversion -> Neutral -> Aversion,Aversion,Neutral,Aversion,3,0.125
M0239,Neutral -> Neutral -> Aversion,Neutral,Neutral,Aversion,2,0.08333333333333333
M0239,Aversion -> Aversion -> Neutral,Aversion,Aversion,Neutral,1,0.041666666666666664
M0239,Neutral -> Aversion -> Aversion,Neutral,Aversion,Aversion,1,0.041666666666666664
M0239,Aversion -> Neutral -> Neutral,Aversion,Neutral,Neutral,1,0.041666666666666664
M0239,Neutral -> Aversion -> Appreciation,Neutral,Aversion,Appreciation,1,0.041666666666666664
M0239,Aversion -> Appreciation -> Neutral,Aversion,Appreciation,Neutral,1,0.041666666666666664
M0239,Appreciation -> Neutral -> Neutral,Appreciation,Neutral,Neutral,1,0.041666666666666664
M0240,Neutral -> Neutral -> Neutral,Neutral,Neutral,Neutral,14,0.5833333333333334
M0240,Neutral -> Neutral -> Aversion,Neutral,Neutral,Aversion,3,0.125
M0240,Neutral -> Aversion -> Aversion,Neutral,Aversion,Aversion,2,0.08333333333333333
M0240,Aversion -> Neutral -> Neutral,Aversion,Neutral,Neutral,2,0.08333333333333333
M0240,Aversion -> Aversion -> Aversion,Aversion,Aversion,Aversion,1,0.041666666666666664
M0240,Aversion -> Aversion -> Neutral,Aversion,Aversion,Neutral,1,0.041666666666666664
M0240,Neutral -> Aversion -> Neutral,Neutral,Aversion,Neutral,1,0.041666666666666664
M0241,Aversion -> Aversion -> Aversion,Aversion,Aversion,Aversion,4,0.16666666666666666
M0241,Aversion -> Neutral -> Aversion,Aversion,Neutral,Aversion,3,0.125
M0241,Neutral -> Aversion -> Neutral,Neutral,Aversion,Neutral,3,0.125
M0241,Neutral -> Neutral -> Aversion,Neutral,Neutral,Aversion,2,0.08333333333333333
M0241,Neutral -> Neutral -> Neutral,Neutral,Neutral,Neutral,2,0.08333333333333333
M0241,Aversion -> Aversion -> Neutral,Aversion,Aversion,Neutral,2,0.08333333333333333
M0241,Neutral -> Aversion -> Aversion,Neutral,Aversion,Aversion,2,0.08333333333333333
M0241,Aversion -> Neutral -> Neutral,Aversion,Neutral,Neutral,1,0.041666666666666664
M0241,Aversion -> Neutral -> Appreciation,Aversion,Neutral,Appreciation,1,0.041666666666666664
M0241,Neutral -> Appreciation -> Appreciation,Neutral,Appreciation,Appreciation,1,0.041666666666666664
M0241,Appreciation -> Appreciation -> Appreciation,Appreciation,Appreciation,Appreciation,1,0.041666666666666664
M0241,Appreciation -> Appreciation -> Neutral,Appreciation,Appreciation,Neutral,1,0.041666666666666664
M0241,Appreciation -> Neutral -> Neutral,Appreciation,Neutral,Neutral,1,0.041666666666666664
M0242,Neutral -> Neutral -> Neutral,Neutral,Neutral,Neutral,12,0.5
M0242,Appreciation -> Appreciation -> Appreciation,Appreciation,Appreciation,Appreciation,10,0.4166666666666667
M0242,Neutral -> Neutral -> Appreciation,Neutral,Neutral,Appreciation,1,0.041666666666666664
M0242,Neutral -> Appreciation -> Appreciation,Neutral,Appreciation,Appreciation,1,0.041666666666666664
M0243,Appreciation -> Appreciation -> Appreciation,Appreciation,Appreciation,Appreciation,12,0.5
M0243,Neutral -> Neutral -> Neutral,Neutral,Neutral,Neutral,7,0.2916666666666667
M0243,Neutral -> Neutral -> Aversion,Neutral,Neutral,Aversion,1,0.041666666666666664
M0243,Neutral -> Aversion -> Neutral,Neutral,Aversion,Neutral,1,0.041666666666666664
M0243,Aversion -> Neutral -> Neutral,Aversion,Neutral,Neutral,1,0.041666666666666664
M0243,Neutral -> Neutral -> Appreciation,Neutral,Neutral,Appreciation,1,0.041666666666666664
M0243,Neutral -> Appreciation -> Appreciation,Neutral,Appreciation,Appreciation,1,0.041666666666666664
M0244,Aversion -> Aversion -> Aversion,Aversion,Aversion,Aversion,10,0.4166666666666667
M0244,Neutral -> Neutral -> Neutral,Neutral,Neutral,Neutral,5,0.20833333333333334
M0244,Neutral -> Aversion -> Aversion,Neutral,Aversion,Aversion,2,0.08333333333333333
M0244,Aversion -> Aversion -> Neutral,Aversion,Aversion,Neutral,2,0.08333333333333333
M0244,Neutral -> Neutral -> Aversion,Neutral,Neutral,Aversion,1,0.041666666666666664
M0244,Aversion -> Neutral -> Aversion,Aversion,Neutral,Aversion,1,0.041666666666666664
M0244,Aversion -> Neutral -> Appreciation,Aversion,Neutral,Appreciation,1,0.041666666666666664
M0244,Neutral -> Appreciation -> Neutral,Neutral,Appreciation,Neutral,1,0.041666666666666664
M0244,Appreciation -> Neutral -> Neutral,Appreciation,Neutral,Neutral,1,0.041666666666666664
M0245,Appreciation -> Appreciation -> Appreciation,Appreciation,Appreciation,Appreciation,6,0.25
M0245,Neutral -> Neutral -> Neutral,Neutral,Neutral,Neutral,4,0.16666666666666666
M0245,Aversion -> Aversion -> Aversion,Aversion,Aversion,Aversion,3,0.125
M0245,Neutral -> Appreciation -> Appreciation,Neutral,Appreciation,Appreciation,2,0.08333333333333333
M0245,Appreciation -> Appreciation -> Neutral,Appreciation,Appreciation,Neutral,2,0.08333333333333333
M0245,Neutral -> Neutral -> Aversion,Neutral,Neutral,Aversion,1,0.041666666666666664
M0245,Neutral -> Aversion -> Aversion,Neutral,Aversion,Aversion,1,0.041666666666666664
M0245,Aversion -> Aversion -> Neutral,Aversion,Aversion,Neutral,1,0.041666666666666664
M0245,Neutral -> Neutral -> Appreciation,Neutral,Neutral,Appreciation,1,0.041666666666666664
M0245,Aversion -> Neutral -> Neutral,Aversion,Neutral,Neutral,1,0.041666666666666664
M0245,Appreciation -> Neutral -> Appreciation,Appreciation,Neutral,Appreciation,1,0.041666666666666664
M0245,Appreciation -> Neutral -> Neutral,Appreciation,Neutral,Neutral,1,0.041666666666666664
M0246,Neutral -> Neutral -> Neutral,Neutral,Neutral,Neutral,7,0.2916666666666667
M0246,Aversion -> Aversion -> Aversion,Aversion,Aversion,Aversion,6,0.25
M0246,Aversion -> Aversion -> Neutral,Aversion,Aversion,Neutral,3,0.125
M0246,Neutral -> Aversion -> Aversion,Neutral,Aversion,Aversion,3,0.125
M0246,Neutral -> Neutral -> Aversion,Neutral,Neutral,Aversion,2,0.08333333333333333
M0246,Aversion -> Neutral -> Neutral,Aversion,Neutral,Neutral,1,0.041666666666666664
M0246,Aversion -> Neutral -> Aversion,Aversion,Neutral,Aversion,1,0.041666666666666664
M0246,Aversion -> Neutral -> Appreciation,Aversion,Neutral,Appreciation,1,0.041666666666666664
M0247,Neutral -> Neutral -> Neutral,Neutral,Neutral,Neutral,15,0.625
M0247,Neutral -> Neutral -> Aversion,Neutral,Neutral,Aversion,2,0.08333333333333333
M0247,Aversion -> Neutral -> Neutral,Aversion,Neutral,Neutral,2,0.08333333333333333
M0247,Aversion -> Aversion -> Aversion,Aversion,Aversion,Aversion,2,0.08333333333333333
M0247,Neutral -> Aversion -> Neutral,Neutral,Aversion,Neutral,1,0.041666666666666664
M0247,Neutral -> Aversion -> Aversion,Neutral,Aversion,Aversion,1,0.041666666666666664
M0247,Aversion -> Aversion -> Neutral,Aversion,Aversion,Neutral,1,0.041666666666666664
M0248,Aversion -> Aversion -> Aversion,Aversion,Aversion,Aversion,7,0.2916666666666667
M0248,Appreciation -> Appreciation -> Appreciation,Appreciation,Appreciation,Appreciation,6,0.25
M0248,Neutral -> Aversion -> Neutral,Neutral,Aversion,Neutral,2,0.08333333333333333
M0248,Aversion -> Neutral -> Aversion,Aversion,Neutral,Aversion,2,0.08333333333333333
M0248,Neutral -> Neutral -> Aversion,Neutral,Neutral,Aversion,1,0.041666666666666664
M0248,Aversion -> Aversion -> Neutral,Aversion,Aversion,Neutral,1,0.041666666666666664
M0248,Neutral -> Aversion -> Aversion,Neutral,Aversion,Aversion,1,0.041666666666666664
M0248,Aversion -> Neutral -> Neutral,Aversion,Neutral,Neutral,1,0.041666666666666664
M0248,Neutral -> Neutral -> Appreciation,Neutral,Neutral,Appreciation,1,0.041666666666666664
M0248,Neutral -> Appreciation -> Appreciation,Neutral,Appreciation,Appreciation,1,0.041666666666666664
M0248,Appreciation -> Appreciation -> Aversion,Appreciation,Appreciation,Aversion,1,0.041666666666666664
M0249,Neutral -> Neutral -> Neutral,Neutral,Neutral,Neutral,5,0.20833333333333334
M0249,Neutral -> Aversion -> Aversion,Neutral,Aversion,Aversion,3,0.125
M0249,Neutral -> Aversion -> Neutral,Neutral,Aversion,Neutral,3,0.125
M0249,Aversion -> Aversion -> Aversion,Aversion,Aversion,Aversion,3,0.125
M0249,Aversion -> Neutral -> Aversion,Aversion,Neutral,Aversion,2,0.08333333333333333
M0249,Aversion -> Neutral -> Neutral,Aversion,Neutral,Neutral,2,0.08333333333333333
M0249,Neutral -> Neutral -> Aversion,Neutral,Neutral,Aversion,2,0.08333333333333333
M0249,Aversion -> Aversion -> Neutral,Aversion,Aversion,Neutral,1,0.041666666666666664
M0249,Aversion -> Aversion -> Appreciation,Aversion,Aversion,Appreciation,1,0.041666666666666664
M0249,Aversion -> Appreciation -> Neutral,Aversion,Appreciation,Neutral,1,0.041666666666666664
M0249,Appreciation -> Neutral -> Aversion,Appreciation,Neutral,Aversion,1,0.041666666666666664
M0250,Neutral -> Neutral -> Neutral,Neutral,Neutral,Neutral,11,0.4583333333333333
M0250,Appreciation -> Appreciation -> Appreciation,Appreciation,Appreciation,Appreciation,8,0.3333333333333333
M0250,Neutral -> Neutral -> Aversion,Neutral,Neutral,Aversion,1,0.041666666666666664
M0250,Neutral -> Aversion -> Neutral,Neutral,Aversion,Neutral,1,0.041666666666666664
M0250,Aversion -> Neutral -> Neutral,Aversion,Neutral,Neutral,1,0.041666666666666664
M0250,Neutral -> Neutral -> Appreciation,Neutral,Neutral,Appreciation,1,0.041666666666666664
M0250,Neutral -> Appreciation -> Appreciation,Neutral,Appreciation,Appreciation,1,0.041666666666666664
M0251,Neutral -> Neutral -> Neutral,Neutral,Neutral,Neutral,7,0.2916666666666667
M0251,Aversion -> Aversion -> Aversion,Aversion,Aversion,Aversion,5,0.20833333333333334
M0251,Neutral -> Aversion -> Aversion,Neutral,Aversion,Aversion,3,0.125
M0251,Aversion -> Aversion -> Neutral,Aversion,Aversion,Neutral,3,0.125
M0251,Aversion -> Neutral -> Aversion,Aversion,Neutral,Aversion,2,0.08333333333333333
M0251,Neutral -> Neutral -> Aversion,Neutral,Neutral,Aversion,1,0.041666666666666664
M0251,Aversion -> Neutral -> Neutral,Aversion,Neutral,Neutral,1,0.041666666666666664
M0251,Neutral -> Neutral -> Appreciation,Neutral,Neutral,Appreciation,1,0.041666666666666664
M0251,Neutral -> Appreciation -> Neutral,Neutral,Appreciation,Neutral,1,0.041666666666666664
M0252,Neutral -> Neutral -> Neutral,Neutral,Neutral,Neutral,10,0.4166666666666667
M0252,Aversion -> Aversion -> Aversion,Aversion,Aversion,Aversion,3,0.125
M0252,Neutral -> Neutral -> Aversion,Neutral,Neutral,Aversion,2,0.08333333333333333
M0252,Aversion -> Aversion -> Neutral,Aversion,Aversion,Neutral,2,0.08333333333333333
M0252,Neutral -> Aversion -> Aversion,Neutral,Aversion,Aversion,2,0.08333333333333333
M0252,Aversion -> Neutral -> Neutral,Aversion,Neutral,Neutral,2,0.08333333333333333
M0252,Neutral -> Neutral -> Appreciation,Neutral,Neutral,Appreciation,1,0.041666666666666664
M0252,Neutral -> Appreciation -> Appreciation,Neutral,Appreciation,Appreciation,1,0.041666666666666664
M0252,Appreciation -> Appreciation -> Appreciation,Appreciation,Appreciation,Appreciation,1,0.041666666666666664
M0253,Appreciation -> Appreciation -> Appreciation,Appreciation,Appreciation,Appreciation,5,0.20833333333333334
M0253,Neutral -> Neutral -> Aversion,Neutral,Neutral,Aversion,3,0.125
M0253,Neutral -> Aversion -> Aversion,Neutral,Aversion,Aversion,2,0.08333333333333333
M0253,Neutral -> Neutral -> Neutral,Neutral,Neutral,Neutral,2,0.08333333333333333
M0253,Aversion -> Aversion -> Neutral,Aversion,Aversion,Neutral,2,0.08333333333333333
M0253,Aversion -> Neutral -> Neutral,Aversion,Neutral,Neutral,2,0.08333333333333333
M0253,Appreciation -> Appreciation -> Neutral,Appreciation,Appreciation,Neutral,2,0.08333333333333333
M0253,Neutral -> Appreciation -> Appreciation,Neutral,Appreciation,Appreciation,2,0.08333333333333333
M0253,Aversion -> Neutral -> Appreciation,Aversion,Neutral,Appreciation,1,0.041666666666666664
M0253,Neutral -> Aversion -> Neutral,Neutral,Aversion,Neutral,1,0.041666666666666664
M0253,Appreciation -> Neutral -> Appreciation,Appreciation,Neutral,Appreciation,1,0.041666666666666664
M0253,Appreciation -> Neutral -> Aversion,Appreciation,Neutral,Aversion,1,0.041666666666666664
M0254,Aversion -> Aversion -> Aversion,Aversion,Aversion,Aversion,9,0.375
M0254,Appreciation -> Appreciation -> Appreciation,Appreciation,Appreciation,Appreciation,7,0.2916666666666667
M0254,Aversion -> Aversion -> Neutral,Aversion,Aversion,Neutral,2,0.08333333333333333
M0254,Neutral -> Aversion -> Aversion,Neutral,Aversion,Aversion,2,0.08333333333333333
M0254,Aversion -> Neutral -> Neutral,Aversion,Neutral,Neutral,1,0.041666666666666664
M0254,Neutral -> Neutral -> Aversion,Neutral,Neutral,Aversion,1,0.041666666666666664
M0254,Aversion -> Neutral -> Appreciation,Aversion,Neutral,Appreciation,1,0.041666666666666664
M0254,Neutral -> Appreciation -> Appreciation,Neutral,Appreciation,Appreciation,1,0.041666666666666664
M0255,Aversion -> Aversion -> Aversion,Aversion,Aversion,Aversion,7,0.2916666666666667
M0255,Neutral -> Aversion -> Aversion,Neutral,Aversion,Aversion,5,0.20833333333333334
M0255,Aversion -> Aversion -> Neutral,Aversion,Aversion,Neutral,4,0.16666666666666666
M0255,Aversion -> Neutral -> Aversion,Aversion,Neutral,Aversion,4,0.16666666666666666
M0255,Neutral -> Neutral -> Aversion,Neutral,Neutral,Aversion,2,0.08333333333333333
M0255,Neutral -> Aversion -> Neutral,Neutral,Aversion,Neutral,1,0.041666666666666664
M0255,Aversion -> Neutral -> Neutral,Aversion,Neutral,Neutral,1,0.041666666666666664
M0256,Neutral -> Neutral -> Neutral,Neutral,Neutral,Neutral,8,0.3333333333333333
M0256,Aversion -> Aversion -> Aversion,Aversion,Aversion,Aversion,6,0.25
M0256,Aversion -> Aversion -> Neutral,Aversion,Aversion,Neutral,3,0.125
M0256,Neutral -> Aversion -> Aversion,Neutral,Aversion,Aversion,3,0.125
M0256,Aversion -> Neutral -> Aversion,Aversion,Neutral,Aversion,3,0.125
M0256,Neutral -> Neutral -> Aversion,Neutral,Neutral,Aversion,1,0.041666666666666664
M0257,Neutral -> Neutral -> Neutral,Neutral,Neutral,Neutral,9,0.375
M0257,Appreciation -> Appreciation -> Appreciation,Appreciation,Appreciation,Appreciation,8,0.3333333333333333
M0257,Neutral -> Appreciation -> Appreciation,Neutral,Appreciation,Appreciation,2,0.08333333333333333
M0257,Neutral -> Aversion -> Neutral,Neutral,Aversion,Neutral,1,0.041666666666666664
M0257,Neutral -> Neutral -> Appreciation,Neutral,Neutral,Appreciation,1,0.041666666666666664
M0257,Aversion -> Neutral -> Neutral,Aversion,Neutral,Neutral,1,0.041666666666666664
M0257,Appreciation -> Appreciation -> Neutral,Appreciation,Appreciation,Neutral,1,0.041666666666666664
M0257,Appreciation -> Neutral -> Appreciation,Appreciation,Neutral,Appreciation,1,0.041666666666666664
M0258,Aversion -> Aversion -> Aversion,Aversion,Aversion,Aversion,8,0.3333333333333333
M0258,Neutral -> Aversion -> Aversion,Neutral,Aversion,Aversion,4,0.16666666666666666
M0258,Aversion -> Neutral -> Aversion,Aversion,Neutral,Aversion,3,0.125
M0258,Aversion -> Aversion -> Neutral,Aversion,Aversion,Neutral,3,0.125
M0258,Neutral -> Neutral -> Neutral,Neutral,Neutral,Neutral,2,0.08333333333333333
M0258,Neutral -> Neutral -> Aversion,Neutral,Neutral,Aversion,2,0.08333333333333333
M0258,Aversion -> Neutral -> Neutral,Aversion,Neutral,Neutral,1,0.041666666666666664
M0258,Neutral -> Aversion -> Neutral,Neutral,Aversion,Neutral,1,0.041666666666666664
M0259,Neutral -> Aversion -> Aversion,Neutral,Aversion,Aversion,6,0.25
M0259,Aversion -> Aversion -> Neutral,Aversion,Aversion,Neutral,5,0.20833333333333334
M0259,Aversion -> Neutral -> Aversion,Aversion,Neutral,Aversion,4,0.16666666666666666
M0259,Aversion -> Aversion -> Aversion,Aversion,Aversion,Aversion,3,0.125
M0259,Neutral -> Neutral -> Neutral,Neutral,Neutral,Neutral,3,0.125
M0259,Neutral -> Neutral -> Aversion,Neutral,Neutral,Aversion,2,0.08333333333333333
M0259,Aversion -> Neutral -> Neutral,Aversion,Neutral,Neutral,1,0.041666666666666664
M0260,Neutral -> Neutral -> Neutral,Neutral,Neutral,Neutral,8,0.3333333333333333
M0260,Aversion -> Aversion -> Aversion,Aversion,Aversion,Aversion,7,0.2916666666666667
M0260,Aversion -> Neutral -> Aversion,Aversion,Neutral,Aversion,3,0.125
M0260,Neutral -> Aversion -> Aversion,Neutral,Aversion,Aversion,2,0.08333333333333333
M0260,Neutral -> Aversion -> Neutral,Neutral,Aversion,Neutral,2,0.08333333333333333
M0260,Neutral -> Neutral -> Aversion,Neutral,Neutral,Aversion,1,0.041666666666666664
M0260,Aversion -> Aversion -> Neutral,Aversion,Aversion,Neutral,1,0.041666666666666664
M0261,Neutral -> Neutral -> Neutral,Neutral,Neutral,Neutral,10,0.4166666666666667
M0261,Appreciation -> Appreciation -> Appreciation,Appreciation,Appreciation,Appreciation,5,0.20833333333333334
M0261,Neutral -> Appreciation -> Appreciation,Neutral,Appreciation,Appreciation,2,0.08333333333333333
M0261,Appreciation -> Appreciation -> Neutral,Appreciation,Appreciation,Neutral,2,0.08333333333333333
M0261,Neutral -> Neutral -> Appreciation,Neutral,Neutral,Appreciation,1,0.041666666666666664
M0261,Appreciation -> Neutral -> Appreciation,Appreciation,Neutral,Appreciation,1,0.041666666666666664
M0261,Appreciation -> Neutral -> Neutral,Appreciation,Neutral,Neutral,1,0.041666666666666664
M0261,Neutral -> Neutral -> Aversion,Neutral,Neutral,Aversion,1,0.041666666666666664
M0261,Neutral -> Aversion -> Neutral,Neutral,Aversion,Neutral,1,0.041666666666666664
M0262,Neutral -> Neutral -> Neutral,Neutral,Neutral,Neutral,8,0.3333333333333333
M0262,Aversion -> Aversion -> Aversion,Aversion,Aversion,Aversion,6,0.25
M0262,Neutral -> Aversion -> Aversion,Neutral,Aversion,Aversion,2,0.08333333333333333
M0262,Neutral -> Neutral -> Aversion,Neutral,Neutral,Aversion,2,0.08333333333333333
M0262,Neutral -> Neutral -> Appreciation,Neutral,Neutral,Appreciation,1,0.041666666666666664
M0262,Neutral -> Appreciation -> Appreciation,Neutral,Appreciation,Appreciation,1,0.041666666666666664
M0262,Appreciation -> Neutral -> Neutral,Appreciation,Neutral,Neutral,1,0.041666666666666664
M0262,Appreciation -> Appreciation -> Neutral,Appreciation,Appreciation,Neutral,1,0.041666666666666664
M0262,Aversion -> Aversion -> Neutral,Aversion,Aversion,Neutral,1,0.041666666666666664
M0262,Aversion -> Neutral -> Neutral,Aversion,Neutral,Neutral,1,0.041666666666666664
M0263,Neutral -> Neutral -> Neutral,Neutral,Neutral,Neutral,6,0.25
M0263,Appreciation -> Appreciation -> Appreciation,Appreciation,Appreciation,Appreciation,4,0.16666666666666666
M0263,Neutral -> Appreciation -> Appreciation,Neutral,Appreciation,Appreciation,3,0.125
M0263,Appreciation -> Appreciation -> Neutral,Appreciation,Appreciation,Neutral,2,0.08333333333333333
M0263,Appreciation -> Neutral -> Appreciation,Appreciation,Neutral,Appreciation,2,0.08333333333333333
M0263,Aversion -> Aversion -> Aversion,Aversion,Aversion,Aversion,1,0.041666666666666664
M0263,Neutral -> Neutral -> Aversion,Neutral,Neutral,Aversion,1,0.041666666666666664
M0263,Neutral -> Aversion -> Aversion,Neutral,Aversion,Aversion,1,0.041666666666666664
M0263,Aversion -> Aversion -> Appreciation,Aversion,Aversion,Appreciation,1,0.041666666666666664
M0263,Aversion -> Appreciation -> Neutral,Aversion,Appreciation,Neutral,1,0.041666666666666664
M0263,Appreciation -> Neutral -> Neutral,Appreciation,Neutral,Neutral,1,0.041666666666666664
M0263,Neutral -> Neutral -> Appreciation,Neutral,Neutral,Appreciation,1,0.041666666666666664
M0264,Aversion -> Aversion -> Aversion,Aversion,Aversion,Aversion,10,0.4166666666666667
M0264,Neutral -> Neutral -> Aversion,Neutral,Neutral,Aversion,3,0.125
M0264,Neutral -> Aversion -> Aversion,Neutral,Aversion,Aversion,3,0.125
M0264,Aversion -> Aversion -> Neutral,Aversion,Aversion,Neutral,3,0.125
M0264,Aversion -> Neutral -> Neutral,Aversion,Neutral,Neutral,3,0.125
M0264,Neutral -> Neutral -> Neutral,Neutral,Neutral,Neutral,2,0.08333333333333333
M0265,Neutral -> Neutral -> Neutral,Neutral,Neutral,Neutral,7,0.2916666666666667
M0265,Aversion -> Aversion -> Aversion,Aversion,Aversion,Aversion,5,0.20833333333333334
M0265,Appreciation -> Appreciation -> Appreciation,Appreciation,Appreciation,Appreciation,5,0.20833333333333334
M0265,Neutral -> Neutral -> Aversion,Neutral,Neutral,Aversion,1,0.041666666666666664
M0265,Aversion -> Aversion -> Neutral,Aversion,Aversion,Neutral,1,0.041666666666666664
M0265,Neutral -> Aversion -> Aversion,Neutral,Aversion,Aversion,1,0.041666666666666664
M0265,Aversion -> Neutral -> Neutral,Aversion,Neutral,Neutral,1,0.041666666666666664
M0265,Neutral -> Neutral -> Appreciation,Neutral,Neutral,Appreciation,1,0.041666666666666664
M0265,Neutral -> Appreciation -> Appreciation,Neutral,Appreciation,Appreciation,1,0.041666666666666664
M0265,Appreciation -> Appreciation -> Neutral,Appreciation,Appreciation,Neutral,1,0.041666666666666664
M0266,Neutral -> Neutral -> Neutral,Neutral,Neutral,Neutral,9,0.375
M0266,Aversion -> Aversion -> Aversion,Aversion,Aversion,Aversion,5,0.20833333333333334
M0266,Neutral -> Neutral -> Aversion,Neutral,Neutral,Aversion,3,0.125
M0266,Neutral -> Aversion -> Aversion,Neutral,Aversion,Aversion,2,0.08333333333333333
M0266,Aversion -> Aversion -> Neutral,Aversion,Aversion,Neutral,2,0.08333333333333333
M0266,Aversion -> Neutral -> Neutral,Aversion,Neutral,Neutral,2,0.08333333333333333
M0266,Neutral -> Aversion -> Neutral,Neutral,Aversion,Neutral,1,0.041666666666666664
M0267,Appreciation -> Appreciation -> Appreciation,Appreciation,Appreciation,Appreciation,7,0.2916666666666667
M0267,Aversion -> Aversion -> Aversion,Aversion,Aversion,Aversion,3,0.125
M0267,Neutral -> Aversion -> Aversion,Neutral,Aversion,Aversion,3,0.125
M0267,Neutral -> Neutral -> Aversion,Neutral,Neutral,Aversion,2,0.08333333333333333
M0267,Aversion -> Aversion -> Neutral,Aversion,Aversion,Neutral,2,0.08333333333333333
M0267,Aversion -> Neutral -> Neutral,Aversion,Neutral,Neutral,2,0.08333333333333333
M0267,Aversion -> Neutral -> Aversion,Aversion,Neutral,Aversion,1,0.041666666666666664
M0267,Neutral -> Aversion -> Neutral,Neutral,Aversion,Neutral,1,0.041666666666666664
M0267,Neutral -> Neutral -> Neutral,Neutral,Neutral,Neutral,1,0.041666666666666664
M0267,Aversion -> Aversion -> Appreciation,Aversion,Aversion,Appreciation,1,0.041666666666666664
M0267,Aversion -> Appreciation -> Appreciation,Aversion,Appreciation,Appreciation,1,0.041666666666666664
M0268,Aversion -> Aversion -> Aversion,Aversion,Aversion,Aversion,6,0.25
M0268,Neutral -> Aversion -> Aversion,Neutral,Aversion,Aversion,3,0.125
M0268,Appreciation -> Appreciation -> Appreciation,Appreciation,Appreciation,Appreciation,3,0.125
M0268,Aversion -> Aversion -> Neutral,Aversion,Aversion,Neutral,3,0.125
M0268,Aversion -> Neutral -> Aversion,Aversion,Neutral,Aversion,2,0.08333333333333333
M0268,Neutral -> Aversion -> Neutral,Neutral,Aversion,Neutral,1,0.041666666666666664
M0268,Aversion -> Neutral -> Appreciation,Aversion,Neutral,Appreciation,1,0.041666666666666664
M0268,Neutral -> Appreciation -> Appreciation,Neutral,Appreciation,Appreciation,1,0.041666666666666664
M0268,Appreciation -> Appreciation -> Neutral,Appreciation,Appreciation,Neutral,1,0.041666666666666664
M0268,Appreciation -> Neutral -> Neutral,Appreciation,Neutral,Neutral,1,0.041666666666666664
M0268,Neutral -> Neutral -> Neutral,Neutral,Neutral,Neutral,1,0.041666666666666664
M0268,Neutral -> Neutral -> Aversion,Neutral,Neutral,Aversion,1,0.041666666666666664
M0269,Neutral -> Neutral -> Neutral,Neutral,Neutral,Neutral,6,0.25
M0269,Neutral -> Neutral -> Aversion,Neutral,Neutral,Aversion,4,0.16666666666666666
M0269,Aversion -> Aversion -> Aversion,Aversion,Aversion,Aversion,4,0.16666666666666666
M0269,Aversion -> Neutral -> Neutral,Aversion,Neutral,Neutral,3,0.125
M0269,Neutral -> Aversion -> Neutral,Neutral,Aversion,Neutral,2,0.08333333333333333
M0269,Neutral -> Aversion -> Aversion,Neutral,Aversion,Aversion,2,0.08333333333333333
M0269,Aversion -> Aversion -> Neutral,Aversion,Aversion,Neutral,2,0.08333333333333333
M0269,Aversion -> Neutral -> Aversion,Aversion,Neutral,Aversion,1,0.041666666666666664
M0270,Aversion -> Aversion -> Aversion,Aversion,Aversion,Aversion,11,0.4583333333333333
M0270,Neutral -> Aversion -> Aversion,Neutral,Aversion,Aversion,5,0.20833333333333334
M0270,Aversion -> Aversion -> Neutral,Aversion,Aversion,Neutral,4,0.16666666666666666
M0270,Aversion -> Neutral -> Aversion,Aversion,Neutral,Aversion,4,0.16666666666666666
M0271,Neutral -> Neutral -> Neutral,Neutral,Neutral,Neutral,11,0.4583333333333333
M0271,Aversion -> Aversion -> Aversion,Aversion,Aversion,Aversion,4,0.16666666666666666
M0271,Neutral -> Aversion -> Aversion,Neutral,Aversion,Aversion,3,0.125
M0271,Neutral -> Neutral -> Aversion,Neutral,Neutral,Aversion,2,0.08333333333333333
M0271,Aversion -> Aversion -> Neutral,Aversion,Aversion,Neutral,2,0.08333333333333333
M0271,Aversion -> Neutral -> Aversion,Aversion,Neutral,Aversion,1,0.041666666666666664
M0271,Aversion -> Neutral -> Neutral,Aversion,Neutral,Neutral,1,0.041666666666666664
M0272,Neutral -> Neutral -> Neutral,Neutral,Neutral,Neutral,13,0.5416666666666666
M0272,Aversion -> Aversion -> Aversion,Aversion,Aversion,Aversion,9,0.375
M0272,Neutral -> Neutral -> Aversion,Neutral,Neutral,Aversion,1,0.041666666666666664
M0272,Neutral -> Aversion -> Aversion,Neutral,Aversion,Aversion,1,0.041666666666666664
M0273,Aversion -> Aversion -> Aversion,Aversion,Aversion,Aversion,5,0.20833333333333334
M0273,Aversion -> Neutral -> Aversion,Aversion,Neutral,Aversion,4,0.16666666666666666
M0273,Neutral -> Aversion -> Aversion,Neutral,Aversion,Aversion,4,0.16666666666666666
M0273,Neutral -> Neutral -> Neutral,Neutral,Neutral,Neutral,3,0.125
M0273,Aversion -> Aversion -> Neutral,Aversion,Aversion,Neutral,3,0.125
M0273,Neutral -> Neutral -> Aversion,Neutral,Neutral,Aversion,2,0.08333333333333333
M0273,Neutral -> Aversion -> Neutral,Neutral,Aversion,Neutral,2,0.08333333333333333
M0273,Aversion -> Neutral -> Neutral,Aversion,Neutral,Neutral,1,0.041666666666666664
M0274,Appreciation -> Appreciation -> Appreciation,Appreciation,Appreciation,Appreciation,7,0.2916666666666667
M0274,Neutral -> Neutral -> Neutral,Neutral,Neutral,Neutral,4,0.16666666666666666
M0274,Aversion -> Neutral -> Neutral,Aversion,Neutral,Neutral,3,0.125
M0274,Neutral -> Aversion -> Neutral,Neutral,Aversion,Neutral,2,0.08333333333333333
M0274,Neutral -> Neutral -> Aversion,Neutral,Neutral,Aversion,2,0.08333333333333333
M0274,Aversion -> Aversion -> Neutral,Aversion,Aversion,Neutral,1,0.041666666666666664
M0274,Neutral -> Aversion -> Aversion,Neutral,Aversion,Aversion,1,0.041666666666666664
M0274,Neutral -> Neutral -> Appreciation,Neutral,Neutral,Appreciation,1,0.041666666666666664
M0274,Neutral -> Appreciation -> Appreciation,Neutral,Appreciation,Appreciation,1,0.041666666666666664
M0274,Appreciation -> Appreciation -> Neutral,Appreciation,Appreciation,Neutral,1,0.041666666666666664
M0274,Appreciation -> Neutral -> Neutral,Appreciation,Neutral,Neutral,1,0.041666666666666664
M0275,Appreciation -> Appreciation -> Appreciation,Appreciation,Appreciation,Appreciation,8,0.3333333333333333
M0275,Neutral -> Neutral -> Aversion,Neutral,Neutral,Aversion,3,0.125
M0275,Neutral -> Neutral -> Neutral,Neutral,Neutral,Neutral,2,0.08333333333333333
M0275,Neutral -> Aversion -> Neutral,Neutral,Aversion,Neutral,2,0.08333333333333333
M0275,Aversion -> Neutral -> Neutral,Aversion,Neutral,Neutral,2,0.08333333333333333
M0275,Neutral -> Appreciation -> Appreciation,Neutral,Appreciation,Appreciation,2,0.08333333333333333
M0275,Neutral -> Aversion -> Aversion,Neutral,Aversion,Aversion,1,0.041666666666666664
M0275,Aversion -> Neutral -> Appreciation,Aversion,Neutral,Appreciation,1,0.041666666666666664
M0275,Aversion -> Aversion -> Neutral,Aversion,Aversion,Neutral,1,0.041666666666666664
M0275,Appreciation -> Appreciation -> Neutral,Appreciation,Appreciation,Neutral,1,0.041666666666666664
M0275,Appreciation -> Neutral -> Appreciation,Appreciation,Neutral,Appreciation,1,0.041666666666666664
M0276,Appreciation -> Appreciation -> Appreciation,Appreciation,Appreciation,Appreciation,5,0.20833333333333334
M0276,Aversion -> Neutral -> Aversion,Aversion,Neutral,Aversion,4,0.16666666666666666
M0276,Neutral -> Aversion -> Neutral,Neutral,Aversion,Neutral,4,0.16666666666666666
M0276,Aversion -> Aversion -> Neutral,Aversion,Aversion,Neutral,2,0.08333333333333333
M0276,Neutral -> Aversion -> Aversion,Neutral,Aversion,Aversion,2,0.08333333333333333
M0276,Aversion -> Aversion -> Aversion,Aversion,Aversion,Aversion,2,0.08333333333333333
M0276,Aversion -> Neutral -> Neutral,Aversion,Neutral,Neutral,1,0.041666666666666664
M0276,Neutral -> Neutral -> Neutral,Neutral,Neutral,Neutral,1,0.041666666666666664
M0276,Neutral -> Neutral -> Aversion,Neutral,Neutral,Aversion,1,0.041666666666666664
M0276,Aversion -> Neutral -> Appreciation,Aversion,Neutral,Appreciation,1,0.041666666666666664
M0276,Neutral -> Appreciation -> Appreciation,Neutral,Appreciation,Appreciation,1,0.041666666666666664
M0277,Neutral -> Neutral -> Neutral,Neutral,Neutral,Neutral,13,0.5416666666666666
M0277,Appreciation -> Appreciation -> Appreciation,Appreciation,Appreciation,Appreciation,5,0.20833333333333334
M0277,Neutral -> Aversion -> Aversion,Neutral,Aversion,Aversion,1,0.041666666666666664
M0277,Neutral -> Neutral -> Aversion,Neutral,Neutral,Aversion,1,0.041666666666666664
M0277,Aversion -> Aversion -> Neutral,Aversion,Aversion,Neutral,1,0.041666666666666664
M0277,Aversion -> Neutral -> Neutral,Aversion,Neutral,Neutral,1,0.041666666666666664
M0277,Neutral -> Neutral -> Appreciation,Neutral,Neutral,Appreciation,1,0.041666666666666664
M0277,Neutral -> Appreciation -> Appreciation,Neutral,Appreciation,Appreciation,1,0.041666666666666664
M0278,Neutral -> Neutral -> Neutral,Neutral,Neutral,Neutral,14,0.5833333333333334
M0278,Appreciation -> Appreciation -> Appreciation,Appreciation,Appreciation,Appreciation,5,0.20833333333333334
M0278,Neutral -> Neutral -> Aversion,Neutral,Neutral,Aversion,1,0.041666666666666664
M0278,Neutral -> Aversion -> Neutral,Neutral,Aversion,Neutral,1,0.041666666666666664
M0278,Aversion -> Neutral -> Neutral,Aversion,Neutral,Neutral,1,0.041666666666666664
M0278,Neutral -> Neutral -> Appreciation,Neutral,Neutral,Appreciation,1,0.041666666666666664
M0278,Neutral -> Appreciation -> Appreciation,Neutral,Appreciation,Appreciation,1,0.041666666666666664
M0279,Neutral -> Neutral -> Neutral,Neutral,Neutral,Neutral,5,0.20833333333333334
M0279,Neutral -> Aversion -> Neutral,Neutral,Aversion,Neutral,3,0.125
M0279,Aversion -> Neutral -> Aversion,Aversion,Neutral,Aversion,2,0.08333333333333333
M0279,Neutral -> Aversion -> Aversion,Neutral,Aversion,Aversion,2,0.08333333333333333
M0279,Neutral -> Neutral -> Aversion,Neutral,Neutral,Aversion,2,0.08333333333333333
M0279,Aversion -> Neutral -> Neutral,Aversion,Neutral,Neutral,2,0.08333333333333333
M0279,Appreciation -> Appreciation -> Appreciation,Appreciation,Appreciation,Appreciation,2,0.08333333333333333
M0279,Aversion -> Aversion -> Neutral,Aversion,Aversion,Neutral,1,0.041666666666666664
M0279,Aversion -> Aversion -> Aversion,Aversion,Aversion,Aversion,1,0.041666666666666664
M0279,Neutral -> Neutral -> Appreciation,Neutral,Neutral,Appreciation,1,0.041666666666666664
M0279,Neutral -> Appreciation -> Appreciation,Neutral,Appreciation,Appreciation,1,0.041666666666666664
M0279,Appreciation -> Appreciation -> Neutral,Appreciation,Appreciation,Neutral,1,0.041666666666666664
M0279,Appreciation -> Neutral -> Aversion,Appreciation,Neutral,Aversion,1,0.041666666666666664
M0280,Aversion -> Aversion -> Aversion,Aversion,Aversion,Aversion,9,0.375
M0280,Neutral -> Aversion -> Aversion,Neutral,Aversion,Aversion,3,0.125
M0280,Neutral -> Neutral -> Aversion,Neutral,Neutral,Aversion,2,0.08333333333333333
M0280,Aversion -> Aversion -> Neutral,Aversion,Aversion,Neutral,2,0.08333333333333333
M0280,Aversion -> Neutral -> Neutral,Aversion,Neutral,Neutral,1,0.041666666666666664
M0280,Aversion -> Aversion -> Appreciation,Aversion,Aversion,Appreciation,1,0.041666666666666664
M0280,Aversion -> Appreciation -> Neutral,Aversion,Appreciation,Neutral,1,0.041666666666666664
M0280,Appreciation -> Neutral -> Appreciation,Appreciation,Neutral,Appreciation,1,0.041666666666666664
M0280,Neutral -> Appreciation -> Neutral,Neutral,Appreciation,Neutral,1,0.041666666666666664
M0280,Appreciation -> Neutral -> Aversion,Appreciation,Neutral,Aversion,1,0.041666666666666664
M0280,Aversion -> Neutral -> Appreciation,Aversion,Neutral,Appreciation,1,0.041666666666666664
M0280,Neutral -> Appreciation -> Appreciation,Neutral,Appreciation,Appreciation,1,0.041666666666666664
M0281,Appreciation -> Appreciation -> Appreciation,Appreciation,Appreciation,Appreciation,8,0.3333333333333333
M0281,Aversion -> Neutral -> Neutral,Aversion,Neutral,Neutral,3,0.125
M0281,Aversion -> Aversion -> Neutral,Aversion,Aversion,Neutral,2,0.08333333333333333
M0281,Neutral -> Aversion -> Aversion,Neutral,Aversion,Aversion,2,0.08333333333333333
M0281,Neutral -> Aversion -> Neutral,Neutral,Aversion,Neutral,2,0.08333333333333333
M0281,Neutral -> Neutral -> Aversion,Neutral,Neutral,Aversion,1,0.041666666666666664
M0281,Neutral -> Neutral -> Neutral,Neutral,Neutral,Neutral,1,0.041666666666666664
M0281,Aversion -> Neutral -> Aversion,Aversion,Neutral,Aversion,1,0.041666666666666664
M0281,Neutral -> Neutral -> Appreciation,Neutral,Neutral,Appreciation,1,0.041666666666666664
M0281,Neutral -> Appreciation -> Appreciation,Neutral,Appreciation,Appreciation,1,0.041666666666666664
M0281,Appreciation -> Appreciation -> Neutral,Appreciation,Appreciation,Neutral,1,0.041666666666666664
M0281,Appreciation -> Neutral -> Aversion,Appreciation,Neutral,Aversion,1,0.041666666666666664
M0282,Neutral -> Neutral -> Aversion,Neutral,Neutral,Aversion,3,0.125
M0282,Appreciation -> Appreciation -> Appreciation,Appreciation,Appreciation,Appreciation,3,0.125
M0282,Neutral -> Aversion -> Aversion,Neutral,Aversion,Aversion,2,0.08333333333333333
M0282,Aversion -> Aversion -> Aversion,Aversion,Aversion,Aversion,2,0.08333333333333333
M0282,Aversion -> Aversion -> Neutral,Aversion,Aversion,Neutral,2,0.08333333333333333
M0282,Neutral -> Aversion -> Neutral,Neutral,Aversion,Neutral,2,0.08333333333333333
M0282,Neutral -> Appreciation -> Appreciation,Neutral,Appreciation,Appreciation,2,0.08333333333333333
M0282,Aversion -> Neutral -> Neutral,Aversion,Neutral,Neutral,2,0.08333333333333333
M0282,Aversion -> Neutral -> Aversion,Aversion,Neutral,Aversion,1,0.041666666666666664
M0282,Neutral -> Neutral -> Appreciation,Neutral,Neutral,Appreciation,1,0.041666666666666664
M0282,Appreciation -> Appreciation -> Neutral,Appreciation,Appreciation,Neutral,1,0.041666666666666664
M0282,Appreciation -> Neutral -> Neutral,Appreciation,Neutral,Neutral,1,0.041666666666666664
M0282,Neutral -> Neutral -> Neutral,Neutral,Neutral,Neutral,1,0.041666666666666664
M0282,Aversion -> Neutral -> Appreciation,Aversion,Neutral,Appreciation,1,0.041666666666666664
M0283,Neutral -> Neutral -> Neutral,Neutral,Neutral,Neutral,11,0.4583333333333333
M0283,Appreciation -> Appreciation -> Appreciation,Appreciation,Appreciation,Appreciation,8,0.3333333333333333
M0283,Neutral -> Appreciation -> Appreciation,Neutral,Appreciation,Appreciation,2,0.08333333333333333
M0283,Neutral -> Neutral -> Appreciation,Neutral,Neutral,Appreciation,1,0.041666666666666664
M0283,Appreciation -> Appreciation -> Neutral,Appreciation,Appreciation,Neutral,1,0.041666666666666664
M0283,Appreciation -> Neutral -> Appreciation,Appreciation,Neutral,Appreciation,1,0.041666666666666664
M0284,Neutral -> Neutral -> Neutral,Neutral,Neutral,Neutral,8,0.3333333333333333
M0284,Appreciation -> Appreciation -> Appreciation,Appreciation,Appreciation,Appreciation,6,0.25
M0284,Appreciation -> Neutral -> Appreciation,Appreciation,Neutral,Appreciation,2,0.08333333333333333
M0284,Neutral -> Appreciation -> Appreciation,Neutral,Appreciation,Appreciation,2,0.08333333333333333
M0284,Appreciation -> Appreciation -> Neutral,Appreciation,Appreciation,Neutral,2,0.08333333333333333
M0284,Neutral -> Neutral -> Appreciation,Neutral,Neutral,Appreciation,1,0.041666666666666664
M0284,Aversion -> Neutral -> Neutral,Aversion,Neutral,Neutral,1,0.041666666666666664
M0284,Neutral -> Aversion -> Neutral,Neutral,Aversion,Neutral,1,0.041666666666666664
M0284,Neutral -> Neutral -> Aversion,Neutral,Neutral,Aversion,1,0.041666666666666664
M0285,Neutral -> Neutral -> Neutral,Neutral,Neutral,Neutral,3,0.125
M0285,Neutral -> Aversion -> Neutral,Neutral,Aversion,Neutral,3,0.125
M0285,Aversion -> Neutral -> Aversion,Aversion,Neutral,Aversion,3,0.125
M0285,Aversion -> Aversion -> Aversion,Aversion,Aversion,Aversion,3,0.125
M0285,Neutral -> Neutral -> Aversion,Neutral,Neutral,Aversion,2,0.08333333333333333
M0285,Aversion -> Aversion -> Neutral,Aversion,Aversion,Neutral,2,0.08333333333333333
M0285,Neutral -> Aversion -> Aversion,Neutral,Aversion,Aversion,2,0.08333333333333333
M0285,Aversion -> Neutral -> Neutral,Aversion,Neutral,Neutral,1,0.041666666666666664
M0285,Aversion -> Neutral -> Appreciation,Aversion,Neutral,Appreciation,1,0.041666666666666664
M0285,Neutral -> Appreciation -> Appreciation,Neutral,Appreciation,Appreciation,1,0.041666666666666664
M0285,Appreciation -> Appreciation -> Appreciation,Appreciation,Appreciation,Appreciation,1,0.041666666666666664
M0285,Appreciation -> Appreciation -> Neutral,Appreciation,Appreciation,Neutral,1,0.041666666666666664
M0285,Appreciation -> Neutral -> Neutral,Appreciation,Neutral,Neutral,1,0.041666666666666664
M0286,Aversion -> Aversion -> Aversion,Aversion,Aversion,Aversion,5,0.20833333333333334
M0286,Appreciation -> Appreciation -> Appreciation,Appreciation,Appreciation,Appreciation,4,0.16666666666666666
M0286,Neutral -> Neutral -> Aversion,Neutral,Neutral,Aversion,2,0.08333333333333333
M0286,Neutral -> Aversion -> Aversion,Neutral,Aversion,Aversion,2,0.08333333333333333
M0286,Aversion -> Aversion -> Neutral,Aversion,Aversion,Neutral,2,0.08333333333333333
M0286,Neutral -> Neutral -> Neutral,Neutral,Neutral,Neutral,2,0.08333333333333333
M0286,Aversion -> Neutral -> Neutral,Aversion,Neutral,Neutral,2,0.08333333333333333
M0286,Neutral -> Neutral -> Appreciation,Neutral,Neutral,Appreciation,2,0.08333333333333333
M0286,Neutral -> Appreciation -> Neutral,Neutral,Appreciation,Neutral,1,0.041666666666666664
M0286,Appreciation -> Neutral -> Neutral,Appreciation,Neutral,Neutral,1,0.041666666666666664
M0286,Neutral -> Appreciation -> Appreciation,Neutral,Appreciation,Appreciation,1,0.041666666666666664
M0287,Aversion -> Aversion -> Aversion,Aversion,Aversion,Aversion,4,0.16666666666666666
M0287,Neutral -> Aversion -> Aversion,Neutral,Aversion,Aversion,3,0.125
M0287,Neutral -> Neutral -> Aversion,Neutral,Neutral,Aversion,3,0.125
M0287,Aversion -> Aversion -> Neutral,Aversion,Aversion,Neutral,2,0.08333333333333333
M0287,Aversion -> Neutral -> Neutral,Aversion,Neutral,Neutral,2,0.08333333333333333
M0287,Neutral -> Aversion -> Neutral,Neutral,Aversion,Neutral,2,0.08333333333333333
M0287,Neutral -> Neutral -> Neutral,Neutral,Neutral,Neutral,1,0.041666666666666664
M0287,Aversion -> Neutral -> Aversion,Aversion,Neutral,Aversion,1,0.041666666666666664
M0287,Aversion -> Neutral -> Appreciation,Aversion,Neutral,Appreciation,1,0.041666666666666664
M0287,Neutral -> Appreciation -> Neutral,Neutral,Appreciation,Neutral,1,0.041666666666666664
M0287,Appreciation -> Neutral -> Neutral,Appreciation,Neutral,Neutral,1,0.041666666666666664
M0287,Aversion -> Aversion -> Appreciation,Aversion,Aversion,Appreciation,1,0.041666666666666664
M0287,Aversion -> Appreciation -> Appreciation,Aversion,Appreciation,Appreciation,1,0.041666666666666664
M0287,Appreciation -> Appreciation -> Appreciation,Appreciation,Appreciation,Appreciation,1,0.041666666666666664
M0288,Neutral -> Neutral -> Neutral,Neutral,Neutral,Neutral,8,0.3333333333333333
M0288,Appreciation -> Appreciation -> Appreciation,Appreciation,Appreciation,Appreciation,4,0.16666666666666666
M0288,Neutral -> Appreciation -> Appreciation,Neutral,Appreciation,Appreciation,3,0.125
M0288,Neutral -> Neutral -> Appreciation,Neutral,Neutral,Appreciation,2,0.08333333333333333
M0288,Appreciation -> Appreciation -> Neutral,Appreciation,Appreciation,Neutral,2,0.08333333333333333
M0288,Appreciation -> Neutral -> Neutral,Appreciation,Neutral,Neutral,2,0.08333333333333333
M0288,Neutral -> Neutral -> Aversion,Neutral,Neutral,Aversion,1,0.041666666666666664
M0288,Neutral -> Aversion -> Neutral,Neutral,Aversion,Neutral,1,0.041666666666666664
M0288,Aversion -> Neutral -> Appreciation,Aversion,Neutral,Appreciation,1,0.041666666666666664
M0289,Neutral -> Neutral -> Neutral,Neutral,Neutral,Neutral,5,0.20833333333333334
M0289,Neutral -> Neutral -> Aversion,Neutral,Neutral,Aversion,4,0.16666666666666666
M0289,Aversion -> Neutral -> Neutral,Aversion,Neutral,Neutral,3,0.125
M0289,Neutral -> Aversion -> Aversion,Neutral,Aversion,Aversion,3,0.125
M0289,Aversion -> Aversion -> Neutral,Aversion,Aversion,Neutral,2,0.08333333333333333
M0289,Neutral -> Neutral -> Appreciation,Neutral,Neutral,Appreciation,1,0.041666666666666664
M0289,Neutral -> Appreciation -> Appreciation,Neutral,Appreciation,Appreciation,1,0.041666666666666664
M0289,Appreciation -> Appreciation -> Appreciation,Appreciation,Appreciation,Appreciation,1,0.041666666666666664
M0289,Appreciation -> Appreciation -> Neutral,Appreciation,Appreciation,Neutral,1,0.041666666666666664
M0289,Appreciation -> Neutral -> Neutral,Appreciation,Neutral,Neutral,1,0.041666666666666664
M0289,Neutral -> Aversion -> Neutral,Neutral,Aversion,Neutral,1,0.041666666666666664
M0289,Aversion -> Aversion -> Aversion,Aversion,Aversion,Aversion,1,0.041666666666666664
M0290,Aversion -> Aversion -> Aversion,Aversion,Aversion,Aversion,6,0.25
M0290,Neutral -> Aversion -> Aversion,Neutral,Aversion,Aversion,4,0.16666666666666666
M0290,Aversion -> Aversion -> Neutral,Aversion,Aversion,Neutral,4,0.16666666666666666
M0290,Aversion -> Neutral -> Neutral,Aversion,Neutral,Neutral,2,0.08333333333333333
M0290,Aversion -> Neutral -> Aversion,Aversion,Neutral,Aversion,2,0.08333333333333333
M0290,Neutral -> Neutral -> Aversion,Neutral,Neutral,Aversion,2,0.08333333333333333
M0290,Neutral -> Aversion -> Neutral,Neutral,Aversion,Neutral,1,0.041666666666666664
M0290,Aversion -> Neutral -> Appreciation,Aversion,Neutral,Appreciation,1,0.041666666666666664
M0290,Neutral -> Appreciation -> Appreciation,Neutral,Appreciation,Appreciation,1,0.041666666666666664
M0290,Appreciation -> Appreciation -> Appreciation,Appreciation,Appreciation,Appreciation,1,0.041666666666666664
M0291,Appreciation -> Appreciation -> Appreciation,Appreciation,Appreciation,Appreciation,8,0.3333333333333333
M0291,Neutral -> Neutral -> Neutral,Neutral,Neutral,Neutral,7,0.2916666666666667
M0291,Neutral -> Neutral -> Appreciation,Neutral,Neutral,Appreciation,2,0.08333333333333333
M0291,Neutral -> Neutral -> Aversion,Neutral,Neutral,Aversion,1,0.041666666666666664
M0291,Aversion -> Aversion -> Neutral,Aversion,Aversion,Neutral,1,0.041666666666666664
M0291,Neutral -> Aversion -> Aversion,Neutral,Aversion,Aversion,1,0.041666666666666664
M0291,Aversion -> Neutral -> Neutral,Aversion,Neutral,Neutral,1,0.041666666666666664
M0291,Neutral -> Appreciation -> Neutral,Neutral,Appreciation,Neutral,1,0.041666666666666664
M0291,Appreciation -> Neutral -> Neutral,Appreciation,Neutral,Neutral,1,0.041666666666666664
M0291,Neutral -> Appreciation -> Appreciation,Neutral,Appreciation,Appreciation,1,0.041666666666666664
M0292,Appreciation -> Appreciation -> Appreciation,Appreciation,Appreciation,Appreciation,7,0.2916666666666667
M0292,Neutral -> Neutral -> Neutral,Neutral,Neutral,Neutral,6,0.25
M0292,Aversion -> Aversion -> Aversion,Aversion,Aversion,Aversion,3,0.125
M0292,Neutral -> Neutral -> Aversion,Neutral,Neutral,Aversion,2,0.08333333333333333
M0292,Aversion -> Neutral -> Neutral,Aversion,Neutral,Neutral,1,0.041666666666666664
M0292,Neutral -> Aversion -> Neutral,Neutral,Aversion,Neutral,1,0.041666666666666664
M0292,Neutral -> Aversion -> Aversion,Neutral,Aversion,Aversion,1,0.041666666666666664
M0292,Aversion -> Aversion -> Neutral,Aversion,Aversion,Neutral,1,0.041666666666666664
M0292,Aversion -> Neutral -> Appreciation,Aversion,Neutral,Appreciation,1,0.041666666666666664
M0292,Neutral -> Appreciation -> Appreciation,Neutral,Appreciation,Appreciation,1,0.041666666666666664
M0293,Appreciation -> Appreciation -> Appreciation,Appreciation,Appreciation,Appreciation,7,0.2916666666666667
M0293,Neutral -> Neutral -> Neutral,Neutral,Neutral,Neutral,6,0.25
M0293,Neutral -> Aversion -> Neutral,Neutral,Aversion,Neutral,2,0.08333333333333333
M0293,Neutral -> Neutral -> Aversion,Neutral,Neutral,Aversion,2,0.08333333333333333
M0293,Aversion -> Neutral -> Neutral,Aversion,Neutral,Neutral,2,0.08333333333333333
M0293,Aversion -> Neutral -> Aversion,Aversion,Neutral,Aversion,1,0.041666666666666664
M0293,Aversion -> Aversion -> Neutral,Aversion,Aversion,Neutral,1,0.041666666666666664
M0293,Neutral -> Aversion -> Aversion,Neutral,Aversion,Aversion,1,0.041666666666666664
M0293,Neutral -> Neutral -> Appreciation,Neutral,Neutral,Appreciation,1,0.041666666666666664
M0293,Neutral -> Appreciation -> Appreciation,Neutral,Appreciation,Appreciation,1,0.041666666666666664
M0294,Appreciation -> Appreciation -> Appreciation,Appreciation,Appreciation,Appreciation,7,0.2916666666666667
M0294,Neutral -> Neutral -> Neutral,Neutral,Neutral,Neutral,5,0.20833333333333334
M0294,Aversion -> Aversion -> Aversion,Aversion,Aversion,Aversion,3,0.125
M0294,Neutral -> Neutral -> Aversion,Neutral,Neutral,Aversion,2,0.08333333333333333
M0294,Neutral -> Aversion -> Neutral,Neutral,Aversion,Neutral,1,0.041666666666666664
M0294,Neutral -> Aversion -> Aversion,Neutral,Aversion,Aversion,1,0.041666666666666664
M0294,Aversion -> Neutral -> Neutral,Aversion,Neutral,Neutral,1,0.041666666666666664
M0294,Aversion -> Aversion -> Neutral,Aversion,Aversion,Neutral,1,0.041666666666666664
M0294,Aversion -> Neutral -> Appreciation,Aversion,Neutral,Appreciation,1,0.041666666666666664
M0294,Neutral -> Appreciation -> Appreciation,Neutral,Appreciation,Appreciation,1,0.041666666666666664
M0294,Appreciation -> Appreciation -> Neutral,Appreciation,Appreciation,Neutral,1,0.041666666666666664
M0295,Aversion -> Aversion -> Aversion,Aversion,Aversion,Aversion,8,0.3333333333333333
M0295,Aversion -> Neutral -> Aversion,Aversion,Neutral,Aversion,4,0.16666666666666666
M0295,Neutral -> Aversion -> Aversion,Neutral,Aversion,Aversion,4,0.16666666666666666
M0295,Aversion -> Aversion -> Neutral,Aversion,Aversion,Neutral,3,0.125
M0295,Neutral -> Neutral -> Neutral,Neutral,Neutral,Neutral,3,0.125
M0295,Neutral -> Neutral -> Aversion,Neutral,Neutral,Aversion,1,0.041666666666666664
M0295,Neutral -> Aversion -> Neutral,Neutral,Aversion,Neutral,1,0.041666666666666664
M0296,Neutral -> Neutral -> Neutral,Neutral,Neutral,Neutral,11,0.4583333333333333
M0296,Neutral -> Aversion -> Aversion,Neutral,Aversion,Aversion,3,0.125
M0296,Neutral -> Neutral -> Aversion,Neutral,Neutral,Aversion,2,0.08333333333333333
M0296,Aversion -> Aversion -> Neutral,Aversion,Aversion,Neutral,2,0.08333333333333333
M0296,Aversion -> Neutral -> Aversion,Aversion,Neutral,Aversion,2,0.08333333333333333
M0296,Aversion -> Aversion -> Aversion,Aversion,Aversion,Aversion,2,0.08333333333333333
M0296,Aversion -> Neutral -> Neutral,Aversion,Neutral,Neutral,1,0.041666666666666664
M0296,Neutral -> Aversion -> Neutral,Neutral,Aversion,Neutral,1,0.041666666666666664
M0297,Neutral -> Neutral -> Neutral,Neutral,Neutral,Neutral,9,0.375
M0297,Neutral -> Neutral -> Aversion,Neutral,Neutral,Aversion,2,0.08333333333333333
M0297,Aversion -> Neutral -> Neutral,Aversion,Neutral,Neutral,2,0.08333333333333333
M0297,Neutral -> Neutral -> Appreciation,Neutral,Neutral,Appreciation,2,0.08333333333333333
M0297,Appreciation -> Neutral -> Neutral,Appreciation,Neutral,Neutral,2,0.08333333333333333
M0297,Neutral -> Aversion -> Neutral,Neutral,Aversion,Neutral,1,0.041666666666666664
M0297,Neutral -> Appreciation -> Neutral,Neutral,Appreciation,Neutral,1,0.041666666666666664
M0297,Neutral -> Appreciation -> Appreciation,Neutral,Appreciation,Appreciation,1,0.041666666666666664
M0297,Appreciation -> Appreciation -> Neutral,Appreciation,Appreciation,Neutral,1,0.041666666666666664
M0297,Neutral -> Aversion -> Aversion,Neutral,Aversion,Aversion,1,0.041666666666666664
M0297,Aversion -> Aversion -> Aversion,Aversion,Aversion,Aversion,1,0.041666666666666664
M0297,Aversion -> Aversion -> Neutral,Aversion,Aversion,Neutral,1,0.041666666666666664
M0298,Aversion -> Aversion -> Aversion,Aversion,Aversion,Aversion,5,0.20833333333333334
M0298,Neutral -> Aversion -> Aversion,Neutral,Aversion,Aversion,4,0.16666666666666666
M0298,Neutral -> Neutral -> Aversion,Neutral,Neutral,Aversion,4,0.16666666666666666
M0298,Aversion -> Neutral -> Neutral,Aversion,Neutral,Neutral,3,0.125
M0298,Aversion -> Aversion -> Neutral,Aversion,Aversion,Neutral,3,0.125
M0298,Neutral -> Neutral -> Neutral,Neutral,Neutral,Neutral,2,0.08333333333333333
M0298,Neutral -> Neutral -> Appreciation,Neutral,Neutral,Appreciation,1,0.041666666666666664
M0298,Neutral -> Appreciation -> Neutral,Neutral,Appreciation,Neutral,1,0.041666666666666664
M0298,Appreciation -> Neutral -> Neutral,Appreciation,Neutral,Neutral,1,0.041666666666666664
M0299,Appreciation -> Appreciation -> Appreciation,Appreciation,Appreciation,Appreciation,8,0.3333333333333333
M0299,Neutral -> Neutral -> Neutral,Neutral,Neutral,Neutral,4,0.16666666666666666
M0299,Aversion -> Aversion -> Aversion,Aversion,Aversion,Aversion,3,0.125
M0299,Neutral -> Neutral -> Aversion,Neutral,Neutral,Aversion,2,0.08333333333333333
M0299,Aversion -> Neutral -> Neutral,Aversion,Neutral,Neutral,2,0.08333333333333333
M0299,Neutral -> Aversion -> Aversion,Neutral,Aversion,Aversion,1,0.041666666666666664
M0299,Aversion -> Aversion -> Neutral,Aversion,Aversion,Neutral,1,0.041666666666666664
M0299,Neutral -> Aversion -> Neutral,Neutral,Aversion,Neutral,1,0.041666666666666664
M0299,Neutral -> Neutral -> Appreciation,Neutral,Neutral,Appreciation,1,0.041666666666666664
M0299,Neutral -> Appreciation -> Appreciation,Neutral,Appreciation,Appreciation,1,0.041666666666666664
M0300,Neutral -> Neutral -> Neutral,Neutral,Neutral,Neutral,8,0.3333333333333333
M0300,Neutral -> Aversion -> Aversion,Neutral,Aversion,Aversion,4,0.16666666666666666
M0300,Aversion -> Aversion -> Aversion,Aversion,Aversion,Aversion,4,0.16666666666666666
M0300,Aversion -> Aversion -> Neutral,Aversion,Aversion,Neutral,3,0.125
M0300,Neutral -> Neutral -> Aversion,Neutral,Neutral,Aversion,2,0.08333333333333333
M0300,Aversion -> Neutral -> Aversion,Aversion,Neutral,Aversion,2,0.08333333333333333
M0300,Aversion -> Neutral -> Neutral,Aversion,Neutral,Neutral,1,0.041666666666666664
M0301,Neutral -> Neutral -> Neutral,Neutral,Neutral,Neutral,7,0.2916666666666667
M0301,Neutral -> Aversion -> Neutral,Neutral,Aversion,Neutral,4,0.16666666666666666
M0301,Aversion -> Neutral -> Aversion,Aversion,Neutral,Aversion,3,0.125
M0301,Neutral -> Neutral -> Aversion,Neutral,Neutral,Aversion,3,0.125
M0301,Aversion -> Neutral -> Neutral,Aversion,Neutral,Neutral,2,0.08333333333333333
M0301,Neutral -> Aversion -> Aversion,Neutral,Aversion,Aversion,1,0.041666666666666664
M0301,Aversion -> Aversion -> Neutral,Aversion,Aversion,Neutral,1,0.041666666666666664
M0301,Neutral -> Aversion -> Appreciation,Neutral,Aversion,Appreciation,1,0.041666666666666664
M0301,Aversion -> Appreciation -> Neutral,Aversion,Appreciation,Neutral,1,0.041666666666666664
M0301,Appreciation -> Neutral -> Neutral,Appreciation,Neutral,Neutral,1,0.041666666666666664
M0302,Aversion -> Aversion -> Aversion,Aversion,Aversion,Aversion,8,0.3333333333333333
M0302,Neutral -> Neutral -> Neutral,Neutral,Neutral,Neutral,4,0.16666666666666666
M0302,Neutral -> Aversion -> Aversion,Neutral,Aversion,Aversion,3,0.125
M0302,Neutral -> Neutral -> Aversion,Neutral,Neutral,Aversion,2,0.08333333333333333
M0302,Aversion -> Aversion -> Neutral,Aversion,Aversion,Neutral,2,0.08333333333333333
M0302,Aversion -> Neutral -> Neutral,Aversion,Neutral,Neutral,1,0.041666666666666664
M0302,Neutral -> Neutral -> Appreciation,Neutral,Neutral,Appreciation,1,0.041666666666666664
M0302,Neutral -> Appreciation -> Neutral,Neutral,Appreciation,Neutral,1,0.041666666666666664
M0302,Appreciation -> Neutral -> Neutral,Appreciation,Neutral,Neutral,1,0.041666666666666664
M0302,Aversion -> Neutral -> Aversion,Aversion,Neutral,Aversion,1,0.041666666666666664
M0303,Neutral -> Neutral -> Neutral,Neutral,Neutral,Neutral,10,0.4166666666666667
M0303,Aversion -> Aversion -> Neutral,Aversion,Aversion,Neutral,3,0.125
M0303,Neutral -> Aversion -> Aversion,Neutral,Aversion,Aversion,3,0.125
M0303,Aversion -> Neutral -> Neutral,Aversion,Neutral,Neutral,1,0.041666666666666664
M0303,Neutral -> Neutral -> Appreciation,Neutral,Neutral,Appreciation,1,0.041666666666666664
M0303,Neutral -> Appreciation -> Appreciation,Neutral,Appreciation,Appreciation,1,0.041666666666666664
M0303,Appreciation -> Appreciation -> Neutral,Appreciation,Appreciation,Neutral,1,0.041666666666666664
M0303,Appreciation -> Neutral -> Neutral,Appreciation,Neutral,Neutral,1,0.041666666666666664
M0303,Neutral -> Neutral -> Aversion,Neutral,Neutral,Aversion,1,0.041666666666666664
M0303,Aversion -> Neutral -> Aversion,Aversion,Neutral,Aversion,1,0.041666666666666664
M0303,Aversion -> Aversion -> Aversion,Aversion,Aversion,Aversion,1,0.041666666666666664
M0304,Aversion -> Aversion -> Aversion,Aversion,Aversion,Aversion,10,0.4166666666666667
M0304,Neutral -> Neutral -> Neutral,Neutral,Neutral,Neutral,4,0.16666666666666666
M0304,Neutral -> Neutral -> Aversion,Neutral,Neutral,Aversion,2,0.08333333333333333
M0304,Neutral -> Aversion -> Aversion,Neutral,Aversion,Aversion,2,0.08333333333333333
M0304,Aversion -> Aversion -> Neutral,Aversion,Aversion,Neutral,2,0.08333333333333333
M0304,Aversion -> Neutral -> Aversion,Aversion,Neutral,Aversion,2,0.08333333333333333
M0304,Aversion -> Neutral -> Neutral,Aversion,Neutral,Neutral,1,0.041666666666666664
M0304,Neutral -> Aversion -> Neutral,Neutral,Aversion,Neutral,1,0.041666666666666664
M0305,Neutral -> Neutral -> Neutral,Neutral,Neutral,Neutral,10,0.4166666666666667
M0305,Appreciation -> Appreciation -> Appreciation,Appreciation,Appreciation,Appreciation,4,0.16666666666666666
M0305,Aversion -> Neutral -> Aversion,Aversion,Neutral,Aversion,2,0.08333333333333333
M0305,Neutral -> Appreciation -> Appreciation,Neutral,Appreciation,Appreciation,1,0.041666666666666664
M0305,Neutral -> Neutral -> Appreciation,Neutral,Neutral,Appreciation,1,0.041666666666666664
M0305,Appreciation -> Neutral -> Aversion,Appreciation,Neutral,Aversion,1,0.041666666666666664
M0305,Appreciation -> Appreciation -> Neutral,Appreciation,Appreciation,Neutral,1,0.041666666666666664
M0305,Neutral -> Aversion -> Neutral,Neutral,Aversion,Neutral,1,0.041666666666666664
M0305,Neutral -> Aversion -> Aversion,Neutral,Aversion,Aversion,1,0.041666666666666664
M0305,Aversion -> Aversion -> Aversion,Aversion,Aversion,Aversion,1,0.041666666666666664
M0305,Aversion -> Aversion -> Neutral,Aversion,Aversion,Neutral,1,0.041666666666666664
M0306,Aversion -> Aversion -> Aversion,Aversion,Aversion,Aversion,13,0.5416666666666666
M0306,Aversion -> Neutral -> Aversion,Aversion,Neutral,Aversion,3,0.125
M0306,Neutral -> Aversion -> Aversion,Neutral,Aversion,Aversion,3,0.125
M0306,Aversion -> Aversion -> Neutral,Aversion,Aversion,Neutral,2,0.08333333333333333
M0306,Neutral -> Aversion -> Neutral,Neutral,Aversion,Neutral,1,0.041666666666666664
M0306,Neutral -> Neutral -> Neutral,Neutral,Neutral,Neutral,1,0.041666666666666664
M0306,Neutral -> Neutral -> Aversion,Neutral,Neutral,Aversion,1,0.041666666666666664
M0307,Neutral -> Neutral -> Neutral,Neutral,Neutral,Neutral,12,0.5
M0307,Aversion -> Aversion -> Aversion,Aversion,Aversion,Aversion,8,0.3333333333333333
M0307,Neutral -> Neutral -> Aversion,Neutral,Neutral,Aversion,1,0.041666666666666664
M0307,Neutral -> Aversion -> Aversion,Neutral,Aversion,Aversion,1,0.041666666666666664
M0307,Aversion -> Aversion -> Neutral,Aversion,Aversion,Neutral,1,0.041666666666666664
M0307,Aversion -> Neutral -> Neutral,Aversion,Neutral,Neutral,1,0.041666666666666664
M0308,Neutral -> Appreciation -> Appreciation,Neutral,Appreciation,Appreciation,4,0.16666666666666666
M0308,Appreciation -> Appreciation -> Neutral,Appreciation,Appreciation,Neutral,4,0.16666666666666666
M0308,Appreciation -> Appreciation -> Appreciation,Appreciation,Appreciation,Appreciation,3,0.125
M0308,Neutral -> Neutral -> Neutral,Neutral,Neutral,Neutral,2,0.08333333333333333
M0308,Appreciation -> Neutral -> Appreciation,Appreciation,Neutral,Appreciation,2,0.08333333333333333
M0308,Neutral -> Neutral -> Appreciation,Neutral,Neutral,Appreciation,2,0.08333333333333333
M0308,Neutral -> Aversion -> Neutral,Neutral,Aversion,Neutral,1,0.041666666666666664
M0308,Aversion -> Aversion -> Neutral,Aversion,Aversion,Neutral,1,0.041666666666666664
M0308,Neutral -> Aversion -> Aversion,Neutral,Aversion,Aversion,1,0.041666666666666664
M0308,Neutral -> Neutral -> Aversion,Neutral,Neutral,Aversion,1,0.041666666666666664
M0308,Aversion -> Neutral -> Aversion,Aversion,Neutral,Aversion,1,0.041666666666666664
M0308,Aversion -> Neutral -> Neutral,Aversion,Neutral,Neutral,1,0.041666666666666664
M0308,Appreciation -> Neutral -> Neutral,Appreciation,Neutral,Neutral,1,0.041666666666666664
M0309,Neutral -> Neutral -> Neutral,Neutral,Neutral,Neutral,10,0.4166666666666667
M0309,Appreciation -> Appreciation -> Appreciation,Appreciation,Appreciation,Appreciation,3,0.125
M0309,Neutral -> Neutral -> Aversion,Neutral,Neutral,Aversion,2,0.08333333333333333
M0309,Neutral -> Aversion -> Aversion,Neutral,Aversion,Aversion,1,0.041666666666666664
M0309,Aversion -> Aversion -> Neutral,Aversion,Aversion,Neutral,1,0.041666666666666664
M0309,Aversion -> Neutral -> Neutral,Aversion,Neutral,Neutral,1,0.041666666666666664
M0309,Aversion -> Neutral -> Appreciation,Aversion,Neutral,Appreciation,1,0.041666666666666664
M0309,Neutral -> Aversion -> Neutral,Neutral,Aversion,Neutral,1,0.041666666666666664
M0309,Neutral -> Appreciation -> Appreciation,Neutral,Appreciation,Appreciation,1,0.041666666666666664
M0309,Appreciation -> Appreciation -> Neutral,Appreciation,Appreciation,Neutral,1,0.041666666666666664
M0309,Appreciation -> Neutral -> Neutral,Appreciation,Neutral,Neutral,1,0.041666666666666664
M0309,Neutral -> Neutral -> Appreciation,Neutral,Neutral,Appreciation,1,0.041666666666666664
M0310,Neutral -> Neutral -> Neutral,Neutral,Neutral,Neutral,13,0.5416666666666666
M0310,Appreciation -> Appreciation -> Appreciation,Appreciation,Appreciation,Appreciation,5,0.20833333333333334
M0310,Neutral -> Aversion -> Aversion,Neutral,Aversion,Aversion,1,0.041666666666666664
M0310,Neutral -> Neutral -> Aversion,Neutral,Neutral,Aversion,1,0.041666666666666664
M0310,Aversion -> Aversion -> Neutral,Aversion,Aversion,Neutral,1,0.041666666666666664
M0310,Aversion -> Neutral -> Neutral,Aversion,Neutral,Neutral,1,0.041666666666666664
M0310,Neutral -> Neutral -> Appreciation,Neutral,Neutral,Appreciation,1,0.041666666666666664
M0310,Neutral -> Appreciation -> Appreciation,Neutral,Appreciation,Appreciation,1,0.041666666666666664
M0311,Aversion -> Aversion -> Aversion,Aversion,Aversion,Aversion,11,0.4583333333333333
M0311,Neutral -> Neutral -> Neutral,Neutral,Neutral,Neutral,3,0.125
M0311,Neutral -> Aversion -> Aversion,Neutral,Aversion,Aversion,2,0.08333333333333333
M0311,Neutral -> Neutral -> Aversion,Neutral,Neutral,Aversion,2,0.08333333333333333
M0311,Aversion -> Aversion -> Neutral,Aversion,Aversion,Neutral,2,0.08333333333333333
M0311,Aversion -> Neutral -> Aversion,Aversion,Neutral,Aversion,2,0.08333333333333333
M0311,Aversion -> Neutral -> Neutral,Aversion,Neutral,Neutral,1,0.041666666666666664
M0311,Neutral -> Aversion -> Neutral,Neutral,Aversion,Neutral,1,0.041666666666666664
M0312,Neutral -> Neutral -> Neutral,Neutral,Neutral,Neutral,12,0.5
M0312,Appreciation -> Appreciation -> Appreciation,Appreciation,Appreciation,Appreciation,4,0.16666666666666666
M0312,Neutral -> Neutral -> Aversion,Neutral,Neutral,Aversion,1,0.041666666666666664
M0312,Neutral -> Aversion -> Aversion,Neutral,Aversion,Aversion,1,0.041666666666666664
M0312,Aversion -> Aversion -> Neutral,Aversion,Aversion,Neutral,1,0.041666666666666664
M0312,Aversion -> Aversion -> Aversion,Aversion,Aversion,Aversion,1,0.041666666666666664
M0312,Aversion -> Neutral -> Neutral,Aversion,Neutral,Neutral,1,0.041666666666666664
M0312,Neutral -> Neutral -> Appreciation,Neutral,Neutral,Appreciation,1,0.041666666666666664
M0312,Neutral -> Appreciation -> Appreciation,Neutral,Appreciation,Appreciation,1,0.041666666666666664
M0312,Appreciation -> Appreciation -> Neutral,Appreciation,Appreciation,Neutral,1,0.041666666666666664
M0313,Aversion -> Aversion -> Aversion,Aversion,Aversion,Aversion,11,0.4583333333333333
M0313,Neutral -> Aversion -> Aversion,Neutral,Aversion,Aversion,3,0.125
M0313,Neutral -> Neutral -> Aversion,Neutral,Neutral,Aversion,2,0.08333333333333333
M0313,Aversion -> Aversion -> Neutral,Aversion,Aversion,Neutral,2,0.08333333333333333
M0313,Aversion -> Neutral -> Aversion,Aversion,Neutral,Aversion,2,0.08333333333333333
M0313,Neutral -> Neutral -> Neutral,Neutral,Neutral,Neutral,2,0.08333333333333333
M0313,Neutral -> Aversion -> Neutral,Neutral,Aversion,Neutral,1,0.041666666666666664
M0313,Aversion -> Neutral -> Neutral,Aversion,Neutral,Neutral,1,0.041666666666666664
M0314,Neutral -> Neutral -> Neutral,Neutral,Neutral,Neutral,11,0.4583333333333333
M0314,Appreciation -> Appreciation -> Appreciation,Appreciation,Appreciation,Appreciation,9,0.375
M0314,Neutral -> Neutral -> Appreciation,Neutral,Neutral,Appreciation,1,0.041666666666666664
M0314,Neutral -> Appreciation -> Appreciation,Neutral,Appreciation,Appreciation,1,0.041666666666666664
M0314,Appreciation -> Appreciation -> Neutral,Appreciation,Appreciation,Neutral,1,0.041666666666666664
M0314,Appreciation -> Neutral -> Neutral,Appreciation,Neutral,Neutral,1,0.041666666666666664
M0315,Aversion -> Aversion -> Aversion,Aversion,Aversion,Aversion,8,0.3333333333333333
M0315,Neutral -> Neutral -> Neutral,Neutral,Neutral,Neutral,4,0.16666666666666666
M0315,Neutral -> Aversion -> Aversion,Neutral,Aversion,Aversion,3,0.125
M0315,Neutral -> Neutral -> Aversion,Neutral,Neutral,Aversion,3,0.125
M0315,Aversion -> Aversion -> Neutral,Aversion,Aversion,Neutral,2,0.08333333333333333
M0315,Aversion -> Neutral -> Neutral,Aversion,Neutral,Neutral,2,0.08333333333333333
M0315,Aversion -> Neutral -> Aversion,Aversion,Neutral,Aversion,1,0.041666666666666664
M0315,Neutral -> Aversion -> Neutral,Neutral,Aversion,Neutral,1,0.041666666666666664
M0316,Neutral -> Neutral -> Neutral,Neutral,Neutral,Neutral,6,0.25
M0316,Appreciation -> Appreciation -> Appreciation,Appreciation,Appreciation,Appreciation,4,0.16666666666666666
M0316,Aversion -> Neutral -> Neutral,Aversion,Neutral,Neutral,3,0.125
M0316,Neutral -> Neutral -> Appreciation,Neutral,Neutral,Appreciation,2,0.08333333333333333
M0316,Neutral -> Aversion -> Aversion,Neutral,Aversion,Aversion,2,0.08333333333333333
M0316,Aversion -> Aversion -> Neutral,Aversion,Aversion,Neutral,2,0.08333333333333333
M0316,Neutral -> Aversion -> Neutral,Neutral,Aversion,Neutral,1,0.041666666666666664
M0316,Neutral -> Neutral -> Aversion,Neutral,Neutral,Aversion,1,0.041666666666666664
M0316,Neutral -> Appreciation -> Neutral,Neutral,Appreciation,Neutral,1,0.041666666666666664
M0316,Appreciation -> Neutral -> Aversion,Appreciation,Neutral,Aversion,1,0.041666666666666664
M0316,Neutral -> Appreciation -> Appreciation,Neutral,Appreciation,Appreciation,1,0.041666666666666664
M0317,Neutral -> Neutral -> Neutral,Neutral,Neutral,Neutral,8,0.3333333333333333
M0317,Neutral -> Aversion -> Aversion,Neutral,Aversion,Aversion,3,0.125
M0317,Aversion -> Aversion -> Neutral,Aversion,Aversion,Neutral,3,0.125
M0317,Aversion -> Neutral -> Neutral,Aversion,Neutral,Neutral,3,0.125
M0317,Neutral -> Neutral -> Aversion,Neutral,Neutral,Aversion,2,0.08333333333333333
M0317,Neutral -> Aversion -> Neutral,Neutral,Aversion,Neutral,1,0.041666666666666664
M0317,Aversion -> Neutral -> Aversion,Aversion,Neutral,Aversion,1,0.041666666666666664
M0317,Neutral -> Neutral -> Appreciation,Neutral,Neutral,Appreciation,1,0.041666666666666664
M0317,Neutral -> Appreciation -> Neutral,Neutral,Appreciation,Neutral,1,0.041666666666666664
M0317,Appreciation -> Neutral -> Neutral,Appreciation,Neutral,Neutral,1,0.041666666666666664
M0318,Neutral -> Neutral -> Neutral,Neutral,Neutral,Neutral,10,0.4166666666666667
M0318,Appreciation -> Appreciation -> Appreciation,Appreciation,Appreciation,Appreciation,5,0.20833333333333334
M0318,Neutral -> Appreciation -> Appreciation,Neutral,Appreciation,Appreciation,3,0.125
M0318,Neutral -> Neutral -> Appreciation,Neutral,Neutral,Appreciation,2,0.08333333333333333
M0318,Appreciation -> Appreciation -> Neutral,Appreciation,Appreciation,Neutral,2,0.08333333333333333
M0318,Appreciation -> Neutral -> Neutral,Appreciation,Neutral,Neutral,1,0.041666666666666664
M0318,Appreciation -> Neutral -> Appreciation,Appreciation,Neutral,Appreciation,1,0.041666666666666664
M0319,Aversion -> Aversion -> Aversion,Aversion,Aversion,Aversion,8,0.3333333333333333
M0319,Neutral -> Aversion -> Aversion,Neutral,Aversion,Aversion,4,0.16666666666666666
M0319,Aversion -> Neutral -> Aversion,Aversion,Neutral,Aversion,3,0.125
M0319,Aversion -> Aversion -> Neutral,Aversion,Aversion,Neutral,3,0.125
M0319,Neutral -> Neutral -> Neutral,Neutral,Neutral,Neutral,2,0.08333333333333333
M0319,Neutral -> Neutral -> Aversion,Neutral,Neutral,Aversion,2,0.08333333333333333
M0319,Neutral -> Aversion -> Neutral,Neutral,Aversion,Neutral,1,0.041666666666666664
M0319,Aversion -> Neutral -> Neutral,Aversion,Neutral,Neutral,1,0.041666666666666664
M0320,Aversion -> Aversion -> Aversion,Aversion,Aversion,Aversion,6,0.25
M0320,Appreciation -> Appreciation -> Appreciation,Appreciation,Appreciation,Appreciation,5,0.20833333333333334
M0320,Neutral -> Neutral -> Neutral,Neutral,Neutral,Neutral,2,0.08333333333333333
M0320,Neutral -> Neutral -> Aversion,Neutral,Neutral,Aversion,2,0.08333333333333333
M0320,Neutral -> Aversion -> Aversion,Neutral,Aversion,Aversion,2,0.08333333333333333
M0320,Neutral -> Aversion -> Neutral,Neutral,Aversion,Neutral,1,0.041666666666666664
M0320,Aversion -> Neutral -> Neutral,Aversion,Neutral,Neutral,1,0.041666666666666664
M0320,Aversion -> Aversion -> Neutral,Aversion,Aversion,Neutral,1,0.041666666666666664
M0320,Aversion -> Neutral -> Aversion,Aversion,Neutral,Aversion,1,0.041666666666666664
M0320,Aversion -> Aversion -> Appreciation,Aversion,Aversion,Appreciation,1,0.041666666666666664
M0320,Aversion -> Appreciation -> Appreciation,Aversion,Appreciation,Appreciation,1,0.041666666666666664
M0320,Appreciation -> Appreciation -> Neutral,Appreciation,Appreciation,Neutral,1,0.041666666666666664
M0321,Aversion -> Aversion -> Aversion,Aversion,Aversion,Aversion,11,0.4583333333333333
M0321,Aversion -> Aversion -> Neutral,Aversion,Aversion,Neutral,3,0.125
M0321,Neutral -> Aversion -> Aversion,Neutral,Aversion,Aversion,3,0.125
M0321,Neutral -> Neutral -> Aversion,Neutral,Neutral,Aversion,2,0.08333333333333333
M0321,Neutral -> Neutral -> Neutral,Neutral,Neutral,Neutral,2,0.08333333333333333
M0321,Aversion -> Neutral -> Neutral,Aversion,Neutral,Neutral,2,0.08333333333333333
M0321,Aversion -> Neutral -> Aversion,Aversion,Neutral,Aversion,1,0.041666666666666664
M0322,Neutral -> Neutral -> Neutral,Neutral,Neutral,Neutral,9,0.375
M0322,Aversion -> Aversion -> Aversion,Aversion,Aversion,Aversion,7,0.2916666666666667
M0322,Neutral -> Neutral -> Aversion,Neutral,Neutral,Aversion,3,0.125
M0322,Neutral -> Aversion -> Neutral,Neutral,Aversion,Neutral,2,0.08333333333333333
M0322,Aversion -> Neutral -> Neutral,Aversion,Neutral,Neutral,2,0.08333333333333333
M0322,Neutral -> Aversion -> Aversion,Neutral,Aversion,Aversion,1,0.041666666666666664
M0323,Aversion -> Aversion -> Aversion,Aversion,Aversion,Aversion,8,0.3333333333333333
M0323,Neutral -> Neutral -> Neutral,Neutral,Neutral,Neutral,5,0.20833333333333334
M0323,Neutral -> Aversion -> Aversion,Neutral,Aversion,Aversion,3,0.125
M0323,Aversion -> Aversion -> Neutral,Aversion,Aversion,Neutral,2,0.08333333333333333
M0323,Neutral -> Neutral -> Aversion,Neutral,Neutral,Aversion,2,0.08333333333333333
M0323,Aversion -> Neutral -> Neutral,Aversion,Neutral,Neutral,2,0.08333333333333333
M0323,Aversion -> Neutral -> Aversion,Aversion,Neutral,Aversion,1,0.041666666666666664
M0323,Neutral -> Aversion -> Neutral,Neutral,Aversion,Neutral,1,0.041666666666666664
M0324,Neutral -> Neutral -> Neutral,Neutral,Neutral,Neutral,7,0.2916666666666667
M0324,Neutral -> Aversion -> Aversion,Neutral,Aversion,Aversion,4,0.16666666666666666
M0324,Aversion -> Aversion -> Neutral,Aversion,Aversion,Neutral,3,0.125
M0324,Aversion -> Neutral -> Aversion,Aversion,Neutral,Aversion,3,0.125
M0324,Aversion -> Aversion -> Aversion,Aversion,Aversion,Aversion,3,0.125
M0324,Neutral -> Neutral -> Aversion,Neutral,Neutral,Aversion,2,0.08333333333333333
M0324,Aversion -> Neutral -> Neutral,Aversion,Neutral,Neutral,1,0.041666666666666664
M0324,Neutral -> Aversion -> Neutral,Neutral,Aversion,Neutral,1,0.041666666666666664
M0325,Neutral -> Neutral -> Neutral,Neutral,Neutral,Neutral,12,0.5
M0325,Appreciation -> Appreciation -> Appreciation,Appreciation,Appreciation,Appreciation,4,0.16666666666666666
M0325,Neutral -> Appreciation -> Appreciation,Neutral,Appreciation,Appreciation,2,0.08333333333333333
M0325,Neutral -> Neutral -> Appreciation,Neutral,Neutral,Appreciation,2,0.08333333333333333
M0325,Neutral -> Aversion -> Neutral,Neutral,Aversion,Neutral,1,0.041666666666666664
M0325,Aversion -> Neutral -> Neutral,Aversion,Neutral,Neutral,1,0.041666666666666664
M0325,Appreciation -> Appreciation -> Neutral,Appreciation,Appreciation,Neutral,1,0.041666666666666664
M0325,Appreciation -> Neutral -> Neutral,Appreciation,Neutral,Neutral,1,0.041666666666666664
M0326,Aversion -> Aversion -> Aversion,Aversion,Aversion,Aversion,4,0.16666666666666666
M0326,Neutral -> Aversion -> Aversion,Neutral,Aversion,Aversion,4,0.16666666666666666
M0326,Aversion -> Neutral -> Neutral,Aversion,Neutral,Neutral,3,0.125
M0326,Neutral -> Neutral -> Neutral,Neutral,Neutral,Neutral,3,0.125
M0326,Aversion -> Aversion -> Neutral,Aversion,Aversion,Neutral,3,0.125
M0326,Neutral -> Neutral -> Aversion,Neutral,Neutral,Aversion,3,0.125
M0326,Neutral -> Aversion -> Neutral,Neutral,Aversion,Neutral,2,0.08333333333333333
M0326,Aversion -> Neutral -> Aversion,Aversion,Neutral,Aversion,2,0.08333333333333333
M0327,Aversion -> Aversion -> Aversion,Aversion,Aversion,Aversion,9,0.375
M0327,Neutral -> Neutral -> Neutral,Neutral,Neutral,Neutral,7,0.2916666666666667
M0327,Neutral -> Aversion -> Aversion,Neutral,Aversion,Aversion,2,0.08333333333333333
M0327,Aversion -> Neutral -> Neutral,Aversion,Neutral,Neutral,1,0.041666666666666664
M0327,Aversion -> Aversion -> Neutral,Aversion,Aversion,Neutral,1,0.041666666666666664
M0327,Neutral -> Neutral -> Aversion,Neutral,Neutral,Aversion,1,0.041666666666666664
M0327,Aversion -> Aversion -> Appreciation,Aversion,Aversion,Appreciation,1,0.041666666666666664
M0327,Aversion -> Appreciation -> Appreciation,Aversion,Appreciation,Appreciation,1,0.041666666666666664
M0327,Appreciation -> Appreciation -> Neutral,Appreciation,Appreciation,Neutral,1,0.041666666666666664
M0328,Appreciation -> Appreciation -> Appreciation,Appreciation,Appreciation,Appreciation,5,0.20833333333333334
M0328,Aversion -> Aversion -> Aversion,Aversion,Aversion,Aversion,4,0.16666666666666666
M0328,Neutral -> Aversion -> Aversion,Neutral,Aversion,Aversion,2,0.08333333333333333
M0328,Neutral -> Neutral -> Neutral,Neutral,Neutral,Neutral,2,0.08333333333333333
M0328,Neutral -> Appreciation -> Appreciation,Neutral,Appreciation,Appreciation,2,0.08333333333333333
M0328,Aversion -> Aversion -> Neutral,Aversion,Aversion,Neutral,2,0.08333333333333333
M0328,Neutral -> Neutral -> Appreciation,Neutral,Neutral,Appreciation,2,0.08333333333333333
M0328,Neutral -> Neutral -> Aversion,Neutral,Neutral,Aversion,1,0.041666666666666664
M0328,Aversion -> Neutral -> Neutral,Aversion,Neutral,Neutral,1,0.041666666666666664
M0328,Aversion -> Neutral -> Aversion,Aversion,Neutral,Aversion,1,0.041666666666666664
M0328,Appreciation -> Appreciation -> Neutral,Appreciation,Appreciation,Neutral,1,0.041666666666666664
M0328,Appreciation -> Neutral -> Neutral,Appreciation,Neutral,Neutral,1,0.041666666666666664
M0329,Neutral -> Neutral -> Neutral,Neutral,Neutral,Neutral,4,0.16666666666666666
M0329,Neutral -> Aversion -> Aversion,Neutral,Aversion,Aversion,3,0.125
M0329,Neutral -> Neutral -> Aversion,Neutral,Neutral,Aversion,2,0.08333333333333333
M0329,Aversion -> Aversion -> Neutral,Aversion,Aversion,Neutral,2,0.08333333333333333
M0329,Aversion -> Aversion -> Aversion,Aversion,Aversion,Aversion,2,0.08333333333333333
M0329,Appreciation -> Appreciation -> Neutral,Appreciation,Appreciation,Neutral,2,0.08333333333333333
M0329,Aversion -> Neutral -> Aversion,Aversion,Neutral,Aversion,1,0.041666666666666664
M0329,Aversion -> Neutral -> Neutral,Aversion,Neutral,Neutral,1,0.041666666666666664
M0329,Neutral -> Neutral -> Appreciation,Neutral,Neutral,Appreciation,1,0.041666666666666664
M0329,Neutral -> Appreciation -> Appreciation,Neutral,Appreciation,Appreciation,1,0.041666666666666664
M0329,Appreciation -> Neutral -> Neutral,Appreciation,Neutral,Neutral,1,0.041666666666666664
M0329,Aversion -> Aversion -> Appreciation,Aversion,Aversion,Appreciation,1,0.041666666666666664
M0329,Aversion -> Appreciation -> Appreciation,Aversion,Appreciation,Appreciation,1,0.041666666666666664
M0329,Appreciation -> Appreciation -> Appreciation,Appreciation,Appreciation,Appreciation,1,0.041666666666666664
M0329,Appreciation -> Neutral -> Appreciation,Appreciation,Neutral,Appreciation,1,0.041666666666666664
M0330,Neutral -> Neutral -> Neutral,Neutral,Neutral,Neutral,12,0.5
M0330,Neutral -> Neutral -> Aversion,Neutral,Neutral,Aversion,2,0.08333333333333333
M0330,Appreciation -> Appreciation -> Appreciation,Appreciation,Appreciation,Appreciation,2,0.08333333333333333
M0330,Neutral -> Aversion -> Neutral,Neutral,Aversion,Neutral,1,0.041666666666666664
M0330,Aversion -> Neutral -> Neutral,Aversion,Neutral,Neutral,1,0.041666666666666664
M0330,Neutral -> Neutral -> Appreciation,Neutral,Neutral,Appreciation,1,0.041666666666666664
M0330,Neutral -> Appreciation -> Appreciation,Neutral,Appreciation,Appreciation,1,0.041666666666666664
M0330,Appreciation -> Appreciation -> Neutral,Appreciation,Appreciation,Neutral,1,0.041666666666666664
M0330,Appreciation -> Neutral -> Neutral,Appreciation,Neutral,Neutral,1,0.041666666666666664
M0330,Neutral -> Aversion -> Aversion,Neutral,Aversion,Aversion,1,0.041666666666666664
M0330,Aversion -> Aversion -> Neutral,Aversion,Aversion,Neutral,1,0.041666666666666664
M0331,Appreciation -> Appreciation -> Appreciation,Appreciation,Appreciation,Appreciation,7,0.2916666666666667
M0331,Neutral -> Neutral -> Neutral,Neutral,Neutral,Neutral,5,0.20833333333333334
M0331,Aversion -> Aversion -> Aversion,Aversion,Aversion,Aversion,3,0.125
M0331,Neutral -> Aversion -> Aversion,Neutral,Aversion,Aversion,2,0.08333333333333333
M0331,Neutral -> Neutral -> Aversion,Neutral,Neutral,Aversion,1,0.041666666666666664
M0331,Aversion -> Neutral -> Neutral,Aversion,Neutral,Neutral,1,0.041666666666666664
M0331,Aversion -> Aversion -> Neutral,Aversion,Aversion,Neutral,1,0.041666666666666664
M0331,Neutral -> Neutral -> Appreciation,Neutral,Neutral,Appreciation,1,0.041666666666666664
M0331,Neutral -> Appreciation -> Appreciation,Neutral,Appreciation,Appreciation,1,0.041666666666666664
M0331,Appreciation -> Appreciation -> Neutral,Appreciation,Appreciation,Neutral,1,0.041666666666666664
M0331,Appreciation -> Neutral -> Aversion,Appreciation,Neutral,Aversion,1,0.041666666666666664
M0332,Aversion -> Aversion -> Aversion,Aversion,Aversion,Aversion,13,0.5416666666666666
M0332,Neutral -> Neutral -> Aversion,Neutral,Neutral,Aversion,3,0.125
M0332,Neutral -> Aversion -> Aversion,Neutral,Aversion,Aversion,3,0.125
M0332,Aversion -> Aversion -> Neutral,Aversion,Aversion,Neutral,2,0.08333333333333333
M0332,Aversion -> Neutral -> Neutral,Aversion,Neutral,Neutral,2,0.08333333333333333
M0332,Neutral -> Neutral -> Neutral,Neutral,Neutral,Neutral,1,0.041666666666666664
M0333,Neutral -> Neutral -> Neutral,Neutral,Neutral,Neutral,11,0.4583333333333333
M0333,Neutral -> Aversion -> Neutral,Neutral,Aversion,Neutral,3,0.125
M0333,Aversion -> Neutral -> Aversion,Aversion,Neutral,Aversion,2,0.08333333333333333
M0333,Neutral -> Neutral -> Aversion,Neutral,Neutral,Aversion,1,0.041666666666666664
M0333,Aversion -> Neutral -> Neutral,Aversion,Neutral,Neutral,1,0.041666666666666664
M0333,Neutral -> Appreciation -> Neutral,Neutral,Appreciation,Neutral,1,0.041666666666666664
M0333,Neutral -> Neutral -> Appreciation,Neutral,Neutral,Appreciation,1,0.041666666666666664
M0333,Appreciation -> Neutral -> Aversion,Appreciation,Neutral,Aversion,1,0.041666666666666664
M0333,Neutral -> Aversion -> Aversion,Neutral,Aversion,Aversion,1,0.041666666666666664
M0333,Aversion -> Aversion -> Aversion,Aversion,Aversion,Aversion,1,0.041666666666666664
M0333,Aversion -> Aversion -> Neutral,Aversion,Aversion,Neutral,1,0.041666666666666664
M0334,Neutral -> Neutral -> Neutral,Neutral,Neutral,Neutral,12,0.5
M0334,Aversion -> Aversion -> Aversion,Aversion,Aversion,Aversion,2,0.08333333333333333
M0334,Appreciation -> Appreciation -> Appreciation,Appreciation,Appreciation,Appreciation,2,0.08333333333333333
M0334,Neutral -> Aversion -> Neutral,Neutral,Aversion,Neutral,1,0.041666666666666664
M0334,Neutral -> Neutral -> Aversion,Neutral,Neutral,Aversion,1,0.041666666666666664
M0334,Neutral -> Neutral -> Appreciation,Neutral,Neutral,Appreciation,1,0.041666666666666664
M0334,Aversion -> Neutral -> Neutral,Aversion,Neutral,Neutral,1,0.041666666666666664
M0334,Neutral -> Appreciation -> Appreciation,Neutral,Appreciation,Appreciation,1,0.041666666666666664
M0334,Appreciation -> Appreciation -> Neutral,Appreciation,Appreciation,Neutral,1,0.041666666666666664
M0334,Appreciation -> Neutral -> Aversion,Appreciation,Neutral,Aversion,1,0.041666666666666664
M0334,Neutral -> Aversion -> Aversion,Neutral,Aversion,Aversion,1,0.041666666666666664
M0335,Neutral -> Neutral -> Neutral,Neutral,Neutral,Neutral,6,0.25
M0335,Aversion -> Aversion -> Aversion,Aversion,Aversion,Aversion,5,0.20833333333333334
M0335,Neutral -> Aversion -> Aversion,Neutral,Aversion,Aversion,4,0.16666666666666666
M0335,Neutral -> Neutral -> Aversion,Neutral,Neutral,Aversion,3,0.125
M0335,Aversion -> Aversion -> Neutral,Aversion,Aversion,Neutral,3,0.125
M0335,Aversion -> Neutral -> Neutral,Aversion,Neutral,Neutral,2,0.08333333333333333
M0335,Aversion -> Neutral -> Aversion,Aversion,Neutral,Aversion,1,0.041666666666666664
M0336,Aversion -> Aversion -> Aversion,Aversion,Aversion,Aversion,6,0.25
M0336,Neutral -> Neutral -> Aversion,Neutral,Neutral,Aversion,3,0.125
M0336,Appreciation -> Appreciation -> Appreciation,Appreciation,Appreciation,Appreciation,3,0.125
M0336,Neutral -> Aversion -> Aversion,Neutral,Aversion,Aversion,2,0.08333333333333333
M0336,Aversion -> Aversion -> Neutral,Aversion,Aversion,Neutral,2,0.08333333333333333
M0336,Neutral -> Neutral -> Neutral,Neutral,Neutral,Neutral,2,0.08333333333333333
M0336,Aversion -> Neutral -> Neutral,Aversion,Neutral,Neutral,2,0.08333333333333333
M0336,Neutral -> Neutral -> Appreciation,Neutral,Neutral,Appreciation,1,0.041666666666666664
M0336,Neutral -> Appreciation -> Appreciation,Neutral,Appreciation,Appreciation,1,0.041666666666666664
M0336,Appreciation -> Appreciation -> Neutral,Appreciation,Appreciation,Neutral,1,0.041666666666666664
M0336,Appreciation -> Neutral -> Neutral,Appreciation,Neutral,Neutral,1,0.041666666666666664
M0337,Aversion -> Aversion -> Aversion,Aversion,Aversion,Aversion,6,0.25
M0337,Neutral -> Aversion -> Aversion,Neutral,Aversion,Aversion,4,0.16666666666666666
M0337,Neutral -> Neutral -> Aversion,Neutral,Neutral,Aversion,3,0.125
M0337,Aversion -> Aversion -> Neutral,Aversion,Aversion,Neutral,3,0.125
M0337,Neutral -> Neutral -> Neutral,Neutral,Neutral,Neutral,3,0.125
M0337,Aversion -> Neutral -> Neutral,Aversion,Neutral,Neutral,2,0.08333333333333333
M0337,Aversion -> Neutral -> Aversion,Aversion,Neutral,Aversion,2,0.08333333333333333
M0337,Neutral -> Aversion -> Neutral,Neutral,Aversion,Neutral,1,0.041666666666666664
M0338,Neutral -> Neutral -> Neutral,Neutral,Neutral,Neutral,4,0.16666666666666666
M0338,Neutral -> Aversion -> Aversion,Neutral,Aversion,Aversion,4,0.16666666666666666
M0338,Aversion -> Neutral -> Aversion,Aversion,Neutral,Aversion,3,0.125
M0338,Neutral -> Neutral -> Aversion,Neutral,Neutral,Aversion,3,0.125
M0338,Aversion -> Aversion -> Neutral,Aversion,Aversion,Neutral,3,0.125
M0338,Aversion -> Aversion -> Aversion,Aversion,Aversion,Aversion,3,0.125
M0338,Neutral -> Aversion -> Neutral,Neutral,Aversion,Neutral,2,0.08333333333333333
M0338,Aversion -> Neutral -> Neutral,Aversion,Neutral,Neutral,2,0.08333333333333333
M0339,Neutral -> Neutral -> Neutral,Neutral,Neutral,Neutral,12,0.5
M0339,Neutral -> Neutral -> Aversion,Neutral,Neutral,Aversion,3,0.125
M0339,Neutral -> Aversion -> Aversion,Neutral,Aversion,Aversion,3,0.125
M0339,Aversion -> Aversion -> Neutral,Aversion,Aversion,Neutral,2,0.08333333333333333
M0339,Aversion -> Neutral -> Neutral,Aversion,Neutral,Neutral,2,0.08333333333333333
M0339,Aversion -> Aversion -> Aversion,Aversion,Aversion,Aversion,2,0.08333333333333333
M0340,Appreciation -> Appreciation -> Appreciation,Appreciation,Appreciation,Appreciation,11,0.4583333333333333
M0340,Neutral -> Neutral -> Neutral,Neutral,Neutral,Neutral,6,0.25
M0340,Neutral -> Aversion -> Neutral,Neutral,Aversion,Neutral,2,0.08333333333333333
M0340,Neutral -> Neutral -> Aversion,Neutral,Neutral,Aversion,1,0.041666666666666664
M0340,Aversion -> Neutral -> Aversion,Aversion,Neutral,Aversion,1,0.041666666666666664
M0340,Aversion -> Neutral -> Neutral,Aversion,Neutral,Neutral,1,0.041666666666666664
M0340,Neutral -> Neutral -> Appreciation,Neutral,Neutral,Appreciation,1,0.041666666666666664
M0340,Neutral -> Appreciation -> Appreciation,Neutral,Appreciation,Appreciation,1,0.041666666666666664
M0341,Neutral -> Neutral -> Neutral,Neutral,Neutral,Neutral,13,0.5416666666666666
M0341,Neutral -> Neutral -> Aversion,Neutral,Neutral,Aversion,2,0.08333333333333333
M0341,Neutral -> Aversion -> Aversion,Neutral,Aversion,Aversion,2,0.08333333333333333
M0341,Aversion -> Aversion -> Neutral,Aversion,Aversion,Neutral,2,0.08333333333333333
M0341,Aversion -> Neutral -> Neutral,Aversion,Neutral,Neutral,2,0.08333333333333333
M0341,Aversion -> Neutral -> Aversion,Aversion,Neutral,Aversion,1,0.041666666666666664
M0341,Neutral -> Aversion -> Neutral,Neutral,Aversion,Neutral,1,0.041666666666666664
M0341,Neutral -> Neutral -> Appreciation,Neutral,Neutral,Appreciation,1,0.041666666666666664
M0342,Aversion -> Aversion -> Aversion,Aversion,Aversion,Aversion,6,0.25
M0342,Neutral -> Neutral -> Neutral,Neutral,Neutral,Neutral,5,0.20833333333333334
M0342,Neutral -> Aversion -> Aversion,Neutral,Aversion,Aversion,4,0.16666666666666666
M0342,Neutral -> Neutral -> Aversion,Neutral,Neutral,Aversion,3,0.125
M0342,Aversion -> Aversion -> Neutral,Aversion,Aversion,Neutral,3,0.125
M0342,Aversion -> Neutral -> Neutral,Aversion,Neutral,Neutral,2,0.08333333333333333
M0342,Aversion -> Neutral -> Aversion,Aversion,Neutral,Aversion,1,0.041666666666666664
M0343,Aversion -> Aversion -> Aversion,Aversion,Aversion,Aversion,7,0.2916666666666667
M0343,Neutral -> Aversion -> Aversion,Neutral,Aversion,Aversion,4,0.16666666666666666
M0343,Aversion -> Aversion -> Neutral,Aversion,Aversion,Neutral,3,0.125
M0343,Neutral -> Neutral -> Neutral,Neutral,Neutral,Neutral,2,0.08333333333333333
M0343,Neutral -> Neutral -> Aversion,Neutral,Neutral,Aversion,2,0.08333333333333333
M0343,Aversion -> Neutral -> Aversion,Aversion,Neutral,Aversion,2,0.08333333333333333
M0343,Aversion -> Neutral -> Neutral,Aversion,Neutral,Neutral,1,0.041666666666666664
M0343,Aversion -> Aversion -> Appreciation,Aversion,Aversion,Appreciation,1,0.041666666666666664
M0343,Aversion -> Appreciation -> Appreciation,Aversion,Appreciation,Appreciation,1,0.041666666666666664
M0343,Appreciation -> Appreciation -> Appreciation,Appreciation,Appreciation,Appreciation,1,0.041666666666666664
M0344,Neutral -> Neutral -> Neutral,Neutral,Neutral,Neutral,11,0.4583333333333333
M0344,Neutral -> Neutral -> Aversion,Neutral,Neutral,Aversion,2,0.08333333333333333
M0344,Neutral -> Aversion -> Aversion,Neutral,Aversion,Aversion,2,0.08333333333333333
M0344,Aversion -> Aversion -> Neutral,Aversion,Aversion,Neutral,2,0.08333333333333333
M0344,Aversion -> Neutral -> Neutral,Aversion,Neutral,Neutral,1,0.041666666666666664
M0344,Neutral -> Neutral -> Appreciation,Neutral,Neutral,Appreciation,1,0.041666666666666664
M0344,Neutral -> Appreciation -> Appreciation,Neutral,Appreciation,Appreciation,1,0.041666666666666664
M0344,Appreciation -> Appreciation -> Neutral,Appreciation,Appreciation,Neutral,1,0.041666666666666664
M0344,Appreciation -> Neutral -> Neutral,Appreciation,Neutral,Neutral,1,0.041666666666666664
M0344,Aversion -> Aversion -> Aversion,Aversion,Aversion,Aversion,1,0.041666666666666664
M0344,Aversion -> Neutral -> Aversion,Aversion,Neutral,Aversion,1,0.041666666666666664
M0345,Appreciation -> Appreciation -> Appreciation,Appreciation,Appreciation,Appreciation,11,0.4583333333333333
M0345,Neutral -> Neutral -> Neutral,Neutral,Neutral,Neutral,8,0.3333333333333333
M0345,Neutral -> Neutral -> Aversion,Neutral,Neutral,Aversion,1,0.041666666666666664
M0345,Neutral -> Aversion -> Neutral,Neutral,Aversion,Neutral,1,0.041666666666666664
M0345,Aversion -> Neutral -> Neutral,Aversion,Neutral,Neutral,1,0.041666666666666664
M0345,Neutral -> Neutral -> Appreciation,Neutral,Neutral,Appreciation,1,0.041666666666666664
M0345,Neutral -> Appreciation -> Appreciation,Neutral,Appreciation,Appreciation,1,0.041666666666666664
M0346,Neutral -> Neutral -> Neutral,Neutral,Neutral,Neutral,13,0.5416666666666666
M0346,Appreciation -> Appreciation -> Appreciation,Appreciation,Appreciation,Appreciation,6,0.25
M0346,Neutral -> Appreciation -> Appreciation,Neutral,Appreciation,Appreciation,2,0.08333333333333333
M0346,Neutral -> Neutral -> Appreciation,Neutral,Neutral,Appreciation,1,0.041666666666666664
M0346,Appreciation -> Appreciation -> Neutral,Appreciation,Appreciation,Neutral,1,0.041666666666666664
M0346,Appreciation -> Neutral -> Appreciation,Appreciation,Neutral,Appreciation,1,0.041666666666666664
M0347,Neutral -> Neutral -> Neutral,Neutral,Neutral,Neutral,6,0.25
M0347,Appreciation -> Appreciation -> Appreciation,Appreciation,Appreciation,Appreciation,4,0.16666666666666666
M0347,Aversion -> Neutral -> Neutral,Aversion,Neutral,Neutral,3,0.125
M0347,Neutral -> Aversion -> Aversion,Neutral,Aversion,Aversion,2,0.08333333333333333
M0347,Aversion -> Aversion -> Neutral,Aversion,Aversion,Neutral,2,0.08333333333333333
M0347,Neutral -> Neutral -> Aversion,Neutral,Neutral,Aversion,2,0.08333333333333333
M0347,Aversion -> Aversion -> Aversion,Aversion,Aversion,Aversion,1,0.041666666666666664
M0347,Neutral -> Aversion -> Neutral,Neutral,Aversion,Neutral,1,0.041666666666666664
M0347,Neutral -> Neutral -> Appreciation,Neutral,Neutral,Appreciation,1,0.041666666666666664
M0347,Neutral -> Appreciation -> Appreciation,Neutral,Appreciation,Appreciation,1,0.041666666666666664
M0347,Appreciation -> Appreciation -> Neutral,Appreciation,Appreciation,Neutral,1,0.041666666666666664
M0348,Appreciation -> Appreciation -> Appreciation,Appreciation,Appreciation,Appreciation,6,0.25
M0348,Neutral -> Neutral -> Neutral,Neutral,Neutral,Neutral,5,0.20833333333333334
M0348,Neutral -> Neutral -> Aversion,Neutral,Neutral,Aversion,2,0.08333333333333333
M0348,Neutral -> Aversion -> Neutral,Neutral,Aversion,Neutral,2,0.08333333333333333
M0348,Neutral -> Aversion -> Aversion,Neutral,Aversion,Aversion,2,0.08333333333333333
M0348,Aversion -> Neutral -> Aversion,Aversion,Neutral,Aversion,2,0.08333333333333333
M0348,Aversion -> Aversion -> Neutral,Aversion,Aversion,Neutral,2,0.08333333333333333
M0348,Aversion -> Neutral -> Neutral,Aversion,Neutral,Neutral,1,0.041666666666666664
M0348,Aversion -> Neutral -> Appreciation,Aversion,Neutral,Appreciation,1,0.041666666666666664
M0348,Neutral -> Appreciation -> Appreciation,Neutral,Appreciation,Appreciation,1,0.041666666666666664
M0349,Appreciation -> Appreciation -> Appreciation,Appreciation,Appreciation,Appreciation,7,0.2916666666666667
M0349,Neutral -> Neutral -> Neutral,Neutral,Neutral,Neutral,4,0.16666666666666666
M0349,Neutral -> Aversion -> Aversion,Neutral,Aversion,Aversion,2,0.08333333333333333
M0349,Neutral -> Neutral -> Aversion,Neutral,Neutral,Aversion,2,0.08333333333333333
M0349,Aversion -> Aversion -> Neutral,Aversion,Aversion,Neutral,2,0.08333333333333333
M0349,Aversion -> Neutral -> Aversion,Aversion,Neutral,Aversion,1,0.041666666666666664
M0349,Aversion -> Neutral -> Neutral,Aversion,Neutral,Neutral,1,0.041666666666666664
M0349,Neutral -> Aversion -> Neutral,Neutral,Aversion,Neutral,1,0.041666666666666664
M0349,Aversion -> Neutral -> Appreciation,Aversion,Neutral,Appreciation,1,0.041666666666666664
M0349,Neutral -> Appreciation -> Appreciation,Neutral,Appreciation,Appreciation,1,0.041666666666666664
M0349,Appreciation -> Appreciation -> Neutral,Appreciation,Appreciation,Neutral,1,0.041666666666666664
M0349,Appreciation -> Neutral -> Aversion,Appreciation,Neutral,Aversion,1,0.041666666666666664
M0350,Neutral -> Neutral -> Neutral,Neutral,Neutral,Neutral,4,0.16666666666666666
M0350,Neutral -> Neutral -> Aversion,Neutral,Neutral,Aversion,3,0.125
M0350,Neutral -> Aversion -> Aversion,Neutral,Aversion,Aversion,3,0.125
M0350,Aversion -> Aversion -> Neutral,Aversion,Aversion,Neutral,3,0.125
M0350,Aversion -> Aversion -> Aversion,Aversion,Aversion,Aversion,2,0.08333333333333333
M0350,Aversion -> Neutral -> Neutral,Aversion,Neutral,Neutral,2,0.08333333333333333
M0350,Appreciation -> Appreciation -> Appreciation,Appreciation,Appreciation,Appreciation,2,0.08333333333333333
M0350,Neutral -> Neutral -> Appreciation,Neutral,Neutral,Appreciation,1,0.041666666666666664
M0350,Neutral -> Appreciation -> Appreciation,Neutral,Appreciation,Appreciation,1,0.041666666666666664
M0350,Appreciation -> Appreciation -> Neutral,Appreciation,Appreciation,Neutral,1,0.041666666666666664
M0350,Appreciation -> Neutral -> Neutral,Appreciation,Neutral,Neutral,1,0.041666666666666664
M0350,Aversion -> Neutral -> Aversion,Aversion,Neutral,Aversion,1,0.041666666666666664
M0351,Neutral -> Neutral -> Neutral,Neutral,Neutral,Neutral,9,0.375
M0351,Appreciation -> Appreciation -> Appreciation,Appreciation,Appreciation,Appreciation,7,0.2916666666666667
M0351,Neutral -> Neutral -> Aversion,Neutral,Neutral,Aversion,2,0.08333333333333333
M0351,Aversion -> Neutral -> Neutral,Aversion,Neutral,Neutral,1,0.041666666666666664
M0351,Neutral -> Aversion -> Neutral,Neutral,Aversion,Neutral,1,0.041666666666666664
M0351,Neutral -> Neutral -> Appreciation,Neutral,Neutral,Appreciation,1,0.041666666666666664
M0351,Neutral -> Appreciation -> Appreciation,Neutral,Appreciation,Appreciation,1,0.041666666666666664
M0351,Appreciation -> Appreciation -> Neutral,Appreciation,Appreciation,Neutral,1,0.041666666666666664
M0351,Appreciation -> Neutral -> Neutral,Appreciation,Neutral,Neutral,1,0.041666666666666664
M0352,Aversion -> Aversion -> Aversion,Aversion,Aversion,Aversion,4,0.16666666666666666
M0352,Neutral -> Aversion -> Aversion,Neutral,Aversion,Aversion,4,0.16666666666666666
M0352,Aversion -> Neutral -> Aversion,Aversion,Neutral,Aversion,4,0.16666666666666666
M0352,Aversion -> Aversion -> Neutral,Aversion,Aversion,Neutral,4,0.16666666666666666
M0352,Neutral -> Neutral -> Neutral,Neutral,Neutral,Neutral,3,0.125
M0352,Neutral -> Neutral -> Aversion,Neutral,Neutral,Aversion,2,0.08333333333333333
M0352,Neutral -> Aversion -> Neutral,Neutral,Aversion,Neutral,2,0.08333333333333333
M0352,Aversion -> Neutral -> Neutral,Aversion,Neutral,Neutral,1,0.041666666666666664
M0353,Appreciation -> Appreciation -> Appreciation,Appreciation,Appreciation,Appreciation,8,0.3333333333333333
M0353,Aversion -> Aversion -> Aversion,Aversion,Aversion,Aversion,4,0.16666666666666666
M0353,Neutral -> Neutral -> Aversion,Neutral,Neutral,Aversion,2,0.08333333333333333
M0353,Neutral -> Appreciation -> Appreciation,Neutral,Appreciation,Appreciation,2,0.08333333333333333
M0353,Neutral -> Aversion -> Aversion,Neutral,Aversion,Aversion,1,0.041666666666666664
M0353,Aversion -> Neutral -> Neutral,Aversion,Neutral,Neutral,1,0.041666666666666664
M0353,Neutral -> Aversion -> Neutral,Neutral,Aversion,Neutral,1,0.041666666666666664
M0353,Aversion -> Aversion -> Neutral,Aversion,Aversion,Neutral,1,0.041666666666666664
M0353,Aversion -> Neutral -> Appreciation,Aversion,Neutral,Appreciation,1,0.041666666666666664
M0353,Appreciation -> Appreciation -> Neutral,Appreciation,Appreciation,Neutral,1,0.041666666666666664
M0353,Appreciation -> Neutral -> Neutral,Appreciation,Neutral,Neutral,1,0.041666666666666664
M0353,Neutral -> Neutral -> Appreciation,Neutral,Neutral,Appreciation,1,0.041666666666666664
M0354,Neutral -> Neutral -> Neutral,Neutral,Neutral,Neutral,8,0.3333333333333333
M0354,Aversion -> Aversion -> Aversion,Aversion,Aversion,Aversion,7,0.2916666666666667
M0354,Neutral -> Neutral -> Aversion,Neutral,Neutral,Aversion,3,0.125
M0354,Neutral -> Aversion -> Aversion,Neutral,Aversion,Aversion,2,0.08333333333333333
M0354,Aversion -> Neutral -> Neutral,Aversion,Neutral,Neutral,2,0.08333333333333333
M0354,Neutral -> Aversion -> Neutral,Neutral,Aversion,Neutral,1,0.041666666666666664
M0354,Aversion -> Aversion -> Neutral,Aversion,Aversion,Neutral,1,0.041666666666666664
M0355,Aversion -> Aversion -> Aversion,Aversion,Aversion,Aversion,5,0.20833333333333334
M0355,Neutral -> Aversion -> Aversion,Neutral,Aversion,Aversion,3,0.125
M0355,Neutral -> Neutral -> Neutral,Neutral,Neutral,Neutral,3,0.125
M0355,Aversion -> Neutral -> Aversion,Aversion,Neutral,Aversion,3,0.125
M0355,Neutral -> Neutral -> Aversion,Neutral,Neutral,Aversion,2,0.08333333333333333
M0355,Neutral -> Aversion -> Neutral,Neutral,Aversion,Neutral,2,0.08333333333333333
M0355,Aversion -> Aversion -> Neutral,Aversion,Aversion,Neutral,2,0.08333333333333333
M0355,Aversion -> Neutral -> Neutral,Aversion,Neutral,Neutral,1,0.041666666666666664
M0355,Aversion -> Aversion -> Appreciation,Aversion,Aversion,Appreciation,1,0.041666666666666664
M0355,Aversion -> Appreciation -> Appreciation,Aversion,Appreciation,Appreciation,1,0.041666666666666664
M0355,Appreciation -> Appreciation -> Appreciation,Appreciation,Appreciation,Appreciation,1,0.041666666666666664
M0356,Neutral -> Neutral -> Neutral,Neutral,Neutral,Neutral,8,0.3333333333333333
M0356,Appreciation -> Appreciation -> Appreciation,Appreciation,Appreciation,Appreciation,4,0.16666666666666666
M0356,Neutral -> Neutral -> Aversion,Neutral,Neutral,Aversion,2,0.08333333333333333
M0356,Neutral -> Aversion -> Neutral,Neutral,Aversion,Neutral,2,0.08333333333333333
M0356,Aversion -> Neutral -> Neutral,Aversion,Neutral,Neutral,2,0.08333333333333333
M0356,Aversion -> Neutral -> Aversion,Aversion,Neutral,Aversion,1,0.041666666666666664
M0356,Neutral -> Aversion -> Aversion,Neutral,Aversion,Aversion,1,0.041666666666666664
M0356,Aversion -> Aversion -> Neutral,Aversion,Aversion,Neutral,1,0.041666666666666664
M0356,Aversion -> Aversion -> Aversion,Aversion,Aversion,Aversion,1,0.041666666666666664
M0356,Neutral -> Neutral -> Appreciation,Neutral,Neutral,Appreciation,1,0.041666666666666664
M0356,Neutral -> Appreciation -> Appreciation,Neutral,Appreciation,Appreciation,1,0.041666666666666664
M0357,Neutral -> Neutral -> Neutral,Neutral,Neutral,Neutral,10,0.4166666666666667
M0357,Neutral -> Neutral -> Aversion,Neutral,Neutral,Aversion,3,0.125
M0357,Aversion -> Aversion -> Aversion,Aversion,Aversion,Aversion,3,0.125
M0357,Aversion -> Neutral -> Neutral,Aversion,Neutral,Neutral,2,0.08333333333333333
M0357,Neutral -> Aversion -> Aversion,Neutral,Aversion,Aversion,1,0.041666666666666664
M0357,Aversion -> Aversion -> Neutral,Aversion,Aversion,Neutral,1,0.041666666666666664
M0357,Neutral -> Aversion -> Neutral,Neutral,Aversion,Neutral,1,0.041666666666666664
M0357,Neutral -> Neutral -> Appreciation,Neutral,Neutral,Appreciation,1,0.041666666666666664
M0357,Neutral -> Appreciation -> Neutral,Neutral,Appreciation,Neutral,1,0.041666666666666664
M0357,Appreciation -> Neutral -> Neutral,Appreciation,Neutral,Neutral,1,0.041666666666666664
M0358,Neutral -> Neutral -> Neutral,Neutral,Neutral,Neutral,12,0.5
M0358,Aversion -> Aversion -> Aversion,Aversion,Aversion,Aversion,5,0.20833333333333334
M0358,Neutral -> Aversion -> Aversion,Neutral,Aversion,Aversion,2,0.08333333333333333
M0358,Neutral -> Aversion -> Neutral,Neutral,Aversion,Neutral,1,0.041666666666666664
M0358,Neutral -> Neutral -> Aversion,Neutral,Neutral,Aversion,1,0.041666666666666664
M0358,Aversion -> Neutral -> Neutral,Aversion,Neutral,Neutral,1,0.041666666666666664
M0358,Aversion -> Aversion -> Neutral,Aversion,Aversion,Neutral,1,0.041666666666666664
M0358,Aversion -> Neutral -> Aversion,Aversion,Neutral,Aversion,1,0.041666666666666664
M0359,Appreciation -> Appreciation -> Appreciation,Appreciation,Appreciation,Appreciation,5,0.20833333333333334
M0359,Neutral -> Neutral -> Neutral,Neutral,Neutral,Neutral,4,0.16666666666666666
M0359,Aversion -> Aversion -> Aversion,Aversion,Aversion,Aversion,3,0.125
M0359,Neutral -> Aversion -> Aversion,Neutral,Aversion,Aversion,3,0.125
M0359,Aversion -> Aversion -> Neutral,Aversion,Aversion,Neutral,3,0.125
M0359,Neutral -> Neutral -> Aversion,Neutral,Neutral,Aversion,2,0.08333333333333333
M0359,Aversion -> Neutral -> Aversion,Aversion,Neutral,Aversion,1,0.041666666666666664
M0359,Aversion -> Neutral -> Neutral,Aversion,Neutral,Neutral,1,0.041666666666666664
M0359,Aversion -> Neutral -> Appreciation,Aversion,Neutral,Appreciation,1,0.041666666666666664
M0359,Neutral -> Appreciation -> Appreciation,Neutral,Appreciation,Appreciation,1,0.041666666666666664
M0360,Appreciation -> Appreciation -> Appreciation,Appreciation,Appreciation,Appreciation,8,0.3333333333333333
M0360,Neutral -> Neutral -> Neutral,Neutral,Neutral,Neutral,3,0.125
M0360,Aversion -> Aversion -> Aversion,Aversion,Aversion,Aversion,3,0.125
M0360,Neutral -> Appreciation -> Appreciation,Neutral,Appreciation,Appreciation,2,0.08333333333333333
M0360,Neutral -> Neutral -> Appreciation,Neutral,Neutral,Appreciation,2,0.08333333333333333
M0360,Neutral -> Aversion -> Aversion,Neutral,Aversion,Aversion,1,0.041666666666666664
M0360,Neutral -> Neutral -> Aversion,Neutral,Neutral,Aversion,1,0.041666666666666664
M0360,Aversion -> Aversion -> Neutral,Aversion,Aversion,Neutral,1,0.041666666666666664
M0360,Aversion -> Neutral -> Neutral,Aversion,Neutral,Neutral,1,0.041666666666666664
M0360,Appreciation -> Appreciation -> Neutral,Appreciation,Appreciation,Neutral,1,0.041666666666666664
M0360,Appreciation -> Neutral -> Neutral,Appreciation,Neutral,Neutral,1,0.041666666666666664
M0361,Neutral -> Neutral -> Neutral,Neutral,Neutral,Neutral,7,0.2916666666666667
M0361,Aversion -> Aversion -> Aversion,Aversion,Aversion,Aversion,5,0.20833333333333334
M0361,Neutral -> Neutral -> Aversion,Neutral,Neutral,Aversion,2,0.08333333333333333
M0361,Neutral -> Aversion -> Aversion,Neutral,Aversion,Aversion,2,0.08333333333333333
M0361,Appreciation -> Appreciation -> Appreciation,Appreciation,Appreciation,Appreciation,2,0.08333333333333333
M0361,Aversion -> Neutral -> Aversion,Aversion,Neutral,Aversion,1,0.041666666666666664
M0361,Aversion -> Aversion -> Neutral,Aversion,Aversion,Neutral,1,0.041666666666666664
M0361,Aversion -> Aversion -> Appreciation,Aversion,Aversion,Appreciation,1,0.041666666666666664
M0361,Aversion -> Appreciation -> Appreciation,Aversion,Appreciation,Appreciation,1,0.041666666666666664
M0361,Appreciation -> Appreciation -> Neutral,Appreciation,Appreciation,Neutral,1,0.041666666666666664
M0361,Appreciation -> Neutral -> Neutral,Appreciation,Neutral,Neutral,1,0.041666666666666664
M0362,Neutral -> Neutral -> Neutral,Neutral,Neutral,Neutral,9,0.375
M0362,Neutral -> Neutral -> Aversion,Neutral,Neutral,Aversion,4,0.16666666666666666
M0362,Neutral -> Aversion -> Neutral,Neutral,Aversion,Neutral,3,0.125
M0362,Aversion -> Neutral -> Neutral,Aversion,Neutral,Neutral,3,0.125
M0362,Neutral -> Aversion -> Aversion,Neutral,Aversion,Aversion,2,0.08333333333333333
M0362,Aversion -> Aversion -> Neutral,Aversion,Aversion,Neutral,2,0.08333333333333333
M0362,Aversion -> Neutral -> Aversion,Aversion,Neutral,Aversion,1,0.041666666666666664
M0363,Appreciation -> Appreciation -> Appreciation,Appreciation,Appreciation,Appreciation,11,0.4583333333333333
M0363,Neutral -> Neutral -> Neutral,Neutral,Neutral,Neutral,8,0.3333333333333333
M0363,Neutral -> Appreciation -> Appreciation,Neutral,Appreciation,Appreciation,2,0.08333333333333333
M0363,Neutral -> Neutral -> Appreciation,Neutral,Neutral,Appreciation,1,0.041666666666666664
M0363,Appreciation -> Appreciation -> Neutral,Appreciation,Appreciation,Neutral,1,0.041666666666666664
M0363,Appreciation -> Neutral -> Appreciation,Appreciation,Neutral,Appreciation,1,0.041666666666666664
M0364,Aversion -> Aversion -> Aversion,Aversion,Aversion,Aversion,13,0.5416666666666666
M0364,Neutral -> Aversion -> Aversion,Neutral,Aversion,Aversion,4,0.16666666666666666
M0364,Aversion -> Aversion -> Neutral,Aversion,Aversion,Neutral,3,0.125
M0364,Aversion -> Neutral -> Aversion,Aversion,Neutral,Aversion,3,0.125
M0364,Neutral -> Neutral -> Aversion,Neutral,Neutral,Aversion,1,0.041666666666666664
M0365,Aversion -> Aversion -> Aversion,Aversion,Aversion,Aversion,10,0.4166666666666667
M0365,Neutral -> Aversion -> Aversion,Neutral,Aversion,Aversion,5,0.20833333333333334
M0365,Aversion -> Aversion -> Neutral,Aversion,Aversion,Neutral,4,0.16666666666666666
M0365,Aversion -> Neutral -> Aversion,Aversion,Neutral,Aversion,4,0.16666666666666666
M0365,Neutral -> Neutral -> Aversion,Neutral,Neutral,Aversion,1,0.041666666666666664
M0366,Neutral -> Neutral -> Neutral,Neutral,Neutral,Neutral,7,0.2916666666666667
M0366,Appreciation -> Appreciation -> Appreciation,Appreciation,Appreciation,Appreciation,3,0.125
M0366,Neutral -> Neutral -> Aversion,Neutral,Neutral,Aversion,2,0.08333333333333333
M0366,Neutral -> Aversion -> Aversion,Neutral,Aversion,Aversion,2,0.08333333333333333
M0366,Aversion -> Neutral -> Neutral,Aversion,Neutral,Neutral,2,0.08333333333333333
M0366,Aversion -> Aversion -> Neutral,Aversion,Aversion,Neutral,2,0.08333333333333333
M0366,Neutral -> Aversion -> Neutral,Neutral,Aversion,Neutral,2,0.08333333333333333
M0366,Aversion -> Neutral -> Aversion,Aversion,Neutral,Aversion,2,0.08333333333333333
M0366,Neutral -> Neutral -> Appreciation,Neutral,Neutral,Appreciation,1,0.041666666666666664
M0366,Neutral -> Appreciation -> Appreciation,Neutral,Appreciation,Appreciation,1,0.041666666666666664
M0367,Neutral -> Neutral -> Neutral,Neutral,Neutral,Neutral,10,0.4166666666666667
M0367,Appreciation -> Appreciation -> Appreciation,Appreciation,Appreciation,Appreciation,10,0.4166666666666667
M0367,Neutral -> Neutral -> Aversion,Neutral,Neutral,Aversion,1,0.041666666666666664
M0367,Neutral -> Aversion -> Neutral,Neutral,Aversion,Neutral,1,0.041666666666666664
M0367,Aversion -> Neutral -> Appreciation,Aversion,Neutral,Appreciation,1,0.041666666666666664
M0367,Neutral -> Appreciation -> Appreciation,Neutral,Appreciation,Appreciation,1,0.041666666666666664
M0368,Aversion -> Aversion -> Aversion,Aversion,Aversion,Aversion,6,0.25
M0368,Neutral -> Neutral -> Neutral,Neutral,Neutral,Neutral,4,0.16666666666666666
M0368,Neutral -> Aversion -> Aversion,Neutral,Aversion,Aversion,3,0.125
M0368,Aversion -> Neutral -> Aversion,Aversion,Neutral,Aversion,2,0.08333333333333333
M0368,Neutral -> Neutral -> Aversion,Neutral,Neutral,Aversion,2,0.08333333333333333
M0368,Aversion -> Aversion -> Neutral,Aversion,Aversion,Neutral,2,0.08333333333333333
M0368,Neutral -> Aversion -> Neutral,Neutral,Aversion,Neutral,1,0.041666666666666664
M0368,Aversion -> Neutral -> Neutral,Aversion,Neutral,Neutral,1,0.041666666666666664
M0368,Neutral -> Neutral -> Appreciation,Neutral,Neutral,Appreciation,1,0.041666666666666664
M0368,Neutral -> Appreciation -> Neutral,Neutral,Appreciation,Neutral,1,0.041666666666666664
M0368,Appreciation -> Neutral -> Neutral,Appreciation,Neutral,Neutral,1,0.041666666666666664
M0369,Aversion -> Aversion -> Aversion,Aversion,Aversion,Aversion,8,0.3333333333333333
M0369,Aversion -> Aversion -> Neutral,Aversion,Aversion,Neutral,4,0.16666666666666666
M0369,Neutral -> Aversion -> Aversion,Neutral,Aversion,Aversion,4,0.16666666666666666
M0369,Neutral -> Neutral -> Aversion,Neutral,Neutral,Aversion,3,0.125
M0369,Neutral -> Neutral -> Neutral,Neutral,Neutral,Neutral,2,0.08333333333333333
M0369,Aversion -> Neutral -> Neutral,Aversion,Neutral,Neutral,2,0.08333333333333333
M0369,Aversion -> Neutral -> Aversion,Aversion,Neutral,Aversion,1,0.041666666666666664
M0370,Neutral -> Neutral -> Neutral,Neutral,Neutral,Neutral,7,0.2916666666666667
M0370,Aversion -> Aversion -> Aversion,Aversion,Aversion,Aversion,4,0.16666666666666666
M0370,Neutral -> Aversion -> Neutral,Neutral,Aversion,Neutral,3,0.125
M0370,Aversion -> Neutral -> Aversion,Aversion,Neutral,Aversion,3,0.125
M0370,Neutral -> Neutral -> Aversion,Neutral,Neutral,Aversion,2,0.08333333333333333
M0370,Neutral -> Aversion -> Aversion,Neutral,Aversion,Aversion,2,0.08333333333333333
M0370,Aversion -> Neutral -> Neutral,Aversion,Neutral,Neutral,1,0.041666666666666664
M0370,Aversion -> Aversion -> Neutral,Aversion,Aversion,Neutral,1,0.041666666666666664
M0370,Aversion -> Aversion -> Appreciation,Aversion,Aversion,Appreciation,1,0.041666666666666664
M0371,Appreciation -> Appreciation -> Appreciation,Appreciation,Appreciation,Appreciation,6,0.25
M0371,Neutral -> Aversion -> Neutral,Neutral,Aversion,Neutral,3,0.125
M0371,Aversion -> Aversion -> Aversion,Aversion,Aversion,Aversion,3,0.125
M0371,Aversion -> Neutral -> Neutral,Aversion,Neutral,Neutral,2,0.08333333333333333
M0371,Aversion -> Neutral -> Aversion,Aversion,Neutral,Aversion,2,0.08333333333333333
M0371,Neutral -> Neutral -> Aversion,Neutral,Neutral,Aversion,2,0.08333333333333333
M0371,Neutral -> Aversion -> Aversion,Neutral,Aversion,Aversion,2,0.08333333333333333
M0371,Aversion -> Aversion -> Neutral,Aversion,Aversion,Neutral,2,0.08333333333333333
M0371,Aversion -> Neutral -> Appreciation,Aversion,Neutral,Appreciation,1,0.041666666666666664
M0371,Neutral -> Appreciation -> Appreciation,Neutral,Appreciation,Appreciation,1,0.041666666666666664
M0372,Appreciation -> Appreciation -> Appreciation,Appreciation,Appreciation,Appreciation,7,0.2916666666666667
M0372,Neutral -> Neutral -> Neutral,Neutral,Neutral,Neutral,5,0.20833333333333334
M0372,Aversion -> Neutral -> Neutral,Aversion,Neutral,Neutral,2,0.08333333333333333
M0372,Neutral -> Neutral -> Appreciation,Neutral,Neutral,Appreciation,2,0.08333333333333333
M0372,Neutral -> Appreciation -> Appreciation,Neutral,Appreciation,Appreciation,2,0.08333333333333333
M0372,Neutral -> Aversion -> Neutral,Neutral,Aversion,Neutral,1,0.041666666666666664
M0372,Neutral -> Neutral -> Aversion,Neutral,Neutral,Aversion,1,0.041666666666666664
M0372,Appreciation -> Appreciation -> Neutral,Appreciation,Appreciation,Neutral,1,0.041666666666666664
M0372,Appreciation -> Neutral -> Aversion,Appreciation,Neutral,Aversion,1,0.041666666666666664
M0372,Neutral -> Aversion -> Aversion,Neutral,Aversion,Aversion,1,0.041666666666666664
M0372,Aversion -> Aversion -> Neutral,Aversion,Aversion,Neutral,1,0.041666666666666664
M0373,Neutral -> Neutral -> Neutral,Neutral,Neutral,Neutral,3,0.125
M0373,Neutral -> Aversion -> Neutral,Neutral,Aversion,Neutral,3,0.125
M0373,Appreciation -> Appreciation -> Appreciation,Appreciation,Appreciation,Appreciation,3,0.125
M0373,Aversion -> Neutral -> Aversion,Aversion,Neutral,Aversion,3,0.125
M0373,Neutral -> Neutral -> Aversion,Neutral,Neutral,Aversion,2,0.08333333333333333
M0373,Neutral -> Aversion -> Aversion,Neutral,Aversion,Aversion,2,0.08333333333333333
M0373,Aversion -> Aversion -> Neutral,Aversion,Aversion,Neutral,2,0.08333333333333333
M0373,Aversion -> Aversion -> Aversion,Aversion,Aversion,Aversion,1,0.041666666666666664
M0373,Aversion -> Neutral -> Neutral,Aversion,Neutral,Neutral,1,0.041666666666666664
M0373,Aversion -> Neutral -> Appreciation,Aversion,Neutral,Appreciation,1,0.041666666666666664
M0373,Neutral -> Appreciation -> Appreciation,Neutral,Appreciation,Appreciation,1,0.041666666666666664
M0373,Appreciation -> Appreciation -> Neutral,Appreciation,Appreciation,Neutral,1,0.041666666666666664
M0373,Appreciation -> Neutral -> Neutral,Appreciation,Neutral,Neutral,1,0.041666666666666664
M0374,Neutral -> Neutral -> Neutral,Neutral,Neutral,Neutral,7,0.2916666666666667
M0374,Neutral -> Neutral -> Aversion,Neutral,Neutral,Aversion,3,0.125
M0374,Neutral -> Aversion -> Aversion,Neutral,Aversion,Aversion,3,0.125
M0374,Aversion -> Aversion -> Aversion,Aversion,Aversion,Aversion,2,0.08333333333333333
M0374,Aversion -> Aversion -> Neutral,Aversion,Aversion,Neutral,2,0.08333333333333333
M0374,Neutral -> Aversion -> Neutral,Neutral,Aversion,Neutral,1,0.041666666666666664
M0374,Aversion -> Neutral -> Aversion,Aversion,Neutral,Aversion,1,0.041666666666666664
M0374,Aversion -> Neutral -> Neutral,Aversion,Neutral,Neutral,1,0.041666666666666664
M0374,Aversion -> Neutral -> Appreciation,Aversion,Neutral,Appreciation,1,0.041666666666666664
M0374,Neutral -> Appreciation -> Appreciation,Neutral,Appreciation,Appreciation,1,0.041666666666666664
M0374,Appreciation -> Appreciation -> Neutral,Appreciation,Appreciation,Neutral,1,0.041666666666666664
M0374,Appreciation -> Neutral -> Neutral,Appreciation,Neutral,Neutral,1,0.041666666666666664
M0375,Aversion -> Aversion -> Aversion,Aversion,Aversion,Aversion,9,0.375
M0375,Neutral -> Aversion -> Aversion,Neutral,Aversion,Aversion,4,0.16666666666666666
M0375,Aversion -> Aversion -> Neutral,Aversion,Aversion,Neutral,4,0.16666666666666666
M0375,Aversion -> Neutral -> Aversion,Aversion,Neutral,Aversion,3,0.125
M0375,Neutral -> Neutral -> Aversion,Neutral,Neutral,Aversion,2,0.08333333333333333
M0375,Aversion -> Neutral -> Neutral,Aversion,Neutral,Neutral,1,0.041666666666666664
M0375,Neutral -> Aversion -> Neutral,Neutral,Aversion,Neutral,1,0.041666666666666664
M0376,Appreciation -> Appreciation -> Appreciation,Appreciation,Appreciation,Appreciation,4,0.16666666666666666
M0376,Neutral -> Aversion -> Aversion,Neutral,Aversion,Aversion,3,0.125
M0376,Neutral -> Neutral -> Neutral,Neutral,Neutral,Neutral,3,0.125
M0376,Aversion -> Aversion -> Neutral,Aversion,Aversion,Neutral,3,0.125
M0376,Aversion -> Neutral -> Neutral,Aversion,Neutral,Neutral,2,0.08333333333333333
M0376,Neutral -> Neutral -> Aversion,Neutral,Neutral,Aversion,2,0.08333333333333333
M0376,Neutral -> Appreciation -> Appreciation,Neutral,Appreciation,Appreciation,2,0.08333333333333333
M0376,Aversion -> Neutral -> Aversion,Aversion,Neutral,Aversion,1,0.041666666666666664
M0376,Neutral -> Neutral -> Appreciation,Neutral,Neutral,Appreciation,1,0.041666666666666664
M0376,Aversion -> Aversion -> Aversion,Aversion,Aversion,Aversion,1,0.041666666666666664
M0376,Appreciation -> Appreciation -> Neutral,Appreciation,Appreciation,Neutral,1,0.041666666666666664
M0376,Appreciation -> Neutral -> Appreciation,Appreciation,Neutral,Appreciation,1,0.041666666666666664
M0377,Aversion -> Aversion -> Aversion,Aversion,Aversion,Aversion,4,0.16666666666666666
M0377,Neutral -> Aversion -> Aversion,Neutral,Aversion,Aversion,3,0.125
M0377,Aversion -> Neutral -> Aversion,Aversion,Neutral,Aversion,2,0.08333333333333333
M0377,Neutral -> Aversion -> Neutral,Neutral,Aversion,Neutral,2,0.08333333333333333
M0377,Aversion -> Neutral -> Neutral,Aversion,Neutral,Neutral,2,0.08333333333333333
M0377,Aversion -> Aversion -> Neutral,Aversion,Aversion,Neutral,2,0.08333333333333333
M0377,Neutral -> Neutral -> Aversion,Neutral,Neutral,Aversion,2,0.08333333333333333
M0377,Aversion -> Aversion -> Appreciation,Aversion,Aversion,Appreciation,1,0.041666666666666664
M0377,Aversion -> Appreciation -> Neutral,Aversion,Appreciation,Neutral,1,0.041666666666666664
M0377,Appreciation -> Neutral -> Aversion,Appreciation,Neutral,Aversion,1,0.041666666666666664
M0377,Neutral -> Neutral -> Neutral,Neutral,Neutral,Neutral,1,0.041666666666666664
M0377,Neutral -> Aversion -> Appreciation,Neutral,Aversion,Appreciation,1,0.041666666666666664
M0377,Aversion -> Appreciation -> Appreciation,Aversion,Appreciation,Appreciation,1,0.041666666666666664
M0377,Appreciation -> Appreciation -> Appreciation,Appreciation,Appreciation,Appreciation,1,0.041666666666666664
M0378,Neutral -> Neutral -> Neutral,Neutral,Neutral,Neutral,10,0.4166666666666667
M0378,Neutral -> Neutral -> Aversion,Neutral,Neutral,Aversion,2,0.08333333333333333
M0378,Aversion -> Neutral -> Neutral,Aversion,Neutral,Neutral,2,0.08333333333333333
M0378,Neutral -> Appreciation -> Appreciation,Neutral,Appreciation,Appreciation,2,0.08333333333333333
M0378,Aversion -> Aversion -> Aversion,Aversion,Aversion,Aversion,2,0.08333333333333333
M0378,Neutral -> Aversion -> Neutral,Neutral,Aversion,Neutral,1,0.041666666666666664
M0378,Neutral -> Aversion -> Aversion,Neutral,Aversion,Aversion,1,0.041666666666666664
M0378,Aversion -> Aversion -> Neutral,Aversion,Aversion,Neutral,1,0.041666666666666664
M0378,Neutral -> Neutral -> Appreciation,Neutral,Neutral,Appreciation,1,0.041666666666666664
M0378,Appreciation -> Appreciation -> Neutral,Appreciation,Appreciation,Neutral,1,0.041666666666666664
M0378,Appreciation -> Neutral -> Appreciation,Appreciation,Neutral,Appreciation,1,0.041666666666666664
M0379,Appreciation -> Appreciation -> Appreciation,Appreciation,Appreciation,Appreciation,11,0.4583333333333333
M0379,Neutral -> Neutral -> Neutral,Neutral,Neutral,Neutral,6,0.25
M0379,Neutral -> Aversion -> Neutral,Neutral,Aversion,Neutral,1,0.041666666666666664
M0379,Neutral -> Neutral -> Appreciation,Neutral,Neutral,Appreciation,1,0.041666666666666664
M0379,Aversion -> Neutral -> Neutral,Aversion,Neutral,Neutral,1,0.041666666666666664
M0379,Neutral -> Appreciation -> Appreciation,Neutral,Appreciation,Appreciation,1,0.041666666666666664
M0379,Appreciation -> Appreciation -> Neutral,Appreciation,Appreciation,Neutral,1,0.041666666666666664
M0379,Appreciation -> Neutral -> Aversion,Appreciation,Neutral,Aversion,1,0.041666666666666664
M0379,Neutral -> Aversion -> Aversion,Neutral,Aversion,Aversion,1,0.041666666666666664
M0380,Appreciation -> Appreciation -> Appreciation,Appreciation,Appreciation,Appreciation,7,0.2916666666666667
M0380,Aversion -> Aversion -> Aversion,Aversion,Aversion,Aversion,3,0.125
M0380,Neutral -> Neutral -> Neutral,Neutral,Neutral,Neutral,2,0.08333333333333333
M0380,Neutral -> Aversion -> Aversion,Neutral,Aversion,Aversion,2,0.08333333333333333
M0380,Aversion -> Neutral -> Aversion,Aversion,Neutral,Aversion,2,0.08333333333333333
M0380,Aversion -> Aversion -> Neutral,Aversion,Aversion,Neutral,2,0.08333333333333333
M0380,Neutral -> Neutral -> Aversion,Neutral,Neutral,Aversion,1,0.041666666666666664
M0380,Neutral -> Aversion -> Neutral,Neutral,Aversion,Neutral,1,0.041666666666666664
M0380,Aversion -> Neutral -> Appreciation,Aversion,Neutral,Appreciation,1,0.041666666666666664
M0380,Neutral -> Appreciation -> Appreciation,Neutral,Appreciation,Appreciation,1,0.041666666666666664
M0380,Appreciation -> Appreciation -> Neutral,Appreciation,Appreciation,Neutral,1,0.041666666666666664
M0380,Appreciation -> Neutral -> Aversion,Appreciation,Neutral,Aversion,1,0.041666666666666664
M0381,Neutral -> Neutral -> Neutral,Neutral,Neutral,Neutral,12,0.5
M0381,Neutral -> Neutral -> Aversion,Neutral,Neutral,Aversion,2,0.08333333333333333
M0381,Neutral -> Appreciation -> Neutral,Neutral,Appreciation,Neutral,2,0.08333333333333333
M0381,Aversion -> Aversion -> Aversion,Aversion,Aversion,Aversion,2,0.08333333333333333
M0381,Aversion -> Neutral -> Neutral,Aversion,Neutral,Neutral,1,0.041666666666666664
M0381,Neutral -> Aversion -> Neutral,Neutral,Aversion,Neutral,1,0.041666666666666664
M0381,Neutral -> Neutral -> Appreciation,Neutral,Neutral,Appreciation,1,0.041666666666666664
M0381,Appreciation -> Neutral -> Appreciation,Appreciation,Neutral,Appreciation,1,0.041666666666666664
M0381,Appreciation -> Neutral -> Neutral,Appreciation,Neutral,Neutral,1,0.041666666666666664
M0381,Neutral -> Aversion -> Aversion,Neutral,Aversion,Aversion,1,0.041666666666666664
M0382,Aversion -> Aversion -> Aversion,Aversion,Aversion,Aversion,8,0.3333333333333333
M0382,Neutral -> Neutral -> Neutral,Neutral,Neutral,Neutral,4,0.16666666666666666
M0382,Neutral -> Aversion -> Aversion,Neutral,Aversion,Aversion,3,0.125
M0382,Aversion -> Aversion -> Neutral,Aversion,Aversion,Neutral,3,0.125
M0382,Neutral -> Neutral -> Aversion,Neutral,Neutral,Aversion,2,0.08333333333333333
M0382,Aversion -> Neutral -> Neutral,Aversion,Neutral,Neutral,1,0.041666666666666664
M0382,Aversion -> Neutral -> Aversion,Aversion,Neutral,Aversion,1,0.041666666666666664
M0382,Aversion -> Neutral -> Appreciation,Aversion,Neutral,Appreciation,1,0.041666666666666664
M0382,Neutral -> Appreciation -> Appreciation,Neutral,Appreciation,Appreciation,1,0.041666666666666664
M0383,Aversion -> Aversion -> Aversion,Aversion,Aversion,Aversion,7,0.2916666666666667
M0383,Neutral -> Aversion -> Aversion,Neutral,Aversion,Aversion,4,0.16666666666666666
M0383,Aversion -> Aversion -> Neutral,Aversion,Aversion,Neutral,3,0.125
M0383,Aversion -> Neutral -> Aversion,Aversion,Neutral,Aversion,3,0.125
M0383,Aversion -> Neutral -> Neutral,Aversion,Neutral,Neutral,2,0.08333333333333333
M0383,Neutral -> Neutral -> Aversion,Neutral,Neutral,Aversion,2,0.08333333333333333
M0383,Neutral -> Aversion -> Neutral,Neutral,Aversion,Neutral,2,0.08333333333333333
M0383,Neutral -> Neutral -> Neutral,Neutral,Neutral,Neutral,1,0.041666666666666664
M0384,Neutral -> Neutral -> Neutral,Neutral,Neutral,Neutral,7,0.2916666666666667
M0384,Appreciation -> Appreciation -> Appreciation,Appreciation,Appreciation,Appreciation,4,0.16666666666666666
M0384,Aversion -> Neutral -> Neutral,Aversion,Neutral,Neutral,2,0.08333333333333333
M0384,Neutral -> Neutral -> Aversion,Neutral,Neutral,Aversion,2,0.08333333333333333
M0384,Aversion -> Aversion -> Aversion,Aversion,Aversion,Aversion,2,0.08333333333333333
M0384,Neutral -> Aversion -> Neutral,Neutral,Aversion,Neutral,1,0.041666666666666664
M0384,Aversion -> Aversion -> Neutral,Aversion,Aversion,Neutral,1,0.041666666666666664
M0384,Neutral -> Aversion -> Aversion,Neutral,Aversion,Aversion,1,0.041666666666666664
M0384,Neutral -> Neutral -> Appreciation,Neutral,Neutral,Appreciation,1,0.041666666666666664
M0384,Neutral -> Appreciation -> Appreciation,Neutral,Appreciation,Appreciation,1,0.041666666666666664
M0384,Appreciation -> Appreciation -> Neutral,Appreciation,Appreciation,Neutral,1,0.041666666666666664
M0384,Appreciation -> Neutral -> Neutral,Appreciation,Neutral,Neutral,1,0.041666666666666664
M0385,Neutral -> Neutral -> Neutral,Neutral,Neutral,Neutral,14,0.5833333333333334
M0385,Neutral -> Neutral -> Appreciation,Neutral,Neutral,Appreciation,2,0.08333333333333333
M0385,Neutral -> Appreciation -> Appreciation,Neutral,Appreciation,Appreciation,2,0.08333333333333333
M0385,Appreciation -> Appreciation -> Neutral,Appreciation,Appreciation,Neutral,2,0.08333333333333333
M0385,Appreciation -> Neutral -> Neutral,Appreciation,Neutral,Neutral,1,0.041666666666666664
M0385,Appreciation -> Neutral -> Appreciation,Appreciation,Neutral,Appreciation,1,0.041666666666666664
M0385,Neutral -> Appreciation -> Neutral,Neutral,Appreciation,Neutral,1,0.041666666666666664
M0385,Appreciation -> Neutral -> Aversion,Appreciation,Neutral,Aversion,1,0.041666666666666664
M0386,Neutral -> Neutral -> Neutral,Neutral,Neutral,Neutral,14,0.5833333333333334
M0386,Appreciation -> Appreciation -> Appreciation,Appreciation,Appreciation,Appreciation,3,0.125
M0386,Neutral -> Neutral -> Aversion,Neutral,Neutral,Aversion,2,0.08333333333333333
M0386,Neutral -> Aversion -> Neutral,Neutral,Aversion,Neutral,1,0.041666666666666664
M0386,Aversion -> Neutral -> Neutral,Aversion,Neutral,Neutral,1,0.041666666666666664
M0386,Neutral -> Aversion -> Aversion,Neutral,Aversion,Aversion,1,0.041666666666666664
M0386,Aversion -> Aversion -> Appreciation,Aversion,Aversion,Appreciation,1,0.041666666666666664
M0386,Aversion -> Appreciation -> Appreciation,Aversion,Appreciation,Appreciation,1,0.041666666666666664
M0387,Aversion -> Aversion -> Aversion,Aversion,Aversion,Aversion,6,0.25
M0387,Aversion -> Neutral -> Aversion,Aversion,Neutral,Aversion,4,0.16666666666666666
M0387,Neutral -> Neutral -> Neutral,Neutral,Neutral,Neutral,3,0.125
M0387,Neutral -> Aversion -> Neutral,Neutral,Aversion,Neutral,3,0.125
M0387,Neutral -> Aversion -> Aversion,Neutral,Aversion,Aversion,3,0.125
M0387,Neutral -> Neutral -> Aversion,Neutral,Neutral,Aversion,2,0.08333333333333333
M0387,Aversion -> Aversion -> Neutral,Aversion,Aversion,Neutral,2,0.08333333333333333
M0387,Aversion -> Neutral -> Neutral,Aversion,Neutral,Neutral,1,0.041666666666666664
M0388,Aversion -> Aversion -> Aversion,Aversion,Aversion,Aversion,7,0.2916666666666667
M0388,Neutral -> Neutral -> Neutral,Neutral,Neutral,Neutral,4,0.16666666666666666
M0388,Neutral -> Neutral -> Aversion,Neutral,Neutral,Aversion,4,0.16666666666666666
M0388,Neutral -> Aversion -> Aversion,Neutral,Aversion,Aversion,3,0.125
M0388,Aversion -> Aversion -> Neutral,Aversion,Aversion,Neutral,3,0.125
M0388,Aversion -> Neutral -> Neutral,Aversion,Neutral,Neutral,3,0.125
M0389,Neutral -> Neutral -> Neutral,Neutral,Neutral,Neutral,11,0.4583333333333333
M0389,Appreciation -> Appreciation -> Appreciation,Appreciation,Appreciation,Appreciation,3,0.125
M0389,Aversion -> Aversion -> Neutral,Aversion,Aversion,Neutral,2,0.08333333333333333
M0389,Neutral -> Aversion -> Aversion,Neutral,Aversion,Aversion,2,0.08333333333333333
M0389,Neutral -> Neutral -> Aversion,Neutral,Neutral,Aversion,1,0.041666666666666664
M0389,Aversion -> Neutral -> Aversion,Aversion,Neutral,Aversion,1,0.041666666666666664
M0389,Aversion -> Aversion -> Aversion,Aversion,Aversion,Aversion,1,0.041666666666666664
M0389,Aversion -> Neutral -> Neutral,Aversion,Neutral,Neutral,1,0.041666666666666664
M0389,Neutral -> Neutral -> Appreciation,Neutral,Neutral,Appreciation,1,0.041666666666666664
M0389,Neutral -> Appreciation -> Appreciation,Neutral,Appreciation,Appreciation,1,0.041666666666666664
M0390,Neutral -> Neutral -> Neutral,Neutral,Neutral,Neutral,11,0.4583333333333333
M0390,Aversion -> Aversion -> Aversion,Aversion,Aversion,Aversion,6,0.25
M0390,Neutral -> Neutral -> Appreciation,Neutral,Neutral,Appreciation,1,0.041666666666666664
M0390,Appreciation -> Appreciation -> Neutral,Appreciation,Appreciation,Neutral,1,0.041666666666666664
M0390,Neutral -> Appreciation -> Appreciation,Neutral,Appreciation,Appreciation,1,0.041666666666666664
M0390,Appreciation -> Neutral -> Aversion,Appreciation,Neutral,Aversion,1,0.041666666666666664
M0390,Neutral -> Aversion -> Aversion,Neutral,Aversion,Aversion,1,0.041666666666666664
M0390,Aversion -> Aversion -> Neutral,Aversion,Aversion,Neutral,1,0.041666666666666664
M0390,Aversion -> Neutral -> Neutral,Aversion,Neutral,Neutral,1,0.041666666666666664
M0391,Neutral -> Neutral -> Neutral,Neutral,Neutral,Neutral,12,0.5
M0391,Aversion -> Aversion -> Aversion,Aversion,Aversion,Aversion,7,0.2916666666666667
M0391,Neutral -> Neutral -> Aversion,Neutral,Neutral,Aversion,1,0.041666666666666664
M0391,Neutral -> Aversion -> Neutral,Neutral,Aversion,Neutral,1,0.041666666666666664
M0391,Aversion -> Neutral -> Aversion,Aversion,Neutral,Aversion,1,0.041666666666666664
M0391,Neutral -> Aversion -> Aversion,Neutral,Aversion,Aversion,1,0.041666666666666664
M0391,Aversion -> Aversion -> Neutral,Aversion,Aversion,Neutral,1,0.041666666666666664
M0392,Aversion -> Aversion -> Aversion,Aversion,Aversion,Aversion,5,0.20833333333333334
M0392,Neutral -> Neutral -> Aversion,Neutral,Neutral,Aversion,3,0.125
M0392,Neutral -> Aversion -> Aversion,Neutral,Aversion,Aversion,3,0.125
M0392,Aversion -> Aversion -> Neutral,Aversion,Aversion,Neutral,3,0.125
M0392,Aversion -> Neutral -> Neutral,Aversion,Neutral,Neutral,3,0.125
M0392,Neutral -> Neutral -> Neutral,Neutral,Neutral,Neutral,3,0.125
M0392,Neutral -> Aversion -> Neutral,Neutral,Aversion,Neutral,2,0.08333333333333333
M0392,Aversion -> Neutral -> Aversion,Aversion,Neutral,Aversion,2,0.08333333333333333
M0393,Neutral -> Neutral -> Neutral,Neutral,Neutral,Neutral,10,0.4166666666666667
M0393,Appreciation -> Appreciation -> Appreciation,Appreciation,Appreciation,Appreciation,7,0.2916666666666667
M0393,Neutral -> Neutral -> Aversion,Neutral,Neutral,Aversion,1,0.041666666666666664
M0393,Aversion -> Aversion -> Aversion,Aversion,Aversion,Aversion,1,0.041666666666666664
M0393,Neutral -> Aversion -> Aversion,Neutral,Aversion,Aversion,1,0.041666666666666664
M0393,Aversion -> Aversion -> Neutral,Aversion,Aversion,Neutral,1,0.041666666666666664
M0393,Aversion -> Neutral -> Neutral,Aversion,Neutral,Neutral,1,0.041666666666666664
M0393,Neutral -> Neutral -> Appreciation,Neutral,Neutral,Appreciation,1,0.041666666666666664
M0393,Neutral -> Appreciation -> Appreciation,Neutral,Appreciation,Appreciation,1,0.041666666666666664
M0394,Neutral -> Neutral -> Neutral,Neutral,Neutral,Neutral,14,0.5833333333333334
M0394,Neutral -> Neutral -> Aversion,Neutral,Neutral,Aversion,2,0.08333333333333333
M0394,Neutral -> Aversion -> Aversion,Neutral,Aversion,Aversion,2,0.08333333333333333
M0394,Aversion -> Aversion -> Aversion,Aversion,Aversion,Aversion,2,0.08333333333333333
M0394,Aversion -> Aversion -> Neutral,Aversion,Aversion,Neutral,1,0.041666666666666664
M0394,Aversion -> Neutral -> Neutral,Aversion,Neutral,Neutral,1,0.041666666666666664
M0394,Neutral -> Aversion -> Neutral,Neutral,Aversion,Neutral,1,0.041666666666666664
M0394,Aversion -> Neutral -> Aversion,Aversion,Neutral,Aversion,1,0.041666666666666664
M0395,Neutral -> Neutral -> Neutral,Neutral,Neutral,Neutral,8,0.3333333333333333
M0395,Appreciation -> Appreciation -> Appreciation,Appreciation,Appreciation,Appreciation,7,0.2916666666666667
M0395,Neutral -> Aversion -> Neutral,Neutral,Aversion,Neutral,2,0.08333333333333333
M0395,Aversion -> Neutral -> Neutral,Aversion,Neutral,Neutral,2,0.08333333333333333
M0395,Neutral -> Neutral -> Aversion,Neutral,Neutral,Aversion,1,0.041666666666666664
M0395,Neutral -> Neutral -> Appreciation,Neutral,Neutral,Appreciation,1,0.041666666666666664
M0395,Neutral -> Appreciation -> Appreciation,Neutral,Appreciation,Appreciation,1,0.041666666666666664
M0395,Appreciation -> Appreciation -> Neutral,Appreciation,Appreciation,Neutral,1,0.041666666666666664
M0395,Appreciation -> Neutral -> Aversion,Appreciation,Neutral,Aversion,1,0.041666666666666664
M0396,Neutral -> Neutral -> Neutral,Neutral,Neutral,Neutral,4,0.16666666666666666
M0396,Neutral -> Neutral -> Aversion,Neutral,Neutral,Aversion,3,0.125
M0396,Aversion -> Neutral -> Neutral,Aversion,Neutral,Neutral,2,0.08333333333333333
M0396,Neutral -> Aversion -> Neutral,Neutral,Aversion,Neutral,2,0.08333333333333333
M0396,Neutral -> Aversion -> Aversion,Neutral,Aversion,Aversion,2,0.08333333333333333
M0396,Aversion -> Aversion -> Aversion,Aversion,Aversion,Aversion,2,0.08333333333333333
M0396,Aversion -> Aversion -> Neutral,Aversion,Aversion,Neutral,2,0.08333333333333333
M0396,Aversion -> Neutral -> Appreciation,Aversion,Neutral,Appreciation,2,0.08333333333333333
M0396,Neutral -> Appreciation -> Appreciation,Neutral,Appreciation,Appreciation,2,0.08333333333333333
M0396,Appreciation -> Appreciation -> Neutral,Appreciation,Appreciation,Neutral,1,0.041666666666666664
M0396,Appreciation -> Neutral -> Neutral,Appreciation,Neutral,Neutral,1,0.041666666666666664
M0396,Appreciation -> Appreciation -> Appreciation,Appreciation,Appreciation,Appreciation,1,0.041666666666666664
M0397,Neutral -> Neutral -> Neutral,Neutral,Neutral,Neutral,6,0.25
M0397,Neutral -> Neutral -> Aversion,Neutral,Neutral,Aversion,4,0.16666666666666666
M0397,Neutral -> Aversion -> Neutral,Neutral,Aversion,Neutral,4,0.16666666666666666
M0397,Aversion -> Neutral -> Neutral,Aversion,Neutral,Neutral,3,0.125
M0397,Aversion -> Neutral -> Aversion,Aversion,Neutral,Aversion,2,0.08333333333333333
M0397,Neutral -> Aversion -> Aversion,Neutral,Aversion,Aversion,2,0.08333333333333333
M0397,Aversion -> Aversion -> Neutral,Aversion,Aversion,Neutral,1,0.041666666666666664
M0397,Aversion -> Aversion -> Appreciation,Aversion,Aversion,Appreciation,1,0.041666666666666664
M0397,Aversion -> Appreciation -> Appreciation,Aversion,Appreciation,Appreciation,1,0.041666666666666664
M0398,Appreciation -> Appreciation -> Appreciation,Appreciation,Appreciation,Appreciation,11,0.4583333333333333
M0398,Neutral -> Neutral -> Neutral,Neutral,Neutral,Neutral,7,0.2916666666666667
M0398,Neutral -> Neutral -> Aversion,Neutral,Neutral,Aversion,2,0.08333333333333333
M0398,Neutral -> Aversion -> Neutral,Neutral,Aversion,Neutral,1,0.041666666666666664
M0398,Aversion -> Neutral -> Neutral,Aversion,Neutral,Neutral,1,0.041666666666666664
M0398,Neutral -> Aversion -> Appreciation,Neutral,Aversion,Appreciation,1,0.041666666666666664
M0398,Aversion -> Appreciation -> Appreciation,Aversion,Appreciation,Appreciation,1,0.041666666666666664
M0399,Neutral -> Neutral -> Neutral,Neutral,Neutral,Neutral,17,0.7083333333333334
M0399,Aversion -> Aversion -> Aversion,Aversion,Aversion,Aversion,3,0.125
M0399,Aversion -> Neutral -> Neutral,Aversion,Neutral,Neutral,1,0.041666666666666664
M0399,Neutral -> Aversion -> Neutral,Neutral,Aversion,Neutral,1,0.041666666666666664
M0399,Neutral -> Neutral -> Aversion,Neutral,Neutral,Aversion,1,0.041666666666666664
M0399,Neutral -> Aversion -> Aversion,Neutral,Aversion,Aversion,1,0.041666666666666664
M0400,Neutral -> Neutral -> Neutral,Neutral,Neutral,Neutral,11,0.4583333333333333
M0400,Neutral -> Neutral -> Aversion,Neutral,Neutral,Aversion,3,0.125
M0400,Neutral -> Aversion -> Neutral,Neutral,Aversion,Neutral,2,0.08333333333333333
M0400,Neutral -> Aversion -> Aversion,Neutral,Aversion,Aversion,2,0.08333333333333333
M0400,Aversion -> Aversion -> Aversion,Aversion,Aversion,Aversion,2,0.08333333333333333
M0400,Aversion -> Neutral -> Neutral,Aversion,Neutral,Neutral,2,0.08333333333333333
M0400,Aversion -> Neutral -> Aversion,Aversion,Neutral,Aversion,1,0.041666666666666664
M0400,Aversion -> Aversion -> Neutral,Aversion,Aversion,Neutral,1,0.041666666666666664
M0401,Neutral -> Neutral -> Neutral,Neutral,Neutral,Neutral,12,0.5
M0401,Appreciation -> Appreciation -> Appreciation,Appreciation,Appreciation,Appreciation,8,0.3333333333333333
M0401,Neutral -> Neutral -> Appreciation,Neutral,Neutral,Appreciation,1,0.041666666666666664
M0401,Neutral -> Appreciation -> Neutral,Neutral,Appreciation,Neutral,1,0.041666666666666664
M0401,Appreciation -> Neutral -> Appreciation,Appreciation,Neutral,Appreciation,1,0.041666666666666664
M0401,Neutral -> Appreciation -> Appreciation,Neutral,Appreciation,Appreciation,1,0.041666666666666664
M0402,Aversion -> Aversion -> Aversion,Aversion,Aversion,Aversion,8,0.3333333333333333
M0402,Neutral -> Neutral -> Neutral,Neutral,Neutral,Neutral,4,0.16666666666666666
M0402,Neutral -> Neutral -> Aversion,Neutral,Neutral,Aversion,3,0.125
M0402,Neutral -> Aversion -> Aversion,Neutral,Aversion,Aversion,2,0.08333333333333333
M0402,Aversion -> Aversion -> Neutral,Aversion,Aversion,Neutral,2,0.08333333333333333
M0402,Aversion -> Neutral -> Neutral,Aversion,Neutral,Neutral,2,0.08333333333333333
M0402,Neutral -> Aversion -> Neutral,Neutral,Aversion,Neutral,1,0.041666666666666664
M0402,Aversion -> Neutral -> Appreciation,Aversion,Neutral,Appreciation,1,0.041666666666666664
M0402,Neutral -> Appreciation -> Appreciation,Neutral,Appreciation,Appreciation,1,0.041666666666666664
M0403,Neutral -> Neutral -> Neutral,Neutral,Neutral,Neutral,4,0.16666666666666666
M0403,Neutral -> Neutral -> Aversion,Neutral,Neutral,Aversion,4,0.16666666666666666
M0403,Aversion -> Neutral -> Neutral,Aversion,Neutral,Neutral,3,0.125
M0403,Aversion -> Aversion -> Aversion,Aversion,Aversion,Aversion,3,0.125
M0403,Neutral -> Aversion -> Neutral,Neutral,Aversion,Neutral,2,0.08333333333333333
M0403,Aversion -> Aversion -> Neutral,Aversion,Aversion,Neutral,2,0.08333333333333333
M0403,Neutral -> Aversion -> Aversion,Neutral,Aversion,Aversion,2,0.08333333333333333
M0403,Neutral -> Neutral -> Appreciation,Neutral,Neutral,Appreciation,1,0.041666666666666664
M0403,Neutral -> Appreciation -> Appreciation,Neutral,Appreciation,Appreciation,1,0.041666666666666664
M0403,Appreciation -> Appreciation -> Neutral,Appreciation,Appreciation,Neutral,1,0.041666666666666664
M0403,Appreciation -> Neutral -> Neutral,Appreciation,Neutral,Neutral,1,0.041666666666666664
M0404,Aversion -> Aversion -> Aversion,Aversion,Aversion,Aversion,7,0.2916666666666667
M0404,Neutral -> Neutral -> Neutral,Neutral,Neutral,Neutral,5,0.20833333333333334
M0404,Aversion -> Aversion -> Neutral,Aversion,Aversion,Neutral,4,0.16666666666666666
M0404,Neutral -> Aversion -> Aversion,Neutral,Aversion,Aversion,4,0.16666666666666666
M0404,Aversion -> Neutral -> Aversion,Aversion,Neutral,Aversion,3,0.125
M0404,Neutral -> Neutral -> Aversion,Neutral,Neutral,Aversion,1,0.041666666666666664
M0405,Neutral -> Neutral -> Aversion,Neutral,Neutral,Aversion,5,0.20833333333333334
M0405,Aversion -> Neutral -> Neutral,Aversion,Neutral,Neutral,4,0.16666666666666666
M0405,Aversion -> Aversion -> Aversion,Aversion,Aversion,Aversion,4,0.16666666666666666
M0405,Neutral -> Neutral -> Neutral,Neutral,Neutral,Neutral,4,0.16666666666666666
M0405,Neutral -> Aversion -> Neutral,Neutral,Aversion,Neutral,3,0.125
M0405,Neutral -> Aversion -> Aversion,Neutral,Aversion,Aversion,2,0.08333333333333333
M0405,Aversion -> Aversion -> Neutral,Aversion,Aversion,Neutral,2,0.08333333333333333
M0406,Neutral -> Neutral -> Neutral,Neutral,Neutral,Neutral,6,0.25
M0406,Aversion -> Aversion -> Aversion,Aversion,Aversion,Aversion,5,0.20833333333333334
M0406,Neutral -> Aversion -> Aversion,Neutral,Aversion,Aversion,3,0.125
M0406,Neutral -> Neutral -> Aversion,Neutral,Neutral,Aversion,3,0.125
M0406,Aversion -> Aversion -> Neutral,Aversion,Aversion,Neutral,3,0.125
M0406,Aversion -> Neutral -> Neutral,Aversion,Neutral,Neutral,2,0.08333333333333333
M0406,Neutral -> Aversion -> Neutral,Neutral,Aversion,Neutral,1,0.041666666666666664
M0406,Aversion -> Neutral -> Aversion,Aversion,Neutral,Aversion,1,0.041666666666666664
M0407,Aversion -> Aversion -> Aversion,Aversion,Aversion,Aversion,6,0.25
M0407,Neutral -> Neutral -> Aversion,Neutral,Neutral,Aversion,4,0.16666666666666666
M0407,Neutral -> Aversion -> Aversion,Neutral,Aversion,Aversion,4,0.16666666666666666
M0407,Aversion -> Aversion -> Neutral,Aversion,Aversion,Neutral,3,0.125
M0407,Aversion -> Neutral -> Neutral,Aversion,Neutral,Neutral,3,0.125
M0407,Neutral -> Neutral -> Neutral,Neutral,Neutral,Neutral,2,0.08333333333333333
M0407,Aversion -> Neutral -> Aversion,Aversion,Neutral,Aversion,1,0.041666666666666664
M0407,Neutral -> Aversion -> Neutral,Neutral,Aversion,Neutral,1,0.041666666666666664
M0408,Aversion -> Aversion -> Aversion,Aversion,Aversion,Aversion,7,0.2916666666666667
M0408,Neutral -> Neutral -> Neutral,Neutral,Neutral,Neutral,5,0.20833333333333334
M0408,Neutral -> Aversion -> Aversion,Neutral,Aversion,Aversion,3,0.125
M0408,Aversion -> Aversion -> Neutral,Aversion,Aversion,Neutral,2,0.08333333333333333
M0408,Aversion -> Neutral -> Aversion,Aversion,Neutral,Aversion,1,0.041666666666666664
M0408,Aversion -> Neutral -> Neutral,Aversion,Neutral,Neutral,1,0.041666666666666664
M0408,Neutral -> Neutral -> Appreciation,Neutral,Neutral,Appreciation,1,0.041666666666666664
M0408,Neutral -> Appreciation -> Appreciation,Neutral,Appreciation,Appreciation,1,0.041666666666666664
M0408,Appreciation -> Appreciation -> Neutral,Appreciation,Appreciation,Neutral,1,0.041666666666666664
M0408,Appreciation -> Neutral -> Neutral,Appreciation,Neutral,Neutral,1,0.041666666666666664
M0408,Neutral -> Neutral -> Aversion,Neutral,Neutral,Aversion,1,0.041666666666666664
M0409,Aversion -> Aversion -> Aversion,Aversion,Aversion,Aversion,11,0.4583333333333333
M0409,Neutral -> Neutral -> Aversion,Neutral,Neutral,Aversion,3,0.125
M0409,Neutral -> Aversion -> Neutral,Neutral,Aversion,Neutral,2,0.08333333333333333
M0409,Neutral -> Neutral -> Neutral,Neutral,Neutral,Neutral,2,0.08333333333333333
M0409,Neutral -> Aversion -> Aversion,Neutral,Aversion,Aversion,2,0.08333333333333333
M0409,Aversion -> Neutral -> Neutral,Aversion,Neutral,Neutral,2,0.08333333333333333
M0409,Aversion -> Neutral -> Aversion,Aversion,Neutral,Aversion,1,0.041666666666666664
M0409,Aversion -> Aversion -> Neutral,Aversion,Aversion,Neutral,1,0.041666666666666664
M0410,Aversion -> Neutral -> Aversion,Aversion,Neutral,Aversion,3,0.125
M0410,Aversion -> Aversion -> Neutral,Aversion,Aversion,Neutral,3,0.125
M0410,Neutral -> Aversion -> Aversion,Neutral,Aversion,Aversion,3,0.125
M0410,Appreciation -> Appreciation -> Appreciation,Appreciation,Appreciation,Appreciation,3,0.125
M0410,Aversion -> Aversion -> Aversion,Aversion,Aversion,Aversion,3,0.125
M0410,Neutral -> Neutral -> Appreciation,Neutral,Neutral,Appreciation,2,0.08333333333333333
M0410,Neutral -> Neutral -> Aversion,Neutral,Neutral,Aversion,1,0.041666666666666664
M0410,Neutral -> Aversion -> Neutral,Neutral,Aversion,Neutral,1,0.041666666666666664
M0410,Aversion -> Neutral -> Neutral,Aversion,Neutral,Neutral,1,0.041666666666666664
M0410,Neutral -> Appreciation -> Neutral,Neutral,Appreciation,Neutral,1,0.041666666666666664
M0410,Appreciation -> Neutral -> Neutral,Appreciation,Neutral,Neutral,1,0.041666666666666664
M0410,Neutral -> Neutral -> Neutral,Neutral,Neutral,Neutral,1,0.041666666666666664
M0410,Neutral -> Appreciation -> Appreciation,Neutral,Appreciation,Appreciation,1,0.041666666666666664
M0411,Neutral -> Neutral -> Neutral,Neutral,Neutral,Neutral,10,0.4166666666666667
M0411,Appreciation -> Appreciation -> Appreciation,Appreciation,Appreciation,Appreciation,5,0.20833333333333334
M0411,Appreciation -> Neutral -> Appreciation,Appreciation,Neutral,Appreciation,2,0.08333333333333333
M0411,Neutral -> Appreciation -> Appreciation,Neutral,Appreciation,Appreciation,2,0.08333333333333333
M0411,Appreciation -> Appreciation -> Neutral,Appreciation,Appreciation,Neutral,2,0.08333333333333333
M0411,Neutral -> Appreciation -> Neutral,Neutral,Appreciation,Neutral,1,0.041666666666666664
M0411,Aversion -> Neutral -> Neutral,Aversion,Neutral,Neutral,1,0.041666666666666664
M0411,Neutral -> Neutral -> Appreciation,Neutral,Neutral,Appreciation,1,0.041666666666666664
M0412,Neutral -> Neutral -> Neutral,Neutral,Neutral,Neutral,11,0.4583333333333333
M0412,Aversion -> Aversion -> Aversion,Aversion,Aversion,Aversion,3,0.125
M0412,Aversion -> Aversion -> Neutral,Aversion,Aversion,Neutral,2,0.08333333333333333
M0412,Neutral -> Aversion -> Aversion,Neutral,Aversion,Aversion,2,0.08333333333333333
M0412,Neutral -> Neutral -> Aversion,Neutral,Neutral,Aversion,1,0.041666666666666664
M0412,Aversion -> Neutral -> Neutral,Aversion,Neutral,Neutral,1,0.041666666666666664
M0412,Neutral -> Neutral -> Appreciation,Neutral,Neutral,Appreciation,1,0.041666666666666664
M0412,Neutral -> Appreciation -> Neutral,Neutral,Appreciation,Neutral,1,0.041666666666666664
M0412,Appreciation -> Neutral -> Aversion,Appreciation,Neutral,Aversion,1,0.041666666666666664
M0412,Aversion -> Neutral -> Aversion,Aversion,Neutral,Aversion,1,0.041666666666666664
M0413,Appreciation -> Appreciation -> Appreciation,Appreciation,Appreciation,Appreciation,10,0.4166666666666667
M0413,Neutral -> Neutral -> Neutral,Neutral,Neutral,Neutral,4,0.16666666666666666
M0413,Neutral -> Aversion -> Aversion,Neutral,Aversion,Aversion,2,0.08333333333333333
M0413,Aversion -> Neutral -> Neutral,Aversion,Neutral,Neutral,2,0.08333333333333333
M0413,Aversion -> Aversion -> Neutral,Aversion,Aversion,Neutral,2,0.08333333333333333
M0413,Neutral -> Neutral -> Aversion,Neutral,Neutral,Aversion,1,0.041666666666666664
M0413,Aversion -> Aversion -> Aversion,Aversion,Aversion,Aversion,1,0.041666666666666664
M0413,Neutral -> Neutral -> Appreciation,Neutral,Neutral,Appreciation,1,0.041666666666666664
M0413,Neutral -> Appreciation -> Appreciation,Neutral,Appreciation,Appreciation,1,0.041666666666666664
M0414,Neutral -> Neutral -> Neutral,Neutral,Neutral,Neutral,10,0.4166666666666667
M0414,Appreciation -> Appreciation -> Appreciation,Appreciation,Appreciation,Appreciation,9,0.375
M0414,Neutral -> Neutral -> Aversion,Neutral,Neutral,Aversion,1,0.041666666666666664
M0414,Aversion -> Neutral -> Neutral,Aversion,Neutral,Neutral,1,0.041666666666666664
M0414,Neutral -> Aversion -> Neutral,Neutral,Aversion,Neutral,1,0.041666666666666664
M0414,Neutral -> Neutral -> Appreciation,Neutral,Neutral,Appreciation,1,0.041666666666666664
M0414,Neutral -> Appreciation -> Appreciation,Neutral,Appreciation,Appreciation,1,0.041666666666666664
M0415,Neutral -> Neutral -> Neutral,Neutral,Neutral,Neutral,13,0.5416666666666666
M0415,Neutral -> Neutral -> Aversion,Neutral,Neutral,Aversion,2,0.08333333333333333
M0415,Aversion -> Neutral -> Neutral,Aversion,Neutral,Neutral,2,0.08333333333333333
M0415,Neutral -> Neutral -> Appreciation,Neutral,Neutral,Appreciation,1,0.041666666666666664
M0415,Appreciation -> Appreciation -> Neutral,Appreciation,Appreciation,Neutral,1,0.041666666666666664
M0415,Neutral -> Appreciation -> Appreciation,Neutral,Appreciation,Appreciation,1,0.041666666666666664
M0415,Appreciation -> Neutral -> Neutral,Appreciation,Neutral,Neutral,1,0.041666666666666664
M0415,Neutral -> Aversion -> Aversion,Neutral,Aversion,Aversion,1,0.041666666666666664
M0415,Aversion -> Aversion -> Neutral,Aversion,Aversion,Neutral,1,0.041666666666666664
M0415,Neutral -> Aversion -> Neutral,Neutral,Aversion,Neutral,1,0.041666666666666664
M0416,Appreciation -> Appreciation -> Appreciation,Appreciation,Appreciation,Appreciation,9,0.375
M0416,Neutral -> Neutral -> Neutral,Neutral,Neutral,Neutral,3,0.125
M0416,Aversion -> Aversion -> Aversion,Aversion,Aversion,Aversion,3,0.125
M0416,Aversion -> Aversion -> Neutral,Aversion,Aversion,Neutral,2,0.08333333333333333
M0416,Neutral -> Aversion -> Aversion,Neutral,Aversion,Aversion,2,0.08333333333333333
M0416,Neutral -> Neutral -> Aversion,Neutral,Neutral,Aversion,1,0.041666666666666664
M0416,Aversion -> Neutral -> Aversion,Aversion,Neutral,Aversion,1,0.041666666666666664
M0416,Aversion -> Neutral -> Neutral,Aversion,Neutral,Neutral,1,0.041666666666666664
M0416,Neutral -> Neutral -> Appreciation,Neutral,Neutral,Appreciation,1,0.041666666666666664
M0416,Neutral -> Appreciation -> Appreciation,Neutral,Appreciation,Appreciation,1,0.041666666666666664
M0417,Neutral -> Neutral -> Neutral,Neutral,Neutral,Neutral,16,0.6666666666666666
M0417,Appreciation -> Appreciation -> Appreciation,Appreciation,Appreciation,Appreciation,3,0.125
M0417,Neutral -> Neutral -> Aversion,Neutral,Neutral,Aversion,1,0.041666666666666664
M0417,Aversion -> Neutral -> Neutral,Aversion,Neutral,Neutral,1,0.041666666666666664
M0417,Neutral -> Aversion -> Neutral,Neutral,Aversion,Neutral,1,0.041666666666666664
M0417,Neutral -> Neutral -> Appreciation,Neutral,Neutral,Appreciation,1,0.041666666666666664
M0417,Neutral -> Appreciation -> Appreciation,Neutral,Appreciation,Appreciation,1,0.041666666666666664
M0418,Appreciation -> Appreciation -> Appreciation,Appreciation,Appreciation,Appreciation,4,0.16666666666666666
M0418,Neutral -> Neutral -> Neutral,Neutral,Neutral,Neutral,4,0.16666666666666666
M0418,Aversion -> Neutral -> Neutral,Aversion,Neutral,Neutral,3,0.125
M0418,Neutral -> Neutral -> Aversion,Neutral,Neutral,Aversion,2,0.08333333333333333
M0418,Neutral -> Aversion -> Neutral,Neutral,Aversion,Neutral,2,0.08333333333333333
M0418,Neutral -> Aversion -> Aversion,Neutral,Aversion,Aversion,2,0.08333333333333333
M0418,Aversion -> Aversion -> Aversion,Aversion,Aversion,Aversion,2,0.08333333333333333
M0418,Aversion -> Aversion -> Neutral,Aversion,Aversion,Neutral,2,0.08333333333333333
M0418,Aversion -> Neutral -> Aversion,Aversion,Neutral,Aversion,1,0.041666666666666664
M0418,Neutral -> Neutral -> Appreciation,Neutral,Neutral,Appreciation,1,0.041666666666666664
M0418,Neutral -> Appreciation -> Appreciation,Neutral,Appreciation,Appreciation,1,0.041666666666666664
M0419,Aversion -> Aversion -> Aversion,Aversion,Aversion,Aversion,8,0.3333333333333333
M0419,Neutral -> Aversion -> Aversion,Neutral,Aversion,Aversion,3,0.125
M0419,Aversion -> Aversion -> Neutral,Aversion,Aversion,Neutral,3,0.125
M0419,Neutral -> Neutral -> Neutral,Neutral,Neutral,Neutral,3,0.125
M0419,Aversion -> Neutral -> Neutral,Aversion,Neutral,Neutral,2,0.08333333333333333
M0419,Neutral -> Neutral -> Aversion,Neutral,Neutral,Aversion,2,0.08333333333333333
M0419,Aversion -> Neutral -> Aversion,Aversion,Neutral,Aversion,2,0.08333333333333333
M0419,Neutral -> Aversion -> Neutral,Neutral,Aversion,Neutral,1,0.041666666666666664
M0420,Aversion -> Aversion -> Aversion,Aversion,Aversion,Aversion,4,0.16666666666666666
M0420,Appreciation -> Appreciation -> Appreciation,Appreciation,Appreciation,Appreciation,4,0.16666666666666666
M0420,Neutral -> Neutral -> Neutral,Neutral,Neutral,Neutral,3,0.125
M0420,Neutral -> Aversion -> Aversion,Neutral,Aversion,Aversion,2,0.08333333333333333
M0420,Appreciation -> Appreciation -> Neutral,Appreciation,Appreciation,Neutral,2,0.08333333333333333
M0420,Aversion -> Aversion -> Neutral,Aversion,Aversion,Neutral,2,0.08333333333333333
M0420,Neutral -> Appreciation -> Appreciation,Neutral,Appreciation,Appreciation,2,0.08333333333333333
M0420,Aversion -> Neutral -> Aversion,Aversion,Neutral,Aversion,1,0.041666666666666664
M0420,Aversion -> Neutral -> Neutral,Aversion,Neutral,Neutral,1,0.041666666666666664
M0420,Neutral -> Neutral -> Appreciation,Neutral,Neutral,Appreciation,1,0.041666666666666664
M0420,Appreciation -> Neutral -> Appreciation,Appreciation,Neutral,Appreciation,1,0.041666666666666664
M0420,Appreciation -> Neutral -> Neutral,Appreciation,Neutral,Neutral,1,0.041666666666666664
M0421,Neutral -> Neutral -> Neutral,Neutral,Neutral,Neutral,4,0.16666666666666666
M0421,Neutral -> Aversion -> Aversion,Neutral,Aversion,Aversion,4,0.16666666666666666
M0421,Aversion -> Aversion -> Neutral,Aversion,Aversion,Neutral,4,0.16666666666666666
M0421,Aversion -> Neutral -> Aversion,Aversion,Neutral,Aversion,4,0.16666666666666666
M0421,Aversion -> Aversion -> Aversion,Aversion,Aversion,Aversion,4,0.16666666666666666
M0421,Neutral -> Neutral -> Aversion,Neutral,Neutral,Aversion,2,0.08333333333333333
M0421,Aversion -> Neutral -> Neutral,Aversion,Neutral,Neutral,1,0.041666666666666664
M0421,Neutral -> Aversion -> Neutral,Neutral,Aversion,Neutral,1,0.041666666666666664
M0422,Aversion -> Aversion -> Aversion,Aversion,Aversion,Aversion,10,0.4166666666666667
M0422,Neutral -> Neutral -> Neutral,Neutral,Neutral,Neutral,5,0.20833333333333334
M0422,Aversion -> Neutral -> Aversion,Aversion,Neutral,Aversion,3,0.125
M0422,Neutral -> Aversion -> Aversion,Neutral,Aversion,Aversion,2,0.08333333333333333
M0422,Neutral -> Aversion -> Neutral,Neutral,Aversion,Neutral,2,0.08333333333333333
M0422,Neutral -> Neutral -> Aversion,Neutral,Neutral,Aversion,1,0.041666666666666664
M0422,Aversion -> Aversion -> Neutral,Aversion,Aversion,Neutral,1,0.041666666666666664
M0423,Aversion -> Aversion -> Aversion,Aversion,Aversion,Aversion,4,0.16666666666666666
M0423,Neutral -> Neutral -> Neutral,Neutral,Neutral,Neutral,4,0.16666666666666666
M0423,Appreciation -> Appreciation -> Appreciation,Appreciation,Appreciation,Appreciation,3,0.125
M0423,Aversion -> Neutral -> Neutral,Aversion,Neutral,Neutral,2,0.08333333333333333
M0423,Neutral -> Neutral -> Appreciation,Neutral,Neutral,Appreciation,2,0.08333333333333333
M0423,Neutral -> Aversion -> Neutral,Neutral,Aversion,Neutral,1,0.041666666666666664
M0423,Neutral -> Aversion -> Aversion,Neutral,Aversion,Aversion,1,0.041666666666666664
M0423,Neutral -> Neutral -> Aversion,Neutral,Neutral,Aversion,1,0.041666666666666664
M0423,Neutral -> Appreciation -> Neutral,Neutral,Appreciation,Neutral,1,0.041666666666666664
M0423,Aversion -> Aversion -> Neutral,Aversion,Aversion,Neutral,1,0.041666666666666664
M0423,Appreciation -> Neutral -> Neutral,Appreciation,Neutral,Neutral,1,0.041666666666666664
M0423,Neutral -> Appreciation -> Appreciation,Neutral,Appreciation,Appreciation,1,0.041666666666666664
M0423,Appreciation -> Appreciation -> Aversion,Appreciation,Appreciation,Aversion,1,0.041666666666666664
M0423,Appreciation -> Aversion -> Aversion,Appreciation,Aversion,Aversion,1,0.041666666666666664
M0424,Neutral -> Neutral -> Neutral,Neutral,Neutral,Neutral,11,0.4583333333333333
M0424,Aversion -> Aversion -> Aversion,Aversion,Aversion,Aversion,3,0.125
M0424,Neutral -> Aversion -> Aversion,Neutral,Aversion,Aversion,2,0.08333333333333333
M0424,Neutral -> Neutral -> Aversion,Neutral,Neutral,Aversion,2,0.08333333333333333
M0424,Aversion -> Aversion -> Neutral,Aversion,Aversion,Neutral,2,0.08333333333333333
M0424,Aversion -> Neutral -> Neutral,Aversion,Neutral,Neutral,2,0.08333333333333333
M0424,Neutral -> Aversion -> Neutral,Neutral,Aversion,Neutral,1,0.041666666666666664
M0424,Aversion -> Neutral -> Aversion,Aversion,Neutral,Aversion,1,0.041666666666666664
M0425,Appreciation -> Appreciation -> Appreciation,Appreciation,Appreciation,Appreciation,9,0.375
M0425,Aversion -> Aversion -> Aversion,Aversion,Aversion,Aversion,5,0.20833333333333334
M0425,Neutral -> Neutral -> Neutral,Neutral,Neutral,Neutral,5,0.20833333333333334
M0425,Neutral -> Aversion -> Aversion,Neutral,Aversion,Aversion,1,0.041666666666666664
M0425,Aversion -> Neutral -> Neutral,Aversion,Neutral,Neutral,1,0.041666666666666664
M0425,Aversion -> Aversion -> Neutral,Aversion,Aversion,Neutral,1,0.041666666666666664
M0425,Neutral -> Neutral -> Appreciation,Neutral,Neutral,Appreciation,1,0.041666666666666664
M0425,Neutral -> Appreciation -> Appreciation,Neutral,Appreciation,Appreciation,1,0.041666666666666664
M0426,Aversion -> Aversion -> Aversion,Aversion,Aversion,Aversion,4,0.16666666666666666
M0426,Neutral -> Aversion -> Aversion,Neutral,Aversion,Aversion,4,0.16666666666666666
M0426,Aversion -> Aversion -> Neutral,Aversion,Aversion,Neutral,4,0.16666666666666666
M0426,Neutral -> Neutral -> Aversion,Neutral,Neutral,Aversion,3,0.125
M0426,Neutral -> Neutral -> Neutral,Neutral,Neutral,Neutral,3,0.125
M0426,Aversion -> Neutral -> Neutral,Aversion,Neutral,Neutral,3,0.125
M0426,Aversion -> Neutral -> Aversion,Aversion,Neutral,Aversion,2,0.08333333333333333
M0426,Neutral -> Aversion -> Neutral,Neutral,Aversion,Neutral,1,0.041666666666666664
M0427,Neutral -> Neutral -> Neutral,Neutral,Neutral,Neutral,14,0.5833333333333334
M0427,Neutral -> Aversion -> Neutral,Neutral,Aversion,Neutral,2,0.08333333333333333
M0427,Aversion -> Aversion -> Aversion,Aversion,Aversion,Aversion,2,0.08333333333333333
M0427,Aversion -> Neutral -> Appreciation,Aversion,Neutral,Appreciation,1,0.041666666666666664
M0427,Neutral -> Neutral -> Aversion,Neutral,Neutral,Aversion,1,0.041666666666666664
M0427,Neutral -> Appreciation -> Neutral,Neutral,Appreciation,Neutral,1,0.041666666666666664
M0427,Appreciation -> Neutral -> Aversion,Appreciation,Neutral,Aversion,1,0.041666666666666664
M0427,Aversion -> Neutral -> Aversion,Aversion,Neutral,Aversion,1,0.041666666666666664
M0427,Neutral -> Aversion -> Aversion,Neutral,Aversion,Aversion,1,0.041666666666666664
M0428,Appreciation -> Appreciation -> Appreciation,Appreciation,Appreciation,Appreciation,7,0.2916666666666667
M0428,Aversion -> Aversion -> Aversion,Aversion,Aversion,Aversion,6,0.25
M0428,Neutral -> Aversion -> Aversion,Neutral,Aversion,Aversion,2,0.08333333333333333
M0428,Aversion -> Neutral -> Neutral,Aversion,Neutral,Neutral,2,0.08333333333333333
M0428,Aversion -> Aversion -> Neutral,Aversion,Aversion,Neutral,2,0.08333333333333333
M0428,Neutral -> Neutral -> Neutral,Neutral,Neutral,Neutral,2,0.08333333333333333
M0428,Neutral -> Neutral -> Aversion,Neutral,Neutral,Aversion,1,0.041666666666666664
M0428,Neutral -> Neutral -> Appreciation,Neutral,Neutral,Appreciation,1,0.041666666666666664
M0428,Neutral -> Appreciation -> Appreciation,Neutral,Appreciation,Appreciation,1,0.041666666666666664
M0429,Neutral -> Neutral -> Neutral,Neutral,Neutral,Neutral,5,0.20833333333333334
M0429,Aversion -> Aversion -> Aversion,Aversion,Aversion,Aversion,5,0.20833333333333334
M0429,Neutral -> Neutral -> Aversion,Neutral,Neutral,Aversion,2,0.08333333333333333
M0429,Neutral -> Aversion -> Aversion,Neutral,Aversion,Aversion,2,0.08333333333333333
M0429,Aversion -> Aversion -> Neutral,Aversion,Aversion,Neutral,2,0.08333333333333333
M0429,Neutral -> Appreciation -> Appreciation,Neutral,Appreciation,Appreciation,2,0.08333333333333333
M0429,Aversion -> Neutral -> Neutral,Aversion,Neutral,Neutral,1,0.041666666666666664
M0429,Aversion -> Neutral -> Appreciation,Aversion,Neutral,Appreciation,1,0.041666666666666664
M0429,Appreciation -> Appreciation -> Neutral,Appreciation,Appreciation,Neutral,1,0.041666666666666664
M0429,Appreciation -> Neutral -> Neutral,Appreciation,Neutral,Neutral,1,0.041666666666666664
M0429,Neutral -> Neutral -> Appreciation,Neutral,Neutral,Appreciation,1,0.041666666666666664
M0429,Appreciation -> Appreciation -> Appreciation,Appreciation,Appreciation,Appreciation,1,0.041666666666666664
M0430,Aversion -> Aversion -> Aversion,Aversion,Aversion,Aversion,13,0.5416666666666666
M0430,Neutral -> Neutral -> Neutral,Neutral,Neutral,Neutral,9,0.375
M0430,Neutral -> Neutral -> Aversion,Neutral,Neutral,Aversion,1,0.041666666666666664
M0430,Neutral -> Aversion -> Aversion,Neutral,Aversion,Aversion,1,0.041666666666666664
M0431,Neutral -> Neutral -> Neutral,Neutral,Neutral,Neutral,14,0.5833333333333334
M0431,Appreciation -> Appreciation -> Appreciation,Appreciation,Appreciation,Appreciation,8,0.3333333333333333
M0431,Neutral -> Neutral -> Appreciation,Neutral,Neutral,Appreciation,1,0.041666666666666664
M0431,Neutral -> Appreciation -> Appreciation,Neutral,Appreciation,Appreciation,1,0.041666666666666664
M0432,Neutral -> Neutral -> Neutral,Neutral,Neutral,Neutral,8,0.3333333333333333
M0432,Aversion -> Aversion -> Aversion,Aversion,Aversion,Aversion,8,0.3333333333333333
M0432,Neutral -> Neutral -> Aversion,Neutral,Neutral,Aversion,3,0.125
M0432,Aversion -> Neutral -> Neutral,Aversion,Neutral,Neutral,2,0.08333333333333333
M0432,Neutral -> Aversion -> Neutral,Neutral,Aversion,Neutral,1,0.041666666666666664
M0432,Neutral -> Aversion -> Aversion,Neutral,Aversion,Aversion,1,0.041666666666666664
M0432,Aversion -> Aversion -> Neutral,Aversion,Aversion,Neutral,1,0.041666666666666664
M0433,Appreciation -> Appreciation -> Appreciation,Appreciation,Appreciation,Appreciation,5,0.20833333333333334
M0433,Neutral -> Neutral -> Aversion,Neutral,Neutral,Aversion,3,0.125
M0433,Neutral -> Neutral -> Neutral,Neutral,Neutral,Neutral,3,0.125
M0433,Neutral -> Aversion -> Aversion,Neutral,Aversion,Aversion,2,0.08333333333333333
M0433,Aversion -> Neutral -> Neutral,Aversion,Neutral,Neutral,2,0.08333333333333333
M0433,Aversion -> Aversion -> Neutral,Aversion,Aversion,Neutral,2,0.08333333333333333
M0433,Neutral -> Appreciation -> Appreciation,Neutral,Appreciation,Appreciation,2,0.08333333333333333
M0433,Neutral -> Aversion -> Neutral,Neutral,Aversion,Neutral,1,0.041666666666666664
M0433,Aversion -> Neutral -> Appreciation,Aversion,Neutral,Appreciation,1,0.041666666666666664
M0433,Aversion -> Aversion -> Aversion,Aversion,Aversion,Aversion,1,0.041666666666666664
M0433,Appreciation -> Appreciation -> Neutral,Appreciation,Appreciation,Neutral,1,0.041666666666666664
M0433,Appreciation -> Neutral -> Appreciation,Appreciation,Neutral,Appreciation,1,0.041666666666666664
M0434,Aversion -> Aversion -> Aversion,Aversion,Aversion,Aversion,4,0.16666666666666666
M0434,Neutral -> Aversion -> Aversion,Neutral,Aversion,Aversion,3,0.125
M0434,Neutral -> Neutral -> Aversion,Neutral,Neutral,Aversion,3,0.125
M0434,Aversion -> Aversion -> Neutral,Aversion,Aversion,Neutral,3,0.125
M0434,Aversion -> Neutral -> Neutral,Aversion,Neutral,Neutral,3,0.125
M0434,Neutral -> Aversion -> Neutral,Neutral,Aversion,Neutral,2,0.08333333333333333
M0434,Aversion -> Neutral -> Aversion,Aversion,Neutral,Aversion,2,0.08333333333333333
M0434,Neutral -> Neutral -> Neutral,Neutral,Neutral,Neutral,1,0.041666666666666664
M0434,Neutral -> Neutral -> Appreciation,Neutral,Neutral,Appreciation,1,0.041666666666666664
M0434,Neutral -> Appreciation -> Appreciation,Neutral,Appreciation,Appreciation,1,0.041666666666666664
M0434,Appreciation -> Appreciation -> Appreciation,Appreciation,Appreciation,Appreciation,1,0.041666666666666664
M0435,Neutral -> Neutral -> Neutral,Neutral,Neutral,Neutral,4,0.16666666666666666
M0435,Neutral -> Neutral -> Aversion,Neutral,Neutral,Aversion,4,0.16666666666666666
M0435,Neutral -> Aversion -> Neutral,Neutral,Aversion,Neutral,3,0.125
M0435,Aversion -> Neutral -> Neutral,Aversion,Neutral,Neutral,3,0.125
M0435,Aversion -> Aversion -> Aversion,Aversion,Aversion,Aversion,3,0.125
M0435,Appreciation -> Appreciation -> Appreciation,Appreciation,Appreciation,Appreciation,2,0.08333333333333333
M0435,Neutral -> Aversion -> Aversion,Neutral,Aversion,Aversion,1,0.041666666666666664
M0435,Aversion -> Aversion -> Neutral,Aversion,Aversion,Neutral,1,0.041666666666666664
M0435,Aversion -> Neutral -> Aversion,Aversion,Neutral,Aversion,1,0.041666666666666664
M0435,Neutral -> Aversion -> Appreciation,Neutral,Aversion,Appreciation,1,0.041666666666666664
M0435,Aversion -> Appreciation -> Appreciation,Aversion,Appreciation,Appreciation,1,0.041666666666666664
M0436,Appreciation -> Appreciation -> Appreciation,Appreciation,Appreciation,Appreciation,6,0.25
M0436,Neutral -> Aversion -> Neutral,Neutral,Aversion,Neutral,3,0.125
M0436,Aversion -> Neutral -> Aversion,Aversion,Neutral,Aversion,3,0.125
M0436,Aversion -> Aversion -> Neutral,Aversion,Aversion,Neutral,2,0.08333333333333333
M0436,Neutral -> Aversion -> Aversion,Neutral,Aversion,Aversion,2,0.08333333333333333
M0436,Neutral -> Neutral -> Aversion,Neutral,Neutral,Aversion,2,0.08333333333333333
M0436,Aversion -> Neutral -> Neutral,Aversion,Neutral,Neutral,2,0.08333333333333333
M0436,Neutral -> Neutral -> Appreciation,Neutral,Neutral,Appreciation,1,0.041666666666666664
M0436,Neutral -> Appreciation -> Appreciation,Neutral,Appreciation,Appreciation,1,0.041666666666666664
M0436,Appreciation -> Appreciation -> Neutral,Appreciation,Appreciation,Neutral,1,0.041666666666666664
M0436,Appreciation -> Neutral -> Aversion,Appreciation,Neutral,Aversion,1,0.041666666666666664
M0437,Neutral -> Neutral -> Neutral,Neutral,Neutral,Neutral,15,0.625
M0437,Appreciation -> Appreciation -> Appreciation,Appreciation,Appreciation,Appreciation,5,0.20833333333333334
M0437,Neutral -> Neutral -> Appreciation,Neutral,Neutral,Appreciation,1,0.041666666666666664
M0437,Neutral -> Appreciation -> Appreciation,Neutral,Appreciation,Appreciation,1,0.041666666666666664
M0437,Appreciation -> Appreciation -> Neutral,Appreciation,Appreciation,Neutral,1,0.041666666666666664
M0437,Appreciation -> Neutral -> Neutral,Appreciation,Neutral,Neutral,1,0.041666666666666664
M0438,Neutral -> Neutral -> Neutral,Neutral,Neutral,Neutral,6,0.25
M0438,Neutral -> Aversion -> Aversion,Neutral,Aversion,Aversion,3,0.125
M0438,Appreciation -> Appreciation -> Appreciation,Appreciation,Appreciation,Appreciation,3,0.125
M0438,Neutral -> Neutral -> Aversion,Neutral,Neutral,Aversion,2,0.08333333333333333
M0438,Aversion -> Aversion -> Neutral,Aversion,Aversion,Neutral,2,0.08333333333333333
M0438,Aversion -> Aversion -> Aversion,Aversion,Aversion,Aversion,2,0.08333333333333333
M0438,Aversion -> Neutral -> Aversion,Aversion,Neutral,Aversion,1,0.041666666666666664
M0438,Aversion -> Neutral -> Neutral,Aversion,Neutral,Neutral,1,0.041666666666666664
M0438,Neutral -> Appreciation -> Appreciation,Neutral,Appreciation,Appreciation,1,0.041666666666666664
M0438,Neutral -> Neutral -> Appreciation,Neutral,Neutral,Appreciation,1,0.041666666666666664
M0438,Appreciation -> Appreciation -> Neutral,Appreciation,Appreciation,Neutral,1,0.041666666666666664
M0438,Appreciation -> Neutral -> Neutral,Appreciation,Neutral,Neutral,1,0.041666666666666664
M0439,Neutral -> Neutral -> Neutral,Neutral,Neutral,Neutral,6,0.25
M0439,Aversion -> Aversion -> Aversion,Aversion,Aversion,Aversion,4,0.16666666666666666
M0439,Neutral -> Aversion -> Aversion,Neutral,Aversion,Aversion,3,0.125
M0439,Aversion -> Aversion -> Neutral,Aversion,Aversion,Neutral,2,0.08333333333333333
M0439,Appreciation -> Appreciation -> Appreciation,Appreciation,Appreciation,Appreciation,2,0.08333333333333333
M0439,Neutral -> Neutral -> Aversion,Neutral,Neutral,Aversion,1,0.041666666666666664
M0439,Neutral -> Neutral -> Appreciation,Neutral,Neutral,Appreciation,1,0.041666666666666664
M0439,Aversion -> Neutral -> Neutral,Aversion,Neutral,Neutral,1,0.041666666666666664
M0439,Neutral -> Appreciation -> Appreciation,Neutral,Appreciation,Appreciation,1,0.041666666666666664
M0439,Appreciation -> Appreciation -> Neutral,Appreciation,Appreciation,Neutral,1,0.041666666666666664
M0439,Appreciation -> Neutral -> Aversion,Appreciation,Neutral,Aversion,1,0.041666666666666664
M0439,Aversion -> Neutral -> Aversion,Aversion,Neutral,Aversion,1,0.041666666666666664
M0440,Neutral -> Neutral -> Neutral,Neutral,Neutral,Neutral,8,0.3333333333333333
M0440,Appreciation -> Appreciation -> Appreciation,Appreciation,Appreciation,Appreciation,3,0.125
M0440,Neutral -> Neutral -> Appreciation,Neutral,Neutral,Appreciation,2,0.08333333333333333
M0440,Neutral -> Aversion -> Aversion,Neutral,Aversion,Aversion,1,0.041666666666666664
M0440,Neutral -> Aversion -> Neutral,Neutral,Aversion,Neutral,1,0.041666666666666664
M0440,Aversion -> Neutral -> Aversion,Aversion,Neutral,Aversion,1,0.041666666666666664
M0440,Aversion -> Neutral -> Neutral,Aversion,Neutral,Neutral,1,0.041666666666666664
M0440,Aversion -> Aversion -> Neutral,Aversion,Aversion,Neutral,1,0.041666666666666664
M0440,Aversion -> Aversion -> Aversion,Aversion,Aversion,Aversion,1,0.041666666666666664
M0440,Neutral -> Appreciation -> Neutral,Neutral,Appreciation,Neutral,1,0.041666666666666664
M0440,Appreciation -> Neutral -> Neutral,Appreciation,Neutral,Neutral,1,0.041666666666666664
M0440,Neutral -> Appreciation -> Appreciation,Neutral,Appreciation,Appreciation,1,0.041666666666666664
M0440,Appreciation -> Appreciation -> Neutral,Appreciation,Appreciation,Neutral,1,0.041666666666666664
M0440,Appreciation -> Neutral -> Aversion,Appreciation,Neutral,Aversion,1,0.041666666666666664
M0441,Neutral -> Neutral -> Neutral,Neutral,Neutral,Neutral,8,0.3333333333333333
M0441,Neutral -> Neutral -> Aversion,Neutral,Neutral,Aversion,2,0.08333333333333333
M0441,Neutral -> Aversion -> Aversion,Neutral,Aversion,Aversion,2,0.08333333333333333
M0441,Aversion -> Aversion -> Neutral,Aversion,Aversion,Neutral,2,0.08333333333333333
M0441,Aversion -> Neutral -> Neutral,Aversion,Neutral,Neutral,2,0.08333333333333333
M0441,Appreciation -> Appreciation -> Appreciation,Appreciation,Appreciation,Appreciation,2,0.08333333333333333
M0441,Neutral -> Aversion -> Neutral,Neutral,Aversion,Neutral,1,0.041666666666666664
M0441,Aversion -> Neutral -> Aversion,Aversion,Neutral,Aversion,1,0.041666666666666664
M0441,Neutral -> Neutral -> Appreciation,Neutral,Neutral,Appreciation,1,0.041666666666666664
M0441,Neutral -> Appreciation -> Appreciation,Neutral,Appreciation,Appreciation,1,0.041666666666666664
M0441,Appreciation -> Appreciation -> Neutral,Appreciation,Appreciation,Neutral,1,0.041666666666666664
M0441,Appreciation -> Neutral -> Neutral,Appreciation,Neutral,Neutral,1,0.041666666666666664
M0442,Neutral -> Neutral -> Neutral,Neutral,Neutral,Neutral,13,0.5416666666666666
M0442,Appreciation -> Appreciation -> Appreciation,Appreciation,Appreciation,Appreciation,5,0.20833333333333334
M0442,Neutral -> Neutral -> Appreciation,Neutral,Neutral,Appreciation,2,0.08333333333333333
M0442,Neutral -> Appreciation -> Appreciation,Neutral,Appreciation,Appreciation,2,0.08333333333333333
M0442,Appreciation -> Appreciation -> Neutral,Appreciation,Appreciation,Neutral,1,0.041666666666666664
M0442,Appreciation -> Neutral -> Neutral,Appreciation,Neutral,Neutral,1,0.041666666666666664
M0443,Aversion -> Aversion -> Aversion,Aversion,Aversion,Aversion,9,0.375
M0443,Neutral -> Neutral -> Neutral,Neutral,Neutral,Neutral,7,0.2916666666666667
M0443,Neutral -> Aversion -> Aversion,Neutral,Aversion,Aversion,2,0.08333333333333333
M0443,Neutral -> Neutral -> Aversion,Neutral,Neutral,Aversion,2,0.08333333333333333
M0443,Aversion -> Neutral -> Aversion,Aversion,Neutral,Aversion,1,0.041666666666666664
M0443,Neutral -> Aversion -> Neutral,Neutral,Aversion,Neutral,1,0.041666666666666664
M0443,Aversion -> Aversion -> Neutral,Aversion,Aversion,Neutral,1,0.041666666666666664
M0443,Aversion -> Neutral -> Neutral,Aversion,Neutral,Neutral,1,0.041666666666666664
M0444,Neutral -> Neutral -> Neutral,Neutral,Neutral,Neutral,8,0.3333333333333333
M0444,Appreciation -> Appreciation -> Appreciation,Appreciation,Appreciation,Appreciation,4,0.16666666666666666
M0444,Aversion -> Neutral -> Neutral,Aversion,Neutral,Neutral,2,0.08333333333333333
M0444,Aversion -> Aversion -> Neutral,Aversion,Aversion,Neutral,1,0.041666666666666664
M0444,Neutral -> Aversion -> Aversion,Neutral,Aversion,Aversion,1,0.041666666666666664
M0444,Neutral -> Neutral -> Aversion,Neutral,Neutral,Aversion,1,0.041666666666666664
M0444,Neutral -> Aversion -> Neutral,Neutral,Aversion,Neutral,1,0.041666666666666664
M0444,Neutral -> Appreciation -> Neutral,Neutral,Appreciation,Neutral,1,0.041666666666666664
M0444,Neutral -> Neutral -> Appreciation,Neutral,Neutral,Appreciation,1,0.041666666666666664
M0444,Appreciation -> Neutral -> Appreciation,Appreciation,Neutral,Appreciation,1,0.041666666666666664
M0444,Neutral -> Appreciation -> Appreciation,Neutral,Appreciation,Appreciation,1,0.041666666666666664
M0444,Appreciation -> Appreciation -> Neutral,Appreciation,Appreciation,Neutral,1,0.041666666666666664
M0444,Appreciation -> Neutral -> Aversion,Appreciation,Neutral,Aversion,1,0.041666666666666664
M0445,Neutral -> Neutral -> Neutral,Neutral,Neutral,Neutral,5,0.20833333333333334
M0445,Neutral -> Neutral -> Aversion,Neutral,Neutral,Aversion,4,0.16666666666666666
M0445,Neutral -> Aversion -> Neutral,Neutral,Aversion,Neutral,2,0.08333333333333333
M0445,Neutral -> Aversion -> Aversion,Neutral,Aversion,Aversion,2,0.08333333333333333
M0445,Aversion -> Neutral -> Neutral,Aversion,Neutral,Neutral,2,0.08333333333333333
M0445,Appreciation -> Neutral -> Neutral,Appreciation,Neutral,Neutral,2,0.08333333333333333
M0445,Aversion -> Aversion -> Aversion,Aversion,Aversion,Aversion,1,0.041666666666666664
M0445,Aversion -> Neutral -> Appreciation,Aversion,Neutral,Appreciation,1,0.041666666666666664
M0445,Aversion -> Aversion -> Neutral,Aversion,Aversion,Neutral,1,0.041666666666666664
M0445,Neutral -> Appreciation -> Neutral,Neutral,Appreciation,Neutral,1,0.041666666666666664
M0445,Neutral -> Neutral -> Appreciation,Neutral,Neutral,Appreciation,1,0.041666666666666664
M0445,Neutral -> Appreciation -> Appreciation,Neutral,Appreciation,Appreciation,1,0.041666666666666664
M0445,Appreciation -> Appreciation -> Neutral,Appreciation,Appreciation,Neutral,1,0.041666666666666664
M0446,Neutral -> Neutral -> Neutral,Neutral,Neutral,Neutral,12,0.5
M0446,Neutral -> Neutral -> Aversion,Neutral,Neutral,Aversion,2,0.08333333333333333
M0446,Neutral -> Aversion -> Aversion,Neutral,Aversion,Aversion,2,0.08333333333333333
M0446,Aversion -> Aversion -> Neutral,Aversion,Aversion,Neutral,2,0.08333333333333333
M0446,Aversion -> Neutral -> Aversion,Aversion,Neutral,Aversion,2,0.08333333333333333
M0446,Aversion -> Aversion -> Aversion,Aversion,Aversion,Aversion,2,0.08333333333333333
M0446,Neutral -> Aversion -> Neutral,Neutral,Aversion,Neutral,1,0.041666666666666664
M0446,Aversion -> Neutral -> Neutral,Aversion,Neutral,Neutral,1,0.041666666666666664
M0447,Aversion -> Aversion -> Aversion,Aversion,Aversion,Aversion,7,0.2916666666666667
M0447,Neutral -> Neutral -> Neutral,Neutral,Neutral,Neutral,4,0.16666666666666666
M0447,Neutral -> Aversion -> Aversion,Neutral,Aversion,Aversion,3,0.125
M0447,Aversion -> Aversion -> Neutral,Aversion,Aversion,Neutral,2,0.08333333333333333
M0447,Aversion -> Neutral -> Aversion,Aversion,Neutral,Aversion,2,0.08333333333333333
M0447,Neutral -> Aversion -> Neutral,Neutral,Aversion,Neutral,2,0.08333333333333333
M0447,Aversion -> Neutral -> Neutral,Aversion,Neutral,Neutral,2,0.08333333333333333
M0447,Neutral -> Neutral -> Aversion,Neutral,Neutral,Aversion,2,0.08333333333333333
M0448,Aversion -> Aversion -> Aversion,Aversion,Aversion,Aversion,7,0.2916666666666667
M0448,Neutral -> Aversion -> Aversion,Neutral,Aversion,Aversion,4,0.16666666666666666
M0448,Aversion -> Neutral -> Aversion,Aversion,Neutral,Aversion,4,0.16666666666666666
M0448,Aversion -> Aversion -> Neutral,Aversion,Aversion,Neutral,4,0.16666666666666666
M0448,Neutral -> Neutral -> Aversion,Neutral,Neutral,Aversion,2,0.08333333333333333
M0448,Neutral -> Neutral -> Neutral,Neutral,Neutral,Neutral,1,0.041666666666666664
M0448,Aversion -> Neutral -> Neutral,Aversion,Neutral,Neutral,1,0.041666666666666664
M0448,Neutral -> Aversion -> Neutral,Neutral,Aversion,Neutral,1,0.041666666666666664
M0449,Neutral -> Neutral -> Neutral,Neutral,Neutral,Neutral,11,0.4583333333333333
M0449,Appreciation -> Appreciation -> Appreciation,Appreciation,Appreciation,Appreciation,3,0.125
M0449,Neutral -> Neutral -> Appreciation,Neutral,Neutral,Appreciation,2,0.08333333333333333
M0449,Neutral -> Appreciation -> Appreciation,Neutral,Appreciation,Appreciation,2,0.08333333333333333
M0449,Appreciation -> Appreciation -> Neutral,Appreciation,Appreciation,Neutral,1,0.041666666666666664
M0449,Appreciation -> Neutral -> Aversion,Appreciation,Neutral,Aversion,1,0.041666666666666664
M0449,Neutral -> Aversion -> Aversion,Neutral,Aversion,Aversion,1,0.041666666666666664
M0449,Aversion -> Aversion -> Aversion,Aversion,Aversion,Aversion,1,0.041666666666666664
M0449,Aversion -> Aversion -> Neutral,Aversion,Aversion,Neutral,1,0.041666666666666664
M0449,Aversion -> Neutral -> Neutral,Aversion,Neutral,Neutral,1,0.041666666666666664
M0450,Neutral -> Neutral -> Neutral,Neutral,Neutral,Neutral,8,0.3333333333333333
M0450,Neutral -> Neutral -> Aversion,Neutral,Neutral,Aversion,3,0.125
M0450,Neutral -> Aversion -> Aversion,Neutral,Aversion,Aversion,3,0.125
M0450,Aversion -> Aversion -> Neutral,Aversion,Aversion,Neutral,3,0.125
M0450,Aversion -> Neutral -> Neutral,Aversion,Neutral,Neutral,2,0.08333333333333333
M0450,Aversion -> Aversion -> Aversion,Aversion,Aversion,Aversion,2,0.08333333333333333
M0450,Aversion -> Neutral -> Appreciation,Aversion,Neutral,Appreciation,1,0.041666666666666664
M0450,Neutral -> Appreciation -> Appreciation,Neutral,Appreciation,Appreciation,1,0.041666666666666664
M0450,Appreciation -> Appreciation -> Appreciation,Appreciation,Appreciation,Appreciation,1,0.041666666666666664
M0451,Neutral -> Neutral -> Neutral,Neutral,Neutral,Neutral,10,0.4166666666666667
M0451,Appreciation -> Appreciation -> Appreciation,Appreciation,Appreciation,Appreciation,5,0.20833333333333334
M0451,Neutral -> Neutral -> Aversion,Neutral,Neutral,Aversion,2,0.08333333333333333
M0451,Aversion -> Neutral -> Neutral,Aversion,Neutral,Neutral,2,0.08333333333333333
M0451,Neutral -> Aversion -> Aversion,Neutral,Aversion,Aversion,1,0.041666666666666664
M0451,Aversion -> Aversion -> Neutral,Aversion,Aversion,Neutral,1,0.041666666666666664
M0451,Neutral -> Aversion -> Neutral,Neutral,Aversion,Neutral,1,0.041666666666666664
M0451,Neutral -> Neutral -> Appreciation,Neutral,Neutral,Appreciation,1,0.041666666666666664
M0451,Neutral -> Appreciation -> Appreciation,Neutral,Appreciation,Appreciation,1,0.041666666666666664
M0452,Neutral -> Neutral -> Neutral,Neutral,Neutral,Neutral,6,0.25
M0452,Aversion -> Aversion -> Aversion,Aversion,Aversion,Aversion,4,0.16666666666666666
M0452,Neutral -> Aversion -> Aversion,Neutral,Aversion,Aversion,3,0.125
M0452,Neutral -> Neutral -> Aversion,Neutral,Neutral,Aversion,3,0.125
M0452,Aversion -> Aversion -> Neutral,Aversion,Aversion,Neutral,3,0.125
M0452,Aversion -> Neutral -> Neutral,Aversion,Neutral,Neutral,3,0.125
M0452,Aversion -> Neutral -> Aversion,Aversion,Neutral,Aversion,1,0.041666666666666664
M0452,Neutral -> Aversion -> Neutral,Neutral,Aversion,Neutral,1,0.041666666666666664
M0453,Neutral -> Neutral -> Neutral,Neutral,Neutral,Neutral,6,0.25
M0453,Aversion -> Aversion -> Aversion,Aversion,Aversion,Aversion,6,0.25
M0453,Neutral -> Aversion -> Aversion,Neutral,Aversion,Aversion,4,0.16666666666666666
M0453,Aversion -> Aversion -> Neutral,Aversion,Aversion,Neutral,3,0.125
M0453,Neutral -> Neutral -> Aversion,Neutral,Neutral,Aversion,2,0.08333333333333333
M0453,Aversion -> Neutral -> Aversion,Aversion,Neutral,Aversion,2,0.08333333333333333
M0453,Aversion -> Neutral -> Neutral,Aversion,Neutral,Neutral,1,0.041666666666666664
M0454,Neutral -> Neutral -> Neutral,Neutral,Neutral,Neutral,13,0.5416666666666666
M0454,Neutral -> Neutral -> Appreciation,Neutral,Neutral,Appreciation,3,0.125
M0454,Appreciation -> Neutral -> Neutral,Appreciation,Neutral,Neutral,2,0.08333333333333333
M0454,Appreciation -> Appreciation -> Appreciation,Appreciation,Appreciation,Appreciation,2,0.08333333333333333
M0454,Neutral -> Appreciation -> Appreciation,Neutral,Appreciation,Appreciation,2,0.08333333333333333
M0454,Neutral -> Appreciation -> Neutral,Neutral,Appreciation,Neutral,1,0.041666666666666664
M0454,Appreciation -> Appreciation -> Neutral,Appreciation,Appreciation,Neutral,1,0.041666666666666664
M0455,Neutral -> Neutral -> Neutral,Neutral,Neutral,Neutral,9,0.375
M0455,Appreciation -> Appreciation -> Appreciation,Appreciation,Appreciation,Appreciation,4,0.16666666666666666
M0455,Neutral -> Neutral -> Appreciation,Neutral,Neutral,Appreciation,3,0.125
M0455,Neutral -> Appreciation -> Neutral,Neutral,Appreciation,Neutral,1,0.041666666666666664
M0455,Appreciation -> Neutral -> Aversion,Appreciation,Neutral,Aversion,1,0.041666666666666664
M0455,Aversion -> Aversion -> Neutral,Aversion,Aversion,Neutral,1,0.041666666666666664
M0455,Neutral -> Aversion -> Aversion,Neutral,Aversion,Aversion,1,0.041666666666666664
M0455,Aversion -> Neutral -> Neutral,Aversion,Neutral,Neutral,1,0.041666666666666664
M0455,Neutral -> Appreciation -> Appreciation,Neutral,Appreciation,Appreciation,1,0.041666666666666664
M0455,Appreciation -> Appreciation -> Neutral,Appreciation,Appreciation,Neutral,1,0.041666666666666664
M0455,Appreciation -> Neutral -> Neutral,Appreciation,Neutral,Neutral,1,0.041666666666666664
M0456,Neutral -> Neutral -> Neutral,Neutral,Neutral,Neutral,4,0.16666666666666666
M0456,Neutral -> Aversion -> Neutral,Neutral,Aversion,Neutral,4,0.16666666666666666
M0456,Neutral -> Neutral -> Aversion,Neutral,Neutral,Aversion,3,0.125
M0456,Aversion -> Neutral -> Neutral,Aversion,Neutral,Neutral,3,0.125
M0456,Neutral -> Neutral -> Appreciation,Neutral,Neutral,Appreciation,2,0.08333333333333333
M0456,Neutral -> Appreciation -> Appreciation,Neutral,Appreciation,Appreciation,2,0.08333333333333333
M0456,Appreciation -> Appreciation -> Appreciation,Appreciation,Appreciation,Appreciation,2,0.08333333333333333
M0456,Appreciation -> Appreciation -> Neutral,Appreciation,Appreciation,Neutral,2,0.08333333333333333
M0456,Aversion -> Neutral -> Aversion,Aversion,Neutral,Aversion,1,0.041666666666666664
M0456,Appreciation -> Neutral -> Neutral,Appreciation,Neutral,Neutral,1,0.041666666666666664
M0457,Aversion -> Aversion -> Aversion,Aversion,Aversion,Aversion,8,0.3333333333333333
M0457,Neutral -> Aversion -> Aversion,Neutral,Aversion,Aversion,5,0.20833333333333334
M0457,Aversion -> Aversion -> Neutral,Aversion,Aversion,Neutral,4,0.16666666666666666
M0457,Aversion -> Neutral -> Neutral,Aversion,Neutral,Neutral,3,0.125
M0457,Neutral -> Neutral -> Aversion,Neutral,Neutral,Aversion,3,0.125
M0457,Aversion -> Neutral -> Aversion,Aversion,Neutral,Aversion,1,0.041666666666666664
M0458,Neutral -> Neutral -> Neutral,Neutral,Neutral,Neutral,21,0.875
M0458,Neutral -> Neutral -> Aversion,Neutral,Neutral,Aversion,1,0.041666666666666664
M0458,Neutral -> Aversion -> Neutral,Neutral,Aversion,Neutral,1,0.041666666666666664
M0458,Aversion -> Neutral -> Neutral,Aversion,Neutral,Neutral,1,0.041666666666666664
M0459,Appreciation -> Appreciation -> Appreciation,Appreciation,Appreciation,Appreciation,11,0.4583333333333333
M0459,Neutral -> Neutral -> Neutral,Neutral,Neutral,Neutral,4,0.16666666666666666
M0459,Neutral -> Aversion -> Neutral,Neutral,Aversion,Neutral,2,0.08333333333333333
M0459,Aversion -> Neutral -> Neutral,Aversion,Neutral,Neutral,1,0.041666666666666664
M0459,Neutral -> Aversion -> Aversion,Neutral,Aversion,Aversion,1,0.041666666666666664
M0459,Neutral -> Neutral -> Aversion,Neutral,Neutral,Aversion,1,0.041666666666666664
M0459,Aversion -> Aversion -> Neutral,Aversion,Aversion,Neutral,1,0.041666666666666664
M0459,Aversion -> Neutral -> Aversion,Aversion,Neutral,Aversion,1,0.041666666666666664
M0459,Aversion -> Neutral -> Appreciation,Aversion,Neutral,Appreciation,1,0.041666666666666664
M0459,Neutral -> Appreciation -> Appreciation,Neutral,Appreciation,Appreciation,1,0.041666666666666664
M0460,Aversion -> Aversion -> Aversion,Aversion,Aversion,Aversion,9,0.375
M0460,Neutral -> Neutral -> Neutral,Neutral,Neutral,Neutral,5,0.20833333333333334
M0460,Neutral -> Aversion -> Aversion,Neutral,Aversion,Aversion,3,0.125
M0460,Aversion -> Neutral -> Aversion,Aversion,Neutral,Aversion,3,0.125
M0460,Aversion -> Aversion -> Neutral,Aversion,Aversion,Neutral,2,0.08333333333333333
M0460,Neutral -> Neutral -> Aversion,Neutral,Neutral,Aversion,1,0.041666666666666664
M0460,Neutral -> Aversion -> Neutral,Neutral,Aversion,Neutral,1,0.041666666666666664
M0461,Appreciation -> Appreciation -> Appreciation,Appreciation,Appreciation,Appreciation,11,0.4583333333333333
M0461,Neutral -> Neutral -> Neutral,Neutral,Neutral,Neutral,6,0.25
M0461,Neutral -> Aversion -> Neutral,Neutral,Aversion,Neutral,2,0.08333333333333333
M0461,Neutral -> Neutral -> Aversion,Neutral,Neutral,Aversion,1,0.041666666666666664
M0461,Aversion -> Neutral -> Aversion,Aversion,Neutral,Aversion,1,0.041666666666666664
M0461,Aversion -> Neutral -> Neutral,Aversion,Neutral,Neutral,1,0.041666666666666664
M0461,Neutral -> Neutral -> Appreciation,Neutral,Neutral,Appreciation,1,0.041666666666666664
M0461,Neutral -> Appreciation -> Appreciation,Neutral,Appreciation,Appreciation,1,0.041666666666666664
M0462,Neutral -> Neutral -> Neutral,Neutral,Neutral,Neutral,5,0.20833333333333334
M0462,Appreciation -> Appreciation -> Appreciation,Appreciation,Appreciation,Appreciation,5,0.20833333333333334
M0462,Neutral -> Neutral -> Appreciation,Neutral,Neutral,Appreciation,2,0.08333333333333333
M0462,Aversion -> Aversion -> Aversion,Aversion,Aversion,Aversion,2,0.08333333333333333
M0462,Neutral -> Appreciation -> Appreciation,Neutral,Appreciation,Appreciation,2,0.08333333333333333
M0462,Neutral -> Aversion -> Aversion,Neutral,Aversion,Aversion,1,0.041666666666666664
M0462,Aversion -> Neutral -> Aversion,Aversion,Neutral,Aversion,1,0.041666666666666664
M0462,Neutral -> Aversion -> Neutral,Neutral,Aversion,Neutral,1,0.041666666666666664
M0462,Neutral -> Neutral -> Aversion,Neutral,Neutral,Aversion,1,0.041666666666666664
M0462,Aversion -> Neutral -> Neutral,Aversion,Neutral,Neutral,1,0.041666666666666664
M0462,Aversion -> Aversion -> Neutral,Aversion,Aversion,Neutral,1,0.041666666666666664
M0462,Appreciation -> Appreciation -> Neutral,Appreciation,Appreciation,Neutral,1,0.041666666666666664
M0462,Appreciation -> Neutral -> Neutral,Appreciation,Neutral,Neutral,1,0.041666666666666664
M0463,Neutral -> Neutral -> Neutral,Neutral,Neutral,Neutral,11,0.4583333333333333
M0463,Neutral -> Neutral -> Aversion,Neutral,Neutral,Aversion,3,0.125
M0463,Aversion -> Neutral -> Neutral,Aversion,Neutral,Neutral,2,0.08333333333333333
M0463,Neutral -> Aversion -> Aversion,Neutral,Aversion,Aversion,2,0.08333333333333333
M0463,Aversion -> Aversion -> Aversion,Aversion,Aversion,Aversion,2,0.08333333333333333
M0463,Neutral -> Aversion -> Neutral,Neutral,Aversion,Neutral,2,0.08333333333333333
M0463,Aversion -> Aversion -> Neutral,Aversion,Aversion,Neutral,1,0.041666666666666664
M0463,Aversion -> Neutral -> Aversion,Aversion,Neutral,Aversion,1,0.041666666666666664
M0464,Appreciation -> Appreciation -> Appreciation,Appreciation,Appreciation,Appreciation,7,0.2916666666666667
M0464,Aversion -> Aversion -> Aversion,Aversion,Aversion,Aversion,6,0.25
M0464,Neutral -> Neutral -> Neutral,Neutral,Neutral,Neutral,3,0.125
M0464,Neutral -> Neutral -> Aversion,Neutral,Neutral,Aversion,2,0.08333333333333333
M0464,Aversion -> Neutral -> Neutral,Aversion,Neutral,Neutral,1,0.041666666666666664
M0464,Neutral -> Aversion -> Neutral,Neutral,Aversion,Neutral,1,0.041666666666666664
M0464,Neutral -> Aversion -> Aversion,Neutral,Aversion,Aversion,1,0.041666666666666664
M0464,Aversion -> Aversion -> Neutral,Aversion,Aversion,Neutral,1,0.041666666666666664
M0464,Aversion -> Neutral -> Appreciation,Aversion,Neutral,Appreciation,1,0.041666666666666664
M0464,Neutral -> Appreciation -> Appreciation,Neutral,Appreciation,Appreciation,1,0.041666666666666664
M0465,Neutral -> Neutral -> Neutral,Neutral,Neutral,Neutral,6,0.25
M0465,Aversion -> Neutral -> Aversion,Aversion,Neutral,Aversion,4,0.16666666666666666
M0465,Aversion -> Aversion -> Neutral,Aversion,Aversion,Neutral,3,0.125
M0465,Neutral -> Aversion -> Aversion,Neutral,Aversion,Aversion,3,0.125
M0465,Aversion -> Aversion -> Aversion,Aversion,Aversion,Aversion,3,0.125
M0465,Neutral -> Aversion -> Neutral,Neutral,Aversion,Neutral,2,0.08333333333333333
M0465,Neutral -> Neutral -> Aversion,Neutral,Neutral,Aversion,2,0.08333333333333333
M0465,Aversion -> Neutral -> Neutral,Aversion,Neutral,Neutral,1,0.041666666666666664
M0466,Appreciation -> Appreciation -> Appreciation,Appreciation,Appreciation,Appreciation,12,0.5
M0466,Neutral -> Neutral -> Neutral,Neutral,Neutral,Neutral,8,0.3333333333333333
M0466,Neutral -> Neutral -> Appreciation,Neutral,Neutral,Appreciation,1,0.041666666666666664
M0466,Neutral -> Appreciation -> Appreciation,Neutral,Appreciation,Appreciation,1,0.041666666666666664
M0466,Appreciation -> Appreciation -> Neutral,Appreciation,Appreciation,Neutral,1,0.041666666666666664
M0466,Appreciation -> Neutral -> Aversion,Appreciation,Neutral,Aversion,1,0.041666666666666664
M0467,Appreciation -> Appreciation -> Appreciation,Appreciation,Appreciation,Appreciation,5,0.20833333333333334
M0467,Aversion -> Aversion -> Aversion,Aversion,Aversion,Aversion,3,0.125
M0467,Neutral -> Neutral -> Aversion,Neutral,Neutral,Aversion,3,0.125
M0467,Aversion -> Neutral -> Neutral,Aversion,Neutral,Neutral,2,0.08333333333333333
M0467,Neutral -> Aversion -> Aversion,Neutral,Aversion,Aversion,2,0.08333333333333333
M0467,Aversion -> Aversion -> Neutral,Aversion,Aversion,Neutral,2,0.08333333333333333
M0467,Neutral -> Aversion -> Neutral,Neutral,Aversion,Neutral,1,0.041666666666666664
M0467,Neutral -> Neutral -> Neutral,Neutral,Neutral,Neutral,1,0.041666666666666664
M0467,Aversion -> Neutral -> Appreciation,Aversion,Neutral,Appreciation,1,0.041666666666666664
M0467,Neutral -> Appreciation -> Neutral,Neutral,Appreciation,Neutral,1,0.041666666666666664
M0467,Appreciation -> Neutral -> Neutral,Appreciation,Neutral,Neutral,1,0.041666666666666664
M0467,Neutral -> Neutral -> Appreciation,Neutral,Neutral,Appreciation,1,0.041666666666666664
M0467,Neutral -> Appreciation -> Appreciation,Neutral,Appreciation,Appreciation,1,0.041666666666666664
M0468,Neutral -> Neutral -> Neutral,Neutral,Neutral,Neutral,13,0.5416666666666666
M0468,Neutral -> Neutral -> Aversion,Neutral,Neutral,Aversion,3,0.125
M0468,Aversion -> Neutral -> Neutral,Aversion,Neutral,Neutral,3,0.125
M0468,Neutral -> Aversion -> Neutral,Neutral,Aversion,Neutral,2,0.08333333333333333
M0468,Neutral -> Aversion -> Aversion,Neutral,Aversion,Aversion,1,0.041666666666666664
M0468,Aversion -> Aversion -> Aversion,Aversion,Aversion,Aversion,1,0.041666666666666664
M0468,Aversion -> Aversion -> Neutral,Aversion,Aversion,Neutral,1,0.041666666666666664
M0469,Appreciation -> Appreciation -> Appreciation,Appreciation,Appreciation,Appreciation,11,0.4583333333333333
M0469,Neutral -> Neutral -> Neutral,Neutral,Neutral,Neutral,5,0.20833333333333334
M0469,Neutral -> Neutral -> Aversion,Neutral,Neutral,Aversion,1,0.041666666666666664
M0469,Neutral -> Aversion -> Neutral,Neutral,Aversion,Neutral,1,0.041666666666666664
M0469,Neutral -> Neutral -> Appreciation,Neutral,Neutral,Appreciation,1,0.041666666666666664
M0469,Aversion -> Neutral -> Neutral,Aversion,Neutral,Neutral,1,0.041666666666666664
M0469,Neutral -> Appreciation -> Neutral,Neutral,Appreciation,Neutral,1,0.041666666666666664
M0469,Appreciation -> Neutral -> Appreciation,Appreciation,Neutral,Appreciation,1,0.041666666666666664
M0469,Neutral -> Appreciation -> Appreciation,Neutral,Appreciation,Appreciation,1,0.041666666666666664
M0469,Appreciation -> Appreciation -> Neutral,Appreciation,Appreciation,Neutral,1,0.041666666666666664
M0470,Neutral -> Neutral -> Neutral,Neutral,Neutral,Neutral,9,0.375
M0470,Appreciation -> Appreciation -> Appreciation,Appreciation,Appreciation,Appreciation,8,0.3333333333333333
M0470,Neutral -> Neutral -> Appreciation,Neutral,Neutral,Appreciation,2,0.08333333333333333
M0470,Neutral -> Appreciation -> Appreciation,Neutral,Appreciation,Appreciation,2,0.08333333333333333
M0470,Appreciation -> Appreciation -> Neutral,Appreciation,Appreciation,Neutral,2,0.08333333333333333
M0470,Appreciation -> Neutral -> Neutral,Appreciation,Neutral,Neutral,1,0.041666666666666664
M0471,Aversion -> Aversion -> Aversion,Aversion,Aversion,Aversion,9,0.375
M0471,Neutral -> Aversion -> Aversion,Neutral,Aversion,Aversion,3,0.125
M0471,Neutral -> Neutral -> Aversion,Neutral,Neutral,Aversion,3,0.125
M0471,Aversion -> Neutral -> Neutral,Aversion,Neutral,Neutral,3,0.125
M0471,Aversion -> Aversion -> Neutral,Aversion,Aversion,Neutral,2,0.08333333333333333
M0471,Neutral -> Aversion -> Neutral,Neutral,Aversion,Neutral,2,0.08333333333333333
M0471,Aversion -> Neutral -> Aversion,Aversion,Neutral,Aversion,1,0.041666666666666664
M0471,Neutral -> Neutral -> Neutral,Neutral,Neutral,Neutral,1,0.041666666666666664
M0472,Aversion -> Aversion -> Aversion,Aversion,Aversion,Aversion,8,0.3333333333333333
M0472,Neutral -> Aversion -> Neutral,Neutral,Aversion,Neutral,4,0.16666666666666666
M0472,Aversion -> Neutral -> Neutral,Aversion,Neutral,Neutral,4,0.16666666666666666
M0472,Neutral -> Neutral -> Aversion,Neutral,Neutral,Aversion,4,0.16666666666666666
M0472,Neutral -> Neutral -> Neutral,Neutral,Neutral,Neutral,3,0.125
M0472,Neutral -> Aversion -> Aversion,Neutral,Aversion,Aversion,1,0.041666666666666664
M0473,Neutral -> Neutral -> Neutral,Neutral,Neutral,Neutral,7,0.2916666666666667
M0473,Appreciation -> Appreciation -> Appreciation,Appreciation,Appreciation,Appreciation,6,0.25
M0473,Aversion -> Neutral -> Aversion,Aversion,Neutral,Aversion,2,0.08333333333333333
M0473,Neutral -> Aversion -> Aversion,Neutral,Aversion,Aversion,2,0.08333333333333333
M0473,Aversion -> Aversion -> Neutral,Aversion,Aversion,Neutral,2,0.08333333333333333
M0473,Neutral -> Neutral -> Aversion,Neutral,Neutral,Aversion,1,0.041666666666666664
M0473,Aversion -> Aversion -> Aversion,Aversion,Aversion,Aversion,1,0.041666666666666664
M0473,Neutral -> Aversion -> Neutral,Neutral,Aversion,Neutral,1,0.041666666666666664
M0473,Aversion -> Neutral -> Appreciation,Aversion,Neutral,Appreciation,1,0.041666666666666664
M0473,Neutral -> Appreciation -> Appreciation,Neutral,Appreciation,Appreciation,1,0.041666666666666664
M0474,Neutral -> Neutral -> Neutral,Neutral,Neutral,Neutral,9,0.375
M0474,Appreciation -> Appreciation -> Appreciation,Appreciation,Appreciation,Appreciation,7,0.2916666666666667
M0474,Neutral -> Neutral -> Aversion,Neutral,Neutral,Aversion,1,0.041666666666666664
M0474,Neutral -> Aversion -> Neutral,Neutral,Aversion,Neutral,1,0.041666666666666664
M0474,Neutral -> Aversion -> Aversion,Neutral,Aversion,Aversion,1,0.041666666666666664
M0474,Aversion -> Neutral -> Aversion,Aversion,Neutral,Aversion,1,0.041666666666666664
M0474,Aversion -> Aversion -> Neutral,Aversion,Aversion,Neutral,1,0.041666666666666664
M0474,Aversion -> Neutral -> Neutral,Aversion,Neutral,Neutral,1,0.041666666666666664
M0474,Neutral -> Neutral -> Appreciation,Neutral,Neutral,Appreciation,1,0.041666666666666664
M0474,Neutral -> Appreciation -> Appreciation,Neutral,Appreciation,Appreciation,1,0.041666666666666664
M0475,Neutral -> Neutral -> Neutral,Neutral,Neutral,Neutral,10,0.4166666666666667
M0475,Neutral -> Aversion -> Aversion,Neutral,Aversion,Aversion,3,0.125
M0475,Aversion -> Aversion -> Aversion,Aversion,Aversion,Aversion,3,0.125
M0475,Neutral -> Neutral -> Aversion,Neutral,Neutral,Aversion,2,0.08333333333333333
M0475,Aversion -> Aversion -> Neutral,Aversion,Aversion,Neutral,2,0.08333333333333333
M0475,Aversion -> Neutral -> Aversion,Aversion,Neutral,Aversion,2,0.08333333333333333
M0475,Aversion -> Neutral -> Neutral,Aversion,Neutral,Neutral,1,0.041666666666666664
M0475,Neutral -> Aversion -> Neutral,Neutral,Aversion,Neutral,1,0.041666666666666664
M0476,Neutral -> Neutral -> Neutral,Neutral,Neutral,Neutral,16,0.6666666666666666
M0476,Neutral -> Neutral -> Aversion,Neutral,Neutral,Aversion,2,0.08333333333333333
M0476,Neutral -> Aversion -> Aversion,Neutral,Aversion,Aversion,1,0.041666666666666664
M0476,Aversion -> Aversion -> Appreciation,Aversion,Aversion,Appreciation,1,0.041666666666666664
M0476,Aversion -> Appreciation -> Appreciation,Aversion,Appreciation,Appreciation,1,0.041666666666666664
M0476,Appreciation -> Appreciation -> Appreciation,Appreciation,Appreciation,Appreciation,1,0.041666666666666664
M0476,Appreciation -> Appreciation -> Neutral,Appreciation,Appreciation,Neutral,1,0.041666666666666664
M0476,Appreciation -> Neutral -> Neutral,Appreciation,Neutral,Neutral,1,0.041666666666666664
M0477,Neutral -> Neutral -> Neutral,Neutral,Neutral,Neutral,10,0.4166666666666667
M0477,Appreciation -> Appreciation -> Appreciation,Appreciation,Appreciation,Appreciation,9,0.375
M0477,Neutral -> Neutral -> Aversion,Neutral,Neutral,Aversion,1,0.041666666666666664
M0477,Neutral -> Aversion -> Neutral,Neutral,Aversion,Neutral,1,0.041666666666666664
M0477,Aversion -> Neutral -> Neutral,Aversion,Neutral,Neutral,1,0.041666666666666664
M0477,Neutral -> Neutral -> Appreciation,Neutral,Neutral,Appreciation,1,0.041666666666666664
M0477,Neutral -> Appreciation -> Appreciation,Neutral,Appreciation,Appreciation,1,0.041666666666666664
M0478,Appreciation -> Appreciation -> Appreciation,Appreciation,Appreciation,Appreciation,9,0.375
M0478,Aversion -> Aversion -> Aversion,Aversion,Aversion,Aversion,4,0.16666666666666666
M0478,Neutral -> Appreciation -> Appreciation,Neutral,Appreciation,Appreciation,2,0.08333333333333333
M0478,Neutral -> Neutral -> Aversion,Neutral,Neutral,Aversion,1,0.041666666666666664
M0478,Aversion -> Aversion -> Neutral,Aversion,Aversion,Neutral,1,0.041666666666666664
M0478,Neutral -> Aversion -> Aversion,Neutral,Aversion,Aversion,1,0.041666666666666664
M0478,Aversion -> Neutral -> Aversion,Aversion,Neutral,Aversion,1,0.041666666666666664
M0478,Neutral -> Aversion -> Neutral,Neutral,Aversion,Neutral,1,0.041666666666666664
M0478,Neutral -> Neutral -> Appreciation,Neutral,Neutral,Appreciation,1,0.041666666666666664
M0478,Aversion -> Neutral -> Neutral,Aversion,Neutral,Neutral,1,0.041666666666666664
M0478,Appreciation -> Appreciation -> Neutral,Appreciation,Appreciation,Neutral,1,0.041666666666666664
M0478,Appreciation -> Neutral -> Appreciation,Appreciation,Neutral,Appreciation,1,0.041666666666666664
M0479,Neutral -> Neutral -> Neutral,Neutral,Neutral,Neutral,8,0.3333333333333333
M0479,Appreciation -> Appreciation -> Appreciation,Appreciation,Appreciation,Appreciation,8,0.3333333333333333
M0479,Neutral -> Appreciation -> Appreciation,Neutral,Appreciation,Appreciation,2,0.08333333333333333
M0479,Neutral -> Neutral -> Aversion,Neutral,Neutral,Aversion,1,0.041666666666666664
M0479,Neutral -> Aversion -> Neutral,Neutral,Aversion,Neutral,1,0.041666666666666664
M0479,Neutral -> Neutral -> Appreciation,Neutral,Neutral,Appreciation,1,0.041666666666666664
M0479,Aversion -> Neutral -> Neutral,Aversion,Neutral,Neutral,1,0.041666666666666664
M0479,Appreciation -> Appreciation -> Neutral,Appreciation,Appreciation,Neutral,1,0.041666666666666664
M0479,Appreciation -> Neutral -> Appreciation,Appreciation,Neutral,Appreciation,1,0.041666666666666664
M0480,Neutral -> Neutral -> Neutral,Neutral,Neutral,Neutral,11,0.4583333333333333
M0480,Appreciation -> Appreciation -> Appreciation,Appreciation,Appreciation,Appreciation,6,0.25
M0480,Neutral -> Appreciation -> Appreciation,Neutral,Appreciation,Appreciation,2,0.08333333333333333
M0480,Appreciation -> Appreciation -> Neutral,Appreciation,Appreciation,Neutral,2,0.08333333333333333
M0480,Neutral -> Neutral -> Appreciation,Neutral,Neutral,Appreciation,1,0.041666666666666664
M0480,Appreciation -> Neutral -> Appreciation,Appreciation,Neutral,Appreciation,1,0.041666666666666664
M0480,Appreciation -> Neutral -> Neutral,Appreciation,Neutral,Neutral,1,0.041666666666666664
M0481,Neutral -> Neutral -> Neutral,Neutral,Neutral,Neutral,10,0.4166666666666667
M0481,Appreciation -> Appreciation -> Appreciation,Appreciation,Appreciation,Appreciation,5,0.20833333333333334
M0481,Aversion -> Aversion -> Neutral,Aversion,Aversion,Neutral,1,0.041666666666666664
M0481,Aversion -> Neutral -> Neutral,Aversion,Neutral,Neutral,1,0.041666666666666664
M0481,Neutral -> Neutral -> Appreciation,Neutral,Neutral,Appreciation,1,0.041666666666666664
M0481,Appreciation -> Neutral -> Neutral,Appreciation,Neutral,Neutral,1,0.041666666666666664
M0481,Neutral -> Appreciation -> Neutral,Neutral,Appreciation,Neutral,1,0.041666666666666664
M0481,Neutral -> Neutral -> Aversion,Neutral,Neutral,Aversion,1,0.041666666666666664
M0481,Neutral -> Aversion -> Neutral,Neutral,Aversion,Neutral,1,0.041666666666666664
M0481,Aversion -> Neutral -> Appreciation,Aversion,Neutral,Appreciation,1,0.041666666666666664
M0481,Neutral -> Appreciation -> Appreciation,Neutral,Appreciation,Appreciation,1,0.041666666666666664
M0482,Appreciation -> Appreciation -> Appreciation,Appreciation,Appreciation,Appreciation,11,0.4583333333333333
M0482,Neutral -> Neutral -> Neutral,Neutral,Neutral,Neutral,8,0.3333333333333333
M0482,Neutral -> Appreciation -> Appreciation,Neutral,Appreciation,Appreciation,2,0.08333333333333333
M0482,Neutral -> Neutral -> Appreciation,Neutral,Neutral,Appreciation,1,0.041666666666666664
M0482,Appreciation -> Appreciation -> Neutral,Appreciation,Appreciation,Neutral,1,0.041666666666666664
M0482,Appreciation -> Neutral -> Appreciation,Appreciation,Neutral,Appreciation,1,0.041666666666666664
M0483,Neutral -> Neutral -> Neutral,Neutral,Neutral,Neutral,11,0.4583333333333333
M0483,Appreciation -> Appreciation -> Appreciation,Appreciation,Appreciation,Appreciation,3,0.125
M0483,Neutral -> Neutral -> Aversion,Neutral,Neutral,Aversion,2,0.08333333333333333
M0483,Neutral -> Aversion -> Neutral,Neutral,Aversion,Neutral,1,0.041666666666666664
M0483,Aversion -> Neutral -> Neutral,Aversion,Neutral,Neutral,1,0.041666666666666664
M0483,Neutral -> Neutral -> Appreciation,Neutral,Neutral,Appreciation,1,0.041666666666666664
M0483,Neutral -> Appreciation -> Appreciation,Neutral,Appreciation,Appreciation,1,0.041666666666666664
M0483,Appreciation -> Appreciation -> Neutral,Appreciation,Appreciation,Neutral,1,0.041666666666666664
M0483,Appreciation -> Neutral -> Neutral,Appreciation,Neutral,Neutral,1,0.041666666666666664
M0483,Neutral -> Aversion -> Appreciation,Neutral,Aversion,Appreciation,1,0.041666666666666664
M0483,Aversion -> Appreciation -> Appreciation,Aversion,Appreciation,Appreciation,1,0.041666666666666664
M0484,Neutral -> Neutral -> Neutral,Neutral,Neutral,Neutral,8,0.3333333333333333
M0484,Aversion -> Aversion -> Aversion,Aversion,Aversion,Aversion,8,0.3333333333333333
M0484,Neutral -> Aversion -> Aversion,Neutral,Aversion,Aversion,3,0.125
M0484,Aversion -> Aversion -> Neutral,Aversion,Aversion,Neutral,2,0.08333333333333333
M0484,Aversion -> Neutral -> Aversion,Aversion,Neutral,Aversion,2,0.08333333333333333
M0484,Neutral -> Neutral -> Aversion,Neutral,Neutral,Aversion,1,0.041666666666666664
M0485,Neutral -> Neutral -> Neutral,Neutral,Neutral,Neutral,8,0.3333333333333333
M0485,Aversion -> Aversion -> Aversion,Aversion,Aversion,Aversion,5,0.20833333333333334
M0485,Neutral -> Neutral -> Aversion,Neutral,Neutral,Aversion,2,0.08333333333333333
M0485,Neutral -> Aversion -> Aversion,Neutral,Aversion,Aversion,2,0.08333333333333333
M0485,Aversion -> Aversion -> Neutral,Aversion,Aversion,Neutral,2,0.08333333333333333
M0485,Aversion -> Neutral -> Aversion,Aversion,Neutral,Aversion,1,0.041666666666666664
M0485,Aversion -> Neutral -> Neutral,Aversion,Neutral,Neutral,1,0.041666666666666664
M0485,Neutral -> Aversion -> Appreciation,Neutral,Aversion,Appreciation,1,0.041666666666666664
M0485,Aversion -> Appreciation -> Appreciation,Aversion,Appreciation,Appreciation,1,0.041666666666666664
M0485,Appreciation -> Appreciation -> Appreciation,Appreciation,Appreciation,Appreciation,1,0.041666666666666664
M0486,Appreciation -> Appreciation -> Appreciation,Appreciation,Appreciation,Appreciation,7,0.2916666666666667
M0486,Neutral -> Neutral -> Neutral,Neutral,Neutral,Neutral,5,0.20833333333333334
M0486,Neutral -> Aversion -> Aversion,Neutral,Aversion,Aversion,3,0.125
M0486,Aversion -> Aversion -> Neutral,Aversion,Aversion,Neutral,3,0.125
M0486,Neutral -> Neutral -> Aversion,Neutral,Neutral,Aversion,2,0.08333333333333333
M0486,Aversion -> Neutral -> Neutral,Aversion,Neutral,Neutral,1,0.041666666666666664
M0486,Aversion -> Neutral -> Aversion,Aversion,Neutral,Aversion,1,0.041666666666666664
M0486,Aversion -> Neutral -> Appreciation,Aversion,Neutral,Appreciation,1,0.041666666666666664
M0486,Neutral -> Appreciation -> Appreciation,Neutral,Appreciation,Appreciation,1,0.041666666666666664
M0487,Aversion -> Aversion -> Aversion,Aversion,Aversion,Aversion,5,0.20833333333333334
M0487,Aversion -> Neutral -> Aversion,Aversion,Neutral,Aversion,4,0.16666666666666666
M0487,Neutral -> Aversion -> Neutral,Neutral,Aversion,Neutral,4,0.16666666666666666
M0487,Neutral -> Neutral -> Aversion,Neutral,Neutral,Aversion,3,0.125
M0487,Neutral -> Aversion -> Aversion,Neutral,Aversion,Aversion,3,0.125
M0487,Aversion -> Aversion -> Neutral,Aversion,Aversion,Neutral,2,0.08333333333333333
M0487,Aversion -> Neutral -> Neutral,Aversion,Neutral,Neutral,2,0.08333333333333333
M0487,Neutral -> Neutral -> Neutral,Neutral,Neutral,Neutral,1,0.041666666666666664
M0488,Neutral -> Neutral -> Neutral,Neutral,Neutral,Neutral,11,0.4583333333333333
M0488,Neutral -> Neutral -> Aversion,Neutral,Neutral,Aversion,2,0.08333333333333333
M0488,Neutral -> Neutral -> Appreciation,Neutral,Neutral,Appreciation,2,0.08333333333333333
M0488,Appreciation -> Neutral -> Neutral,Appreciation,Neutral,Neutral,2,0.08333333333333333
M0488,Neutral -> Aversion -> Neutral,Neutral,Aversion,Neutral,1,0.041666666666666664
M0488,Aversion -> Neutral -> Neutral,Aversion,Neutral,Neutral,1,0.041666666666666664
M0488,Neutral -> Appreciation -> Neutral,Neutral,Appreciation,Neutral,1,0.041666666666666664
M0488,Neutral -> Appreciation -> Appreciation,Neutral,Appreciation,Appreciation,1,0.041666666666666664
M0488,Appreciation -> Appreciation -> Appreciation,Appreciation,Appreciation,Appreciation,1,0.041666666666666664
M0488,Appreciation -> Appreciation -> Neutral,Appreciation,Appreciation,Neutral,1,0.041666666666666664
M0488,Neutral -> Aversion -> Aversion,Neutral,Aversion,Aversion,1,0.041666666666666664
M0489,Aversion -> Aversion -> Aversion,Aversion,Aversion,Aversion,15,0.625
M0489,Neutral -> Neutral -> Neutral,Neutral,Neutral,Neutral,2,0.08333333333333333
M0489,Neutral -> Aversion -> Aversion,Neutral,Aversion,Aversion,2,0.08333333333333333
M0489,Neutral -> Neutral -> Aversion,Neutral,Neutral,Aversion,1,0.041666666666666664
M0489,Aversion -> Aversion -> Neutral,Aversion,Aversion,Neutral,1,0.041666666666666664
M0489,Aversion -> Neutral -> Aversion,Aversion,Neutral,Aversion,1,0.041666666666666664
M0489,Aversion -> Aversion -> Appreciation,Aversion,Aversion,Appreciation,1,0.041666666666666664
M0489,Aversion -> Appreciation -> Appreciation,Aversion,Appreciation,Appreciation,1,0.041666666666666664
M0490,Aversion -> Aversion -> Aversion,Aversion,Aversion,Aversion,9,0.375
M0490,Neutral -> Aversion -> Neutral,Neutral,Aversion,Neutral,3,0.125
M0490,Aversion -> Neutral -> Aversion,Aversion,Neutral,Aversion,3,0.125
M0490,Aversion -> Neutral -> Neutral,Aversion,Neutral,Neutral,2,0.08333333333333333
M0490,Neutral -> Neutral -> Neutral,Neutral,Neutral,Neutral,2,0.08333333333333333
M0490,Neutral -> Aversion -> Aversion,Neutral,Aversion,Aversion,2,0.08333333333333333
M0490,Aversion -> Aversion -> Neutral,Aversion,Aversion,Neutral,2,0.08333333333333333
M0490,Neutral -> Neutral -> Aversion,Neutral,Neutral,Aversion,1,0.041666666666666664
M0491,Neutral -> Neutral -> Aversion,Neutral,Neutral,Aversion,4,0.16666666666666666
M0491,Neutral -> Neutral -> Neutral,Neutral,Neutral,Neutral,4,0.16666666666666666
M0491,Aversion -> Neutral -> Neutral,Aversion,Neutral,Neutral,3,0.125
M0491,Neutral -> Aversion -> Aversion,Neutral,Aversion,Aversion,3,0.125
M0491,Aversion -> Aversion -> Neutral,Aversion,Aversion,Neutral,2,0.08333333333333333
M0491,Appreciation -> Appreciation -> Appreciation,Appreciation,Appreciation,Appreciation,2,0.08333333333333333
M0491,Neutral -> Neutral -> Appreciation,Neutral,Neutral,Appreciation,1,0.041666666666666664
M0491,Aversion -> Aversion -> Aversion,Aversion,Aversion,Aversion,1,0.041666666666666664
M0491,Neutral -> Appreciation -> Appreciation,Neutral,Appreciation,Appreciation,1,0.041666666666666664
M0491,Appreciation -> Appreciation -> Neutral,Appreciation,Appreciation,Neutral,1,0.041666666666666664
M0491,Appreciation -> Neutral -> Neutral,Appreciation,Neutral,Neutral,1,0.041666666666666664
M0491,Neutral -> Aversion -> Neutral,Neutral,Aversion,Neutral,1,0.041666666666666664
M0492,Aversion -> Aversion -> Aversion,Aversion,Aversion,Aversion,4,0.16666666666666666
M0492,Appreciation -> Appreciation -> Appreciation,Appreciation,Appreciation,Appreciation,4,0.16666666666666666
M0492,Neutral -> Neutral -> Aversion,Neutral,Neutral,Aversion,3,0.125
M0492,Neutral -> Aversion -> Neutral,Neutral,Aversion,Neutral,2,0.08333333333333333
M0492,Neutral -> Aversion -> Aversion,Neutral,Aversion,Aversion,2,0.08333333333333333
M0492,Aversion -> Neutral -> Aversion,Aversion,Neutral,Aversion,1,0.041666666666666664
M0492,Aversion -> Aversion -> Appreciation,Aversion,Aversion,Appreciation,1,0.041666666666666664
M0492,Aversion -> Appreciation -> Neutral,Aversion,Appreciation,Neutral,1,0.041666666666666664
M0492,Neutral -> Neutral -> Neutral,Neutral,Neutral,Neutral,1,0.041666666666666664
M0492,Appreciation -> Neutral -> Neutral,Appreciation,Neutral,Neutral,1,0.041666666666666664
M0492,Aversion -> Neutral -> Neutral,Aversion,Neutral,Neutral,1,0.041666666666666664
M0492,Aversion -> Aversion -> Neutral,Aversion,Aversion,Neutral,1,0.041666666666666664
M0492,Aversion -> Neutral -> Appreciation,Aversion,Neutral,Appreciation,1,0.041666666666666664
M0492,Neutral -> Appreciation -> Appreciation,Neutral,Appreciation,Appreciation,1,0.041666666666666664
M0493,Neutral -> Aversion -> Neutral,Neutral,Aversion,Neutral,5,0.20833333333333334
M0493,Aversion -> Neutral -> Neutral,Aversion,Neutral,Neutral,4,0.16666666666666666
M0493,Neutral -> Neutral -> Aversion,Neutral,Neutral,Aversion,4,0.16666666666666666
M0493,Aversion -> Neutral -> Aversion,Aversion,Neutral,Aversion,3,0.125
M0493,Neutral -> Neutral -> Neutral,Neutral,Neutral,Neutral,3,0.125
M0493,Neutral -> Aversion -> Aversion,Neutral,Aversion,Aversion,2,0.08333333333333333
M0493,Aversion -> Aversion -> Neutral,Aversion,Aversion,Neutral,2,0.08333333333333333
M0493,Aversion -> Aversion -> Aversion,Aversion,Aversion,Aversion,1,0.041666666666666664
M0494,Neutral -> Neutral -> Neutral,Neutral,Neutral,Neutral,13,0.5416666666666666
M0494,Neutral -> Aversion -> Neutral,Neutral,Aversion,Neutral,2,0.08333333333333333
M0494,Aversion -> Neutral -> Neutral,Aversion,Neutral,Neutral,2,0.08333333333333333
M0494,Neutral -> Aversion -> Aversion,Neutral,Aversion,Aversion,2,0.08333333333333333
M0494,Neutral -> Neutral -> Aversion,Neutral,Neutral,Aversion,2,0.08333333333333333
M0494,Aversion -> Neutral -> Aversion,Aversion,Neutral,Aversion,1,0.041666666666666664
M0494,Aversion -> Aversion -> Neutral,Aversion,Aversion,Neutral,1,0.041666666666666664
M0494,Aversion -> Aversion -> Aversion,Aversion,Aversion,Aversion,1,0.041666666666666664
M0495,Neutral -> Neutral -> Neutral,Neutral,Neutral,Neutral,15,0.625
M0495,Appreciation -> Appreciation -> Appreciation,Appreciation,Appreciation,Appreciation,5,0.20833333333333334
M0495,Neutral -> Neutral -> Appreciation,Neutral,Neutral,Appreciation,1,0.041666666666666664
M0495,Neutral -> Appreciation -> Appreciation,Neutral,Appreciation,Appreciation,1,0.041666666666666664
M0495,Appreciation -> Appreciation -> Neutral,Appreciation,Appreciation,Neutral,1,0.041666666666666664
M0495,Appreciation -> Neutral -> Neutral,Appreciation,Neutral,Neutral,1,0.041666666666666664
M0496,Neutral -> Neutral -> Neutral,Neutral,Neutral,Neutral,10,0.4166666666666667
M0496,Appreciation -> Appreciation -> Appreciation,Appreciation,Appreciation,Appreciation,7,0.2916666666666667
M0496,Neutral -> Neutral -> Appreciation,Neutral,Neutral,Appreciation,2,0.08333333333333333
M0496,Appreciation -> Neutral -> Neutral,Appreciation,Neutral,Neutral,2,0.08333333333333333
M0496,Neutral -> Appreciation -> Neutral,Neutral,Appreciation,Neutral,1,0.041666666666666664
M0496,Neutral -> Appreciation -> Appreciation,Neutral,Appreciation,Appreciation,1,0.041666666666666664
M0496,Appreciation -> Appreciation -> Neutral,Appreciation,Appreciation,Neutral,1,0.041666666666666664
M0497,Aversion -> Aversion -> Aversion,Aversion,Aversion,Aversion,5,0.20833333333333334
M0497,Neutral -> Neutral -> Neutral,Neutral,Neutral,Neutral,4,0.16666666666666666
M0497,Neutral -> Aversion -> Aversion,Neutral,Aversion,Aversion,4,0.16666666666666666
M0497,Neutral -> Neutral -> Aversion,Neutral,Neutral,Aversion,3,0.125
M0497,Aversion -> Aversion -> Neutral,Aversion,Aversion,Neutral,3,0.125
M0497,Aversion -> Neutral -> Neutral,Aversion,Neutral,Neutral,2,0.08333333333333333
M0497,Aversion -> Neutral -> Aversion,Aversion,Neutral,Aversion,2,0.08333333333333333
M0497,Neutral -> Aversion -> Neutral,Neutral,Aversion,Neutral,1,0.041666666666666664
M0498,Neutral -> Neutral -> Neutral,Neutral,Neutral,Neutral,11,0.4583333333333333
M0498,Appreciation -> Appreciation -> Appreciation,Appreciation,Appreciation,Appreciation,5,0.20833333333333334
M0498,Neutral -> Neutral -> Appreciation,Neutral,Neutral,Appreciation,1,0.041666666666666664
M0498,Neutral -> Appreciation -> Appreciation,Neutral,Appreciation,Appreciation,1,0.041666666666666664
M0498,Appreciation -> Appreciation -> Neutral,Appreciation,Appreciation,Neutral,1,0.041666666666666664
M0498,Appreciation -> Neutral -> Aversion,Appreciation,Neutral,Aversion,1,0.041666666666666664
M0498,Neutral -> Aversion -> Aversion,Neutral,Aversion,Aversion,1,0.041666666666666664
M0498,Aversion -> Aversion -> Aversion,Aversion,Aversion,Aversion,1,0.041666666666666664
M0498,Aversion -> Aversion -> Neutral,Aversion,Aversion,Neutral,1,0.041666666666666664
M0498,Aversion -> Neutral -> Neutral,Aversion,Neutral,Neutral,1,0.041666666666666664
M0499,Appreciation -> Appreciation -> Appreciation,Appreciation,Appreciation,Appreciation,13,0.5416666666666666
M0499,Aversion -> Aversion -> Aversion,Aversion,Aversion,Aversion,2,0.08333333333333333
M0499,Neutral -> Neutral -> Aversion,Neutral,Neutral,Aversion,1,0.041666666666666664
M0499,Neutral -> Aversion -> Aversion,Neutral,Aversion,Aversion,1,0.041666666666666664
M0499,Aversion -> Aversion -> Neutral,Aversion,Aversion,Neutral,1,0.041666666666666664
M0499,Neutral -> Neutral -> Neutral,Neutral,Neutral,Neutral,1,0.041666666666666664
M0499,Aversion -> Neutral -> Neutral,Aversion,Neutral,Neutral,1,0.041666666666666664
M0499,Neutral -> Neutral -> Appreciation,Neutral,Neutral,Appreciation,1,0.041666666666666664
M0499,Neutral -> Appreciation -> Appreciation,Neutral,Appreciation,Appreciation,1,0.041666666666666664
M0499,Appreciation -> Appreciation -> Neutral,Appreciation,Appreciation,Neutral,1,0.041666666666666664
M0499,Appreciation -> Neutral -> Neutral,Appreciation,Neutral,Neutral,1,0.041666666666666664
M0500,Neutral -> Neutral -> Neutral,Neutral,Neutral,Neutral,9,0.375
M0500,Aversion -> Aversion -> Aversion,Aversion,Aversion,Aversion,6,0.25
M0500,Neutral -> Neutral -> Aversion,Neutral,Neutral,Aversion,2,0.08333333333333333
M0500,Neutral -> Aversion -> Aversion,Neutral,Aversion,Aversion,2,0.08333333333333333
M0500,Aversion -> Aversion -> Neutral,Aversion,Aversion,Neutral,2,0.08333333333333333
M0500,Aversion -> Neutral -> Neutral,Aversion,Neutral,Neutral,1,0.041666666666666664
M0500,Aversion -> Neutral -> Appreciation,Aversion,Neutral,Appreciation,1,0.041666666666666664
M0500,Neutral -> Appreciation -> Appreciation,Neutral,Appreciation,Appreciation,1,0.041666666666666664
M0501,Neutral -> Neutral -> Neutral,Neutral,Neutral,Neutral,4,0.16666666666666666
M0501,Aversion -> Aversion -> Aversion,Aversion,Aversion,Aversion,4,0.16666666666666666
M0501,Neutral -> Neutral -> Aversion,Neutral,Neutral,Aversion,2,0.08333333333333333
M0501,Neutral -> Aversion -> Aversion,Neutral,Aversion,Aversion,2,0.08333333333333333
M0501,Aversion -> Aversion -> Neutral,Aversion,Aversion,Neutral,2,0.08333333333333333
M0501,Aversion -> Neutral -> Aversion,Aversion,Neutral,Aversion,2,0.08333333333333333
M0501,Neutral -> Aversion -> Neutral,Neutral,Aversion,Neutral,2,0.08333333333333333
M0501,Aversion -> Neutral -> Neutral,Aversion,Neutral,Neutral,1,0.041666666666666664
M0501,Neutral -> Neutral -> Appreciation,Neutral,Neutral,Appreciation,1,0.041666666666666664
M0501,Neutral -> Appreciation -> Appreciation,Neutral,Appreciation,Appreciation,1,0.041666666666666664
M0501,Appreciation -> Appreciation -> Appreciation,Appreciation,Appreciation,Appreciation,1,0.041666666666666664
M0501,Appreciation -> Appreciation -> Neutral,Appreciation,Appreciation,Neutral,1,0.041666666666666664
M0501,Appreciation -> Neutral -> Neutral,Appreciation,Neutral,Neutral,1,0.041666666666666664
M0502,Aversion -> Aversion -> Aversion,Aversion,Aversion,Aversion,7,0.2916666666666667
M0502,Appreciation -> Appreciation -> Appreciation,Appreciation,Appreciation,Appreciation,6,0.25
M0502,Neutral -> Neutral -> Aversion,Neutral,Neutral,Aversion,2,0.08333333333333333
M0502,Aversion -> Neutral -> Neutral,Aversion,Neutral,Neutral,2,0.08333333333333333
M0502,Neutral -> Neutral -> Neutral,Neutral,Neutral,Neutral,2,0.08333333333333333
M0502,Neutral -> Aversion -> Neutral,Neutral,Aversion,Neutral,1,0.041666666666666664
M0502,Neutral -> Aversion -> Aversion,Neutral,Aversion,Aversion,1,0.041666666666666664
M0502,Aversion -> Aversion -> Neutral,Aversion,Aversion,Neutral,1,0.041666666666666664
M0502,Neutral -> Aversion -> Appreciation,Neutral,Aversion,Appreciation,1,0.041666666666666664
M0502,Aversion -> Appreciation -> Appreciation,Aversion,Appreciation,Appreciation,1,0.041666666666666664
M0503,Aversion -> Aversion -> Aversion,Aversion,Aversion,Aversion,12,0.5
M0503,Neutral -> Aversion -> Aversion,Neutral,Aversion,Aversion,3,0.125
M0503,Neutral -> Neutral -> Neutral,Neutral,Neutral,Neutral,3,0.125
M0503,Neutral -> Neutral -> Aversion,Neutral,Neutral,Aversion,2,0.08333333333333333
M0503,Aversion -> Aversion -> Neutral,Aversion,Aversion,Neutral,2,0.08333333333333333
M0503,Aversion -> Neutral -> Neutral,Aversion,Neutral,Neutral,1,0.041666666666666664
M0503,Aversion -> Neutral -> Aversion,Aversion,Neutral,Aversion,1,0.041666666666666664
M0504,Neutral -> Neutral -> Neutral,Neutral,Neutral,Neutral,9,0.375
M0504,Aversion -> Aversion -> Aversion,Aversion,Aversion,Aversion,5,0.20833333333333334
M0504,Neutral -> Neutral -> Aversion,Neutral,Neutral,Aversion,2,0.08333333333333333
M0504,Neutral -> Aversion -> Neutral,Neutral,Aversion,Neutral,1,0.041666666666666664
M0504,Aversion -> Neutral -> Neutral,Aversion,Neutral,Neutral,1,0.041666666666666664
M0504,Aversion -> Appreciation -> Appreciation,Aversion,Appreciation,Appreciation,1,0.041666666666666664
M0504,Neutral -> Aversion -> Appreciation,Neutral,Aversion,Appreciation,1,0.041666666666666664
M0504,Appreciation -> Appreciation -> Appreciation,Appreciation,Appreciation,Appreciation,1,0.041666666666666664
M0504,Appreciation -> Appreciation -> Neutral,Appreciation,Appreciation,Neutral,1,0.041666666666666664
M0504,Appreciation -> Neutral -> Aversion,Appreciation,Neutral,Aversion,1,0.041666666666666664
M0504,Neutral -> Aversion -> Aversion,Neutral,Aversion,Aversion,1,0.041666666666666664
M0505,Neutral -> Neutral -> Neutral,Neutral,Neutral,Neutral,7,0.2916666666666667
M0505,Appreciation -> Appreciation -> Appreciation,Appreciation,Appreciation,Appreciation,7,0.2916666666666667
M0505,Aversion -> Aversion -> Aversion,Aversion,Aversion,Aversion,2,0.08333333333333333
M0505,Neutral -> Aversion -> Aversion,Neutral,Aversion,Aversion,1,0.041666666666666664
M0505,Neutral -> Neutral -> Aversion,Neutral,Neutral,Aversion,1,0.041666666666666664
M0505,Aversion -> Neutral -> Aversion,Aversion,Neutral,Aversion,1,0.041666666666666664
M0505,Aversion -> Aversion -> Neutral,Aversion,Aversion,Neutral,1,0.041666666666666664
M0505,Neutral -> Aversion -> Neutral,Neutral,Aversion,Neutral,1,0.041666666666666664
M0505,Aversion -> Neutral -> Neutral,Aversion,Neutral,Neutral,1,0.041666666666666664
M0505,Neutral -> Neutral -> Appreciation,Neutral,Neutral,Appreciation,1,0.041666666666666664
M0505,Neutral -> Appreciation -> Appreciation,Neutral,Appreciation,Appreciation,1,0.041666666666666664
M0506,Aversion -> Aversion -> Aversion,Aversion,Aversion,Aversion,9,0.375
M0506,Neutral -> Aversion -> Aversion,Neutral,Aversion,Aversion,4,0.16666666666666666
M0506,Aversion -> Neutral -> Aversion,Aversion,Neutral,Aversion,4,0.16666666666666666
M0506,Aversion -> Aversion -> Neutral,Aversion,Aversion,Neutral,3,0.125
M0506,Neutral -> Aversion -> Neutral,Neutral,Aversion,Neutral,2,0.08333333333333333
M0506,Aversion -> Neutral -> Neutral,Aversion,Neutral,Neutral,1,0.041666666666666664
M0506,Neutral -> Neutral -> Aversion,Neutral,Neutral,Aversion,1,0.041666666666666664
M0507,Neutral -> Neutral -> Neutral,Neutral,Neutral,Neutral,13,0.5416666666666666
M0507,Neutral -> Neutral -> Appreciation,Neutral,Neutral,Appreciation,2,0.08333333333333333
M0507,Neutral -> Appreciation -> Appreciation,Neutral,Appreciation,Appreciation,2,0.08333333333333333
M0507,Neutral -> Aversion -> Aversion,Neutral,Aversion,Aversion,1,0.041666666666666664
M0507,Aversion -> Aversion -> Aversion,Aversion,Aversion,Aversion,1,0.041666666666666664
M0507,Aversion -> Neutral -> Neutral,Aversion,Neutral,Neutral,1,0.041666666666666664
M0507,Aversion -> Aversion -> Neutral,Aversion,Aversion,Neutral,1,0.041666666666666664
M0507,Appreciation -> Appreciation -> Appreciation,Appreciation,Appreciation,Appreciation,1,0.041666666666666664
M0507,Appreciation -> Appreciation -> Neutral,Appreciation,Appreciation,Neutral,1,0.041666666666666664
M0507,Appreciation -> Neutral -> Neutral,Appreciation,Neutral,Neutral,1,0.041666666666666664
M0508,Neutral -> Neutral -> Neutral,Neutral,Neutral,Neutral,13,0.5416666666666666
M0508,Neutral -> Neutral -> Aversion,Neutral,Neutral,Aversion,2,0.08333333333333333
M0508,Neutral -> Aversion -> Neutral,Neutral,Aversion,Neutral,2,0.08333333333333333
M0508,Neutral -> Appreciation -> Neutral,Neutral,Appreciation,Neutral,2,0.08333333333333333
M0508,Appreciation -> Neutral -> Neutral,Appreciation,Neutral,Neutral,2,0.08333333333333333
M0508,Aversion -> Neutral -> Neutral,Aversion,Neutral,Neutral,1,0.041666666666666664
M0508,Neutral -> Neutral -> Appreciation,Neutral,Neutral,Appreciation,1,0.041666666666666664
M0508,Aversion -> Neutral -> Appreciation,Aversion,Neutral,Appreciation,1,0.041666666666666664
M0509,Aversion -> Aversion -> Aversion,Aversion,Aversion,Aversion,8,0.3333333333333333
M0509,Appreciation -> Appreciation -> Appreciation,Appreciation,Appreciation,Appreciation,5,0.20833333333333334
M0509,Neutral -> Aversion -> Neutral,Neutral,Aversion,Neutral,2,0.08333333333333333
M0509,Aversion -> Neutral -> Aversion,Aversion,Neutral,Aversion,2,0.08333333333333333
M0509,Neutral -> Aversion -> Aversion,Neutral,Aversion,Aversion,1,0.041666666666666664
M0509,Aversion -> Neutral -> Neutral,Aversion,Neutral,Neutral,1,0.041666666666666664
M0509,Aversion -> Aversion -> Neutral,Aversion,Aversion,Neutral,1,0.041666666666666664
M0509,Neutral -> Neutral -> Appreciation,Neutral,Neutral,Appreciation,1,0.041666666666666664
M0509,Neutral -> Appreciation -> Appreciation,Neutral,Appreciation,Appreciation,1,0.041666666666666664
M0509,Appreciation -> Appreciation -> Neutral,Appreciation,Appreciation,Neutral,1,0.041666666666666664
M0509,Appreciation -> Neutral -> Neutral,Appreciation,Neutral,Neutral,1,0.041666666666666664
M0510,Aversion -> Aversion -> Aversion,Aversion,Aversion,Aversion,9,0.375
M0510,Neutral -> Aversion -> Aversion,Neutral,Aversion,Aversion,4,0.16666666666666666
M0510,Aversion -> Aversion -> Neutral,Aversion,Aversion,Neutral,4,0.16666666666666666
M0510,Aversion -> Neutral -> Aversion,Aversion,Neutral,Aversion,2,0.08333333333333333
M0510,Aversion -> Neutral -> Neutral,Aversion,Neutral,Neutral,1,0.041666666666666664
M0510,Neutral -> Neutral -> Neutral,Neutral,Neutral,Neutral,1,0.041666666666666664
M0510,Neutral -> Neutral -> Aversion,Neutral,Neutral,Aversion,1,0.041666666666666664
M0510,Aversion -> Neutral -> Appreciation,Aversion,Neutral,Appreciation,1,0.041666666666666664
M0510,Neutral -> Appreciation -> Appreciation,Neutral,Appreciation,Appreciation,1,0.041666666666666664
M0511,Appreciation -> Appreciation -> Appreciation,Appreciation,Appreciation,Appreciation,9,0.375
M0511,Neutral -> Neutral -> Neutral,Neutral,Neutral,Neutral,7,0.2916666666666667
M0511,Aversion -> Neutral -> Neutral,Aversion,Neutral,Neutral,1,0.041666666666666664
M0511,Neutral -> Aversion -> Neutral,Neutral,Aversion,Neutral,1,0.041666666666666664
M0511,Neutral -> Neutral -> Appreciation,Neutral,Neutral,Appreciation,1,0.041666666666666664
M0511,Neutral -> Appreciation -> Appreciation,Neutral,Appreciation,Appreciation,1,0.041666666666666664
M0511,Appreciation -> Appreciation -> Neutral,Appreciation,Appreciation,Neutral,1,0.041666666666666664
M0511,Appreciation -> Neutral -> Aversion,Appreciation,Neutral,Aversion,1,0.041666666666666664
M0511,Neutral -> Aversion -> Aversion,Neutral,Aversion,Aversion,1,0.041666666666666664
M0511,Aversion -> Aversion -> Neutral,Aversion,Aversion,Neutral,1,0.041666666666666664
M0512,Neutral -> Neutral -> Neutral,Neutral,Neutral,Neutral,10,0.4166666666666667
M0512,Aversion -> Aversion -> Aversion,Aversion,Aversion,Aversion,3,0.125
M0512,Neutral -> Aversion -> Aversion,Neutral,Aversion,Aversion,2,0.08333333333333333
M0512,Aversion -> Aversion -> Neutral,Aversion,Aversion,Neutral,2,0.08333333333333333
M0512,Aversion -> Neutral -> Neutral,Aversion,Neutral,Neutral,2,0.08333333333333333
M0512,Neutral -> Neutral -> Aversion,Neutral,Neutral,Aversion,1,0.041666666666666664
M0512,Neutral -> Neutral -> Appreciation,Neutral,Neutral,Appreciation,1,0.041666666666666664
M0512,Neutral -> Appreciation -> Appreciation,Neutral,Appreciation,Appreciation,1,0.041666666666666664
M0512,Appreciation -> Appreciation -> Appreciation,Appreciation,Appreciation,Appreciation,1,0.041666666666666664
M0512,Appreciation -> Appreciation -> Neutral,Appreciation,Appreciation,Neutral,1,0.041666666666666664
M0513,Appreciation -> Appreciation -> Appreciation,Appreciation,Appreciation,Appreciation,10,0.4166666666666667
M0513,Neutral -> Neutral -> Neutral,Neutral,Neutral,Neutral,5,0.20833333333333334
M0513,Neutral -> Neutral -> Aversion,Neutral,Neutral,Aversion,2,0.08333333333333333
M0513,Aversion -> Neutral -> Neutral,Aversion,Neutral,Neutral,2,0.08333333333333333
M0513,Aversion -> Aversion -> Neutral,Aversion,Aversion,Neutral,1,0.041666666666666664
M0513,Neutral -> Aversion -> Aversion,Neutral,Aversion,Aversion,1,0.041666666666666664
M0513,Neutral -> Aversion -> Neutral,Neutral,Aversion,Neutral,1,0.041666666666666664
M0513,Neutral -> Neutral -> Appreciation,Neutral,Neutral,Appreciation,1,0.041666666666666664
M0513,Neutral -> Appreciation -> Appreciation,Neutral,Appreciation,Appreciation,1,0.041666666666666664
M0514,Aversion -> Aversion -> Aversion,Aversion,Aversion,Aversion,11,0.4583333333333333
M0514,Neutral -> Neutral -> Neutral,Neutral,Neutral,Neutral,5,0.20833333333333334
M0514,Neutral -> Aversion -> Aversion,Neutral,Aversion,Aversion,2,0.08333333333333333
M0514,Neutral -> Neutral -> Aversion,Neutral,Neutral,Aversion,2,0.08333333333333333
M0514,Aversion -> Neutral -> Neutral,Aversion,Neutral,Neutral,1,0.041666666666666664
M0514,Neutral -> Aversion -> Neutral,Neutral,Aversion,Neutral,1,0.041666666666666664
M0514,Aversion -> Aversion -> Neutral,Aversion,Aversion,Neutral,1,0.041666666666666664
M0514,Aversion -> Neutral -> Aversion,Aversion,Neutral,Aversion,1,0.041666666666666664
M0515,Neutral -> Neutral -> Neutral,Neutral,Neutral,Neutral,10,0.4166666666666667
M0515,Neutral -> Neutral -> Aversion,Neutral,Neutral,Aversion,3,0.125
M0515,Neutral -> Aversion -> Aversion,Neutral,Aversion,Aversion,2,0.08333333333333333
M0515,Aversion -> Aversion -> Neutral,Aversion,Aversion,Neutral,2,0.08333333333333333
M0515,Neutral -> Aversion -> Neutral,Neutral,Aversion,Neutral,2,0.08333333333333333
M0515,Aversion -> Neutral -> Neutral,Aversion,Neutral,Neutral,2,0.08333333333333333
M0515,Aversion -> Aversion -> Aversion,Aversion,Aversion,Aversion,2,0.08333333333333333
M0515,Aversion -> Neutral -> Aversion,Aversion,Neutral,Aversion,1,0.041666666666666664
M0516,Neutral -> Neutral -> Neutral,Neutral,Neutral,Neutral,7,0.2916666666666667
M0516,Neutral -> Neutral -> Aversion,Neutral,Neutral,Aversion,2,0.08333333333333333
M0516,Aversion -> Neutral -> Neutral,Aversion,Neutral,Neutral,2,0.08333333333333333
M0516,Neutral -> Aversion -> Aversion,Neutral,Aversion,Aversion,2,0.08333333333333333
M0516,Aversion -> Aversion -> Neutral,Aversion,Aversion,Neutral,2,0.08333333333333333
M0516,Appreciation -> Appreciation -> Appreciation,Appreciation,Appreciation,Appreciation,2,0.08333333333333333
M0516,Neutral -> Aversion -> Neutral,Neutral,Aversion,Neutral,1,0.041666666666666664
M0516,Neutral -> Neutral -> Appreciation,Neutral,Neutral,Appreciation,1,0.041666666666666664
M0516,Aversion -> Aversion -> Aversion,Aversion,Aversion,Aversion,1,0.041666666666666664
M0516,Neutral -> Appreciation -> Appreciation,Neutral,Appreciation,Appreciation,1,0.041666666666666664
M0516,Appreciation -> Appreciation -> Neutral,Appreciation,Appreciation,Neutral,1,0.041666666666666664
M0516,Appreciation -> Neutral -> Neutral,Appreciation,Neutral,Neutral,1,0.041666666666666664
M0516,Aversion -> Neutral -> Aversion,Aversion,Neutral,Aversion,1,0.041666666666666664
M0517,Aversion -> Aversion -> Aversion,Aversion,Aversion,Aversion,14,0.5833333333333334
M0517,Neutral -> Neutral -> Aversion,Neutral,Neutral,Aversion,2,0.08333333333333333
M0517,Neutral -> Neutral -> Neutral,Neutral,Neutral,Neutral,2,0.08333333333333333
M0517,Neutral -> Aversion -> Aversion,Neutral,Aversion,Aversion,2,0.08333333333333333
M0517,Aversion -> Aversion -> Neutral,Aversion,Aversion,Neutral,2,0.08333333333333333
M0517,Aversion -> Neutral -> Neutral,Aversion,Neutral,Neutral,1,0.041666666666666664
M0517,Aversion -> Neutral -> Appreciation,Aversion,Neutral,Appreciation,1,0.041666666666666664
M0518,Neutral -> Neutral -> Neutral,Neutral,Neutral,Neutral,13,0.5416666666666666
M0518,Neutral -> Neutral -> Aversion,Neutral,Neutral,Aversion,2,0.08333333333333333
M0518,Neutral -> Aversion -> Neutral,Neutral,Aversion,Neutral,2,0.08333333333333333
M0518,Aversion -> Neutral -> Neutral,Aversion,Neutral,Neutral,2,0.08333333333333333
M0518,Aversion -> Neutral -> Aversion,Aversion,Neutral,Aversion,1,0.041666666666666664
M0518,Neutral -> Aversion -> Aversion,Neutral,Aversion,Aversion,1,0.041666666666666664
M0518,Aversion -> Aversion -> Neutral,Aversion,Aversion,Neutral,1,0.041666666666666664
M0518,Neutral -> Neutral -> Appreciation,Neutral,Neutral,Appreciation,1,0.041666666666666664
M0518,Neutral -> Appreciation -> Appreciation,Neutral,Appreciation,Appreciation,1,0.041666666666666664
M0519,Neutral -> Neutral -> Neutral,Neutral,Neutral,Neutral,6,0.25
M0519,Neutral -> Neutral -> Aversion,Neutral,Neutral,Aversion,4,0.16666666666666666
M0519,Neutral -> Aversion -> Neutral,Neutral,Aversion,Neutral,4,0.16666666666666666
M0519,Aversion -> Neutral -> Neutral,Aversion,Neutral,Neutral,3,0.125
M0519,Neutral -> Aversion -> Aversion,Neutral,Aversion,Aversion,2,0.08333333333333333
M0519,Aversion -> Aversion -> Neutral,Aversion,Aversion,Neutral,2,0.08333333333333333
M0519,Aversion -> Neutral -> Aversion,Aversion,Neutral,Aversion,2,0.08333333333333333
M0519,Aversion -> Aversion -> Aversion,Aversion,Aversion,Aversion,1,0.041666666666666664
M0520,Aversion -> Aversion -> Aversion,Aversion,Aversion,Aversion,9,0.375
M0520,Aversion -> Neutral -> Aversion,Aversion,Neutral,Aversion,4,0.16666666666666666
M0520,Neutral -> Aversion -> Aversion,Neutral,Aversion,Aversion,4,0.16666666666666666
M0520,Aversion -> Aversion -> Neutral,Aversion,Aversion,Neutral,3,0.125
M0520,Neutral -> Neutral -> Neutral,Neutral,Neutral,Neutral,2,0.08333333333333333
M0520,Neutral -> Neutral -> Aversion,Neutral,Neutral,Aversion,1,0.041666666666666664
M0520,Neutral -> Aversion -> Neutral,Neutral,Aversion,Neutral,1,0.041666666666666664
M0521,Aversion -> Aversion -> Aversion,Aversion,Aversion,Aversion,5,0.20833333333333334
M0521,Neutral -> Neutral -> Neutral,Neutral,Neutral,Neutral,5,0.20833333333333334
M0521,Neutral -> Aversion -> Aversion,Neutral,Aversion,Aversion,3,0.125
M0521,Neutral -> Neutral -> Aversion,Neutral,Neutral,Aversion,2,0.08333333333333333
M0521,Aversion -> Aversion -> Neutral,Aversion,Aversion,Neutral,2,0.08333333333333333
M0521,Aversion -> Neutral -> Neutral,Aversion,Neutral,Neutral,2,0.08333333333333333
M0521,Neutral -> Neutral -> Appreciation,Neutral,Neutral,Appreciation,1,0.041666666666666664
M0521,Neutral -> Appreciation -> Neutral,Neutral,Appreciation,Neutral,1,0.041666666666666664
M0521,Appreciation -> Neutral -> Aversion,Appreciation,Neutral,Aversion,1,0.041666666666666664
M0521,Neutral -> Aversion -> Neutral,Neutral,Aversion,Neutral,1,0.041666666666666664
M0521,Aversion -> Neutral -> Aversion,Aversion,Neutral,Aversion,1,0.041666666666666664
M0522,Neutral -> Neutral -> Neutral,Neutral,Neutral,Neutral,5,0.20833333333333334
M0522,Neutral -> Aversion -> Neutral,Neutral,Aversion,Neutral,3,0.125
M0522,Aversion -> Neutral -> Aversion,Aversion,Neutral,Aversion,3,0.125
M0522,Neutral -> Neutral -> Aversion,Neutral,Neutral,Aversion,2,0.08333333333333333
M0522,Neutral -> Aversion -> Aversion,Neutral,Aversion,Aversion,2,0.08333333333333333
M0522,Aversion -> Aversion -> Neutral,Aversion,Aversion,Neutral,2,0.08333333333333333
M0522,Aversion -> Aversion -> Aversion,Aversion,Aversion,Aversion,2,0.08333333333333333
M0522,Appreciation -> Appreciation -> Appreciation,Appreciation,Appreciation,Appreciation,2,0.08333333333333333
M0522,Aversion -> Neutral -> Neutral,Aversion,Neutral,Neutral,1,0.041666666666666664
M0522,Aversion -> Neutral -> Appreciation,Aversion,Neutral,Appreciation,1,0.041666666666666664
M0522,Neutral -> Appreciation -> Appreciation,Neutral,Appreciation,Appreciation,1,0.041666666666666664
M0523,Neutral -> Neutral -> Neutral,Neutral,Neutral,Neutral,12,0.5
M0523,Appreciation -> Appreciation -> Appreciation,Appreciation,Appreciation,Appreciation,3,0.125
M0523,Neutral -> Aversion -> Aversion,Neutral,Aversion,Aversion,2,0.08333333333333333
M0523,Aversion -> Aversion -> Neutral,Aversion,Aversion,Neutral,2,0.08333333333333333
M0523,Neutral -> Neutral -> Aversion,Neutral,Neutral,Aversion,1,0.041666666666666664
M0523,Aversion -> Neutral -> Aversion,Aversion,Neutral,Aversion,1,0.041666666666666664
M0523,Aversion -> Neutral -> Neutral,Aversion,Neutral,Neutral,1,0.041666666666666664
M0523,Neutral -> Neutral -> Appreciation,Neutral,Neutral,Appreciation,1,0.041666666666666664
M0523,Neutral -> Appreciation -> Appreciation,Neutral,Appreciation,Appreciation,1,0.041666666666666664
M0524,Appreciation -> Appreciation -> Appreciation,Appreciation,Appreciation,Appreciation,12,0.5
M0524,Neutral -> Neutral -> Neutral,Neutral,Neutral,Neutral,3,0.125
M0524,Aversion -> Neutral -> Neutral,Aversion,Neutral,Neutral,2,0.08333333333333333
M0524,Neutral -> Aversion -> Aversion,Neutral,Aversion,Aversion,1,0.041666666666666664
M0524,Aversion -> Aversion -> Aversion,Aversion,Aversion,Aversion,1,0.041666666666666664
M0524,Aversion -> Aversion -> Neutral,Aversion,Aversion,Neutral,1,0.041666666666666664
M0524,Neutral -> Neutral -> Aversion,Neutral,Neutral,Aversion,1,0.041666666666666664
M0524,Neutral -> Aversion -> Neutral,Neutral,Aversion,Neutral,1,0.041666666666666664
M0524,Neutral -> Neutral -> Appreciation,Neutral,Neutral,Appreciation,1,0.041666666666666664
M0524,Neutral -> Appreciation -> Appreciation,Neutral,Appreciation,Appreciation,1,0.041666666666666664
M0525,Appreciation -> Appreciation -> Appreciation,Appreciation,Appreciation,Appreciation,9,0.375
M0525,Neutral -> Neutral -> Neutral,Neutral,Neutral,Neutral,5,0.20833333333333334
M0525,Aversion -> Aversion -> Neutral,Aversion,Aversion,Neutral,2,0.08333333333333333
M0525,Neutral -> Aversion -> Aversion,Neutral,Aversion,Aversion,2,0.08333333333333333
M0525,Neutral -> Neutral -> Aversion,Neutral,Neutral,Aversion,1,0.041666666666666664
M0525,Aversion -> Aversion -> Aversion,Aversion,Aversion,Aversion,1,0.041666666666666664
M0525,Aversion -> Neutral -> Aversion,Aversion,Neutral,Aversion,1,0.041666666666666664
M0525,Aversion -> Neutral -> Neutral,Aversion,Neutral,Neutral,1,0.041666666666666664
M0525,Neutral -> Neutral -> Appreciation,Neutral,Neutral,Appreciation,1,0.041666666666666664
M0525,Neutral -> Appreciation -> Appreciation,Neutral,Appreciation,Appreciation,1,0.041666666666666664
M0526,Aversion -> Aversion -> Aversion,Aversion,Aversion,Aversion,7,0.2916666666666667
M0526,Appreciation -> Appreciation -> Appreciation,Appreciation,Appreciation,Appreciation,5,0.20833333333333334
M0526,Neutral -> Neutral -> Neutral,Neutral,Neutral,Neutral,2,0.08333333333333333
M0526,Aversion -> Aversion -> Neutral,Aversion,Aversion,Neutral,2,0.08333333333333333
M0526,Neutral -> Aversion -> Aversion,Neutral,Aversion,Aversion,2,0.08333333333333333
M0526,Neutral -> Neutral -> Aversion,Neutral,Neutral,Aversion,1,0.041666666666666664
M0526,Aversion -> Neutral -> Aversion,Aversion,Neutral,Aversion,1,0.041666666666666664
M0526,Aversion -> Neutral -> Appreciation,Aversion,Neutral,Appreciation,1,0.041666666666666664
M0526,Neutral -> Appreciation -> Appreciation,Neutral,Appreciation,Appreciation,1,0.041666666666666664
M0526,Appreciation -> Appreciation -> Neutral,Appreciation,Appreciation,Neutral,1,0.041666666666666664
M0526,Appreciation -> Neutral -> Neutral,Appreciation,Neutral,Neutral,1,0.041666666666666664
M0527,Neutral -> Neutral -> Neutral,Neutral,Neutral,Neutral,8,0.3333333333333333
M0527,Appreciation -> Appreciation -> Appreciation,Appreciation,Appreciation,Appreciation,3,0.125
M0527,Aversion -> Neutral -> Aversion,Aversion,Neutral,Aversion,2,0.08333333333333333
M0527,Aversion -> Aversion -> Aversion,Aversion,Aversion,Aversion,2,0.08333333333333333
M0527,Neutral -> Aversion -> Aversion,Neutral,Aversion,Aversion,2,0.08333333333333333
M0527,Aversion -> Aversion -> Neutral,Aversion,Aversion,Neutral,2,0.08333333333333333
M0527,Neutral -> Neutral -> Appreciation,Neutral,Neutral,Appreciation,1,0.041666666666666664
M0527,Neutral -> Appreciation -> Appreciation,Neutral,Appreciation,Appreciation,1,0.041666666666666664
M0527,Neutral -> Neutral -> Aversion,Neutral,Neutral,Aversion,1,0.041666666666666664
M0527,Appreciation -> Appreciation -> Neutral,Appreciation,Appreciation,Neutral,1,0.041666666666666664
M0527,Appreciation -> Neutral -> Neutral,Appreciation,Neutral,Neutral,1,0.041666666666666664
M0528,Neutral -> Neutral -> Neutral,Neutral,Neutral,Neutral,8,0.3333333333333333
M0528,Appreciation -> Appreciation -> Neutral,Appreciation,Appreciation,Neutral,2,0.08333333333333333
M0528,Appreciation -> Appreciation -> Appreciation,Appreciation,Appreciation,Appreciation,2,0.08333333333333333
M0528,Neutral -> Appreciation -> Appreciation,Neutral,Appreciation,Appreciation,2,0.08333333333333333
M0528,Neutral -> Neutral -> Appreciation,Neutral,Neutral,Appreciation,2,0.08333333333333333
M0528,Aversion -> Neutral -> Neutral,Aversion,Neutral,Neutral,1,0.041666666666666664
M0528,Aversion -> Aversion -> Neutral,Aversion,Aversion,Neutral,1,0.041666666666666664
M0528,Neutral -> Aversion -> Aversion,Neutral,Aversion,Aversion,1,0.041666666666666664
M0528,Neutral -> Neutral -> Aversion,Neutral,Neutral,Aversion,1,0.041666666666666664
M0528,Appreciation -> Neutral -> Neutral,Appreciation,Neutral,Neutral,1,0.041666666666666664
M0528,Appreciation -> Neutral -> Aversion,Appreciation,Neutral,Aversion,1,0.041666666666666664
M0528,Neutral -> Aversion -> Neutral,Neutral,Aversion,Neutral,1,0.041666666666666664
M0528,Aversion -> Neutral -> Appreciation,Aversion,Neutral,Appreciation,1,0.041666666666666664
M0529,Neutral -> Neutral -> Neutral,Neutral,Neutral,Neutral,8,0.3333333333333333
M0529,Appreciation -> Appreciation -> Appreciation,Appreciation,Appreciation,Appreciation,8,0.3333333333333333
M0529,Neutral -> Neutral -> Aversion,Neutral,Neutral,Aversion,1,0.041666666666666664
M0529,Neutral -> Aversion -> Neutral,Neutral,Aversion,Neutral,1,0.041666666666666664
M0529,Neutral -> Aversion -> Aversion,Neutral,Aversion,Aversion,1,0.041666666666666664
M0529,Aversion -> Neutral -> Aversion,Aversion,Neutral,Aversion,1,0.041666666666666664
M0529,Aversion -> Aversion -> Neutral,Aversion,Aversion,Neutral,1,0.041666666666666664
M0529,Aversion -> Neutral -> Neutral,Aversion,Neutral,Neutral,1,0.041666666666666664
M0529,Neutral -> Neutral -> Appreciation,Neutral,Neutral,Appreciation,1,0.041666666666666664
M0529,Neutral -> Appreciation -> Appreciation,Neutral,Appreciation,Appreciation,1,0.041666666666666664
M0530,Aversion -> Aversion -> Aversion,Aversion,Aversion,Aversion,8,0.3333333333333333
M0530,Neutral -> Neutral -> Aversion,Neutral,Neutral,Aversion,3,0.125
M0530,Aversion -> Neutral -> Neutral,Aversion,Neutral,Neutral,3,0.125
M0530,Neutral -> Aversion -> Aversion,Neutral,Aversion,Aversion,2,0.08333333333333333
M0530,Aversion -> Aversion -> Neutral,Aversion,Aversion,Neutral,2,0.08333333333333333
M0530,Neutral -> Aversion -> Neutral,Neutral,Aversion,Neutral,1,0.041666666666666664
M0530,Neutral -> Neutral -> Neutral,Neutral,Neutral,Neutral,1,0.041666666666666664
M0530,Neutral -> Neutral -> Appreciation,Neutral,Neutral,Appreciation,1,0.041666666666666664
M0530,Neutral -> Appreciation -> Appreciation,Neutral,Appreciation,Appreciation,1,0.041666666666666664
M0530,Appreciation -> Appreciation -> Appreciation,Appreciation,Appreciation,Appreciation,1,0.041666666666666664
M0530,Appreciation -> Appreciation -> Neutral,Appreciation,Appreciation,Neutral,1,0.041666666666666664
M0531,Aversion -> Aversion -> Aversion,Aversion,Aversion,Aversion,9,0.375
M0531,Neutral -> Neutral -> Aversion,Neutral,Neutral,Aversion,4,0.16666666666666666
M0531,Aversion -> Neutral -> Neutral,Aversion,Neutral,Neutral,3,0.125
M0531,Neutral -> Neutral -> Neutral,Neutral,Neutral,Neutral,3,0.125
M0531,Neutral -> Aversion -> Aversion,Neutral,Aversion,Aversion,2,0.08333333333333333
M0531,Aversion -> Aversion -> Neutral,Aversion,Aversion,Neutral,2,0.08333333333333333
M0531,Neutral -> Aversion -> Neutral,Neutral,Aversion,Neutral,1,0.041666666666666664
M0532,Aversion -> Aversion -> Aversion,Aversion,Aversion,Aversion,10,0.4166666666666667
M0532,Aversion -> Neutral -> Neutral,Aversion,Neutral,Neutral,2,0.08333333333333333
M0532,Neutral -> Neutral -> Neutral,Neutral,Neutral,Neutral,2,0.08333333333333333
M0532,Neutral -> Neutral -> Aversion,Neutral,Neutral,Aversion,2,0.08333333333333333
M0532,Neutral -> Aversion -> Aversion,Neutral,Aversion,Aversion,2,0.08333333333333333
M0532,Aversion -> Aversion -> Neutral,Aversion,Aversion,Neutral,2,0.08333333333333333
M0532,Neutral -> Aversion -> Neutral,Neutral,Aversion,Neutral,1,0.041666666666666664
M0532,Aversion -> Neutral -> Appreciation,Aversion,Neutral,Appreciation,1,0.041666666666666664
M0532,Neutral -> Appreciation -> Appreciation,Neutral,Appreciation,Appreciation,1,0.041666666666666664
M0532,Appreciation -> Appreciation -> Appreciation,Appreciation,Appreciation,Appreciation,1,0.041666666666666664
M0533,Neutral -> Aversion -> Aversion,Neutral,Aversion,Aversion,5,0.20833333333333334
M0533,Aversion -> Aversion -> Aversion,Aversion,Aversion,Aversion,5,0.20833333333333334
M0533,Neutral -> Neutral -> Neutral,Neutral,Neutral,Neutral,4,0.16666666666666666
M0533,Aversion -> Aversion -> Neutral,Aversion,Aversion,Neutral,4,0.16666666666666666
M0533,Aversion -> Neutral -> Aversion,Aversion,Neutral,Aversion,3,0.125
M0533,Neutral -> Neutral -> Aversion,Neutral,Neutral,Aversion,2,0.08333333333333333
M0533,Aversion -> Neutral -> Neutral,Aversion,Neutral,Neutral,1,0.041666666666666664
M0534,Aversion -> Aversion -> Aversion,Aversion,Aversion,Aversion,8,0.3333333333333333
M0534,Neutral -> Neutral -> Neutral,Neutral,Neutral,Neutral,7,0.2916666666666667
M0534,Neutral -> Aversion -> Aversion,Neutral,Aversion,Aversion,3,0.125
M0534,Neutral -> Neutral -> Aversion,Neutral,Neutral,Aversion,2,0.08333333333333333
M0534,Aversion -> Aversion -> Neutral,Aversion,Aversion,Neutral,2,0.08333333333333333
M0534,Aversion -> Neutral -> Neutral,Aversion,Neutral,Neutral,1,0.041666666666666664
M0534,Aversion -> Neutral -> Aversion,Aversion,Neutral,Aversion,1,0.041666666666666664
M0535,Neutral -> Neutral -> Neutral,Neutral,Neutral,Neutral,9,0.375
M0535,Aversion -> Aversion -> Aversion,Aversion,Aversion,Aversion,4,0.16666666666666666
M0535,Neutral -> Neutral -> Aversion,Neutral,Neutral,Aversion,2,0.08333333333333333
M0535,Aversion -> Neutral -> Neutral,Aversion,Neutral,Neutral,2,0.08333333333333333
M0535,Neutral -> Aversion -> Aversion,Neutral,Aversion,Aversion,2,0.08333333333333333
M0535,Neutral -> Aversion -> Neutral,Neutral,Aversion,Neutral,1,0.041666666666666664
M0535,Aversion -> Aversion -> Appreciation,Aversion,Aversion,Appreciation,1,0.041666666666666664
M0535,Aversion -> Appreciation -> Neutral,Aversion,Appreciation,Neutral,1,0.041666666666666664
M0535,Appreciation -> Neutral -> Aversion,Appreciation,Neutral,Aversion,1,0.041666666666666664
M0535,Aversion -> Aversion -> Neutral,Aversion,Aversion,Neutral,1,0.041666666666666664
M0536,Neutral -> Neutral -> Neutral,Neutral,Neutral,Neutral,11,0.4583333333333333
M0536,Aversion -> Aversion -> Aversion,Aversion,Aversion,Aversion,5,0.20833333333333334
M0536,Neutral -> Neutral -> Aversion,Neutral,Neutral,Aversion,3,0.125
M0536,Neutral -> Aversion -> Neutral,Neutral,Aversion,Neutral,2,0.08333333333333333
M0536,Aversion -> Neutral -> Neutral,Aversion,Neutral,Neutral,2,0.08333333333333333
M0536,Neutral -> Aversion -> Aversion,Neutral,Aversion,Aversion,1,0.041666666666666664
M0537,Neutral -> Neutral -> Neutral,Neutral,Neutral,Neutral,8,0.3333333333333333
M0537,Neutral -> Neutral -> Aversion,Neutral,Neutral,Aversion,4,0.16666666666666666
M0537,Neutral -> Aversion -> Aversion,Neutral,Aversion,Aversion,3,0.125
M0537,Aversion -> Aversion -> Aversion,Aversion,Aversion,Aversion,3,0.125
M0537,Aversion -> Aversion -> Neutral,Aversion,Aversion,Neutral,3,0.125
M0537,Aversion -> Neutral -> Neutral,Aversion,Neutral,Neutral,3,0.125
M0538,Aversion -> Aversion -> Aversion,Aversion,Aversion,Aversion,5,0.20833333333333334
M0538,Appreciation -> Appreciation -> Appreciation,Appreciation,Appreciation,Appreciation,4,0.16666666666666666
M0538,Aversion -> Aversion -> Neutral,Aversion,Aversion,Neutral,3,0.125
M0538,Neutral -> Neutral -> Neutral,Neutral,Neutral,Neutral,3,0.125
M0538,Neutral -> Aversion -> Aversion,Neutral,Aversion,Aversion,3,0.125
M0538,Neutral -> Neutral -> Aversion,Neutral,Neutral,Aversion,2,0.08333333333333333
M0538,Aversion -> Neutral -> Aversion,Aversion,Neutral,Aversion,1,0.041666666666666664
M0538,Aversion -> Neutral -> Neutral,Aversion,Neutral,Neutral,1,0.041666666666666664
M0538,Aversion -> Neutral -> Appreciation,Aversion,Neutral,Appreciation,1,0.041666666666666664
M0538,Neutral -> Appreciation -> Appreciation,Neutral,Appreciation,Appreciation,1,0.041666666666666664
M0539,Appreciation -> Appreciation -> Appreciation,Appreciation,Appreciation,Appreciation,10,0.4166666666666667
M0539,Neutral -> Neutral -> Neutral,Neutral,Neutral,Neutral,9,0.375
M0539,Neutral -> Appreciation -> Appreciation,Neutral,Appreciation,Appreciation,2,0.08333333333333333
M0539,Neutral -> Neutral -> Appreciation,Neutral,Neutral,Appreciation,1,0.041666666666666664
M0539,Appreciation -> Appreciation -> Neutral,Appreciation,Appreciation,Neutral,1,0.041666666666666664
M0539,Appreciation -> Neutral -> Appreciation,Appreciation,Neutral,Appreciation,1,0.041666666666666664
M0540,Neutral -> Neutral -> Neutral,Neutral,Neutral,Neutral,8,0.3333333333333333
M0540,Aversion -> Aversion -> Aversion,Aversion,Aversion,Aversion,4,0.16666666666666666
M0540,Neutral -> Neutral -> Aversion,Neutral,Neutral,Aversion,3,0.125
M0540,Neutral -> Aversion -> Aversion,Neutral,Aversion,Aversion,3,0.125
M0540,Aversion -> Aversion -> Neutral,Aversion,Aversion,Neutral,3,0.125
M0540,Aversion -> Neutral -> Neutral,Aversion,Neutral,Neutral,3,0.125
M0541,Aversion -> Aversion -> Aversion,Aversion,Aversion,Aversion,11,0.4583333333333333
M0541,Aversion -> Neutral -> Aversion,Aversion,Neutral,Aversion,5,0.20833333333333334
M0541,Neutral -> Aversion -> Neutral,Neutral,Aversion,Neutral,3,0.125
M0541,Neutral -> Aversion -> Aversion,Neutral,Aversion,Aversion,3,0.125
M0541,Aversion -> Aversion -> Neutral,Aversion,Aversion,Neutral,2,0.08333333333333333
M0542,Neutral -> Neutral -> Neutral,Neutral,Neutral,Neutral,7,0.2916666666666667
M0542,Aversion -> Aversion -> Aversion,Aversion,Aversion,Aversion,5,0.20833333333333334
M0542,Neutral -> Neutral -> Aversion,Neutral,Neutral,Aversion,4,0.16666666666666666
M0542,Aversion -> Neutral -> Neutral,Aversion,Neutral,Neutral,3,0.125
M0542,Neutral -> Aversion -> Neutral,Neutral,Aversion,Neutral,2,0.08333333333333333
M0542,Neutral -> Aversion -> Aversion,Neutral,Aversion,Aversion,2,0.08333333333333333
M0542,Aversion -> Aversion -> Neutral,Aversion,Aversion,Neutral,1,0.041666666666666664
M0543,Neutral -> Neutral -> Neutral,Neutral,Neutral,Neutral,8,0.3333333333333333
M0543,Neutral -> Aversion -> Aversion,Neutral,Aversion,Aversion,3,0.125
M0543,Aversion -> Aversion -> Neutral,Aversion,Aversion,Neutral,3,0.125
M0543,Aversion -> Neutral -> Neutral,Aversion,Neutral,Neutral,3,0.125
M0543,Aversion -> Aversion -> Aversion,Aversion,Aversion,Aversion,2,0.08333333333333333
M0543,Neutral -> Neutral -> Aversion,Neutral,Neutral,Aversion,2,0.08333333333333333
M0543,Neutral -> Neutral -> Appreciation,Neutral,Neutral,Appreciation,1,0.041666666666666664
M0543,Neutral -> Appreciation -> Appreciation,Neutral,Appreciation,Appreciation,1,0.041666666666666664
M0543,Appreciation -> Appreciation -> Appreciation,Appreciation,Appreciation,Appreciation,1,0.041666666666666664
M0544,Aversion -> Aversion -> Aversion,Aversion,Aversion,Aversion,7,0.2916666666666667
M0544,Appreciation -> Appreciation -> Appreciation,Appreciation,Appreciation,Appreciation,4,0.16666666666666666
M0544,Aversion -> Aversion -> Neutral,Aversion,Aversion,Neutral,3,0.125
M0544,Neutral -> Aversion -> Aversion,Neutral,Aversion,Aversion,3,0.125
M0544,Aversion -> Neutral -> Aversion,Aversion,Neutral,Aversion,2,0.08333333333333333
M0544,Neutral -> Neutral -> Aversion,Neutral,Neutral,Aversion,1,0.041666666666666664
M0544,Aversion -> Neutral -> Neutral,Aversion,Neutral,Neutral,1,0.041666666666666664
M0544,Neutral -> Neutral -> Neutral,Neutral,Neutral,Neutral,1,0.041666666666666664
M0544,Neutral -> Neutral -> Appreciation,Neutral,Neutral,Appreciation,1,0.041666666666666664
M0544,Neutral -> Appreciation -> Appreciation,Neutral,Appreciation,Appreciation,1,0.041666666666666664
M0545,Neutral -> Neutral -> Neutral,Neutral,Neutral,Neutral,7,0.2916666666666667
M0545,Neutral -> Aversion -> Neutral,Neutral,Aversion,Neutral,4,0.16666666666666666
M0545,Aversion -> Aversion -> Aversion,Aversion,Aversion,Aversion,3,0.125
M0545,Neutral -> Neutral -> Aversion,Neutral,Neutral,Aversion,2,0.08333333333333333
M0545,Aversion -> Neutral -> Neutral,Aversion,Neutral,Neutral,2,0.08333333333333333
M0545,Aversion -> Neutral -> Aversion,Aversion,Neutral,Aversion,2,0.08333333333333333
M0545,Neutral -> Neutral -> Appreciation,Neutral,Neutral,Appreciation,1,0.041666666666666664
M0545,Neutral -> Appreciation -> Neutral,Neutral,Appreciation,Neutral,1,0.041666666666666664
M0545,Appreciation -> Neutral -> Aversion,Appreciation,Neutral,Aversion,1,0.041666666666666664
M0545,Neutral -> Aversion -> Aversion,Neutral,Aversion,Aversion,1,0.041666666666666664
M0546,Appreciation -> Appreciation -> Appreciation,Appreciation,Appreciation,Appreciation,10,0.4166666666666667
M0546,Neutral -> Neutral -> Neutral,Neutral,Neutral,Neutral,5,0.20833333333333334
M0546,Neutral -> Neutral -> Aversion,Neutral,Neutral,Aversion,1,0.041666666666666664
M0546,Neutral -> Aversion -> Aversion,Neutral,Aversion,Aversion,1,0.041666666666666664
M0546,Aversion -> Aversion -> Aversion,Aversion,Aversion,Aversion,1,0.041666666666666664
M0546,Aversion -> Neutral -> Aversion,Aversion,Neutral,Aversion,1,0.041666666666666664
M0546,Aversion -> Aversion -> Neutral,Aversion,Aversion,Neutral,1,0.041666666666666664
M0546,Neutral -> Aversion -> Neutral,Neutral,Aversion,Neutral,1,0.041666666666666664
M0546,Aversion -> Neutral -> Neutral,Aversion,Neutral,Neutral,1,0.041666666666666664
M0546,Neutral -> Neutral -> Appreciation,Neutral,Neutral,Appreciation,1,0.041666666666666664
M0546,Neutral -> Appreciation -> Appreciation,Neutral,Appreciation,Appreciation,1,0.041666666666666664
M0547,Neutral -> Neutral -> Neutral,Neutral,Neutral,Neutral,16,0.6666666666666666
M0547,Neutral -> Neutral -> Aversion,Neutral,Neutral,Aversion,2,0.08333333333333333
M0547,Neutral -> Aversion -> Aversion,Neutral,Aversion,Aversion,2,0.08333333333333333
M0547,Aversion -> Aversion -> Aversion,Aversion,Aversion,Aversion,2,0.08333333333333333
M0547,Aversion -> Aversion -> Neutral,Aversion,Aversion,Neutral,1,0.041666666666666664
M0547,Aversion -> Neutral -> Neutral,Aversion,Neutral,Neutral,1,0.041666666666666664
M0548,Neutral -> Neutral -> Neutral,Neutral,Neutral,Neutral,9,0.375
M0548,Aversion -> Aversion -> Aversion,Aversion,Aversion,Aversion,6,0.25
M0548,Neutral -> Neutral -> Aversion,Neutral,Neutral,Aversion,3,0.125
M0548,Neutral -> Aversion -> Neutral,Neutral,Aversion,Neutral,2,0.08333333333333333
M0548,Aversion -> Neutral -> Neutral,Aversion,Neutral,Neutral,2,0.08333333333333333
M0548,Neutral -> Aversion -> Aversion,Neutral,Aversion,Aversion,1,0.041666666666666664
M0548,Aversion -> Aversion -> Neutral,Aversion,Aversion,Neutral,1,0.041666666666666664
M0549,Neutral -> Neutral -> Neutral,Neutral,Neutral,Neutral,8,0.3333333333333333
M0549,Appreciation -> Appreciation -> Appreciation,Appreciation,Appreciation,Appreciation,7,0.2916666666666667
M0549,Neutral -> Neutral -> Appreciation,Neutral,Neutral,Appreciation,2,0.08333333333333333
M0549,Neutral -> Appreciation -> Appreciation,Neutral,Appreciation,Appreciation,2,0.08333333333333333
M0549,Neutral -> Neutral -> Aversion,Neutral,Neutral,Aversion,1,0.041666666666666664
M0549,Aversion -> Neutral -> Neutral,Aversion,Neutral,Neutral,1,0.041666666666666664
M0549,Neutral -> Aversion -> Neutral,Neutral,Aversion,Neutral,1,0.041666666666666664
M0549,Appreciation -> Appreciation -> Neutral,Appreciation,Appreciation,Neutral,1,0.041666666666666664
M0549,Appreciation -> Neutral -> Neutral,Appreciation,Neutral,Neutral,1,0.041666666666666664
M0550,Aversion -> Aversion -> Aversion,Aversion,Aversion,Aversion,7,0.2916666666666667
M0550,Neutral -> Neutral -> Aversion,Neutral,Neutral,Aversion,4,0.16666666666666666
M0550,Neutral -> Neutral -> Neutral,Neutral,Neutral,Neutral,3,0.125
M0550,Aversion -> Neutral -> Neutral,Aversion,Neutral,Neutral,3,0.125
M0550,Aversion -> Aversion -> Neutral,Aversion,Aversion,Neutral,2,0.08333333333333333
M0550,Neutral -> Aversion -> Aversion,Neutral,Aversion,Aversion,2,0.08333333333333333
M0550,Neutral -> Aversion -> Neutral,Neutral,Aversion,Neutral,2,0.08333333333333333
M0550,Aversion -> Neutral -> Aversion,Aversion,Neutral,Aversion,1,0.041666666666666664
M0551,Neutral -> Neutral -> Neutral,Neutral,Neutral,Neutral,15,0.625
M0551,Appreciation -> Appreciation -> Appreciation,Appreciation,Appreciation,Appreciation,4,0.16666666666666666
M0551,Neutral -> Appreciation -> Appreciation,Neutral,Appreciation,Appreciation,2,0.08333333333333333
M0551,Neutral -> Neutral -> Appreciation,Neutral,Neutral,Appreciation,1,0.041666666666666664
M0551,Appreciation -> Appreciation -> Neutral,Appreciation,Appreciation,Neutral,1,0.041666666666666664
M0551,Appreciation -> Neutral -> Appreciation,Appreciation,Neutral,Appreciation,1,0.041666666666666664
M0552,Aversion -> Aversion -> Aversion,Aversion,Aversion,Aversion,8,0.3333333333333333
M0552,Neutral -> Aversion -> Neutral,Neutral,Aversion,Neutral,3,0.125
M0552,Neutral -> Neutral -> Neutral,Neutral,Neutral,Neutral,3,0.125
M0552,Aversion -> Neutral -> Aversion,Aversion,Neutral,Aversion,2,0.08333333333333333
M0552,Neutral -> Aversion -> Aversion,Neutral,Aversion,Aversion,2,0.08333333333333333
M0552,Aversion -> Aversion -> Neutral,Aversion,Aversion,Neutral,2,0.08333333333333333
M0552,Aversion -> Neutral -> Neutral,Aversion,Neutral,Neutral,2,0.08333333333333333
M0552,Neutral -> Neutral -> Aversion,Neutral,Neutral,Aversion,2,0.08333333333333333
M0553,Aversion -> Aversion -> Aversion,Aversion,Aversion,Aversion,9,0.375
M0553,Neutral -> Neutral -> Neutral,Neutral,Neutral,Neutral,6,0.25
M0553,Neutral -> Neutral -> Aversion,Neutral,Neutral,Aversion,2,0.08333333333333333
M0553,Aversion -> Neutral -> Neutral,Aversion,Neutral,Neutral,2,0.08333333333333333
M0553,Neutral -> Aversion -> Neutral,Neutral,Aversion,Neutral,1,0.041666666666666664
M0553,Neutral -> Aversion -> Aversion,Neutral,Aversion,Aversion,1,0.041666666666666664
M0553,Aversion -> Aversion -> Neutral,Aversion,Aversion,Neutral,1,0.041666666666666664
M0553,Neutral -> Neutral -> Appreciation,Neutral,Neutral,Appreciation,1,0.041666666666666664
M0553,Neutral -> Appreciation -> Appreciation,Neutral,Appreciation,Appreciation,1,0.041666666666666664
M0554,Neutral -> Neutral -> Neutral,Neutral,Neutral,Neutral,12,0.5
M0554,Appreciation -> Appreciation -> Appreciation,Appreciation,Appreciation,Appreciation,8,0.3333333333333333
M0554,Neutral -> Neutral -> Appreciation,Neutral,Neutral,Appreciation,1,0.041666666666666664
M0554,Neutral -> Appreciation -> Appreciation,Neutral,Appreciation,Appreciation,1,0.041666666666666664
M0554,Appreciation -> Appreciation -> Neutral,Appreciation,Appreciation,Neutral,1,0.041666666666666664
M0554,Appreciation -> Neutral -> Neutral,Appreciation,Neutral,Neutral,1,0.041666666666666664
M0555,Neutral -> Neutral -> Neutral,Neutral,Neutral,Neutral,5,0.20833333333333334
M0555,Appreciation -> Appreciation -> Appreciation,Appreciation,Appreciation,Appreciation,4,0.16666666666666666
M0555,Neutral -> Aversion -> Aversion,Neutral,Aversion,Aversion,3,0.125
M0555,Aversion -> Aversion -> Aversion,Aversion,Aversion,Aversion,3,0.125
M0555,Neutral -> Neutral -> Aversion,Neutral,Neutral,Aversion,2,0.08333333333333333
M0555,Aversion -> Aversion -> Neutral,Aversion,Aversion,Neutral,2,0.08333333333333333
M0555,Aversion -> Neutral -> Neutral,Aversion,Neutral,Neutral,1,0.041666666666666664
M0555,Aversion -> Neutral -> Appreciation,Aversion,Neutral,Appreciation,1,0.041666666666666664
M0555,Neutral -> Appreciation -> Appreciation,Neutral,Appreciation,Appreciation,1,0.041666666666666664
M0555,Appreciation -> Appreciation -> Neutral,Appreciation,Appreciation,Neutral,1,0.041666666666666664
M0555,Appreciation -> Neutral -> Aversion,Appreciation,Neutral,Aversion,1,0.041666666666666664
M0556,Neutral -> Neutral -> Neutral,Neutral,Neutral,Neutral,9,0.375
M0556,Appreciation -> Appreciation -> Appreciation,Appreciation,Appreciation,Appreciation,6,0.25
M0556,Aversion -> Aversion -> Aversion,Aversion,Aversion,Aversion,4,0.16666666666666666
M0556,Neutral -> Neutral -> Aversion,Neutral,Neutral,Aversion,1,0.041666666666666664
M0556,Neutral -> Aversion -> Aversion,Neutral,Aversion,Aversion,1,0.041666666666666664
M0556,Aversion -> Aversion -> Neutral,Aversion,Aversion,Neutral,1,0.041666666666666664
M0556,Aversion -> Neutral -> Appreciation,Aversion,Neutral,Appreciation,1,0.041666666666666664
M0556,Neutral -> Appreciation -> Appreciation,Neutral,Appreciation,Appreciation,1,0.041666666666666664
M0557,Neutral -> Neutral -> Neutral,Neutral,Neutral,Neutral,10,0.4166666666666667
M0557,Appreciation -> Appreciation -> Appreciation,Appreciation,Appreciation,Appreciation,3,0.125
M0557,Neutral -> Neutral -> Aversion,Neutral,Neutral,Aversion,2,0.08333333333333333
M0557,Neutral -> Aversion -> Aversion,Neutral,Aversion,Aversion,2,0.08333333333333333
M0557,Aversion -> Aversion -> Aversion,Aversion,Aversion,Aversion,2,0.08333333333333333
M0557,Aversion -> Aversion -> Neutral,Aversion,Aversion,Neutral,1,0.041666666666666664
M0557,Aversion -> Neutral -> Appreciation,Aversion,Neutral,Appreciation,1,0.041666666666666664
M0557,Neutral -> Appreciation -> Appreciation,Neutral,Appreciation,Appreciation,1,0.041666666666666664
M0557,Appreciation -> Appreciation -> Neutral,Appreciation,Appreciation,Neutral,1,0.041666666666666664
M0557,Appreciation -> Neutral -> Neutral,Appreciation,Neutral,Neutral,1,0.041666666666666664
M0558,Neutral -> Neutral -> Neutral,Neutral,Neutral,Neutral,8,0.3333333333333333
M0558,Neutral -> Aversion -> Aversion,Neutral,Aversion,Aversion,3,0.125
M0558,Aversion -> Aversion -> Neutral,Aversion,Aversion,Neutral,3,0.125
M0558,Aversion -> Aversion -> Aversion,Aversion,Aversion,Aversion,2,0.08333333333333333
M0558,Aversion -> Neutral -> Neutral,Aversion,Neutral,Neutral,2,0.08333333333333333
M0558,Neutral -> Neutral -> Aversion,Neutral,Neutral,Aversion,2,0.08333333333333333
M0558,Appreciation -> Appreciation -> Appreciation,Appreciation,Appreciation,Appreciation,2,0.08333333333333333
M0558,Aversion -> Neutral -> Appreciation,Aversion,Neutral,Appreciation,1,0.041666666666666664
M0558,Neutral -> Appreciation -> Appreciation,Neutral,Appreciation,Appreciation,1,0.041666666666666664
M0559,Aversion -> Aversion -> Aversion,Aversion,Aversion,Aversion,11,0.4583333333333333
M0559,Appreciation -> Appreciation -> Appreciation,Appreciation,Appreciation,Appreciation,5,0.20833333333333334
M0559,Neutral -> Neutral -> Neutral,Neutral,Neutral,Neutral,4,0.16666666666666666
M0559,Neutral -> Aversion -> Aversion,Neutral,Aversion,Aversion,1,0.041666666666666664
M0559,Neutral -> Neutral -> Aversion,Neutral,Neutral,Aversion,1,0.041666666666666664
M0559,Aversion -> Aversion -> Appreciation,Aversion,Aversion,Appreciation,1,0.041666666666666664
M0559,Aversion -> Appreciation -> Appreciation,Aversion,Appreciation,Appreciation,1,0.041666666666666664
M0560,Neutral -> Neutral -> Neutral,Neutral,Neutral,Neutral,12,0.5
M0560,Neutral -> Neutral -> Appreciation,Neutral,Neutral,Appreciation,2,0.08333333333333333
M0560,Appreciation -> Appreciation -> Appreciation,Appreciation,Appreciation,Appreciation,2,0.08333333333333333
M0560,Neutral -> Appreciation -> Neutral,Neutral,Appreciation,Neutral,1,0.041666666666666664
M0560,Appreciation -> Neutral -> Neutral,Appreciation,Neutral,Neutral,1,0.041666666666666664
M0560,Neutral -> Aversion -> Aversion,Neutral,Aversion,Aversion,1,0.041666666666666664
M0560,Neutral -> Neutral -> Aversion,Neutral,Neutral,Aversion,1,0.041666666666666664
M0560,Aversion -> Aversion -> Aversion,Aversion,Aversion,Aversion,1,0.041666666666666664
M0560,Aversion -> Aversion -> Neutral,Aversion,Aversion,Neutral,1,0.041666666666666664
M0560,Aversion -> Neutral -> Neutral,Aversion,Neutral,Neutral,1,0.041666666666666664
M0560,Neutral -> Appreciation -> Appreciation,Neutral,Appreciation,Appreciation,1,0.041666666666666664
M0561,Neutral -> Neutral -> Neutral,Neutral,Neutral,Neutral,14,0.5833333333333334
M0561,Aversion -> Aversion -> Aversion,Aversion,Aversion,Aversion,4,0.16666666666666666
M0561,Neutral -> Appreciation -> Appreciation,Neutral,Appreciation,Appreciation,1,0.041666666666666664
M0561,Neutral -> Neutral -> Appreciation,Neutral,Neutral,Appreciation,1,0.041666666666666664
M0561,Appreciation -> Appreciation -> Neutral,Appreciation,Appreciation,Neutral,1,0.041666666666666664
M0561,Appreciation -> Neutral -> Aversion,Appreciation,Neutral,Aversion,1,0.041666666666666664
M0561,Neutral -> Aversion -> Aversion,Neutral,Aversion,Aversion,1,0.041666666666666664
M0561,Aversion -> Aversion -> Neutral,Aversion,Aversion,Neutral,1,0.041666666666666664
M0562,Neutral -> Neutral -> Aversion,Neutral,Neutral,Aversion,3,0.125
M0562,Neutral -> Aversion -> Aversion,Neutral,Aversion,Aversion,3,0.125
M0562,Appreciation -> Appreciation -> Appreciation,Appreciation,Appreciation,Appreciation,3,0.125
M0562,Aversion -> Aversion -> Neutral,Aversion,Aversion,Neutral,3,0.125
M0562,Aversion -> Neutral -> Aversion,Aversion,Neutral,Aversion,2,0.08333333333333333
M0562,Neutral -> Aversion -> Neutral,Neutral,Aversion,Neutral,2,0.08333333333333333
M0562,Aversion -> Aversion -> Aversion,Aversion,Aversion,Aversion,2,0.08333333333333333
M0562,Aversion -> Neutral -> Neutral,Aversion,Neutral,Neutral,2,0.08333333333333333
M0562,Neutral -> Neutral -> Appreciation,Neutral,Neutral,Appreciation,1,0.041666666666666664
M0562,Neutral -> Appreciation -> Appreciation,Neutral,Appreciation,Appreciation,1,0.041666666666666664
M0562,Appreciation -> Appreciation -> Neutral,Appreciation,Appreciation,Neutral,1,0.041666666666666664
M0562,Appreciation -> Neutral -> Neutral,Appreciation,Neutral,Neutral,1,0.041666666666666664
M0563,Aversion -> Aversion -> Aversion,Aversion,Aversion,Aversion,12,0.5
M0563,Appreciation -> Appreciation -> Appreciation,Appreciation,Appreciation,Appreciation,3,0.125
M0563,Neutral -> Aversion -> Aversion,Neutral,Aversion,Aversion,2,0.08333333333333333
M0563,Aversion -> Neutral -> Aversion,Aversion,Neutral,Aversion,2,0.08333333333333333
M0563,Aversion -> Aversion -> Neutral,Aversion,Aversion,Neutral,2,0.08333333333333333
M0563,Neutral -> Aversion -> Neutral,Neutral,Aversion,Neutral,1,0.041666666666666664
M0563,Aversion -> Neutral -> Appreciation,Aversion,Neutral,Appreciation,1,0.041666666666666664
M0563,Neutral -> Appreciation -> Appreciation,Neutral,Appreciation,Appreciation,1,0.041666666666666664
M0564,Neutral -> Neutral -> Neutral,Neutral,Neutral,Neutral,9,0.375
M0564,Neutral -> Neutral -> Aversion,Neutral,Neutral,Aversion,3,0.125
M0564,Aversion -> Aversion -> Aversion,Aversion,Aversion,Aversion,2,0.08333333333333333
M0564,Neutral -> Aversion -> Aversion,Neutral,Aversion,Aversion,2,0.08333333333333333
M0564,Aversion -> Neutral -> Neutral,Aversion,Neutral,Neutral,2,0.08333333333333333
M0564,Aversion -> Aversion -> Neutral,Aversion,Aversion,Neutral,2,0.08333333333333333
M0564,Neutral -> Aversion -> Appreciation,Neutral,Aversion,Appreciation,1,0.041666666666666664
M0564,Aversion -> Appreciation -> Neutral,Aversion,Appreciation,Neutral,1,0.041666666666666664
M0564,Appreciation -> Neutral -> Neutral,Appreciation,Neutral,Neutral,1,0.041666666666666664
M0564,Neutral -> Aversion -> Neutral,Neutral,Aversion,Neutral,1,0.041666666666666664
M0565,Appreciation -> Appreciation -> Appreciation,Appreciation,Appreciation,Appreciation,10,0.4166666666666667
M0565,Neutral -> Neutral -> Neutral,Neutral,Neutral,Neutral,3,0.125
M0565,Aversion -> Aversion -> Aversion,Aversion,Aversion,Aversion,3,0.125
M0565,Neutral -> Aversion -> Aversion,Neutral,Aversion,Aversion,2,0.08333333333333333
M0565,Aversion -> Aversion -> Neutral,Aversion,Aversion,Neutral,2,0.08333333333333333
M0565,Aversion -> Neutral -> Neutral,Aversion,Neutral,Neutral,1,0.041666666666666664
M0565,Aversion -> Neutral -> Aversion,Aversion,Neutral,Aversion,1,0.041666666666666664
M0565,Neutral -> Neutral -> Appreciation,Neutral,Neutral,Appreciation,1,0.041666666666666664
M0565,Neutral -> Appreciation -> Appreciation,Neutral,Appreciation,Appreciation,1,0.041666666666666664
M0566,Aversion -> Aversion -> Aversion,Aversion,Aversion,Aversion,9,0.375
M0566,Appreciation -> Appreciation -> Appreciation,Appreciation,Appreciation,Appreciation,4,0.16666666666666666
M0566,Neutral -> Neutral -> Neutral,Neutral,Neutral,Neutral,2,0.08333333333333333
M0566,Neutral -> Aversion -> Aversion,Neutral,Aversion,Aversion,2,0.08333333333333333
M0566,Neutral -> Neutral -> Aversion,Neutral,Neutral,Aversion,2,0.08333333333333333
M0566,Aversion -> Aversion -> Neutral,Aversion,Aversion,Neutral,2,0.08333333333333333
M0566,Aversion -> Neutral -> Neutral,Aversion,Neutral,Neutral,1,0.041666666666666664
M0566,Aversion -> Neutral -> Appreciation,Aversion,Neutral,Appreciation,1,0.041666666666666664
M0566,Neutral -> Appreciation -> Appreciation,Neutral,Appreciation,Appreciation,1,0.041666666666666664
M0567,Aversion -> Aversion -> Aversion,Aversion,Aversion,Aversion,9,0.375
M0567,Neutral -> Aversion -> Aversion,Neutral,Aversion,Aversion,4,0.16666666666666666
M0567,Neutral -> Neutral -> Neutral,Neutral,Neutral,Neutral,3,0.125
M0567,Aversion -> Aversion -> Neutral,Aversion,Aversion,Neutral,3,0.125
M0567,Neutral -> Neutral -> Aversion,Neutral,Neutral,Aversion,2,0.08333333333333333
M0567,Aversion -> Neutral -> Aversion,Aversion,Neutral,Aversion,2,0.08333333333333333
M0567,Aversion -> Neutral -> Neutral,Aversion,Neutral,Neutral,1,0.041666666666666664
M0568,Neutral -> Aversion -> Aversion,Neutral,Aversion,Aversion,4,0.16666666666666666
M0568,Aversion -> Neutral -> Aversion,Aversion,Neutral,Aversion,3,0.125
M0568,Aversion -> Aversion -> Neutral,Aversion,Aversion,Neutral,3,0.125
M0568,Neutral -> Neutral -> Neutral,Neutral,Neutral,Neutral,2,0.08333333333333333
M0568,Neutral -> Neutral -> Aversion,Neutral,Neutral,Aversion,2,0.08333333333333333
M0568,Aversion -> Aversion -> Aversion,Aversion,Aversion,Aversion,2,0.08333333333333333
M0568,Appreciation -> Appreciation -> Appreciation,Appreciation,Appreciation,Appreciation,2,0.08333333333333333
M0568,Neutral -> Neutral -> Appreciation,Neutral,Neutral,Appreciation,1,0.041666666666666664
M0568,Aversion -> Neutral -> Neutral,Aversion,Neutral,Neutral,1,0.041666666666666664
M0568,Neutral -> Appreciation -> Appreciation,Neutral,Appreciation,Appreciation,1,0.041666666666666664
M0568,Appreciation -> Appreciation -> Neutral,Appreciation,Appreciation,Neutral,1,0.041666666666666664
M0568,Appreciation -> Neutral -> Neutral,Appreciation,Neutral,Neutral,1,0.041666666666666664
M0568,Neutral -> Aversion -> Neutral,Neutral,Aversion,Neutral,1,0.041666666666666664
M0569,Neutral -> Neutral -> Neutral,Neutral,Neutral,Neutral,15,0.625
M0569,Neutral -> Neutral -> Appreciation,Neutral,Neutral,Appreciation,2,0.08333333333333333
M0569,Neutral -> Appreciation -> Appreciation,Neutral,Appreciation,Appreciation,1,0.041666666666666664
M0569,Appreciation -> Appreciation -> Appreciation,Appreciation,Appreciation,Appreciation,1,0.041666666666666664
M0569,Appreciation -> Appreciation -> Neutral,Appreciation,Appreciation,Neutral,1,0.041666666666666664
M0569,Appreciation -> Neutral -> Neutral,Appreciation,Neutral,Neutral,1,0.041666666666666664
M0569,Neutral -> Neutral -> Aversion,Neutral,Neutral,Aversion,1,0.041666666666666664
M0569,Neutral -> Aversion -> Neutral,Neutral,Aversion,Neutral,1,0.041666666666666664
M0569,Aversion -> Neutral -> Neutral,Aversion,Neutral,Neutral,1,0.041666666666666664
M0570,Neutral -> Neutral -> Neutral,Neutral,Neutral,Neutral,19,0.7916666666666666
M0570,Neutral -> Neutral -> Aversion,Neutral,Neutral,Aversion,1,0.041666666666666664
M0570,Neutral -> Aversion -> Neutral,Neutral,Aversion,Neutral,1,0.041666666666666664
M0570,Aversion -> Neutral -> Aversion,Aversion,Neutral,Aversion,1,0.041666666666666664
M0570,Neutral -> Aversion -> Aversion,Neutral,Aversion,Aversion,1,0.041666666666666664
M0570,Aversion -> Aversion -> Aversion,Aversion,Aversion,Aversion,1,0.041666666666666664
M0571,Appreciation -> Appreciation -> Appreciation,Appreciation,Appreciation,Appreciation,8,0.3333333333333333
M0571,Aversion -> Aversion -> Neutral,Aversion,Aversion,Neutral,3,0.125
M0571,Neutral -> Aversion -> Aversion,Neutral,Aversion,Aversion,3,0.125
M0571,Neutral -> Neutral -> Neutral,Neutral,Neutral,Neutral,2,0.08333333333333333
M0571,Aversion -> Neutral -> Aversion,Aversion,Neutral,Aversion,2,0.08333333333333333
M0571,Neutral -> Aversion -> Neutral,Neutral,Aversion,Neutral,1,0.041666666666666664
M0571,Aversion -> Aversion -> Aversion,Aversion,Aversion,Aversion,1,0.041666666666666664
M0571,Aversion -> Neutral -> Neutral,Aversion,Neutral,Neutral,1,0.041666666666666664
M0571,Neutral -> Neutral -> Aversion,Neutral,Neutral,Aversion,1,0.041666666666666664
M0571,Aversion -> Neutral -> Appreciation,Aversion,Neutral,Appreciation,1,0.041666666666666664
M0571,Neutral -> Appreciation -> Appreciation,Neutral,Appreciation,Appreciation,1,0.041666666666666664
M0572,Aversion -> Aversion -> Aversion,Aversion,Aversion,Aversion,9,0.375
M0572,Neutral -> Neutral -> Neutral,Neutral,Neutral,Neutral,7,0.2916666666666667
M0572,Neutral -> Neutral -> Aversion,Neutral,Neutral,Aversion,2,0.08333333333333333
M0572,Neutral -> Aversion -> Aversion,Neutral,Aversion,Aversion,2,0.08333333333333333
M0572,Aversion -> Aversion -> Neutral,Aversion,Aversion,Neutral,1,0.041666666666666664
M0572,Aversion -> Neutral -> Neutral,Aversion,Neutral,Neutral,1,0.041666666666666664
M0572,Neutral -> Aversion -> Neutral,Neutral,Aversion,Neutral,1,0.041666666666666664
M0572,Aversion -> Neutral -> Aversion,Aversion,Neutral,Aversion,1,0.041666666666666664
M0573,Aversion -> Neutral -> Aversion,Aversion,Neutral,Aversion,5,0.20833333333333334
M0573,Neutral -> Aversion -> Neutral,Neutral,Aversion,Neutral,4,0.16666666666666666
M0573,Aversion -> Aversion -> Aversion,Aversion,Aversion,Aversion,4,0.16666666666666666
M0573,Neutral -> Aversion -> Aversion,Neutral,Aversion,Aversion,3,0.125
M0573,Aversion -> Aversion -> Neutral,Aversion,Aversion,Neutral,3,0.125
M0573,Aversion -> Neutral -> Neutral,Aversion,Neutral,Neutral,2,0.08333333333333333
M0573,Neutral -> Neutral -> Neutral,Neutral,Neutral,Neutral,2,0.08333333333333333
M0573,Neutral -> Neutral -> Aversion,Neutral,Neutral,Aversion,1,0.041666666666666664
M0574,Aversion -> Aversion -> Aversion,Aversion,Aversion,Aversion,6,0.25
M0574,Neutral -> Aversion -> Aversion,Neutral,Aversion,Aversion,4,0.16666666666666666
M0574,Aversion -> Neutral -> Aversion,Aversion,Neutral,Aversion,4,0.16666666666666666
M0574,Aversion -> Aversion -> Neutral,Aversion,Aversion,Neutral,4,0.16666666666666666
M0574,Neutral -> Neutral -> Aversion,Neutral,Neutral,Aversion,2,0.08333333333333333
M0574,Neutral -> Neutral -> Neutral,Neutral,Neutral,Neutral,2,0.08333333333333333
M0574,Aversion -> Neutral -> Neutral,Aversion,Neutral,Neutral,1,0.041666666666666664
M0574,Neutral -> Aversion -> Neutral,Neutral,Aversion,Neutral,1,0.041666666666666664
M0575,Neutral -> Neutral -> Neutral,Neutral,Neutral,Neutral,6,0.25
M0575,Aversion -> Aversion -> Aversion,Aversion,Aversion,Aversion,6,0.25
M0575,Neutral -> Aversion -> Aversion,Neutral,Aversion,Aversion,4,0.16666666666666666
M0575,Aversion -> Aversion -> Neutral,Aversion,Aversion,Neutral,3,0.125
M0575,Aversion -> Neutral -> Neutral,Aversion,Neutral,Neutral,2,0.08333333333333333
M0575,Neutral -> Neutral -> Aversion,Neutral,Neutral,Aversion,2,0.08333333333333333
M0575,Aversion -> Neutral -> Aversion,Aversion,Neutral,Aversion,1,0.041666666666666664
M0576,Aversion -> Aversion -> Aversion,Aversion,Aversion,Aversion,14,0.5833333333333334
M0576,Neutral -> Aversion -> Aversion,Neutral,Aversion,Aversion,3,0.125
M0576,Aversion -> Aversion -> Neutral,Aversion,Aversion,Neutral,2,0.08333333333333333
M0576,Aversion -> Neutral -> Aversion,Aversion,Neutral,Aversion,2,0.08333333333333333
M0576,Neutral -> Aversion -> Neutral,Neutral,Aversion,Neutral,1,0.041666666666666664
M0576,Aversion -> Neutral -> Neutral,Aversion,Neutral,Neutral,1,0.041666666666666664
M0576,Neutral -> Neutral -> Aversion,Neutral,Neutral,Aversion,1,0.041666666666666664
M0577,Neutral -> Neutral -> Neutral,Neutral,Neutral,Neutral,13,0.5416666666666666
M0577,Neutral -> Neutral -> Aversion,Neutral,Neutral,Aversion,2,0.08333333333333333
M0577,Neutral -> Aversion -> Aversion,Neutral,Aversion,Aversion,2,0.08333333333333333
M0577,Aversion -> Aversion -> Aversion,Aversion,Aversion,Aversion,2,0.08333333333333333
M0577,Aversion -> Aversion -> Neutral,Aversion,Aversion,Neutral,2,0.08333333333333333
M0577,Aversion -> Neutral -> Aversion,Aversion,Neutral,Aversion,1,0.041666666666666664
M0577,Aversion -> Neutral -> Neutral,Aversion,Neutral,Neutral,1,0.041666666666666664
M0577,Neutral -> Aversion -> Neutral,Neutral,Aversion,Neutral,1,0.041666666666666664
M0578,Neutral -> Neutral -> Neutral,Neutral,Neutral,Neutral,10,0.4166666666666667
M0578,Aversion -> Aversion -> Aversion,Aversion,Aversion,Aversion,3,0.125
M0578,Aversion -> Neutral -> Aversion,Aversion,Neutral,Aversion,2,0.08333333333333333
M0578,Neutral -> Aversion -> Aversion,Neutral,Aversion,Aversion,2,0.08333333333333333
M0578,Aversion -> Aversion -> Neutral,Aversion,Aversion,Neutral,2,0.08333333333333333
M0578,Neutral -> Neutral -> Aversion,Neutral,Neutral,Aversion,1,0.041666666666666664
M0578,Neutral -> Aversion -> Neutral,Neutral,Aversion,Neutral,1,0.041666666666666664
M0578,Aversion -> Neutral -> Appreciation,Aversion,Neutral,Appreciation,1,0.041666666666666664
M0578,Neutral -> Appreciation -> Neutral,Neutral,Appreciation,Neutral,1,0.041666666666666664
M0578,Appreciation -> Neutral -> Neutral,Appreciation,Neutral,Neutral,1,0.041666666666666664
M0579,Aversion -> Aversion -> Aversion,Aversion,Aversion,Aversion,7,0.2916666666666667
M0579,Neutral -> Neutral -> Aversion,Neutral,Neutral,Aversion,4,0.16666666666666666
M0579,Neutral -> Aversion -> Aversion,Neutral,Aversion,Aversion,3,0.125
M0579,Aversion -> Neutral -> Neutral,Aversion,Neutral,Neutral,3,0.125
M0579,Neutral -> Neutral -> Neutral,Neutral,Neutral,Neutral,2,0.08333333333333333
M0579,Aversion -> Aversion -> Neutral,Aversion,Aversion,Neutral,2,0.08333333333333333
M0579,Neutral -> Aversion -> Neutral,Neutral,Aversion,Neutral,2,0.08333333333333333
M0579,Aversion -> Neutral -> Aversion,Aversion,Neutral,Aversion,1,0.041666666666666664
M0580,Aversion -> Aversion -> Aversion,Aversion,Aversion,Aversion,10,0.4166666666666667
M0580,Neutral -> Aversion -> Aversion,Neutral,Aversion,Aversion,4,0.16666666666666666
M0580,Aversion -> Aversion -> Neutral,Aversion,Aversion,Neutral,3,0.125
M0580,Aversion -> Neutral -> Neutral,Aversion,Neutral,Neutral,2,0.08333333333333333
M0580,Neutral -> Neutral -> Aversion,Neutral,Neutral,Aversion,2,0.08333333333333333
M0580,Aversion -> Neutral -> Aversion,Aversion,Neutral,Aversion,1,0.041666666666666664
M0580,Aversion -> Aversion -> Appreciation,Aversion,Aversion,Appreciation,1,0.041666666666666664
M0580,Aversion -> Appreciation -> Appreciation,Aversion,Appreciation,Appreciation,1,0.041666666666666664
M0581,Aversion -> Aversion -> Aversion,Aversion,Aversion,Aversion,8,0.3333333333333333
M0581,Neutral -> Neutral -> Neutral,Neutral,Neutral,Neutral,3,0.125
M0581,Neutral -> Aversion -> Aversion,Neutral,Aversion,Aversion,2,0.08333333333333333
M0581,Appreciation -> Appreciation -> Appreciation,Appreciation,Appreciation,Appreciation,2,0.08333333333333333
M0581,Aversion -> Aversion -> Neutral,Aversion,Aversion,Neutral,2,0.08333333333333333
M0581,Aversion -> Neutral -> Neutral,Aversion,Neutral,Neutral,2,0.08333333333333333
M0581,Aversion -> Neutral -> Aversion,Aversion,Neutral,Aversion,1,0.041666666666666664
M0581,Neutral -> Neutral -> Aversion,Neutral,Neutral,Aversion,1,0.041666666666666664
M0581,Neutral -> Aversion -> Neutral,Neutral,Aversion,Neutral,1,0.041666666666666664
M0581,Neutral -> Neutral -> Appreciation,Neutral,Neutral,Appreciation,1,0.041666666666666664
M0581,Neutral -> Appreciation -> Appreciation,Neutral,Appreciation,Appreciation,1,0.041666666666666664
M0582,Neutral -> Neutral -> Neutral,Neutral,Neutral,Neutral,3,0.125
M0582,Neutral -> Neutral -> Aversion,Neutral,Neutral,Aversion,3,0.125
M0582,Neutral -> Aversion -> Aversion,Neutral,Aversion,Aversion,3,0.125
M0582,Aversion -> Aversion -> Neutral,Aversion,Aversion,Neutral,3,0.125
M0582,Neutral -> Aversion -> Neutral,Neutral,Aversion,Neutral,3,0.125
M0582,Aversion -> Neutral -> Neutral,Aversion,Neutral,Neutral,2,0.08333333333333333
M0582,Aversion -> Neutral -> Aversion,Aversion,Neutral,Aversion,2,0.08333333333333333
M0582,Aversion -> Aversion -> Aversion,Aversion,Aversion,Aversion,2,0.08333333333333333
M0582,Aversion -> Neutral -> Appreciation,Aversion,Neutral,Appreciation,1,0.041666666666666664
M0582,Neutral -> Appreciation -> Neutral,Neutral,Appreciation,Neutral,1,0.041666666666666664
M0582,Appreciation -> Neutral -> Aversion,Appreciation,Neutral,Aversion,1,0.041666666666666664
M0583,Aversion -> Aversion -> Aversion,Aversion,Aversion,Aversion,12,0.5
M0583,Neutral -> Neutral -> Neutral,Neutral,Neutral,Neutral,4,0.16666666666666666
M0583,Neutral -> Aversion -> Aversion,Neutral,Aversion,Aversion,3,0.125
M0583,Aversion -> Aversion -> Neutral,Aversion,Aversion,Neutral,2,0.08333333333333333
M0583,Aversion -> Neutral -> Aversion,Aversion,Neutral,Aversion,2,0.08333333333333333
M0583,Neutral -> Neutral -> Aversion,Neutral,Neutral,Aversion,1,0.041666666666666664
M0584,Aversion -> Aversion -> Aversion,Aversion,Aversion,Aversion,6,0.25
M0584,Neutral -> Neutral -> Neutral,Neutral,Neutral,Neutral,6,0.25
M0584,Neutral -> Aversion -> Aversion,Neutral,Aversion,Aversion,3,0.125
M0584,Aversion -> Aversion -> Neutral,Aversion,Aversion,Neutral,3,0.125
M0584,Aversion -> Neutral -> Aversion,Aversion,Neutral,Aversion,1,0.041666666666666664
M0584,Aversion -> Neutral -> Neutral,Aversion,Neutral,Neutral,1,0.041666666666666664
M0584,Neutral -> Neutral -> Aversion,Neutral,Neutral,Aversion,1,0.041666666666666664
M0584,Aversion -> Neutral -> Appreciation,Aversion,Neutral,Appreciation,1,0.041666666666666664
M0584,Neutral -> Appreciation -> Appreciation,Neutral,Appreciation,Appreciation,1,0.041666666666666664
M0584,Appreciation -> Appreciation -> Appreciation,Appreciation,Appreciation,Appreciation,1,0.041666666666666664
M0585,Neutral -> Neutral -> Neutral,Neutral,Neutral,Neutral,8,0.3333333333333333
M0585,Aversion -> Aversion -> Aversion,Aversion,Aversion,Aversion,3,0.125
M0585,Appreciation -> Appreciation -> Appreciation,Appreciation,Appreciation,Appreciation,3,0.125
M0585,Neutral -> Aversion -> Aversion,Neutral,Aversion,Aversion,2,0.08333333333333333
M0585,Neutral -> Neutral -> Aversion,Neutral,Neutral,Aversion,2,0.08333333333333333
M0585,Aversion -> Aversion -> Neutral,Aversion,Aversion,Neutral,2,0.08333333333333333
M0585,Aversion -> Neutral -> Neutral,Aversion,Neutral,Neutral,2,0.08333333333333333
M0585,Neutral -> Neutral -> Appreciation,Neutral,Neutral,Appreciation,1,0.041666666666666664
M0585,Neutral -> Appreciation -> Appreciation,Neutral,Appreciation,Appreciation,1,0.041666666666666664
M0586,Aversion -> Aversion -> Aversion,Aversion,Aversion,Aversion,8,0.3333333333333333
M0586,Neutral -> Neutral -> Neutral,Neutral,Neutral,Neutral,5,0.20833333333333334
M0586,Neutral -> Aversion -> Neutral,Neutral,Aversion,Neutral,4,0.16666666666666666
M0586,Aversion -> Neutral -> Aversion,Aversion,Neutral,Aversion,3,0.125
M0586,Neutral -> Neutral -> Aversion,Neutral,Neutral,Aversion,2,0.08333333333333333
M0586,Aversion -> Neutral -> Neutral,Aversion,Neutral,Neutral,1,0.041666666666666664
M0586,Neutral -> Aversion -> Aversion,Neutral,Aversion,Aversion,1,0.041666666666666664
M0587,Neutral -> Neutral -> Neutral,Neutral,Neutral,Neutral,10,0.4166666666666667
M0587,Neutral -> Neutral -> Aversion,Neutral,Neutral,Aversion,2,0.08333333333333333
M0587,Neutral -> Aversion -> Aversion,Neutral,Aversion,Aversion,2,0.08333333333333333
M0587,Aversion -> Aversion -> Aversion,Aversion,Aversion,Aversion,2,0.08333333333333333
M0587,Aversion -> Aversion -> Neutral,Aversion,Aversion,Neutral,2,0.08333333333333333
M0587,Aversion -> Neutral -> Aversion,Aversion,Neutral,Aversion,1,0.041666666666666664
M0587,Aversion -> Neutral -> Neutral,Aversion,Neutral,Neutral,1,0.041666666666666664
M0587,Neutral -> Aversion -> Appreciation,Neutral,Aversion,Appreciation,1,0.041666666666666664
M0587,Aversion -> Appreciation -> Appreciation,Aversion,Appreciation,Appreciation,1,0.041666666666666664
M0587,Appreciation -> Appreciation -> Neutral,Appreciation,Appreciation,Neutral,1,0.041666666666666664
M0587,Appreciation -> Neutral -> Neutral,Appreciation,Neutral,Neutral,1,0.041666666666666664
M0588,Aversion -> Aversion -> Aversion,Aversion,Aversion,Aversion,9,0.375
M0588,Neutral -> Neutral -> Neutral,Neutral,Neutral,Neutral,6,0.25
M0588,Neutral -> Aversion -> Aversion,Neutral,Aversion,Aversion,3,0.125
M0588,Neutral -> Neutral -> Aversion,Neutral,Neutral,Aversion,2,0.08333333333333333
M0588,Aversion -> Aversion -> Neutral,Aversion,Aversion,Neutral,2,0.08333333333333333
M0588,Aversion -> Neutral -> Neutral,Aversion,Neutral,Neutral,1,0.041666666666666664
M0588,Aversion -> Neutral -> Aversion,Aversion,Neutral,Aversion,1,0.041666666666666664
M0589,Aversion -> Aversion -> Aversion,Aversion,Aversion,Aversion,8,0.3333333333333333
M0589,Neutral -> Neutral -> Neutral,Neutral,Neutral,Neutral,3,0.125
M0589,Aversion -> Neutral -> Neutral,Aversion,Neutral,Neutral,3,0.125
M0589,Neutral -> Aversion -> Aversion,Neutral,Aversion,Aversion,3,0.125
M0589,Neutral -> Neutral -> Aversion,Neutral,Neutral,Aversion,3,0.125
M0589,Aversion -> Aversion -> Neutral,Aversion,Aversion,Neutral,3,0.125
M0589,Neutral -> Aversion -> Neutral,Neutral,Aversion,Neutral,1,0.041666666666666664
M0590,Neutral -> Neutral -> Neutral,Neutral,Neutral,Neutral,10,0.4166666666666667
M0590,Aversion -> Aversion -> Aversion,Aversion,Aversion,Aversion,5,0.20833333333333334
M0590,Neutral -> Aversion -> Aversion,Neutral,Aversion,Aversion,3,0.125
M0590,Neutral -> Neutral -> Aversion,Neutral,Neutral,Aversion,2,0.08333333333333333
M0590,Aversion -> Aversion -> Neutral,Aversion,Aversion,Neutral,2,0.08333333333333333
M0590,Aversion -> Neutral -> Neutral,Aversion,Neutral,Neutral,1,0.041666666666666664
M0590,Aversion -> Neutral -> Aversion,Aversion,Neutral,Aversion,1,0.041666666666666664
M0591,Neutral -> Neutral -> Neutral,Neutral,Neutral,Neutral,13,0.5416666666666666
M0591,Aversion -> Aversion -> Aversion,Aversion,Aversion,Aversion,5,0.20833333333333334
M0591,Neutral -> Neutral -> Aversion,Neutral,Neutral,Aversion,2,0.08333333333333333
M0591,Neutral -> Aversion -> Aversion,Neutral,Aversion,Aversion,2,0.08333333333333333
M0591,Aversion -> Aversion -> Neutral,Aversion,Aversion,Neutral,1,0.041666666666666664
M0591,Aversion -> Neutral -> Neutral,Aversion,Neutral,Neutral,1,0.041666666666666664
M0592,Appreciation -> Appreciation -> Appreciation,Appreciation,Appreciation,Appreciation,7,0.2916666666666667
M0592,Neutral -> Neutral -> Neutral,Neutral,Neutral,Neutral,5,0.20833333333333334
M0592,Neutral -> Neutral -> Aversion,Neutral,Neutral,Aversion,2,0.08333333333333333
M0592,Neutral -> Aversion -> Neutral,Neutral,Aversion,Neutral,2,0.08333333333333333
M0592,Aversion -> Neutral -> Neutral,Aversion,Neutral,Neutral,2,0.08333333333333333
M0592,Aversion -> Neutral -> Aversion,Aversion,Neutral,Aversion,1,0.041666666666666664
M0592,Neutral -> Aversion -> Aversion,Neutral,Aversion,Aversion,1,0.041666666666666664
M0592,Aversion -> Aversion -> Neutral,Aversion,Aversion,Neutral,1,0.041666666666666664
M0592,Aversion -> Aversion -> Aversion,Aversion,Aversion,Aversion,1,0.041666666666666664
M0592,Neutral -> Neutral -> Appreciation,Neutral,Neutral,Appreciation,1,0.041666666666666664
M0592,Neutral -> Appreciation -> Appreciation,Neutral,Appreciation,Appreciation,1,0.041666666666666664
M0593,Neutral -> Neutral -> Neutral,Neutral,Neutral,Neutral,9,0.375
M0593,Aversion -> Aversion -> Aversion,Aversion,Aversion,Aversion,3,0.125
M0593,Neutral -> Aversion -> Aversion,Neutral,Aversion,Aversion,2,0.08333333333333333
M0593,Neutral -> Neutral -> Aversion,Neutral,Neutral,Aversion,2,0.08333333333333333
M0593,Aversion -> Aversion -> Neutral,Aversion,Aversion,Neutral,2,0.08333333333333333
M0593,Aversion -> Neutral -> Neutral,Aversion,Neutral,Neutral,2,0.08333333333333333
M0593,Aversion -> Neutral -> Aversion,Aversion,Neutral,Aversion,1,0.041666666666666664
M0593,Neutral -> Aversion -> Neutral,Neutral,Aversion,Neutral,1,0.041666666666666664
M0593,Neutral -> Neutral -> Appreciation,Neutral,Neutral,Appreciation,1,0.041666666666666664
M0593,Neutral -> Appreciation -> Appreciation,Neutral,Appreciation,Appreciation,1,0.041666666666666664
M0594,Neutral -> Neutral -> Neutral,Neutral,Neutral,Neutral,19,0.7916666666666666
M0594,Neutral -> Neutral -> Aversion,Neutral,Neutral,Aversion,1,0.041666666666666664
M0594,Neutral -> Aversion -> Aversion,Neutral,Aversion,Aversion,1,0.041666666666666664
M0594,Aversion -> Aversion -> Aversion,Aversion,Aversion,Aversion,1,0.041666666666666664
M0594,Aversion -> Aversion -> Appreciation,Aversion,Aversion,Appreciation,1,0.041666666666666664
M0594,Aversion -> Appreciation -> Appreciation,Aversion,Appreciation,Appreciation,1,0.041666666666666664
M0595,Neutral -> Neutral -> Neutral,Neutral,Neutral,Neutral,6,0.25
M0595,Aversion -> Aversion -> Aversion,Aversion,Aversion,Aversion,4,0.16666666666666666
M0595,Neutral -> Aversion -> Aversion,Neutral,Aversion,Aversion,3,0.125
M0595,Aversion -> Neutral -> Neutral,Aversion,Neutral,Neutral,3,0.125
M0595,Aversion -> Aversion -> Neutral,Aversion,Aversion,Neutral,3,0.125
M0595,Neutral -> Neutral -> Aversion,Neutral,Neutral,Aversion,2,0.08333333333333333
M0595,Neutral -> Neutral -> Appreciation,Neutral,Neutral,Appreciation,1,0.041666666666666664
M0595,Neutral -> Appreciation -> Neutral,Neutral,Appreciation,Neutral,1,0.041666666666666664
M0595,Appreciation -> Neutral -> Neutral,Appreciation,Neutral,Neutral,1,0.041666666666666664
M0596,Neutral -> Neutral -> Neutral,Neutral,Neutral,Neutral,10,0.4166666666666667
M0596,Aversion -> Aversion -> Aversion,Aversion,Aversion,Aversion,8,0.3333333333333333
M0596,Neutral -> Neutral -> Aversion,Neutral,Neutral,Aversion,2,0.08333333333333333
M0596,Neutral -> Aversion -> Aversion,Neutral,Aversion,Aversion,2,0.08333333333333333
M0596,Aversion -> Aversion -> Neutral,Aversion,Aversion,Neutral,1,0.041666666666666664
M0596,Aversion -> Neutral -> Neutral,Aversion,Neutral,Neutral,1,0.041666666666666664
M0597,Aversion -> Aversion -> Aversion,Aversion,Aversion,Aversion,10,0.4166666666666667
M0597,Neutral -> Aversion -> Aversion,Neutral,Aversion,Aversion,4,0.16666666666666666
M0597,Aversion -> Neutral -> Aversion,Aversion,Neutral,Aversion,3,0.125
M0597,Aversion -> Aversion -> Neutral,Aversion,Aversion,Neutral,3,0.125
M0597,Neutral -> Neutral -> Neutral,Neutral,Neutral,Neutral,1,0.041666666666666664
M0597,Aversion -> Neutral -> Neutral,Aversion,Neutral,Neutral,1,0.041666666666666664
M0597,Neutral -> Neutral -> Aversion,Neutral,Neutral,Aversion,1,0.041666666666666664
M0597,Neutral -> Aversion -> Neutral,Neutral,Aversion,Neutral,1,0.041666666666666664
M0598,Neutral -> Neutral -> Neutral,Neutral,Neutral,Neutral,5,0.20833333333333334
M0598,Appreciation -> Appreciation -> Appreciation,Appreciation,Appreciation,Appreciation,4,0.16666666666666666
M0598,Neutral -> Neutral -> Aversion,Neutral,Neutral,Aversion,3,0.125
M0598,Aversion -> Neutral -> Neutral,Aversion,Neutral,Neutral,3,0.125
M0598,Aversion -> Aversion -> Neutral,Aversion,Aversion,Neutral,2,0.08333333333333333
M0598,Neutral -> Aversion -> Aversion,Neutral,Aversion,Aversion,2,0.08333333333333333
M0598,Neutral -> Aversion -> Neutral,Neutral,Aversion,Neutral,2,0.08333333333333333
M0598,Aversion -> Neutral -> Aversion,Aversion,Neutral,Aversion,1,0.041666666666666664
M0598,Neutral -> Aversion -> Appreciation,Neutral,Aversion,Appreciation,1,0.041666666666666664
M0598,Aversion -> Appreciation -> Appreciation,Aversion,Appreciation,Appreciation,1,0.041666666666666664
M0599,Aversion -> Aversion -> Aversion,Aversion,Aversion,Aversion,8,0.3333333333333333
M0599,Neutral -> Neutral -> Aversion,Neutral,Neutral,Aversion,4,0.16666666666666666
M0599,Aversion -> Neutral -> Neutral,Aversion,Neutral,Neutral,3,0.125
M0599,Neutral -> Aversion -> Neutral,Neutral,Aversion,Neutral,3,0.125
M0599,Neutral -> Neutral -> Neutral,Neutral,Neutral,Neutral,3,0.125
M0599,Neutral -> Aversion -> Aversion,Neutral,Aversion,Aversion,1,0.041666666666666664
M0599,Aversion -> Aversion -> Neutral,Aversion,Aversion,Neutral,1,0.041666666666666664
M0599,Aversion -> Neutral -> Aversion,Aversion,Neutral,Aversion,1,0.041666666666666664
M0600,Aversion -> Aversion -> Aversion,Aversion,Aversion,Aversion,5,0.20833333333333334
M0600,Neutral -> Neutral -> Neutral,Neutral,Neutral,Neutral,4,0.16666666666666666
M0600,Neutral -> Aversion -> Aversion,Neutral,Aversion,Aversion,4,0.16666666666666666
M0600,Neutral -> Neutral -> Aversion,Neutral,Neutral,Aversion,3,0.125
M0600,Aversion -> Aversion -> Neutral,Aversion,Aversion,Neutral,3,0.125
M0600,Aversion -> Neutral -> Aversion,Aversion,Neutral,Aversion,2,0.08333333333333333
M0600,Aversion -> Neutral -> Neutral,Aversion,Neutral,Neutral,2,0.08333333333333333
M0600,Neutral -> Aversion -> Neutral,Neutral,Aversion,Neutral,1,0.041666666666666664
M0601,Aversion -> Aversion -> Aversion,Aversion,Aversion,Aversion,8,0.3333333333333333
M0601,Neutral -> Neutral -> Neutral,Neutral,Neutral,Neutral,6,0.25
M0601,Neutral -> Aversion -> Aversion,Neutral,Aversion,Aversion,3,0.125
M0601,Aversion -> Aversion -> Neutral,Aversion,Aversion,Neutral,3,0.125
M0601,Aversion -> Neutral -> Aversion,Aversion,Neutral,Aversion,2,0.08333333333333333
M0601,Neutral -> Neutral -> Aversion,Neutral,Neutral,Aversion,1,0.041666666666666664
M0601,Aversion -> Neutral -> Neutral,Aversion,Neutral,Neutral,1,0.041666666666666664
M0602,Neutral -> Neutral -> Neutral,Neutral,Neutral,Neutral,5,0.20833333333333334
M0602,Appreciation -> Appreciation -> Appreciation,Appreciation,Appreciation,Appreciation,5,0.20833333333333334
M0602,Aversion -> Aversion -> Aversion,Aversion,Aversion,Aversion,3,0.125
M0602,Aversion -> Neutral -> Neutral,Aversion,Neutral,Neutral,2,0.08333333333333333
M0602,Aversion -> Aversion -> Neutral,Aversion,Aversion,Neutral,2,0.08333333333333333
M0602,Neutral -> Neutral -> Aversion,Neutral,Neutral,Aversion,2,0.08333333333333333
M0602,Neutral -> Aversion -> Aversion,Neutral,Aversion,Aversion,1,0.041666666666666664
M0602,Neutral -> Aversion -> Neutral,Neutral,Aversion,Neutral,1,0.041666666666666664
M0602,Aversion -> Neutral -> Appreciation,Aversion,Neutral,Appreciation,1,0.041666666666666664
M0602,Neutral -> Appreciation -> Appreciation,Neutral,Appreciation,Appreciation,1,0.041666666666666664
M0602,Appreciation -> Appreciation -> Neutral,Appreciation,Appreciation,Neutral,1,0.041666666666666664
M0603,Neutral -> Neutral -> Neutral,Neutral,Neutral,Neutral,16,0.6666666666666666
M0603,Neutral -> Neutral -> Appreciation,Neutral,Neutral,Appreciation,1,0.041666666666666664
M0603,Neutral -> Appreciation -> Appreciation,Neutral,Appreciation,Appreciation,1,0.041666666666666664
M0603,Appreciation -> Appreciation -> Appreciation,Appreciation,Appreciation,Appreciation,1,0.041666666666666664
M0603,Appreciation -> Appreciation -> Neutral,Appreciation,Appreciation,Neutral,1,0.041666666666666664
M0603,Appreciation -> Neutral -> Neutral,Appreciation,Neutral,Neutral,1,0.041666666666666664
M0603,Neutral -> Neutral -> Aversion,Neutral,Neutral,Aversion,1,0.041666666666666664
M0603,Neutral -> Aversion -> Neutral,Neutral,Aversion,Neutral,1,0.041666666666666664
M0603,Aversion -> Neutral -> Aversion,Aversion,Neutral,Aversion,1,0.041666666666666664
M0604,Neutral -> Neutral -> Neutral,Neutral,Neutral,Neutral,6,0.25
M0604,Neutral -> Aversion -> Neutral,Neutral,Aversion,Neutral,3,0.125
M0604,Aversion -> Neutral -> Aversion,Aversion,Neutral,Aversion,3,0.125
M0604,Neutral -> Neutral -> Aversion,Neutral,Neutral,Aversion,2,0.08333333333333333
M0604,Neutral -> Aversion -> Aversion,Neutral,Aversion,Aversion,2,0.08333333333333333
M0604,Aversion -> Neutral -> Neutral,Aversion,Neutral,Neutral,2,0.08333333333333333
M0604,Aversion -> Aversion -> Aversion,Aversion,Aversion,Aversion,2,0.08333333333333333
M0604,Aversion -> Aversion -> Neutral,Aversion,Aversion,Neutral,2,0.08333333333333333
M0604,Neutral -> Neutral -> Appreciation,Neutral,Neutral,Appreciation,1,0.041666666666666664
M0604,Neutral -> Appreciation -> Appreciation,Neutral,Appreciation,Appreciation,1,0.041666666666666664
M0605,Neutral -> Neutral -> Neutral,Neutral,Neutral,Neutral,12,0.5
M0605,Aversion -> Aversion -> Aversion,Aversion,Aversion,Aversion,3,0.125
M0605,Appreciation -> Appreciation -> Appreciation,Appreciation,Appreciation,Appreciation,2,0.08333333333333333
M0605,Neutral -> Neutral -> Appreciation,Neutral,Neutral,Appreciation,1,0.041666666666666664
M0605,Appreciation -> Appreciation -> Neutral,Appreciation,Appreciation,Neutral,1,0.041666666666666664
M0605,Neutral -> Appreciation -> Appreciation,Neutral,Appreciation,Appreciation,1,0.041666666666666664
M0605,Appreciation -> Neutral -> Aversion,Appreciation,Neutral,Aversion,1,0.041666666666666664
M0605,Neutral -> Aversion -> Neutral,Neutral,Aversion,Neutral,1,0.041666666666666664
M0605,Aversion -> Neutral -> Aversion,Aversion,Neutral,Aversion,1,0.041666666666666664
M0605,Neutral -> Aversion -> Aversion,Neutral,Aversion,Aversion,1,0.041666666666666664
M0606,Aversion -> Aversion -> Aversion,Aversion,Aversion,Aversion,11,0.4583333333333333
M0606,Aversion -> Neutral -> Aversion,Aversion,Neutral,Aversion,3,0.125
M0606,Neutral -> Aversion -> Aversion,Neutral,Aversion,Aversion,3,0.125
M0606,Neutral -> Aversion -> Neutral,Neutral,Aversion,Neutral,2,0.08333333333333333
M0606,Aversion -> Aversion -> Neutral,Aversion,Aversion,Neutral,2,0.08333333333333333
M0606,Aversion -> Neutral -> Neutral,Aversion,Neutral,Neutral,1,0.041666666666666664
M0606,Neutral -> Neutral -> Neutral,Neutral,Neutral,Neutral,1,0.041666666666666664
M0606,Neutral -> Neutral -> Aversion,Neutral,Neutral,Aversion,1,0.041666666666666664
M0607,Appreciation -> Appreciation -> Appreciation,Appreciation,Appreciation,Appreciation,8,0.3333333333333333
M0607,Neutral -> Neutral -> Neutral,Neutral,Neutral,Neutral,4,0.16666666666666666
M0607,Neutral -> Neutral -> Aversion,Neutral,Neutral,Aversion,3,0.125
M0607,Neutral -> Aversion -> Neutral,Neutral,Aversion,Neutral,2,0.08333333333333333
M0607,Aversion -> Neutral -> Neutral,Aversion,Neutral,Neutral,2,0.08333333333333333
M0607,Aversion -> Neutral -> Aversion,Aversion,Neutral,Aversion,1,0.041666666666666664
M0607,Aversion -> Aversion -> Neutral,Aversion,Aversion,Neutral,1,0.041666666666666664
M0607,Neutral -> Aversion -> Aversion,Neutral,Aversion,Aversion,1,0.041666666666666664
M0607,Neutral -> Aversion -> Appreciation,Neutral,Aversion,Appreciation,1,0.041666666666666664
M0607,Aversion -> Appreciation -> Appreciation,Aversion,Appreciation,Appreciation,1,0.041666666666666664
M0608,Aversion -> Aversion -> Aversion,Aversion,Aversion,Aversion,10,0.4166666666666667
M0608,Neutral -> Neutral -> Neutral,Neutral,Neutral,Neutral,5,0.20833333333333334
M0608,Neutral -> Aversion -> Aversion,Neutral,Aversion,Aversion,2,0.08333333333333333
M0608,Aversion -> Aversion -> Neutral,Aversion,Aversion,Neutral,2,0.08333333333333333
M0608,Neutral -> Neutral -> Aversion,Neutral,Neutral,Aversion,1,0.041666666666666664
M0608,Aversion -> Neutral -> Aversion,Aversion,Neutral,Aversion,1,0.041666666666666664
M0608,Aversion -> Neutral -> Neutral,Aversion,Neutral,Neutral,1,0.041666666666666664
M0608,Neutral -> Neutral -> Appreciation,Neutral,Neutral,Appreciation,1,0.041666666666666664
M0608,Neutral -> Appreciation -> Appreciation,Neutral,Appreciation,Appreciation,1,0.041666666666666664
M0609,Neutral -> Neutral -> Neutral,Neutral,Neutral,Neutral,3,0.125
M0609,Neutral -> Neutral -> Aversion,Neutral,Neutral,Aversion,3,0.125
M0609,Neutral -> Aversion -> Aversion,Neutral,Aversion,Aversion,3,0.125
M0609,Aversion -> Aversion -> Neutral,Aversion,Aversion,Neutral,3,0.125
M0609,Aversion -> Neutral -> Neutral,Aversion,Neutral,Neutral,2,0.08333333333333333
M0609,Appreciation -> Appreciation -> Appreciation,Appreciation,Appreciation,Appreciation,2,0.08333333333333333
M0609,Neutral -> Appreciation -> Appreciation,Neutral,Appreciation,Appreciation,2,0.08333333333333333
M0609,Aversion -> Neutral -> Aversion,Aversion,Neutral,Aversion,1,0.041666666666666664
M0609,Neutral -> Aversion -> Neutral,Neutral,Aversion,Neutral,1,0.041666666666666664
M0609,Aversion -> Neutral -> Appreciation,Aversion,Neutral,Appreciation,1,0.041666666666666664
M0609,Aversion -> Aversion -> Aversion,Aversion,Aversion,Aversion,1,0.041666666666666664
M0609,Appreciation -> Appreciation -> Neutral,Appreciation,Appreciation,Neutral,1,0.041666666666666664
M0609,Appreciation -> Neutral -> Appreciation,Appreciation,Neutral,Appreciation,1,0.041666666666666664
M0610,Appreciation -> Appreciation -> Appreciation,Appreciation,Appreciation,Appreciation,12,0.5
M0610,Aversion -> Aversion -> Aversion,Aversion,Aversion,Aversion,4,0.16666666666666666
M0610,Neutral -> Neutral -> Neutral,Neutral,Neutral,Neutral,2,0.08333333333333333
M0610,Neutral -> Aversion -> Aversion,Neutral,Aversion,Aversion,1,0.041666666666666664
M0610,Neutral -> Neutral -> Aversion,Neutral,Neutral,Aversion,1,0.041666666666666664
M0610,Aversion -> Aversion -> Neutral,Aversion,Aversion,Neutral,1,0.041666666666666664
M0610,Aversion -> Neutral -> Neutral,Aversion,Neutral,Neutral,1,0.041666666666666664
M0610,Neutral -> Neutral -> Appreciation,Neutral,Neutral,Appreciation,1,0.041666666666666664
M0610,Neutral -> Appreciation -> Appreciation,Neutral,Appreciation,Appreciation,1,0.041666666666666664
M0611,Appreciation -> Appreciation -> Appreciation,Appreciation,Appreciation,Appreciation,9,0.375
M0611,Neutral -> Neutral -> Neutral,Neutral,Neutral,Neutral,4,0.16666666666666666
M0611,Neutral -> Aversion -> Neutral,Neutral,Aversion,Neutral,2,0.08333333333333333
M0611,Neutral -> Neutral -> Aversion,Neutral,Neutral,Aversion,2,0.08333333333333333
M0611,Neutral -> Appreciation -> Appreciation,Neutral,Appreciation,Appreciation,2,0.08333333333333333
M0611,Aversion -> Neutral -> Neutral,Aversion,Neutral,Neutral,1,0.041666666666666664
M0611,Neutral -> Neutral -> Appreciation,Neutral,Neutral,Appreciation,1,0.041666666666666664
M0611,Appreciation -> Appreciation -> Neutral,Appreciation,Appreciation,Neutral,1,0.041666666666666664
M0611,Appreciation -> Neutral -> Neutral,Appreciation,Neutral,Neutral,1,0.041666666666666664
M0611,Aversion -> Neutral -> Appreciation,Aversion,Neutral,Appreciation,1,0.041666666666666664
M0612,Neutral -> Neutral -> Neutral,Neutral,Neutral,Neutral,9,0.375
M0612,Aversion -> Aversion -> Aversion,Aversion,Aversion,Aversion,3,0.125
M0612,Neutral -> Neutral -> Aversion,Neutral,Neutral,Aversion,2,0.08333333333333333
M0612,Aversion -> Neutral -> Aversion,Aversion,Neutral,Aversion,2,0.08333333333333333
M0612,Neutral -> Aversion -> Neutral,Neutral,Aversion,Neutral,2,0.08333333333333333
M0612,Neutral -> Aversion -> Aversion,Neutral,Aversion,Aversion,2,0.08333333333333333
M0612,Aversion -> Aversion -> Neutral,Aversion,Aversion,Neutral,2,0.08333333333333333
M0612,Aversion -> Neutral -> Neutral,Aversion,Neutral,Neutral,1,0.041666666666666664
M0612,Aversion -> Neutral -> Appreciation,Aversion,Neutral,Appreciation,1,0.041666666666666664
M0613,Neutral -> Neutral -> Neutral,Neutral,Neutral,Neutral,7,0.2916666666666667
M0613,Appreciation -> Appreciation -> Appreciation,Appreciation,Appreciation,Appreciation,6,0.25
M0613,Neutral -> Appreciation -> Appreciation,Neutral,Appreciation,Appreciation,2,0.08333333333333333
M0613,Appreciation -> Appreciation -> Neutral,Appreciation,Appreciation,Neutral,2,0.08333333333333333
M0613,Neutral -> Neutral -> Aversion,Neutral,Neutral,Aversion,1,0.041666666666666664
M0613,Neutral -> Aversion -> Aversion,Neutral,Aversion,Aversion,1,0.041666666666666664
M0613,Aversion -> Aversion -> Neutral,Aversion,Aversion,Neutral,1,0.041666666666666664
M0613,Neutral -> Neutral -> Appreciation,Neutral,Neutral,Appreciation,1,0.041666666666666664
M0613,Aversion -> Neutral -> Neutral,Aversion,Neutral,Neutral,1,0.041666666666666664
M0613,Appreciation -> Neutral -> Appreciation,Appreciation,Neutral,Appreciation,1,0.041666666666666664
M0613,Appreciation -> Neutral -> Neutral,Appreciation,Neutral,Neutral,1,0.041666666666666664
M0614,Neutral -> Neutral -> Neutral,Neutral,Neutral,Neutral,8,0.3333333333333333
M0614,Aversion -> Aversion -> Aversion,Aversion,Aversion,Aversion,6,0.25
M0614,Neutral -> Aversion -> Aversion,Neutral,Aversion,Aversion,2,0.08333333333333333
M0614,Neutral -> Neutral -> Aversion,Neutral,Neutral,Aversion,1,0.041666666666666664
M0614,Aversion -> Aversion -> Neutral,Aversion,Aversion,Neutral,1,0.041666666666666664
M0614,Aversion -> Neutral -> Neutral,Aversion,Neutral,Neutral,1,0.041666666666666664
M0614,Neutral -> Neutral -> Appreciation,Neutral,Neutral,Appreciation,1,0.041666666666666664
M0614,Neutral -> Appreciation -> Appreciation,Neutral,Appreciation,Appreciation,1,0.041666666666666664
M0614,Appreciation -> Appreciation -> Appreciation,Appreciation,Appreciation,Appreciation,1,0.041666666666666664
M0614,Appreciation -> Appreciation -> Neutral,Appreciation,Appreciation,Neutral,1,0.041666666666666664
M0614,Appreciation -> Neutral -> Aversion,Appreciation,Neutral,Aversion,1,0.041666666666666664
M0615,Aversion -> Aversion -> Aversion,Aversion,Aversion,Aversion,11,0.4583333333333333
M0615,Neutral -> Neutral -> Aversion,Neutral,Neutral,Aversion,2,0.08333333333333333
M0615,Neutral -> Aversion -> Neutral,Neutral,Aversion,Neutral,2,0.08333333333333333
M0615,Neutral -> Aversion -> Aversion,Neutral,Aversion,Aversion,2,0.08333333333333333
M0615,Aversion -> Neutral -> Aversion,Aversion,Neutral,Aversion,2,0.08333333333333333
M0615,Aversion -> Aversion -> Neutral,Aversion,Aversion,Neutral,2,0.08333333333333333
M0615,Aversion -> Neutral -> Neutral,Aversion,Neutral,Neutral,1,0.041666666666666664
M0615,Neutral -> Neutral -> Neutral,Neutral,Neutral,Neutral,1,0.041666666666666664
M0615,Aversion -> Neutral -> Appreciation,Aversion,Neutral,Appreciation,1,0.041666666666666664
M0616,Neutral -> Neutral -> Neutral,Neutral,Neutral,Neutral,4,0.16666666666666666
M0616,Neutral -> Aversion -> Aversion,Neutral,Aversion,Aversion,4,0.16666666666666666
M0616,Aversion -> Aversion -> Neutral,Aversion,Aversion,Neutral,4,0.16666666666666666
M0616,Aversion -> Neutral -> Neutral,Aversion,Neutral,Neutral,3,0.125
M0616,Aversion -> Neutral -> Aversion,Aversion,Neutral,Aversion,3,0.125
M0616,Neutral -> Aversion -> Neutral,Neutral,Aversion,Neutral,2,0.08333333333333333
M0616,Neutral -> Neutral -> Aversion,Neutral,Neutral,Aversion,2,0.08333333333333333
M0616,Aversion -> Aversion -> Aversion,Aversion,Aversion,Aversion,2,0.08333333333333333
M0617,Neutral -> Aversion -> Aversion,Neutral,Aversion,Aversion,5,0.20833333333333334
M0617,Aversion -> Aversion -> Neutral,Aversion,Aversion,Neutral,4,0.16666666666666666
M0617,Aversion -> Neutral -> Neutral,Aversion,Neutral,Neutral,3,0.125
M0617,Neutral -> Neutral -> Aversion,Neutral,Neutral,Aversion,3,0.125
M0617,Aversion -> Neutral -> Aversion,Aversion,Neutral,Aversion,3,0.125
M0617,Neutral -> Neutral -> Neutral,Neutral,Neutral,Neutral,2,0.08333333333333333
M0617,Neutral -> Aversion -> Neutral,Neutral,Aversion,Neutral,2,0.08333333333333333
M0617,Aversion -> Aversion -> Aversion,Aversion,Aversion,Aversion,2,0.08333333333333333
M0618,Appreciation -> Appreciation -> Appreciation,Appreciation,Appreciation,Appreciation,8,0.3333333333333333
M0618,Neutral -> Aversion -> Aversion,Neutral,Aversion,Aversion,4,0.16666666666666666
M0618,Aversion -> Aversion -> Neutral,Aversion,Aversion,Neutral,3,0.125
M0618,Aversion -> Aversion -> Aversion,Aversion,Aversion,Aversion,2,0.08333333333333333
M0618,Aversion -> Neutral -> Aversion,Aversion,Neutral,Aversion,2,0.08333333333333333
M0618,Neutral -> Neutral -> Aversion,Neutral,Neutral,Aversion,1,0.041666666666666664
M0618,Aversion -> Neutral -> Appreciation,Aversion,Neutral,Appreciation,1,0.041666666666666664
M0618,Neutral -> Appreciation -> Appreciation,Neutral,Appreciation,Appreciation,1,0.041666666666666664
M0618,Appreciation -> Appreciation -> Neutral,Appreciation,Appreciation,Neutral,1,0.041666666666666664
M0618,Appreciation -> Neutral -> Aversion,Appreciation,Neutral,Aversion,1,0.041666666666666664
M0619,Neutral -> Neutral -> Neutral,Neutral,Neutral,Neutral,10,0.4166666666666667
M0619,Aversion -> Aversion -> Aversion,Aversion,Aversion,Aversion,6,0.25
M0619,Aversion -> Neutral -> Neutral,Aversion,Neutral,Neutral,2,0.08333333333333333
M0619,Neutral -> Neutral -> Aversion,Neutral,Neutral,Aversion,2,0.08333333333333333
M0619,Neutral -> Aversion -> Neutral,Neutral,Aversion,Neutral,1,0.041666666666666664
M0619,Neutral -> Aversion -> Aversion,Neutral,Aversion,Aversion,1,0.041666666666666664
M0619,Aversion -> Aversion -> Neutral,Aversion,Aversion,Neutral,1,0.041666666666666664
M0619,Neutral -> Neutral -> Appreciation,Neutral,Neutral,Appreciation,1,0.041666666666666664
M0620,Neutral -> Neutral -> Neutral,Neutral,Neutral,Neutral,7,0.2916666666666667
M0620,Appreciation -> Appreciation -> Appreciation,Appreciation,Appreciation,Appreciation,5,0.20833333333333334
M0620,Neutral -> Neutral -> Aversion,Neutral,Neutral,Aversion,2,0.08333333333333333
M0620,Aversion -> Aversion -> Neutral,Aversion,Aversion,Neutral,2,0.08333333333333333
M0620,Neutral -> Aversion -> Aversion,Neutral,Aversion,Aversion,2,0.08333333333333333
M0620,Aversion -> Neutral -> Neutral,Aversion,Neutral,Neutral,2,0.08333333333333333
M0620,Aversion -> Aversion -> Aversion,Aversion,Aversion,Aversion,2,0.08333333333333333
M0620,Neutral -> Neutral -> Appreciation,Neutral,Neutral,Appreciation,1,0.041666666666666664
M0620,Neutral -> Appreciation -> Appreciation,Neutral,Appreciation,Appreciation,1,0.041666666666666664
M0621,Neutral -> Neutral -> Neutral,Neutral,Neutral,Neutral,7,0.2916666666666667
M0621,Aversion -> Aversion -> Aversion,Aversion,Aversion,Aversion,6,0.25
M0621,Aversion -> Neutral -> Neutral,Aversion,Neutral,Neutral,3,0.125
M0621,Neutral -> Neutral -> Aversion,Neutral,Neutral,Aversion,3,0.125
M0621,Aversion -> Aversion -> Neutral,Aversion,Aversion,Neutral,2,0.08333333333333333
M0621,Neutral -> Aversion -> Aversion,Neutral,Aversion,Aversion,2,0.08333333333333333
M0621,Neutral -> Aversion -> Neutral,Neutral,Aversion,Neutral,1,0.041666666666666664
M0622,Aversion -> Aversion -> Aversion,Aversion,Aversion,Aversion,6,0.25
M0622,Neutral -> Aversion -> Aversion,Neutral,Aversion,Aversion,4,0.16666666666666666
M0622,Aversion -> Aversion -> Neutral,Aversion,Aversion,Neutral,4,0.16666666666666666
M0622,Aversion -> Neutral -> Aversion,Aversion,Neutral,Aversion,3,0.125
M0622,Neutral -> Neutral -> Aversion,Neutral,Neutral,Aversion,1,0.041666666666666664
M0622,Neutral -> Aversion -> Neutral,Neutral,Aversion,Neutral,1,0.041666666666666664
M0622,Aversion -> Neutral -> Neutral,Aversion,Neutral,Neutral,1,0.041666666666666664
M0622,Neutral -> Neutral -> Neutral,Neutral,Neutral,Neutral,1,0.041666666666666664
M0622,Neutral -> Neutral -> Appreciation,Neutral,Neutral,Appreciation,1,0.041666666666666664
M0622,Neutral -> Appreciation -> Neutral,Neutral,Appreciation,Neutral,1,0.041666666666666664
M0622,Appreciation -> Neutral -> Aversion,Appreciation,Neutral,Aversion,1,0.041666666666666664
M0623,Neutral -> Neutral -> Neutral,Neutral,Neutral,Neutral,11,0.4583333333333333
M0623,Appreciation -> Appreciation -> Appreciation,Appreciation,Appreciation,Appreciation,11,0.4583333333333333
M0623,Neutral -> Neutral -> Appreciation,Neutral,Neutral,Appreciation,1,0.041666666666666664
M0623,Neutral -> Appreciation -> Appreciation,Neutral,Appreciation,Appreciation,1,0.041666666666666664
M0624,Neutral -> Aversion -> Aversion,Neutral,Aversion,Aversion,4,0.16666666666666666
M0624,Appreciation -> Appreciation -> Appreciation,Appreciation,Appreciation,Appreciation,4,0.16666666666666666
M0624,Aversion -> Aversion -> Neutral,Aversion,Aversion,Neutral,3,0.125
M0624,Neutral -> Neutral -> Aversion,Neutral,Neutral,Aversion,2,0.08333333333333333
M0624,Aversion -> Neutral -> Neutral,Aversion,Neutral,Neutral,2,0.08333333333333333
M0624,Aversion -> Aversion -> Aversion,Aversion,Aversion,Aversion,2,0.08333333333333333
M0624,Aversion -> Neutral -> Aversion,Aversion,Neutral,Aversion,1,0.041666666666666664
M0624,Neutral -> Neutral -> Neutral,Neutral,Neutral,Neutral,1,0.041666666666666664
M0624,Aversion -> Aversion -> Appreciation,Aversion,Aversion,Appreciation,1,0.041666666666666664
M0624,Aversion -> Appreciation -> Appreciation,Aversion,Appreciation,Appreciation,1,0.041666666666666664
M0624,Appreciation -> Appreciation -> Neutral,Appreciation,Appreciation,Neutral,1,0.041666666666666664
M0624,Appreciation -> Neutral -> Appreciation,Appreciation,Neutral,Appreciation,1,0.041666666666666664
M0624,Neutral -> Appreciation -> Appreciation,Neutral,Appreciation,Appreciation,1,0.041666666666666664
M0625,Neutral -> Neutral -> Neutral,Neutral,Neutral,Neutral,16,0.6666666666666666
M0625,Aversion -> Aversion -> Aversion,Aversion,Aversion,Aversion,3,0.125
M0625,Neutral -> Neutral -> Aversion,Neutral,Neutral,Aversion,2,0.08333333333333333
M0625,Neutral -> Aversion -> Neutral,Neutral,Aversion,Neutral,1,0.041666666666666664
M0625,Aversion -> Neutral -> Neutral,Aversion,Neutral,Neutral,1,0.041666666666666664
M0625,Neutral -> Aversion -> Aversion,Neutral,Aversion,Aversion,1,0.041666666666666664
M0626,Aversion -> Aversion -> Aversion,Aversion,Aversion,Aversion,8,0.3333333333333333
M0626,Neutral -> Neutral -> Aversion,Neutral,Neutral,Aversion,3,0.125
M0626,Neutral -> Aversion -> Neutral,Neutral,Aversion,Neutral,3,0.125
M0626,Aversion -> Neutral -> Neutral,Aversion,Neutral,Neutral,2,0.08333333333333333
M0626,Neutral -> Neutral -> Neutral,Neutral,Neutral,Neutral,2,0.08333333333333333
M0626,Neutral -> Aversion -> Aversion,Neutral,Aversion,Aversion,2,0.08333333333333333
M0626,Aversion -> Aversion -> Neutral,Aversion,Aversion,Neutral,2,0.08333333333333333
M0626,Aversion -> Neutral -> Aversion,Aversion,Neutral,Aversion,2,0.08333333333333333
M0627,Neutral -> Neutral -> Neutral,Neutral,Neutral,Neutral,6,0.25
M0627,Neutral -> Aversion -> Neutral,Neutral,Aversion,Neutral,4,0.16666666666666666
M0627,Appreciation -> Appreciation -> Appreciation,Appreciation,Appreciation,Appreciation,4,0.16666666666666666
M0627,Aversion -> Neutral -> Neutral,Aversion,Neutral,Neutral,2,0.08333333333333333
M0627,Aversion -> Neutral -> Aversion,Aversion,Neutral,Aversion,2,0.08333333333333333
M0627,Neutral -> Neutral -> Appreciation,Neutral,Neutral,Appreciation,2,0.08333333333333333
M0627,Neutral -> Appreciation -> Appreciation,Neutral,Appreciation,Appreciation,2,0.08333333333333333
M0627,Appreciation -> Appreciation -> Neutral,Appreciation,Appreciation,Neutral,1,0.041666666666666664
M0627,Appreciation -> Neutral -> Aversion,Appreciation,Neutral,Aversion,1,0.041666666666666664
M0628,Aversion -> Aversion -> Aversion,Aversion,Aversion,Aversion,17,0.7083333333333334
M0628,Neutral -> Neutral -> Neutral,Neutral,Neutral,Neutral,2,0.08333333333333333
M0628,Neutral -> Aversion -> Aversion,Neutral,Aversion,Aversion,2,0.08333333333333333
M0628,Neutral -> Neutral -> Aversion,Neutral,Neutral,Aversion,1,0.041666666666666664
M0628,Aversion -> Aversion -> Neutral,Aversion,Aversion,Neutral,1,0.041666666666666664
M0628,Aversion -> Neutral -> Aversion,Aversion,Neutral,Aversion,1,0.041666666666666664
M0629,Neutral -> Neutral -> Neutral,Neutral,Neutral,Neutral,10,0.4166666666666667
M0629,Aversion -> Aversion -> Aversion,Aversion,Aversion,Aversion,5,0.20833333333333334
M0629,Neutral -> Aversion -> Aversion,Neutral,Aversion,Aversion,2,0.08333333333333333
M0629,Neutral -> Neutral -> Aversion,Neutral,Neutral,Aversion,2,0.08333333333333333
M0629,Aversion -> Aversion -> Neutral,Aversion,Aversion,Neutral,2,0.08333333333333333
M0629,Neutral -> Aversion -> Neutral,Neutral,Aversion,Neutral,1,0.041666666666666664
M0629,Aversion -> Neutral -> Neutral,Aversion,Neutral,Neutral,1,0.041666666666666664
M0629,Aversion -> Neutral -> Aversion,Aversion,Neutral,Aversion,1,0.041666666666666664
M0630,Appreciation -> Appreciation -> Appreciation,Appreciation,Appreciation,Appreciation,6,0.25
M0630,Neutral -> Neutral -> Neutral,Neutral,Neutral,Neutral,5,0.20833333333333334
M0630,Neutral -> Neutral -> Aversion,Neutral,Neutral,Aversion,2,0.08333333333333333
M0630,Neutral -> Aversion -> Aversion,Neutral,Aversion,Aversion,2,0.08333333333333333
M0630,Aversion -> Neutral -> Aversion,Aversion,Neutral,Aversion,2,0.08333333333333333
M0630,Aversion -> Aversion -> Neutral,Aversion,Aversion,Neutral,2,0.08333333333333333
M0630,Neutral -> Aversion -> Neutral,Neutral,Aversion,Neutral,2,0.08333333333333333
M0630,Aversion -> Neutral -> Neutral,Aversion,Neutral,Neutral,1,0.041666666666666664
M0630,Aversion -> Neutral -> Appreciation,Aversion,Neutral,Appreciation,1,0.041666666666666664
M0630,Neutral -> Appreciation -> Appreciation,Neutral,Appreciation,Appreciation,1,0.041666666666666664
M0631,Neutral -> Neutral -> Neutral,Neutral,Neutral,Neutral,7,0.2916666666666667
M0631,Aversion -> Aversion -> Aversion,Aversion,Aversion,Aversion,5,0.20833333333333334
M0631,Appreciation -> Appreciation -> Appreciation,Appreciation,Appreciation,Appreciation,4,0.16666666666666666
M0631,Neutral -> Aversion -> Aversion,Neutral,Aversion,Aversion,2,0.08333333333333333
M0631,Aversion -> Aversion -> Neutral,Aversion,Aversion,Neutral,2,0.08333333333333333
M0631,Aversion -> Neutral -> Neutral,Aversion,Neutral,Neutral,1,0.041666666666666664
M0631,Neutral -> Neutral -> Aversion,Neutral,Neutral,Aversion,1,0.041666666666666664
M0631,Aversion -> Neutral -> Appreciation,Aversion,Neutral,Appreciation,1,0.041666666666666664
M0631,Neutral -> Appreciation -> Appreciation,Neutral,Appreciation,Appreciation,1,0.041666666666666664
M0632,Aversion -> Aversion -> Aversion,Aversion,Aversion,Aversion,4,0.16666666666666666
M0632,Neutral -> Aversion -> Aversion,Neutral,Aversion,Aversion,4,0.16666666666666666
M0632,Aversion -> Aversion -> Neutral,Aversion,Aversion,Neutral,4,0.16666666666666666
M0632,Neutral -> Neutral -> Neutral,Neutral,Neutral,Neutral,3,0.125
M0632,Neutral -> Neutral -> Aversion,Neutral,Neutral,Aversion,2,0.08333333333333333
M0632,Aversion -> Neutral -> Neutral,Aversion,Neutral,Neutral,2,0.08333333333333333
M0632,Aversion -> Neutral -> Aversion,Aversion,Neutral,Aversion,2,0.08333333333333333
M0632,Neutral -> Neutral -> Appreciation,Neutral,Neutral,Appreciation,1,0.041666666666666664
M0632,Neutral -> Appreciation -> Appreciation,Neutral,Appreciation,Appreciation,1,0.041666666666666664
M0632,Appreciation -> Appreciation -> Appreciation,Appreciation,Appreciation,Appreciation,1,0.041666666666666664
M0633,Appreciation -> Appreciation -> Appreciation,Appreciation,Appreciation,Appreciation,9,0.375
M0633,Neutral -> Neutral -> Neutral,Neutral,Neutral,Neutral,5,0.20833333333333334
M0633,Neutral -> Neutral -> Aversion,Neutral,Neutral,Aversion,2,0.08333333333333333
M0633,Neutral -> Aversion -> Aversion,Neutral,Aversion,Aversion,2,0.08333333333333333
M0633,Aversion -> Neutral -> Neutral,Aversion,Neutral,Neutral,2,0.08333333333333333
M0633,Aversion -> Aversion -> Neutral,Aversion,Aversion,Neutral,2,0.08333333333333333
M0633,Neutral -> Neutral -> Appreciation,Neutral,Neutral,Appreciation,1,0.041666666666666664
M0633,Neutral -> Appreciation -> Appreciation,Neutral,Appreciation,Appreciation,1,0.041666666666666664
M0634,Neutral -> Neutral -> Neutral,Neutral,Neutral,Neutral,8,0.3333333333333333
M0634,Aversion -> Neutral -> Neutral,Aversion,Neutral,Neutral,3,0.125
M0634,Neutral -> Aversion -> Neutral,Neutral,Aversion,Neutral,3,0.125
M0634,Neutral -> Aversion -> Aversion,Neutral,Aversion,Aversion,3,0.125
M0634,Neutral -> Neutral -> Aversion,Neutral,Neutral,Aversion,3,0.125
M0634,Aversion -> Neutral -> Aversion,Aversion,Neutral,Aversion,2,0.08333333333333333
M0634,Aversion -> Aversion -> Neutral,Aversion,Aversion,Neutral,2,0.08333333333333333
M0635,Aversion -> Aversion -> Aversion,Aversion,Aversion,Aversion,11,0.4583333333333333
M0635,Neutral -> Neutral -> Aversion,Neutral,Neutral,Aversion,3,0.125
M0635,Neutral -> Aversion -> Aversion,Neutral,Aversion,Aversion,3,0.125
M0635,Aversion -> Aversion -> Neutral,Aversion,Aversion,Neutral,2,0.08333333333333333
M0635,Aversion -> Neutral -> Neutral,Aversion,Neutral,Neutral,2,0.08333333333333333
M0635,Neutral -> Aversion -> Neutral,Neutral,Aversion,Neutral,1,0.041666666666666664
M0635,Aversion -> Neutral -> Aversion,Aversion,Neutral,Aversion,1,0.041666666666666664
M0635,Neutral -> Neutral -> Neutral,Neutral,Neutral,Neutral,1,0.041666666666666664
M0636,Neutral -> Neutral -> Neutral,Neutral,Neutral,Neutral,12,0.5
M0636,Appreciation -> Appreciation -> Appreciation,Appreciation,Appreciation,Appreciation,5,0.20833333333333334
M0636,Neutral -> Neutral -> Appreciation,Neutral,Neutral,Appreciation,1,0.041666666666666664
M0636,Neutral -> Appreciation -> Appreciation,Neutral,Appreciation,Appreciation,1,0.041666666666666664
M0636,Appreciation -> Appreciation -> Neutral,Appreciation,Appreciation,Neutral,1,0.041666666666666664
M0636,Appreciation -> Neutral -> Neutral,Appreciation,Neutral,Neutral,1,0.041666666666666664
M0636,Neutral -> Neutral -> Aversion,Neutral,Neutral,Aversion,1,0.041666666666666664
M0636,Neutral -> Aversion -> Aversion,Neutral,Aversion,Aversion,1,0.041666666666666664
M0636,Aversion -> Aversion -> Aversion,Aversion,Aversion,Aversion,1,0.041666666666666664
M0637,Aversion -> Aversion -> Aversion,Aversion,Aversion,Aversion,5,0.20833333333333334
M0637,Neutral -> Neutral -> Neutral,Neutral,Neutral,Neutral,4,0.16666666666666666
M0637,Appreciation -> Appreciation -> Appreciation,Appreciation,Appreciation,Appreciation,3,0.125
M0637,Neutral -> Neutral -> Aversion,Neutral,Neutral,Aversion,2,0.08333333333333333
M0637,Neutral -> Aversion -> Aversion,Neutral,Aversion,Aversion,2,0.08333333333333333
M0637,Aversion -> Neutral -> Neutral,Aversion,Neutral,Neutral,2,0.08333333333333333
M0637,Neutral -> Aversion -> Neutral,Neutral,Aversion,Neutral,1,0.041666666666666664
M0637,Aversion -> Aversion -> Neutral,Aversion,Aversion,Neutral,1,0.041666666666666664
M0637,Neutral -> Appreciation -> Appreciation,Neutral,Appreciation,Appreciation,1,0.041666666666666664
M0637,Neutral -> Neutral -> Appreciation,Neutral,Neutral,Appreciation,1,0.041666666666666664
M0637,Appreciation -> Appreciation -> Neutral,Appreciation,Appreciation,Neutral,1,0.041666666666666664
M0637,Appreciation -> Neutral -> Aversion,Appreciation,Neutral,Aversion,1,0.041666666666666664
M0638,Aversion -> Aversion -> Aversion,Aversion,Aversion,Aversion,10,0.4166666666666667
M0638,Aversion -> Aversion -> Neutral,Aversion,Aversion,Neutral,3,0.125
M0638,Neutral -> Aversion -> Aversion,Neutral,Aversion,Aversion,3,0.125
M0638,Neutral -> Neutral -> Neutral,Neutral,Neutral,Neutral,2,0.08333333333333333
M0638,Neutral -> Neutral -> Aversion,Neutral,Neutral,Aversion,2,0.08333333333333333
M0638,Aversion -> Neutral -> Aversion,Aversion,Neutral,Aversion,1,0.041666666666666664
M0638,Aversion -> Neutral -> Neutral,Aversion,Neutral,Neutral,1,0.041666666666666664
M0638,Aversion -> Neutral -> Appreciation,Aversion,Neutral,Appreciation,1,0.041666666666666664
M0638,Neutral -> Appreciation -> Appreciation,Neutral,Appreciation,Appreciation,1,0.041666666666666664
M0639,Appreciation -> Appreciation -> Appreciation,Appreciation,Appreciation,Appreciation,6,0.25
M0639,Neutral -> Neutral -> Neutral,Neutral,Neutral,Neutral,4,0.16666666666666666
M0639,Neutral -> Neutral -> Aversion,Neutral,Neutral,Aversion,3,0.125
M0639,Aversion -> Neutral -> Neutral,Aversion,Neutral,Neutral,3,0.125
M0639,Neutral -> Aversion -> Neutral,Neutral,Aversion,Neutral,2,0.08333333333333333
M0639,Aversion -> Aversion -> Neutral,Aversion,Aversion,Neutral,1,0.041666666666666664
M0639,Neutral -> Aversion -> Aversion,Neutral,Aversion,Aversion,1,0.041666666666666664
M0639,Neutral -> Neutral -> Appreciation,Neutral,Neutral,Appreciation,1,0.041666666666666664
M0639,Neutral -> Appreciation -> Appreciation,Neutral,Appreciation,Appreciation,1,0.041666666666666664
M0639,Appreciation -> Appreciation -> Neutral,Appreciation,Appreciation,Neutral,1,0.041666666666666664
M0639,Appreciation -> Neutral -> Neutral,Appreciation,Neutral,Neutral,1,0.041666666666666664
M0640,Appreciation -> Appreciation -> Appreciation,Appreciation,Appreciation,Appreciation,9,0.375
M0640,Neutral -> Neutral -> Neutral,Neutral,Neutral,Neutral,7,0.2916666666666667
M0640,Neutral -> Neutral -> Aversion,Neutral,Neutral,Aversion,2,0.08333333333333333
M0640,Aversion -> Neutral -> Neutral,Aversion,Neutral,Neutral,2,0.08333333333333333
M0640,Neutral -> Aversion -> Neutral,Neutral,Aversion,Neutral,2,0.08333333333333333
M0640,Neutral -> Neutral -> Appreciation,Neutral,Neutral,Appreciation,1,0.041666666666666664
M0640,Neutral -> Appreciation -> Appreciation,Neutral,Appreciation,Appreciation,1,0.041666666666666664
M0641,Appreciation -> Appreciation -> Appreciation,Appreciation,Appreciation,Appreciation,4,0.16666666666666666
M0641,Aversion -> Aversion -> Aversion,Aversion,Aversion,Aversion,3,0.125
M0641,Neutral -> Neutral -> Neutral,Neutral,Neutral,Neutral,3,0.125
M0641,Appreciation -> Appreciation -> Neutral,Appreciation,Appreciation,Neutral,2,0.08333333333333333
M0641,Appreciation -> Neutral -> Appreciation,Appreciation,Neutral,Appreciation,2,0.08333333333333333
M0641,Neutral -> Aversion -> Aversion,Neutral,Aversion,Aversion,2,0.08333333333333333
M0641,Aversion -> Neutral -> Neutral,Aversion,Neutral,Neutral,1,0.041666666666666664
M0641,Aversion -> Aversion -> Neutral,Aversion,Aversion,Neutral,1,0.041666666666666664
M0641,Neutral -> Aversion -> Neutral,Neutral,Aversion,Neutral,1,0.041666666666666664
M0641,Aversion -> Neutral -> Aversion,Aversion,Neutral,Aversion,1,0.041666666666666664
M0641,Aversion -> Appreciation -> Appreciation,Aversion,Appreciation,Appreciation,1,0.041666666666666664
M0641,Aversion -> Aversion -> Appreciation,Aversion,Aversion,Appreciation,1,0.041666666666666664
M0641,Neutral -> Neutral -> Aversion,Neutral,Neutral,Aversion,1,0.041666666666666664
M0641,Neutral -> Appreciation -> Appreciation,Neutral,Appreciation,Appreciation,1,0.041666666666666664
M0642,Neutral -> Neutral -> Neutral,Neutral,Neutral,Neutral,10,0.4166666666666667
M0642,Appreciation -> Appreciation -> Appreciation,Appreciation,Appreciation,Appreciation,10,0.4166666666666667
M0642,Neutral -> Neutral -> Appreciation,Neutral,Neutral,Appreciation,1,0.041666666666666664
M0642,Neutral -> Appreciation -> Appreciation,Neutral,Appreciation,Appreciation,1,0.041666666666666664
M0642,Appreciation -> Appreciation -> Neutral,Appreciation,Appreciation,Neutral,1,0.041666666666666664
M0642,Appreciation -> Neutral -> Neutral,Appreciation,Neutral,Neutral,1,0.041666666666666664
M0643,Neutral -> Neutral -> Neutral,Neutral,Neutral,Neutral,14,0.5833333333333334
M0643,Appreciation -> Appreciation -> Appreciation,Appreciation,Appreciation,Appreciation,5,0.20833333333333334
M0643,Neutral -> Neutral -> Appreciation,Neutral,Neutral,Appreciation,1,0.041666666666666664
M0643,Neutral -> Appreciation -> Appreciation,Neutral,Appreciation,Appreciation,1,0.041666666666666664
M0643,Appreciation -> Appreciation -> Neutral,Appreciation,Appreciation,Neutral,1,0.041666666666666664
M0643,Appreciation -> Neutral -> Neutral,Appreciation,Neutral,Neutral,1,0.041666666666666664
M0643,Neutral -> Neutral -> Aversion,Neutral,Neutral,Aversion,1,0.041666666666666664
M0644,Appreciation -> Appreciation -> Appreciation,Appreciation,Appreciation,Appreciation,8,0.3333333333333333
M0644,Neutral -> Neutral -> Neutral,Neutral,Neutral,Neutral,4,0.16666666666666666
M0644,Neutral -> Neutral -> Aversion,Neutral,Neutral,Aversion,2,0.08333333333333333
M0644,Neutral -> Aversion -> Aversion,Neutral,Aversion,Aversion,2,0.08333333333333333
M0644,Aversion -> Aversion -> Neutral,Aversion,Aversion,Neutral,2,0.08333333333333333
M0644,Aversion -> Neutral -> Neutral,Aversion,Neutral,Neutral,1,0.041666666666666664
M0644,Aversion -> Aversion -> Aversion,Aversion,Aversion,Aversion,1,0.041666666666666664
M0644,Neutral -> Aversion -> Neutral,Neutral,Aversion,Neutral,1,0.041666666666666664
M0644,Aversion -> Neutral -> Aversion,Aversion,Neutral,Aversion,1,0.041666666666666664
M0644,Aversion -> Neutral -> Appreciation,Aversion,Neutral,Appreciation,1,0.041666666666666664
M0644,Neutral -> Appreciation -> Appreciation,Neutral,Appreciation,Appreciation,1,0.041666666666666664
M0645,Neutral -> Neutral -> Neutral,Neutral,Neutral,Neutral,10,0.4166666666666667
M0645,Appreciation -> Appreciation -> Appreciation,Appreciation,Appreciation,Appreciation,8,0.3333333333333333
M0645,Neutral -> Neutral -> Appreciation,Neutral,Neutral,Appreciation,1,0.041666666666666664
M0645,Neutral -> Appreciation -> Appreciation,Neutral,Appreciation,Appreciation,1,0.041666666666666664
M0645,Appreciation -> Appreciation -> Neutral,Appreciation,Appreciation,Neutral,1,0.041666666666666664
M0645,Appreciation -> Neutral -> Neutral,Appreciation,Neutral,Neutral,1,0.041666666666666664
M0645,Neutral -> Neutral -> Aversion,Neutral,Neutral,Aversion,1,0.041666666666666664
M0645,Neutral -> Aversion -> Aversion,Neutral,Aversion,Aversion,1,0.041666666666666664
M0646,Neutral -> Neutral -> Neutral,Neutral,Neutral,Neutral,5,0.20833333333333334
M0646,Neutral -> Aversion -> Aversion,Neutral,Aversion,Aversion,3,0.125
M0646,Aversion -> Neutral -> Aversion,Aversion,Neutral,Aversion,3,0.125
M0646,Aversion -> Aversion -> Neutral,Aversion,Aversion,Neutral,3,0.125
M0646,Neutral -> Aversion -> Neutral,Neutral,Aversion,Neutral,2,0.08333333333333333
M0646,Aversion -> Aversion -> Aversion,Aversion,Aversion,Aversion,2,0.08333333333333333
M0646,Aversion -> Neutral -> Neutral,Aversion,Neutral,Neutral,2,0.08333333333333333
M0646,Neutral -> Neutral -> Aversion,Neutral,Neutral,Aversion,1,0.041666666666666664
M0646,Neutral -> Neutral -> Appreciation,Neutral,Neutral,Appreciation,1,0.041666666666666664
M0646,Neutral -> Appreciation -> Appreciation,Neutral,Appreciation,Appreciation,1,0.041666666666666664
M0646,Appreciation -> Appreciation -> Appreciation,Appreciation,Appreciation,Appreciation,1,0.041666666666666664
M0647,Appreciation -> Appreciation -> Appreciation,Appreciation,Appreciation,Appreciation,8,0.3333333333333333
M0647,Neutral -> Neutral -> Neutral,Neutral,Neutral,Neutral,3,0.125
M0647,Neutral -> Neutral -> Aversion,Neutral,Neutral,Aversion,2,0.08333333333333333
M0647,Neutral -> Aversion -> Aversion,Neutral,Aversion,Aversion,2,0.08333333333333333
M0647,Aversion -> Aversion -> Aversion,Aversion,Aversion,Aversion,2,0.08333333333333333
M0647,Aversion -> Aversion -> Neutral,Aversion,Aversion,Neutral,2,0.08333333333333333
M0647,Aversion -> Neutral -> Neutral,Aversion,Neutral,Neutral,1,0.041666666666666664
M0647,Aversion -> Neutral -> Appreciation,Aversion,Neutral,Appreciation,1,0.041666666666666664
M0647,Neutral -> Appreciation -> Appreciation,Neutral,Appreciation,Appreciation,1,0.041666666666666664
M0647,Appreciation -> Appreciation -> Neutral,Appreciation,Appreciation,Neutral,1,0.041666666666666664
M0647,Appreciation -> Neutral -> Neutral,Appreciation,Neutral,Neutral,1,0.041666666666666664
M0648,Aversion -> Aversion -> Aversion,Aversion,Aversion,Aversion,11,0.4583333333333333
M0648,Neutral -> Neutral -> Neutral,Neutral,Neutral,Neutral,5,0.20833333333333334
M0648,Aversion -> Neutral -> Aversion,Aversion,Neutral,Aversion,2,0.08333333333333333
M0648,Neutral -> Aversion -> Neutral,Neutral,Aversion,Neutral,2,0.08333333333333333
M0648,Neutral -> Aversion -> Aversion,Neutral,Aversion,Aversion,1,0.041666666666666664
M0648,Aversion -> Aversion -> Neutral,Aversion,Aversion,Neutral,1,0.041666666666666664
M0648,Aversion -> Neutral -> Neutral,Aversion,Neutral,Neutral,1,0.041666666666666664
M0648,Neutral -> Neutral -> Appreciation,Neutral,Neutral,Appreciation,1,0.041666666666666664
M0649,Appreciation -> Appreciation -> Appreciation,Appreciation,Appreciation,Appreciation,9,0.375
M0649,Neutral -> Neutral -> Neutral,Neutral,Neutral,Neutral,6,0.25
M0649,Neutral -> Aversion -> Aversion,Neutral,Aversion,Aversion,2,0.08333333333333333
M0649,Aversion -> Aversion -> Neutral,Aversion,Aversion,Neutral,2,0.08333333333333333
M0649,Aversion -> Neutral -> Aversion,Aversion,Neutral,Aversion,1,0.041666666666666664
M0649,Aversion -> Neutral -> Neutral,Aversion,Neutral,Neutral,1,0.041666666666666664
M0649,Neutral -> Neutral -> Appreciation,Neutral,Neutral,Appreciation,1,0.041666666666666664
M0649,Neutral -> Appreciation -> Appreciation,Neutral,Appreciation,Appreciation,1,0.041666666666666664
M0649,Appreciation -> Appreciation -> Neutral,Appreciation,Appreciation,Neutral,1,0.041666666666666664
M0650,Neutral -> Neutral -> Neutral,Neutral,Neutral,Neutral,15,0.625
M0650,Neutral -> Neutral -> Aversion,Neutral,Neutral,Aversion,2,0.08333333333333333
M0650,Neutral -> Aversion -> Aversion,Neutral,Aversion,Aversion,1,0.041666666666666664
M0650,Aversion -> Aversion -> Neutral,Aversion,Aversion,Neutral,1,0.041666666666666664
M0650,Aversion -> Neutral -> Neutral,Aversion,Neutral,Neutral,1,0.041666666666666664
M0650,Neutral -> Aversion -> Neutral,Neutral,Aversion,Neutral,1,0.041666666666666664
M0650,Aversion -> Neutral -> Appreciation,Aversion,Neutral,Appreciation,1,0.041666666666666664
M0650,Neutral -> Appreciation -> Appreciation,Neutral,Appreciation,Appreciation,1,0.041666666666666664
M0650,Appreciation -> Appreciation -> Appreciation,Appreciation,Appreciation,Appreciation,1,0.041666666666666664
M0651,Aversion -> Aversion -> Aversion,Aversion,Aversion,Aversion,10,0.4166666666666667
M0651,Neutral -> Neutral -> Neutral,Neutral,Neutral,Neutral,7,0.2916666666666667
M0651,Neutral -> Neutral -> Aversion,Neutral,Neutral,Aversion,2,0.08333333333333333
M0651,Neutral -> Aversion -> Aversion,Neutral,Aversion,Aversion,2,0.08333333333333333
M0651,Aversion -> Aversion -> Neutral,Aversion,Aversion,Neutral,2,0.08333333333333333
M0651,Aversion -> Neutral -> Neutral,Aversion,Neutral,Neutral,1,0.041666666666666664
M0652,Appreciation -> Appreciation -> Appreciation,Appreciation,Appreciation,Appreciation,8,0.3333333333333333
M0652,Aversion -> Aversion -> Aversion,Aversion,Aversion,Aversion,5,0.20833333333333334
M0652,Neutral -> Neutral -> Aversion,Neutral,Neutral,Aversion,2,0.08333333333333333
M0652,Neutral -> Aversion -> Neutral,Neutral,Aversion,Neutral,1,0.041666666666666664
M0652,Neutral -> Aversion -> Aversion,Neutral,Aversion,Aversion,1,0.041666666666666664
M0652,Aversion -> Neutral -> Aversion,Aversion,Neutral,Aversion,1,0.041666666666666664
M0652,Aversion -> Neutral -> Neutral,Aversion,Neutral,Neutral,1,0.041666666666666664
M0652,Aversion -> Aversion -> Neutral,Aversion,Aversion,Neutral,1,0.041666666666666664
M0652,Neutral -> Neutral -> Appreciation,Neutral,Neutral,Appreciation,1,0.041666666666666664
M0652,Neutral -> Appreciation -> Appreciation,Neutral,Appreciation,Appreciation,1,0.041666666666666664
M0652,Appreciation -> Appreciation -> Neutral,Appreciation,Appreciation,Neutral,1,0.041666666666666664
M0652,Appreciation -> Neutral -> Neutral,Appreciation,Neutral,Neutral,1,0.041666666666666664
M0653,Neutral -> Neutral -> Neutral,Neutral,Neutral,Neutral,10,0.4166666666666667
M0653,Aversion -> Aversion -> Aversion,Aversion,Aversion,Aversion,7,0.2916666666666667
M0653,Neutral -> Neutral -> Aversion,Neutral,Neutral,Aversion,2,0.08333333333333333
M0653,Neutral -> Aversion -> Aversion,Neutral,Aversion,Aversion,2,0.08333333333333333
M0653,Aversion -> Aversion -> Neutral,Aversion,Aversion,Neutral,2,0.08333333333333333
M0653,Aversion -> Neutral -> Neutral,Aversion,Neutral,Neutral,1,0.041666666666666664
M0654,Appreciation -> Appreciation -> Appreciation,Appreciation,Appreciation,Appreciation,6,0.25
M0654,Neutral -> Neutral -> Neutral,Neutral,Neutral,Neutral,5,0.20833333333333334
M0654,Neutral -> Aversion -> Aversion,Neutral,Aversion,Aversion,2,0.08333333333333333
M0654,Neutral -> Neutral -> Aversion,Neutral,Neutral,Aversion,2,0.08333333333333333
M0654,Aversion -> Aversion -> Aversion,Aversion,Aversion,Aversion,2,0.08333333333333333
M0654,Aversion -> Aversion -> Neutral,Aversion,Aversion,Neutral,1,0.041666666666666664
M0654,Neutral -> Aversion -> Neutral,Neutral,Aversion,Neutral,1,0.041666666666666664
M0654,Aversion -> Neutral -> Aversion,Aversion,Neutral,Aversion,1,0.041666666666666664
M0654,Aversion -> Neutral -> Neutral,Aversion,Neutral,Neutral,1,0.041666666666666664
M0654,Aversion -> Aversion -> Appreciation,Aversion,Aversion,Appreciation,1,0.041666666666666664
M0654,Aversion -> Appreciation -> Appreciation,Aversion,Appreciation,Appreciation,1,0.041666666666666664
M0654,Appreciation -> Appreciation -> Neutral,Appreciation,Appreciation,Neutral,1,0.041666666666666664
M0655,Neutral -> Neutral -> Neutral,Neutral,Neutral,Neutral,7,0.2916666666666667
M0655,Aversion -> Aversion -> Aversion,Aversion,Aversion,Aversion,7,0.2916666666666667
M0655,Aversion -> Aversion -> Neutral,Aversion,Aversion,Neutral,2,0.08333333333333333
M0655,Neutral -> Aversion -> Aversion,Neutral,Aversion,Aversion,2,0.08333333333333333
M0655,Neutral -> Neutral -> Aversion,Neutral,Neutral,Aversion,1,0.041666666666666664
M0655,Aversion -> Neutral -> Aversion,Aversion,Neutral,Aversion,1,0.041666666666666664
M0655,Aversion -> Neutral -> Neutral,Aversion,Neutral,Neutral,1,0.041666666666666664
M0655,Neutral -> Neutral -> Appreciation,Neutral,Neutral,Appreciation,1,0.041666666666666664
M0655,Neutral -> Appreciation -> Neutral,Neutral,Appreciation,Neutral,1,0.041666666666666664
M0655,Appreciation -> Neutral -> Aversion,Appreciation,Neutral,Aversion,1,0.041666666666666664
M0656,Neutral -> Neutral -> Neutral,Neutral,Neutral,Neutral,13,0.5416666666666666
M0656,Aversion -> Aversion -> Aversion,Aversion,Aversion,Aversion,4,0.16666666666666666
M0656,Neutral -> Neutral -> Appreciation,Neutral,Neutral,Appreciation,1,0.041666666666666664
M0656,Appreciation -> Appreciation -> Appreciation,Appreciation,Appreciation,Appreciation,1,0.041666666666666664
M0656,Neutral -> Appreciation -> Appreciation,Neutral,Appreciation,Appreciation,1,0.041666666666666664
M0656,Appreciation -> Appreciation -> Neutral,Appreciation,Appreciation,Neutral,1,0.041666666666666664
M0656,Appreciation -> Neutral -> Neutral,Appreciation,Neutral,Neutral,1,0.041666666666666664
M0656,Neutral -> Neutral -> Aversion,Neutral,Neutral,Aversion,1,0.041666666666666664
M0656,Neutral -> Aversion -> Aversion,Neutral,Aversion,Aversion,1,0.041666666666666664
M0657,Aversion -> Aversion -> Aversion,Aversion,Aversion,Aversion,10,0.4166666666666667
M0657,Aversion -> Aversion -> Neutral,Aversion,Aversion,Neutral,3,0.125
M0657,Neutral -> Aversion -> Aversion,Neutral,Aversion,Aversion,3,0.125
M0657,Neutral -> Neutral -> Aversion,Neutral,Neutral,Aversion,2,0.08333333333333333
M0657,Aversion -> Neutral -> Neutral,Aversion,Neutral,Neutral,2,0.08333333333333333
M0657,Aversion -> Neutral -> Aversion,Aversion,Neutral,Aversion,1,0.041666666666666664
M0657,Neutral -> Neutral -> Appreciation,Neutral,Neutral,Appreciation,1,0.041666666666666664
M0657,Neutral -> Appreciation -> Appreciation,Neutral,Appreciation,Appreciation,1,0.041666666666666664
M0657,Appreciation -> Appreciation -> Appreciation,Appreciation,Appreciation,Appreciation,1,0.041666666666666664
M0658,Neutral -> Neutral -> Neutral,Neutral,Neutral,Neutral,10,0.4166666666666667
M0658,Appreciation -> Appreciation -> Appreciation,Appreciation,Appreciation,Appreciation,6,0.25
M0658,Neutral -> Neutral -> Aversion,Neutral,Neutral,Aversion,1,0.041666666666666664
M0658,Neutral -> Aversion -> Aversion,Neutral,Aversion,Aversion,1,0.041666666666666664
M0658,Aversion -> Neutral -> Appreciation,Aversion,Neutral,Appreciation,1,0.041666666666666664
M0658,Aversion -> Aversion -> Neutral,Aversion,Aversion,Neutral,1,0.041666666666666664
M0658,Neutral -> Appreciation -> Appreciation,Neutral,Appreciation,Appreciation,1,0.041666666666666664
M0658,Appreciation -> Appreciation -> Neutral,Appreciation,Appreciation,Neutral,1,0.041666666666666664
M0658,Appreciation -> Neutral -> Aversion,Appreciation,Neutral,Aversion,1,0.041666666666666664
M0658,Neutral -> Aversion -> Neutral,Neutral,Aversion,Neutral,1,0.041666666666666664
M0659,Neutral -> Neutral -> Neutral,Neutral,Neutral,Neutral,8,0.3333333333333333
M0659,Appreciation -> Appreciation -> Appreciation,Appreciation,Appreciation,Appreciation,6,0.25
M0659,Aversion -> Aversion -> Aversion,Aversion,Aversion,Aversion,2,0.08333333333333333
M0659,Neutral -> Aversion -> Neutral,Neutral,Aversion,Neutral,1,0.041666666666666664
M0659,Neutral -> Neutral -> Aversion,Neutral,Neutral,Aversion,1,0.041666666666666664
M0659,Neutral -> Neutral -> Appreciation,Neutral,Neutral,Appreciation,1,0.041666666666666664
M0659,Aversion -> Neutral -> Neutral,Aversion,Neutral,Neutral,1,0.041666666666666664
M0659,Neutral -> Appreciation -> Appreciation,Neutral,Appreciation,Appreciation,1,0.041666666666666664
M0659,Appreciation -> Appreciation -> Neutral,Appreciation,Appreciation,Neutral,1,0.041666666666666664
M0659,Appreciation -> Neutral -> Aversion,Appreciation,Neutral,Aversion,1,0.041666666666666664
M0659,Neutral -> Aversion -> Aversion,Neutral,Aversion,Aversion,1,0.041666666666666664
M0660,Appreciation -> Appreciation -> Appreciation,Appreciation,Appreciation,Appreciation,8,0.3333333333333333
M0660,Neutral -> Aversion -> Neutral,Neutral,Aversion,Neutral,3,0.125
M0660,Neutral -> Neutral -> Aversion,Neutral,Neutral,Aversion,3,0.125
M0660,Aversion -> Aversion -> Aversion,Aversion,Aversion,Aversion,2,0.08333333333333333
M0660,Aversion -> Neutral -> Neutral,Aversion,Neutral,Neutral,2,0.08333333333333333
M0660,Aversion -> Neutral -> Aversion,Aversion,Neutral,Aversion,1,0.041666666666666664
M0660,Neutral -> Neutral -> Neutral,Neutral,Neutral,Neutral,1,0.041666666666666664
M0660,Neutral -> Aversion -> Aversion,Neutral,Aversion,Aversion,1,0.041666666666666664
M0660,Aversion -> Aversion -> Neutral,Aversion,Aversion,Neutral,1,0.041666666666666664
M0660,Aversion -> Neutral -> Appreciation,Aversion,Neutral,Appreciation,1,0.041666666666666664
M0660,Neutral -> Appreciation -> Appreciation,Neutral,Appreciation,Appreciation,1,0.041666666666666664
M0661,Aversion -> Aversion -> Aversion,Aversion,Aversion,Aversion,12,0.5
M0661,Neutral -> Neutral -> Neutral,Neutral,Neutral,Neutral,7,0.2916666666666667
M0661,Neutral -> Neutral -> Aversion,Neutral,Neutral,Aversion,2,0.08333333333333333
M0661,Neutral -> Aversion -> Neutral,Neutral,Aversion,Neutral,1,0.041666666666666664
M0661,Aversion -> Neutral -> Neutral,Aversion,Neutral,Neutral,1,0.041666666666666664
M0661,Neutral -> Aversion -> Aversion,Neutral,Aversion,Aversion,1,0.041666666666666664
M0662,Aversion -> Neutral -> Aversion,Aversion,Neutral,Aversion,5,0.20833333333333334
M0662,Neutral -> Aversion -> Aversion,Neutral,Aversion,Aversion,4,0.16666666666666666
M0662,Neutral -> Aversion -> Neutral,Neutral,Aversion,Neutral,3,0.125
M0662,Aversion -> Aversion -> Aversion,Aversion,Aversion,Aversion,3,0.125
M0662,Neutral -> Neutral -> Aversion,Neutral,Neutral,Aversion,2,0.08333333333333333
M0662,Aversion -> Aversion -> Neutral,Aversion,Aversion,Neutral,2,0.08333333333333333
M0662,Aversion -> Aversion -> Appreciation,Aversion,Aversion,Appreciation,1,0.041666666666666664
M0662,Aversion -> Appreciation -> Appreciation,Aversion,Appreciation,Appreciation,1,0.041666666666666664
M0662,Appreciation -> Appreciation -> Neutral,Appreciation,Appreciation,Neutral,1,0.041666666666666664
M0662,Appreciation -> Neutral -> Neutral,Appreciation,Neutral,Neutral,1,0.041666666666666664
M0662,Neutral -> Neutral -> Neutral,Neutral,Neutral,Neutral,1,0.041666666666666664
M0663,Appreciation -> Appreciation -> Appreciation,Appreciation,Appreciation,Appreciation,11,0.4583333333333333
M0663,Neutral -> Neutral -> Neutral,Neutral,Neutral,Neutral,7,0.2916666666666667
M0663,Neutral -> Neutral -> Appreciation,Neutral,Neutral,Appreciation,2,0.08333333333333333
M0663,Neutral -> Appreciation -> Neutral,Neutral,Appreciation,Neutral,1,0.041666666666666664
M0663,Appreciation -> Neutral -> Neutral,Appreciation,Neutral,Neutral,1,0.041666666666666664
M0663,Neutral -> Appreciation -> Appreciation,Neutral,Appreciation,Appreciation,1,0.041666666666666664
M0663,Appreciation -> Appreciation -> Neutral,Appreciation,Appreciation,Neutral,1,0.041666666666666664
M0664,Appreciation -> Appreciation -> Appreciation,Appreciation,Appreciation,Appreciation,5,0.20833333333333334
M0664,Neutral -> Aversion -> Aversion,Neutral,Aversion,Aversion,4,0.16666666666666666
M0664,Aversion -> Aversion -> Neutral,Aversion,Aversion,Neutral,4,0.16666666666666666
M0664,Aversion -> Neutral -> Aversion,Aversion,Neutral,Aversion,2,0.08333333333333333
M0664,Neutral -> Neutral -> Aversion,Neutral,Neutral,Aversion,2,0.08333333333333333
M0664,Aversion -> Neutral -> Neutral,Aversion,Neutral,Neutral,2,0.08333333333333333
M0664,Aversion -> Aversion -> Aversion,Aversion,Aversion,Aversion,2,0.08333333333333333
M0664,Neutral -> Aversion -> Neutral,Neutral,Aversion,Neutral,1,0.041666666666666664
M0664,Aversion -> Neutral -> Appreciation,Aversion,Neutral,Appreciation,1,0.041666666666666664
M0664,Neutral -> Appreciation -> Appreciation,Neutral,Appreciation,Appreciation,1,0.041666666666666664
M0665,Aversion -> Aversion -> Aversion,Aversion,Aversion,Aversion,8,0.3333333333333333
M0665,Neutral -> Aversion -> Neutral,Neutral,Aversion,Neutral,3,0.125
M0665,Aversion -> Neutral -> Aversion,Aversion,Neutral,Aversion,3,0.125
M0665,Neutral -> Aversion -> Aversion,Neutral,Aversion,Aversion,3,0.125
M0665,Neutral -> Neutral -> Aversion,Neutral,Neutral,Aversion,2,0.08333333333333333
M0665,Aversion -> Neutral -> Neutral,Aversion,Neutral,Neutral,2,0.08333333333333333
M0665,Aversion -> Aversion -> Neutral,Aversion,Aversion,Neutral,2,0.08333333333333333
M0665,Neutral -> Neutral -> Neutral,Neutral,Neutral,Neutral,1,0.041666666666666664
M0666,Appreciation -> Appreciation -> Appreciation,Appreciation,Appreciation,Appreciation,5,0.20833333333333334
M0666,Neutral -> Aversion -> Aversion,Neutral,Aversion,Aversion,3,0.125
M0666,Neutral -> Neutral -> Aversion,Neutral,Neutral,Aversion,3,0.125
M0666,Aversion -> Aversion -> Neutral,Aversion,Aversion,Neutral,3,0.125
M0666,Neutral -> Neutral -> Neutral,Neutral,Neutral,Neutral,2,0.08333333333333333
M0666,Aversion -> Neutral -> Neutral,Aversion,Neutral,Neutral,2,0.08333333333333333
M0666,Aversion -> Neutral -> Aversion,Aversion,Neutral,Aversion,1,0.041666666666666664
M0666,Aversion -> Aversion -> Aversion,Aversion,Aversion,Aversion,1,0.041666666666666664
M0666,Neutral -> Aversion -> Appreciation,Neutral,Aversion,Appreciation,1,0.041666666666666664
M0666,Aversion -> Appreciation -> Appreciation,Aversion,Appreciation,Appreciation,1,0.041666666666666664
M0666,Appreciation -> Appreciation -> Neutral,Appreciation,Appreciation,Neutral,1,0.041666666666666664
M0666,Appreciation -> Neutral -> Neutral,Appreciation,Neutral,Neutral,1,0.041666666666666664
M0667,Neutral -> Neutral -> Aversion,Neutral,Neutral,Aversion,4,0.16666666666666666
M0667,Aversion -> Aversion -> Aversion,Aversion,Aversion,Aversion,4,0.16666666666666666
M0667,Neutral -> Aversion -> Aversion,Neutral,Aversion,Aversion,3,0.125
M0667,Neutral -> Neutral -> Neutral,Neutral,Neutral,Neutral,3,0.125
M0667,Aversion -> Neutral -> Neutral,Aversion,Neutral,Neutral,3,0.125
M0667,Aversion -> Aversion -> Neutral,Aversion,Aversion,Neutral,2,0.08333333333333333
M0667,Neutral -> Aversion -> Neutral,Neutral,Aversion,Neutral,1,0.041666666666666664
M0667,Neutral -> Neutral -> Appreciation,Neutral,Neutral,Appreciation,1,0.041666666666666664
M0667,Neutral -> Appreciation -> Appreciation,Neutral,Appreciation,Appreciation,1,0.041666666666666664
M0667,Appreciation -> Appreciation -> Neutral,Appreciation,Appreciation,Neutral,1,0.041666666666666664
M0667,Appreciation -> Neutral -> Neutral,Appreciation,Neutral,Neutral,1,0.041666666666666664
M0668,Neutral -> Neutral -> Neutral,Neutral,Neutral,Neutral,6,0.25
M0668,Aversion -> Aversion -> Aversion,Aversion,Aversion,Aversion,4,0.16666666666666666
M0668,Appreciation -> Appreciation -> Appreciation,Appreciation,Appreciation,Appreciation,3,0.125
M0668,Neutral -> Aversion -> Aversion,Neutral,Aversion,Aversion,2,0.08333333333333333
M0668,Aversion -> Aversion -> Neutral,Aversion,Aversion,Neutral,2,0.08333333333333333
M0668,Neutral -> Neutral -> Aversion,Neutral,Neutral,Aversion,1,0.041666666666666664
M0668,Aversion -> Neutral -> Appreciation,Aversion,Neutral,Appreciation,1,0.041666666666666664
M0668,Aversion -> Neutral -> Aversion,Aversion,Neutral,Aversion,1,0.041666666666666664
M0668,Neutral -> Appreciation -> Neutral,Neutral,Appreciation,Neutral,1,0.041666666666666664
M0668,Appreciation -> Neutral -> Neutral,Appreciation,Neutral,Neutral,1,0.041666666666666664
M0668,Neutral -> Neutral -> Appreciation,Neutral,Neutral,Appreciation,1,0.041666666666666664
M0668,Neutral -> Appreciation -> Appreciation,Neutral,Appreciation,Appreciation,1,0.041666666666666664
M0669,Neutral -> Neutral -> Neutral,Neutral,Neutral,Neutral,9,0.375
M0669,Appreciation -> Appreciation -> Appreciation,Appreciation,Appreciation,Appreciation,3,0.125
M0669,Neutral -> Aversion -> Aversion,Neutral,Aversion,Aversion,2,0.08333333333333333
M0669,Aversion -> Aversion -> Neutral,Aversion,Aversion,Neutral,1,0.041666666666666664
M0669,Neutral -> Neutral -> Aversion,Neutral,Neutral,Aversion,1,0.041666666666666664
M0669,Aversion -> Neutral -> Neutral,Aversion,Neutral,Neutral,1,0.041666666666666664
M0669,Neutral -> Neutral -> Appreciation,Neutral,Neutral,Appreciation,1,0.041666666666666664
M0669,Neutral -> Appreciation -> Appreciation,Neutral,Appreciation,Appreciation,1,0.041666666666666664
M0669,Appreciation -> Appreciation -> Neutral,Appreciation,Appreciation,Neutral,1,0.041666666666666664
M0669,Appreciation -> Neutral -> Aversion,Appreciation,Neutral,Aversion,1,0.041666666666666664
M0669,Neutral -> Aversion -> Neutral,Neutral,Aversion,Neutral,1,0.041666666666666664
M0669,Aversion -> Neutral -> Aversion,Aversion,Neutral,Aversion,1,0.041666666666666664
M0669,Aversion -> Aversion -> Aversion,Aversion,Aversion,Aversion,1,0.041666666666666664
M0670,Aversion -> Neutral -> Aversion,Aversion,Neutral,Aversion,4,0.16666666666666666
M0670,Aversion -> Aversion -> Aversion,Aversion,Aversion,Aversion,4,0.16666666666666666
M0670,Neutral -> Aversion -> Aversion,Neutral,Aversion,Aversion,3,0.125
M0670,Neutral -> Aversion -> Neutral,Neutral,Aversion,Neutral,3,0.125
M0670,Aversion -> Aversion -> Neutral,Aversion,Aversion,Neutral,2,0.08333333333333333
M0670,Appreciation -> Appreciation -> Appreciation,Appreciation,Appreciation,Appreciation,2,0.08333333333333333
M0670,Neutral -> Neutral -> Neutral,Neutral,Neutral,Neutral,1,0.041666666666666664
M0670,Aversion -> Neutral -> Neutral,Aversion,Neutral,Neutral,1,0.041666666666666664
M0670,Neutral -> Neutral -> Aversion,Neutral,Neutral,Aversion,1,0.041666666666666664
M0670,Aversion -> Aversion -> Appreciation,Aversion,Aversion,Appreciation,1,0.041666666666666664
M0670,Aversion -> Appreciation -> Appreciation,Aversion,Appreciation,Appreciation,1,0.041666666666666664
M0670,Appreciation -> Appreciation -> Neutral,Appreciation,Appreciation,Neutral,1,0.041666666666666664
M0671,Aversion -> Aversion -> Aversion,Aversion,Aversion,Aversion,6,0.25
M0671,Aversion -> Neutral -> Aversion,Aversion,Neutral,Aversion,4,0.16666666666666666
M0671,Neutral -> Aversion -> Aversion,Neutral,Aversion,Aversion,4,0.16666666666666666
M0671,Aversion -> Aversion -> Neutral,Aversion,Aversion,Neutral,3,0.125
M0671,Neutral -> Aversion -> Neutral,Neutral,Aversion,Neutral,2,0.08333333333333333
M0671,Neutral -> Neutral -> Aversion,Neutral,Neutral,Aversion,2,0.08333333333333333
M0671,Neutral -> Neutral -> Neutral,Neutral,Neutral,Neutral,2,0.08333333333333333
M0671,Aversion -> Neutral -> Neutral,Aversion,Neutral,Neutral,1,0.041666666666666664
M0672,Neutral -> Neutral -> Neutral,Neutral,Neutral,Neutral,13,0.5416666666666666
M0672,Aversion -> Aversion -> Aversion,Aversion,Aversion,Aversion,4,0.16666666666666666
M0672,Appreciation -> Appreciation -> Appreciation,Appreciation,Appreciation,Appreciation,2,0.08333333333333333
M0672,Neutral -> Neutral -> Aversion,Neutral,Neutral,Aversion,1,0.041666666666666664
M0672,Neutral -> Aversion -> Aversion,Neutral,Aversion,Aversion,1,0.041666666666666664
M0672,Aversion -> Aversion -> Neutral,Aversion,Aversion,Neutral,1,0.041666666666666664
M0672,Aversion -> Neutral -> Appreciation,Aversion,Neutral,Appreciation,1,0.041666666666666664
M0672,Neutral -> Appreciation -> Appreciation,Neutral,Appreciation,Appreciation,1,0.041666666666666664
M0673,Neutral -> Neutral -> Neutral,Neutral,Neutral,Neutral,9,0.375
M0673,Aversion -> Aversion -> Aversion,Aversion,Aversion,Aversion,7,0.2916666666666667
M0673,Neutral -> Aversion -> Aversion,Neutral,Aversion,Aversion,3,0.125
M0673,Aversion -> Aversion -> Neutral,Aversion,Aversion,Neutral,2,0.08333333333333333
M0673,Aversion -> Neutral -> Aversion,Aversion,Neutral,Aversion,2,0.08333333333333333
M0673,Neutral -> Neutral -> Aversion,Neutral,Neutral,Aversion,1,0.041666666666666664
M0674,Neutral -> Neutral -> Neutral,Neutral,Neutral,Neutral,7,0.2916666666666667
M0674,Aversion -> Aversion -> Aversion,Aversion,Aversion,Aversion,5,0.20833333333333334
M0674,Neutral -> Aversion -> Aversion,Neutral,Aversion,Aversion,3,0.125
M0674,Aversion -> Aversion -> Neutral,Aversion,Aversion,Neutral,3,0.125
M0674,Neutral -> Neutral -> Aversion,Neutral,Neutral,Aversion,2,0.08333333333333333
M0674,Aversion -> Neutral -> Aversion,Aversion,Neutral,Aversion,2,0.08333333333333333
M0674,Aversion -> Neutral -> Neutral,Aversion,Neutral,Neutral,1,0.041666666666666664
M0674,Neutral -> Aversion -> Neutral,Neutral,Aversion,Neutral,1,0.041666666666666664
M0675,Neutral -> Neutral -> Neutral,Neutral,Neutral,Neutral,9,0.375
M0675,Appreciation -> Appreciation -> Appreciation,Appreciation,Appreciation,Appreciation,8,0.3333333333333333
M0675,Neutral -> Neutral -> Aversion,Neutral,Neutral,Aversion,1,0.041666666666666664
M0675,Aversion -> Neutral -> Neutral,Aversion,Neutral,Neutral,1,0.041666666666666664
M0675,Neutral -> Aversion -> Neutral,Neutral,Aversion,Neutral,1,0.041666666666666664
M0675,Neutral -> Neutral -> Appreciation,Neutral,Neutral,Appreciation,1,0.041666666666666664
M0675,Neutral -> Appreciation -> Appreciation,Neutral,Appreciation,Appreciation,1,0.041666666666666664
M0675,Appreciation -> Appreciation -> Neutral,Appreciation,Appreciation,Neutral,1,0.041666666666666664
M0675,Appreciation -> Neutral -> Neutral,Appreciation,Neutral,Neutral,1,0.041666666666666664
M0676,Aversion -> Aversion -> Aversion,Aversion,Aversion,Aversion,12,0.5
M0676,Neutral -> Aversion -> Aversion,Neutral,Aversion,Aversion,3,0.125
M0676,Neutral -> Neutral -> Aversion,Neutral,Neutral,Aversion,2,0.08333333333333333
M0676,Aversion -> Aversion -> Neutral,Aversion,Aversion,Neutral,2,0.08333333333333333
M0676,Aversion -> Neutral -> Aversion,Aversion,Neutral,Aversion,2,0.08333333333333333
M0676,Neutral -> Neutral -> Neutral,Neutral,Neutral,Neutral,1,0.041666666666666664
M0676,Neutral -> Aversion -> Neutral,Neutral,Aversion,Neutral,1,0.041666666666666664
M0676,Aversion -> Neutral -> Neutral,Aversion,Neutral,Neutral,1,0.041666666666666664
M0677,Neutral -> Neutral -> Neutral,Neutral,Neutral,Neutral,10,0.4166666666666667
M0677,Appreciation -> Appreciation -> Appreciation,Appreciation,Appreciation,Appreciation,8,0.3333333333333333
M0677,Neutral -> Aversion -> Aversion,Neutral,Aversion,Aversion,1,0.041666666666666664
M0677,Neutral -> Neutral -> Aversion,Neutral,Neutral,Aversion,1,0.041666666666666664
M0677,Aversion -> Aversion -> Neutral,Aversion,Aversion,Neutral,1,0.041666666666666664
M0677,Aversion -> Neutral -> Neutral,Aversion,Neutral,Neutral,1,0.041666666666666664
M0677,Neutral -> Neutral -> Appreciation,Neutral,Neutral,Appreciation,1,0.041666666666666664
M0677,Neutral -> Appreciation -> Appreciation,Neutral,Appreciation,Appreciation,1,0.041666666666666664
M0678,Neutral -> Aversion -> Aversion,Neutral,Aversion,Aversion,5,0.20833333333333334
M0678,Aversion -> Aversion -> Neutral,Aversion,Aversion,Neutral,5,0.20833333333333334
M0678,Aversion -> Aversion -> Aversion,Aversion,Aversion,Aversion,5,0.20833333333333334
M0678,Aversion -> Neutral -> Aversion,Aversion,Neutral,Aversion,3,0.125
M0678,Neutral -> Neutral -> Neutral,Neutral,Neutral,Neutral,3,0.125
M0678,Neutral -> Neutral -> Aversion,Neutral,Neutral,Aversion,2,0.08333333333333333
M0678,Aversion -> Neutral -> Neutral,Aversion,Neutral,Neutral,1,0.041666666666666664
M0679,Appreciation -> Appreciation -> Appreciation,Appreciation,Appreciation,Appreciation,4,0.16666666666666666
M0679,Aversion -> Aversion -> Aversion,Aversion,Aversion,Aversion,3,0.125
M0679,Neutral -> Aversion -> Aversion,Neutral,Aversion,Aversion,3,0.125
M0679,Neutral -> Neutral -> Neutral,Neutral,Neutral,Neutral,3,0.125
M0679,Aversion -> Aversion -> Neutral,Aversion,Aversion,Neutral,3,0.125
M0679,Aversion -> Neutral -> Aversion,Aversion,Neutral,Aversion,2,0.08333333333333333
M0679,Aversion -> Neutral -> Neutral,Aversion,Neutral,Neutral,2,0.08333333333333333
M0679,Neutral -> Neutral -> Aversion,Neutral,Neutral,Aversion,1,0.041666666666666664
M0679,Neutral -> Neutral -> Appreciation,Neutral,Neutral,Appreciation,1,0.041666666666666664
M0679,Neutral -> Appreciation -> Appreciation,Neutral,Appreciation,Appreciation,1,0.041666666666666664
M0679,Appreciation -> Appreciation -> Neutral,Appreciation,Appreciation,Neutral,1,0.041666666666666664
M0680,Appreciation -> Appreciation -> Appreciation,Appreciation,Appreciation,Appreciation,10,0.4166666666666667
M0680,Neutral -> Neutral -> Aversion,Neutral,Neutral,Aversion,3,0.125
M0680,Neutral -> Neutral -> Neutral,Neutral,Neutral,Neutral,3,0.125
M0680,Neutral -> Aversion -> Neutral,Neutral,Aversion,Neutral,3,0.125
M0680,Aversion -> Neutral -> Neutral,Aversion,Neutral,Neutral,3,0.125
M0680,Neutral -> Neutral -> Appreciation,Neutral,Neutral,Appreciation,1,0.041666666666666664
M0680,Neutral -> Appreciation -> Appreciation,Neutral,Appreciation,Appreciation,1,0.041666666666666664
M0681,Aversion -> Aversion -> Aversion,Aversion,Aversion,Aversion,14,0.5833333333333334
M0681,Neutral -> Neutral -> Aversion,Neutral,Neutral,Aversion,2,0.08333333333333333
M0681,Neutral -> Aversion -> Aversion,Neutral,Aversion,Aversion,2,0.08333333333333333
M0681,Aversion -> Aversion -> Neutral,Aversion,Aversion,Neutral,2,0.08333333333333333
M0681,Aversion -> Neutral -> Neutral,Aversion,Neutral,Neutral,1,0.041666666666666664
M0681,Neutral -> Aversion -> Neutral,Neutral,Aversion,Neutral,1,0.041666666666666664
M0681,Neutral -> Neutral -> Neutral,Neutral,Neutral,Neutral,1,0.041666666666666664
M0681,Aversion -> Neutral -> Aversion,Aversion,Neutral,Aversion,1,0.041666666666666664
M0682,Appreciation -> Appreciation -> Appreciation,Appreciation,Appreciation,Appreciation,11,0.4583333333333333
M0682,Neutral -> Neutral -> Neutral,Neutral,Neutral,Neutral,3,0.125
M0682,Aversion -> Aversion -> Aversion,Aversion,Aversion,Aversion,2,0.08333333333333333
M0682,Neutral -> Aversion -> Aversion,Neutral,Aversion,Aversion,1,0.041666666666666664
M0682,Neutral -> Neutral -> Aversion,Neutral,Neutral,Aversion,1,0.041666666666666664
M0682,Aversion -> Neutral -> Aversion,Aversion,Neutral,Aversion,1,0.041666666666666664
M0682,Aversion -> Aversion -> Neutral,Aversion,Aversion,Neutral,1,0.041666666666666664
M0682,Neutral -> Aversion -> Neutral,Neutral,Aversion,Neutral,1,0.041666666666666664
M0682,Aversion -> Neutral -> Neutral,Aversion,Neutral,Neutral,1,0.041666666666666664
M0682,Neutral -> Neutral -> Appreciation,Neutral,Neutral,Appreciation,1,0.041666666666666664
M0682,Neutral -> Appreciation -> Appreciation,Neutral,Appreciation,Appreciation,1,0.041666666666666664
M0683,Aversion -> Aversion -> Aversion,Aversion,Aversion,Aversion,9,0.375
M0683,Neutral -> Neutral -> Neutral,Neutral,Neutral,Neutral,5,0.20833333333333334
M0683,Neutral -> Aversion -> Aversion,Neutral,Aversion,Aversion,3,0.125
M0683,Aversion -> Neutral -> Aversion,Aversion,Neutral,Aversion,2,0.08333333333333333
M0683,Aversion -> Aversion -> Neutral,Aversion,Aversion,Neutral,2,0.08333333333333333
M0683,Neutral -> Aversion -> Neutral,Neutral,Aversion,Neutral,1,0.041666666666666664
M0683,Aversion -> Neutral -> Neutral,Aversion,Neutral,Neutral,1,0.041666666666666664
M0683,Neutral -> Neutral -> Aversion,Neutral,Neutral,Aversion,1,0.041666666666666664
M0684,Neutral -> Neutral -> Neutral,Neutral,Neutral,Neutral,6,0.25
M0684,Appreciation -> Appreciation -> Appreciation,Appreciation,Appreciation,Appreciation,4,0.16666666666666666
M0684,Neutral -> Neutral -> Aversion,Neutral,Neutral,Aversion,3,0.125
M0684,Neutral -> Aversion -> Neutral,Neutral,Aversion,Neutral,2,0.08333333333333333
M0684,Aversion -> Neutral -> Neutral,Aversion,Neutral,Neutral,2,0.08333333333333333
M0684,Neutral -> Aversion -> Aversion,Neutral,Aversion,Aversion,1,0.041666666666666664
M0684,Aversion -> Aversion -> Neutral,Aversion,Aversion,Neutral,1,0.041666666666666664
M0684,Aversion -> Aversion -> Aversion,Aversion,Aversion,Aversion,1,0.041666666666666664
M0684,Neutral -> Neutral -> Appreciation,Neutral,Neutral,Appreciation,1,0.041666666666666664
M0684,Neutral -> Appreciation -> Appreciation,Neutral,Appreciation,Appreciation,1,0.041666666666666664
M0684,Appreciation -> Appreciation -> Neutral,Appreciation,Appreciation,Neutral,1,0.041666666666666664
M0684,Appreciation -> Neutral -> Neutral,Appreciation,Neutral,Neutral,1,0.041666666666666664
M0685,Appreciation -> Appreciation -> Appreciation,Appreciation,Appreciation,Appreciation,13,0.5416666666666666
M0685,Neutral -> Neutral -> Neutral,Neutral,Neutral,Neutral,9,0.375
M0685,Neutral -> Neutral -> Appreciation,Neutral,Neutral,Appreciation,1,0.041666666666666664
M0685,Neutral -> Appreciation -> Appreciation,Neutral,Appreciation,Appreciation,1,0.041666666666666664
M0686,Appreciation -> Appreciation -> Appreciation,Appreciation,Appreciation,Appreciation,7,0.2916666666666667
M0686,Neutral -> Neutral -> Neutral,Neutral,Neutral,Neutral,4,0.16666666666666666
M0686,Neutral -> Aversion -> Neutral,Neutral,Aversion,Neutral,3,0.125
M0686,Aversion -> Neutral -> Aversion,Aversion,Neutral,Aversion,3,0.125
M0686,Neutral -> Neutral -> Aversion,Neutral,Neutral,Aversion,1,0.041666666666666664
M0686,Aversion -> Aversion -> Aversion,Aversion,Aversion,Aversion,1,0.041666666666666664
M0686,Neutral -> Aversion -> Aversion,Neutral,Aversion,Aversion,1,0.041666666666666664
M0686,Aversion -> Aversion -> Neutral,Aversion,Aversion,Neutral,1,0.041666666666666664
M0686,Aversion -> Neutral -> Neutral,Aversion,Neutral,Neutral,1,0.041666666666666664
M0686,Neutral -> Neutral -> Appreciation,Neutral,Neutral,Appreciation,1,0.041666666666666664
M0686,Neutral -> Appreciation -> Appreciation,Neutral,Appreciation,Appreciation,1,0.041666666666666664
M0687,Aversion -> Aversion -> Aversion,Aversion,Aversion,Aversion,9,0.375
M0687,Neutral -> Neutral -> Aversion,Neutral,Neutral,Aversion,3,0.125
M0687,Aversion -> Aversion -> Neutral,Aversion,Aversion,Neutral,2,0.08333333333333333
M0687,Neutral -> Aversion -> Aversion,Neutral,Aversion,Aversion,2,0.08333333333333333
M0687,Aversion -> Neutral -> Neutral,Aversion,Neutral,Neutral,2,0.08333333333333333
M0687,Neutral -> Neutral -> Neutral,Neutral,Neutral,Neutral,2,0.08333333333333333
M0687,Neutral -> Aversion -> Neutral,Neutral,Aversion,Neutral,2,0.08333333333333333
M0687,Aversion -> Neutral -> Aversion,Aversion,Neutral,Aversion,2,0.08333333333333333
M0688,Neutral -> Neutral -> Neutral,Neutral,Neutral,Neutral,6,0.25
M0688,Neutral -> Aversion -> Aversion,Neutral,Aversion,Aversion,4,0.16666666666666666
M0688,Aversion -> Aversion -> Neutral,Aversion,Aversion,Neutral,4,0.16666666666666666
M0688,Aversion -> Neutral -> Neutral,Aversion,Neutral,Neutral,3,0.125
M0688,Aversion -> Neutral -> Aversion,Aversion,Neutral,Aversion,2,0.08333333333333333
M0688,Neutral -> Neutral -> Aversion,Neutral,Neutral,Aversion,2,0.08333333333333333
M0688,Aversion -> Aversion -> Aversion,Aversion,Aversion,Aversion,2,0.08333333333333333
M0688,Neutral -> Aversion -> Neutral,Neutral,Aversion,Neutral,1,0.041666666666666664
M0689,Neutral -> Aversion -> Aversion,Neutral,Aversion,Aversion,4,0.16666666666666666
M0689,Aversion -> Neutral -> Aversion,Aversion,Neutral,Aversion,3,0.125
M0689,Aversion -> Aversion -> Neutral,Aversion,Aversion,Neutral,3,0.125
M0689,Appreciation -> Appreciation -> Appreciation,Appreciation,Appreciation,Appreciation,3,0.125
M0689,Neutral -> Neutral -> Aversion,Neutral,Neutral,Aversion,2,0.08333333333333333
M0689,Aversion -> Aversion -> Aversion,Aversion,Aversion,Aversion,2,0.08333333333333333
M0689,Neutral -> Aversion -> Neutral,Neutral,Aversion,Neutral,1,0.041666666666666664
M0689,Neutral -> Neutral -> Appreciation,Neutral,Neutral,Appreciation,1,0.041666666666666664
M0689,Aversion -> Neutral -> Neutral,Aversion,Neutral,Neutral,1,0.041666666666666664
M0689,Neutral -> Appreciation -> Appreciation,Neutral,Appreciation,Appreciation,1,0.041666666666666664
M0689,Appreciation -> Appreciation -> Neutral,Appreciation,Appreciation,Neutral,1,0.041666666666666664
M0689,Appreciation -> Neutral -> Neutral,Appreciation,Neutral,Neutral,1,0.041666666666666664
M0689,Neutral -> Neutral -> Neutral,Neutral,Neutral,Neutral,1,0.041666666666666664
M0690,Aversion -> Aversion -> Aversion,Aversion,Aversion,Aversion,8,0.3333333333333333
M0690,Neutral -> Aversion -> Aversion,Neutral,Aversion,Aversion,4,0.16666666666666666
M0690,Aversion -> Aversion -> Neutral,Aversion,Aversion,Neutral,3,0.125
M0690,Neutral -> Neutral -> Aversion,Neutral,Neutral,Aversion,2,0.08333333333333333
M0690,Aversion -> Neutral -> Aversion,Aversion,Neutral,Aversion,1,0.041666666666666664
M0690,Aversion -> Neutral -> Neutral,Aversion,Neutral,Neutral,1,0.041666666666666664
M0690,Neutral -> Neutral -> Neutral,Neutral,Neutral,Neutral,1,0.041666666666666664
M0690,Aversion -> Neutral -> Appreciation,Aversion,Neutral,Appreciation,1,0.041666666666666664
M0690,Neutral -> Appreciation -> Appreciation,Neutral,Appreciation,Appreciation,1,0.041666666666666664
M0690,Appreciation -> Appreciation -> Neutral,Appreciation,Appreciation,Neutral,1,0.041666666666666664
M0690,Appreciation -> Neutral -> Neutral,Appreciation,Neutral,Neutral,1,0.041666666666666664
M0691,Neutral -> Neutral -> Neutral,Neutral,Neutral,Neutral,8,0.3333333333333333
M0691,Neutral -> Aversion -> Aversion,Neutral,Aversion,Aversion,3,0.125
M0691,Neutral -> Neutral -> Aversion,Neutral,Neutral,Aversion,2,0.08333333333333333
M0691,Aversion -> Aversion -> Neutral,Aversion,Aversion,Neutral,2,0.08333333333333333
M0691,Aversion -> Neutral -> Aversion,Aversion,Neutral,Aversion,1,0.041666666666666664
M0691,Neutral -> Aversion -> Neutral,Neutral,Aversion,Neutral,1,0.041666666666666664
M0691,Aversion -> Neutral -> Neutral,Aversion,Neutral,Neutral,1,0.041666666666666664
M0691,Aversion -> Neutral -> Appreciation,Aversion,Neutral,Appreciation,1,0.041666666666666664
M0691,Neutral -> Appreciation -> Appreciation,Neutral,Appreciation,Appreciation,1,0.041666666666666664
M0691,Appreciation -> Appreciation -> Appreciation,Appreciation,Appreciation,Appreciation,1,0.041666666666666664
M0691,Appreciation -> Appreciation -> Neutral,Appreciation,Appreciation,Neutral,1,0.041666666666666664
M0691,Appreciation -> Neutral -> Aversion,Appreciation,Neutral,Aversion,1,0.041666666666666664
M0691,Aversion -> Aversion -> Aversion,Aversion,Aversion,Aversion,1,0.041666666666666664
M0692,Aversion -> Aversion -> Aversion,Aversion,Aversion,Aversion,14,0.5833333333333334
M0692,Neutral -> Neutral -> Neutral,Neutral,Neutral,Neutral,4,0.16666666666666666
M0692,Neutral -> Aversion -> Aversion,Neutral,Aversion,Aversion,2,0.08333333333333333
M0692,Neutral -> Neutral -> Aversion,Neutral,Neutral,Aversion,1,0.041666666666666664
M0692,Aversion -> Aversion -> Appreciation,Aversion,Aversion,Appreciation,1,0.041666666666666664
M0692,Aversion -> Appreciation -> Neutral,Aversion,Appreciation,Neutral,1,0.041666666666666664
M0692,Appreciation -> Neutral -> Aversion,Appreciation,Neutral,Aversion,1,0.041666666666666664
M0693,Neutral -> Neutral -> Neutral,Neutral,Neutral,Neutral,8,0.3333333333333333
M0693,Aversion -> Aversion -> Aversion,Aversion,Aversion,Aversion,6,0.25
M0693,Neutral -> Neutral -> Aversion,Neutral,Neutral,Aversion,2,0.08333333333333333
M0693,Aversion -> Aversion -> Neutral,Aversion,Aversion,Neutral,2,0.08333333333333333
M0693,Neutral -> Aversion -> Aversion,Neutral,Aversion,Aversion,2,0.08333333333333333
M0693,Aversion -> Neutral -> Neutral,Aversion,Neutral,Neutral,1,0.041666666666666664
M0693,Neutral -> Neutral -> Appreciation,Neutral,Neutral,Appreciation,1,0.041666666666666664
M0693,Neutral -> Appreciation -> Neutral,Neutral,Appreciation,Neutral,1,0.041666666666666664
M0693,Appreciation -> Neutral -> Neutral,Appreciation,Neutral,Neutral,1,0.041666666666666664
M0694,Neutral -> Neutral -> Neutral,Neutral,Neutral,Neutral,10,0.4166666666666667
M0694,Aversion -> Aversion -> Aversion,Aversion,Aversion,Aversion,6,0.25
M0694,Aversion -> Neutral -> Neutral,Aversion,Neutral,Neutral,1,0.041666666666666664
M0694,Neutral -> Aversion -> Neutral,Neutral,Aversion,Neutral,1,0.041666666666666664
M0694,Neutral -> Appreciation -> Appreciation,Neutral,Appreciation,Appreciation,1,0.041666666666666664
M0694,Neutral -> Neutral -> Appreciation,Neutral,Neutral,Appreciation,1,0.041666666666666664
M0694,Appreciation -> Appreciation -> Neutral,Appreciation,Appreciation,Neutral,1,0.041666666666666664
M0694,Appreciation -> Neutral -> Neutral,Appreciation,Neutral,Neutral,1,0.041666666666666664
M0694,Neutral -> Neutral -> Aversion,Neutral,Neutral,Aversion,1,0.041666666666666664
M0694,Neutral -> Aversion -> Aversion,Neutral,Aversion,Aversion,1,0.041666666666666664
M0695,Appreciation -> Appreciation -> Appreciation,Appreciation,Appreciation,Appreciation,9,0.375
M0695,Neutral -> Neutral -> Neutral,Neutral,Neutral,Neutral,6,0.25
M0695,Neutral -> Neutral -> Aversion,Neutral,Neutral,Aversion,2,0.08333333333333333
M0695,Aversion -> Neutral -> Neutral,Aversion,Neutral,Neutral,2,0.08333333333333333
M0695,Neutral -> Aversion -> Aversion,Neutral,Aversion,Aversion,1,0.041666666666666664
M0695,Aversion -> Aversion -> Neutral,Aversion,Aversion,Neutral,1,0.041666666666666664
M0695,Neutral -> Aversion -> Neutral,Neutral,Aversion,Neutral,1,0.041666666666666664
M0695,Neutral -> Neutral -> Appreciation,Neutral,Neutral,Appreciation,1,0.041666666666666664
M0695,Neutral -> Appreciation -> Appreciation,Neutral,Appreciation,Appreciation,1,0.041666666666666664
M0696,Neutral -> Neutral -> Neutral,Neutral,Neutral,Neutral,5,0.20833333333333334
M0696,Aversion -> Aversion -> Aversion,Aversion,Aversion,Aversion,5,0.20833333333333334
M0696,Neutral -> Neutral -> Aversion,Neutral,Neutral,Aversion,3,0.125
M0696,Neutral -> Aversion -> Aversion,Neutral,Aversion,Aversion,2,0.08333333333333333
M0696,Aversion -> Neutral -> Aversion,Aversion,Neutral,Aversion,2,0.08333333333333333
M0696,Neutral -> Aversion -> Neutral,Neutral,Aversion,Neutral,2,0.08333333333333333
M0696,Aversion -> Aversion -> Neutral,Aversion,Aversion,Neutral,1,0.041666666666666664
M0696,Aversion -> Neutral -> Neutral,Aversion,Neutral,Neutral,1,0.041666666666666664
M0696,Neutral -> Aversion -> Appreciation,Neutral,Aversion,Appreciation,1,0.041666666666666664
M0696,Aversion -> Appreciation -> Neutral,Aversion,Appreciation,Neutral,1,0.041666666666666664
M0696,Appreciation -> Neutral -> Neutral,Appreciation,Neutral,Neutral,1,0.041666666666666664
M0697,Neutral -> Neutral -> Neutral,Neutral,Neutral,Neutral,7,0.2916666666666667
M0697,Aversion -> Aversion -> Aversion,Aversion,Aversion,Aversion,6,0.25
M0697,Neutral -> Aversion -> Aversion,Neutral,Aversion,Aversion,3,0.125
M0697,Aversion -> Aversion -> Neutral,Aversion,Aversion,Neutral,2,0.08333333333333333
M0697,Neutral -> Neutral -> Aversion,Neutral,Neutral,Aversion,1,0.041666666666666664
M0697,Aversion -> Neutral -> Aversion,Aversion,Neutral,Aversion,1,0.041666666666666664
M0697,Aversion -> Neutral -> Appreciation,Aversion,Neutral,Appreciation,1,0.041666666666666664
M0697,Neutral -> Appreciation -> Appreciation,Neutral,Appreciation,Appreciation,1,0.041666666666666664
M0697,Appreciation -> Appreciation -> Neutral,Appreciation,Appreciation,Neutral,1,0.041666666666666664
M0697,Appreciation -> Neutral -> Aversion,Appreciation,Neutral,Aversion,1,0.041666666666666664
M0698,Neutral -> Neutral -> Neutral,Neutral,Neutral,Neutral,13,0.5416666666666666
M0698,Aversion -> Aversion -> Aversion,Aversion,Aversion,Aversion,7,0.2916666666666667
M0698,Neutral -> Neutral -> Aversion,Neutral,Neutral,Aversion,1,0.041666666666666664
M0698,Neutral -> Aversion -> Aversion,Neutral,Aversion,Aversion,1,0.041666666666666664
M0698,Aversion -> Aversion -> Neutral,Aversion,Aversion,Neutral,1,0.041666666666666664
M0698,Aversion -> Neutral -> Aversion,Aversion,Neutral,Aversion,1,0.041666666666666664
M0699,Appreciation -> Appreciation -> Appreciation,Appreciation,Appreciation,Appreciation,8,0.3333333333333333
M0699,Neutral -> Neutral -> Neutral,Neutral,Neutral,Neutral,5,0.20833333333333334
M0699,Neutral -> Neutral -> Appreciation,Neutral,Neutral,Appreciation,2,0.08333333333333333
M0699,Neutral -> Appreciation -> Appreciation,Neutral,Appreciation,Appreciation,2,0.08333333333333333
M0699,Neutral -> Neutral -> Aversion,Neutral,Neutral,Aversion,1,0.041666666666666664
M0699,Neutral -> Aversion -> Aversion,Neutral,Aversion,Aversion,1,0.041666666666666664
M0699,Aversion -> Aversion -> Aversion,Aversion,Aversion,Aversion,1,0.041666666666666664
M0699,Aversion -> Neutral -> Neutral,Aversion,Neutral,Neutral,1,0.041666666666666664
M0699,Aversion -> Aversion -> Neutral,Aversion,Aversion,Neutral,1,0.041666666666666664
M0699,Appreciation -> Appreciation -> Neutral,Appreciation,Appreciation,Neutral,1,0.041666666666666664
M0699,Appreciation -> Neutral -> Neutral,Appreciation,Neutral,Neutral,1,0.041666666666666664
M0700,Appreciation -> Appreciation -> Appreciation,Appreciation,Appreciation,Appreciation,8,0.3333333333333333
M0700,Neutral -> Neutral -> Neutral,Neutral,Neutral,Neutral,3,0.125
M0700,Neutral -> Neutral -> Aversion,Neutral,Neutral,Aversion,2,0.08333333333333333
M0700,Aversion -> Neutral -> Neutral,Aversion,Neutral,Neutral,2,0.08333333333333333
M0700,Aversion -> Aversion -> Aversion,Aversion,Aversion,Aversion,2,0.08333333333333333
M0700,Neutral -> Aversion -> Neutral,Neutral,Aversion,Neutral,2,0.08333333333333333
M0700,Neutral -> Aversion -> Aversion,Neutral,Aversion,Aversion,1,0.041666666666666664
M0700,Aversion -> Neutral -> Aversion,Aversion,Neutral,Aversion,1,0.041666666666666664
M0700,Aversion -> Aversion -> Neutral,Aversion,Aversion,Neutral,1,0.041666666666666664
M0700,Neutral -> Neutral -> Appreciation,Neutral,Neutral,Appreciation,1,0.041666666666666664
M0700,Neutral -> Appreciation -> Appreciation,Neutral,Appreciation,Appreciation,1,0.041666666666666664
M0701,Neutral -> Neutral -> Neutral,Neutral,Neutral,Neutral,8,0.3333333333333333
M0701,Aversion -> Aversion -> Aversion,Aversion,Aversion,Aversion,4,0.16666666666666666
M0701,Neutral -> Aversion -> Neutral,Neutral,Aversion,Neutral,2,0.08333333333333333
M0701,Aversion -> Neutral -> Aversion,Aversion,Neutral,Aversion,2,0.08333333333333333
M0701,Neutral -> Aversion -> Aversion,Neutral,Aversion,Aversion,2,0.08333333333333333
M0701,Aversion -> Neutral -> Neutral,Aversion,Neutral,Neutral,1,0.041666666666666664
M0701,Neutral -> Neutral -> Aversion,Neutral,Neutral,Aversion,1,0.041666666666666664
M0701,Aversion -> Aversion -> Neutral,Aversion,Aversion,Neutral,1,0.041666666666666664
M0701,Aversion -> Aversion -> Appreciation,Aversion,Aversion,Appreciation,1,0.041666666666666664
M0701,Aversion -> Appreciation -> Neutral,Aversion,Appreciation,Neutral,1,0.041666666666666664
M0701,Appreciation -> Neutral -> Appreciation,Appreciation,Neutral,Appreciation,1,0.041666666666666664
M0702,Aversion -> Aversion -> Aversion,Aversion,Aversion,Aversion,5,0.20833333333333334
M0702,Neutral -> Neutral -> Neutral,Neutral,Neutral,Neutral,4,0.16666666666666666
M0702,Appreciation -> Appreciation -> Appreciation,Appreciation,Appreciation,Appreciation,3,0.125
M0702,Neutral -> Neutral -> Aversion,Neutral,Neutral,Aversion,2,0.08333333333333333
M0702,Neutral -> Aversion -> Aversion,Neutral,Aversion,Aversion,2,0.08333333333333333
M0702,Aversion -> Neutral -> Neutral,Aversion,Neutral,Neutral,2,0.08333333333333333
M0702,Neutral -> Aversion -> Neutral,Neutral,Aversion,Neutral,1,0.041666666666666664
M0702,Aversion -> Aversion -> Neutral,Aversion,Aversion,Neutral,1,0.041666666666666664
M0702,Neutral -> Neutral -> Appreciation,Neutral,Neutral,Appreciation,1,0.041666666666666664
M0702,Neutral -> Appreciation -> Appreciation,Neutral,Appreciation,Appreciation,1,0.041666666666666664
M0702,Appreciation -> Appreciation -> Neutral,Appreciation,Appreciation,Neutral,1,0.041666666666666664
M0702,Appreciation -> Neutral -> Aversion,Appreciation,Neutral,Aversion,1,0.041666666666666664
M0703,Neutral -> Neutral -> Neutral,Neutral,Neutral,Neutral,6,0.25
M0703,Aversion -> Aversion -> Aversion,Aversion,Aversion,Aversion,6,0.25
M0703,Appreciation -> Appreciation -> Appreciation,Appreciation,Appreciation,Appreciation,3,0.125
M0703,Neutral -> Neutral -> Aversion,Neutral,Neutral,Aversion,2,0.08333333333333333
M0703,Neutral -> Aversion -> Neutral,Neutral,Aversion,Neutral,1,0.041666666666666664
M0703,Aversion -> Neutral -> Neutral,Aversion,Neutral,Neutral,1,0.041666666666666664
M0703,Neutral -> Aversion -> Aversion,Neutral,Aversion,Aversion,1,0.041666666666666664
M0703,Aversion -> Aversion -> Neutral,Aversion,Aversion,Neutral,1,0.041666666666666664
M0703,Aversion -> Neutral -> Appreciation,Aversion,Neutral,Appreciation,1,0.041666666666666664
M0703,Neutral -> Appreciation -> Appreciation,Neutral,Appreciation,Appreciation,1,0.041666666666666664
M0703,Appreciation -> Appreciation -> Neutral,Appreciation,Appreciation,Neutral,1,0.041666666666666664
M0704,Neutral -> Neutral -> Neutral,Neutral,Neutral,Neutral,8,0.3333333333333333
M0704,Aversion -> Aversion -> Aversion,Aversion,Aversion,Aversion,4,0.16666666666666666
M0704,Neutral -> Neutral -> Aversion,Neutral,Neutral,Aversion,3,0.125
M0704,Neutral -> Aversion -> Neutral,Neutral,Aversion,Neutral,2,0.08333333333333333
M0704,Aversion -> Neutral -> Neutral,Aversion,Neutral,Neutral,2,0.08333333333333333
M0704,Neutral -> Aversion -> Aversion,Neutral,Aversion,Aversion,1,0.041666666666666664
M0704,Aversion -> Aversion -> Appreciation,Aversion,Aversion,Appreciation,1,0.041666666666666664
M0704,Aversion -> Appreciation -> Appreciation,Aversion,Appreciation,Appreciation,1,0.041666666666666664
M0704,Appreciation -> Appreciation -> Neutral,Appreciation,Appreciation,Neutral,1,0.041666666666666664
M0704,Appreciation -> Neutral -> Aversion,Appreciation,Neutral,Aversion,1,0.041666666666666664
M0705,Neutral -> Neutral -> Neutral,Neutral,Neutral,Neutral,10,0.4166666666666667
M0705,Aversion -> Aversion -> Aversion,Aversion,Aversion,Aversion,6,0.25
M0705,Neutral -> Neutral -> Appreciation,Neutral,Neutral,Appreciation,1,0.041666666666666664
M0705,Neutral -> Appreciation -> Appreciation,Neutral,Appreciation,Appreciation,1,0.041666666666666664
M0705,Appreciation -> Neutral -> Neutral,Appreciation,Neutral,Neutral,1,0.041666666666666664
M0705,Appreciation -> Appreciation -> Neutral,Appreciation,Appreciation,Neutral,1,0.041666666666666664
M0705,Neutral -> Neutral -> Aversion,Neutral,Neutral,Aversion,1,0.041666666666666664
M0705,Neutral -> Aversion -> Aversion,Neutral,Aversion,Aversion,1,0.041666666666666664
M0705,Aversion -> Aversion -> Appreciation,Aversion,Aversion,Appreciation,1,0.041666666666666664
M0705,Aversion -> Appreciation -> Appreciation,Aversion,Appreciation,Appreciation,1,0.041666666666666664
M0706,Aversion -> Aversion -> Aversion,Aversion,Aversion,Aversion,9,0.375
M0706,Neutral -> Aversion -> Aversion,Neutral,Aversion,Aversion,4,0.16666666666666666
M0706,Aversion -> Aversion -> Neutral,Aversion,Aversion,Neutral,4,0.16666666666666666
M0706,Aversion -> Neutral -> Aversion,Aversion,Neutral,Aversion,3,0.125
M0706,Neutral -> Neutral -> Aversion,Neutral,Neutral,Aversion,1,0.041666666666666664
M0706,Aversion -> Neutral -> Appreciation,Aversion,Neutral,Appreciation,1,0.041666666666666664
M0706,Neutral -> Appreciation -> Appreciation,Neutral,Appreciation,Appreciation,1,0.041666666666666664
M0706,Appreciation -> Appreciation -> Appreciation,Appreciation,Appreciation,Appreciation,1,0.041666666666666664
M0707,Aversion -> Aversion -> Aversion,Aversion,Aversion,Aversion,8,0.3333333333333333
M0707,Neutral -> Neutral -> Neutral,Neutral,Neutral,Neutral,5,0.20833333333333334
M0707,Neutral -> Neutral -> Aversion,Neutral,Neutral,Aversion,2,0.08333333333333333
M0707,Neutral -> Aversion -> Aversion,Neutral,Aversion,Aversion,2,0.08333333333333333
M0707,Aversion -> Aversion -> Neutral,Aversion,Aversion,Neutral,2,0.08333333333333333
M0707,Appreciation -> Appreciation -> Appreciation,Appreciation,Appreciation,Appreciation,2,0.08333333333333333
M0707,Aversion -> Neutral -> Neutral,Aversion,Neutral,Neutral,1,0.041666666666666664
M0707,Aversion -> Neutral -> Appreciation,Aversion,Neutral,Appreciation,1,0.041666666666666664
M0707,Neutral -> Appreciation -> Appreciation,Neutral,Appreciation,Appreciation,1,0.041666666666666664
M0708,Aversion -> Aversion -> Aversion,Aversion,Aversion,Aversion,6,0.25
M0708,Neutral -> Neutral -> Aversion,Neutral,Neutral,Aversion,3,0.125
M0708,Neutral -> Aversion -> Aversion,Neutral,Aversion,Aversion,3,0.125
M0708,Aversion -> Aversion -> Neutral,Aversion,Aversion,Neutral,3,0.125
M0708,Aversion -> Neutral -> Neutral,Aversion,Neutral,Neutral,2,0.08333333333333333
M0708,Neutral -> Neutral -> Neutral,Neutral,Neutral,Neutral,2,0.08333333333333333
M0708,Neutral -> Aversion -> Neutral,Neutral,Aversion,Neutral,1,0.041666666666666664
M0708,Aversion -> Neutral -> Aversion,Aversion,Neutral,Aversion,1,0.041666666666666664
M0708,Aversion -> Neutral -> Appreciation,Aversion,Neutral,Appreciation,1,0.041666666666666664
M0708,Neutral -> Appreciation -> Aversion,Neutral,Appreciation,Aversion,1,0.041666666666666664
M0708,Appreciation -> Aversion -> Aversion,Appreciation,Aversion,Aversion,1,0.041666666666666664
M0709,Neutral -> Neutral -> Neutral,Neutral,Neutral,Neutral,12,0.5
M0709,Aversion -> Aversion -> Aversion,Aversion,Aversion,Aversion,10,0.4166666666666667
M0709,Neutral -> Neutral -> Aversion,Neutral,Neutral,Aversion,1,0.041666666666666664
M0709,Neutral -> Aversion -> Aversion,Neutral,Aversion,Aversion,1,0.041666666666666664
M0710,Aversion -> Aversion -> Aversion,Aversion,Aversion,Aversion,11,0.4583333333333333
M0710,Neutral -> Aversion -> Aversion,Neutral,Aversion,Aversion,3,0.125
M0710,Aversion -> Aversion -> Neutral,Aversion,Aversion,Neutral,3,0.125
M0710,Aversion -> Neutral -> Aversion,Aversion,Neutral,Aversion,2,0.08333333333333333
M0710,Appreciation -> Appreciation -> Appreciation,Appreciation,Appreciation,Appreciation,2,0.08333333333333333
M0710,Neutral -> Neutral -> Aversion,Neutral,Neutral,Aversion,1,0.041666666666666664
M0710,Aversion -> Neutral -> Appreciation,Aversion,Neutral,Appreciation,1,0.041666666666666664
M0710,Neutral -> Appreciation -> Appreciation,Neutral,Appreciation,Appreciation,1,0.041666666666666664
M0711,Neutral -> Neutral -> Neutral,Neutral,Neutral,Neutral,5,0.20833333333333334
M0711,Aversion -> Aversion -> Aversion,Aversion,Aversion,Aversion,5,0.20833333333333334
M0711,Neutral -> Aversion -> Aversion,Neutral,Aversion,Aversion,3,0.125
M0711,Aversion -> Aversion -> Neutral,Aversion,Aversion,Neutral,3,0.125
M0711,Neutral -> Neutral -> Aversion,Neutral,Neutral,Aversion,2,0.08333333333333333
M0711,Aversion -> Neutral -> Aversion,Aversion,Neutral,Aversion,1,0.041666666666666664
M0711,Aversion -> Neutral -> Neutral,Aversion,Neutral,Neutral,1,0.041666666666666664
M0711,Neutral -> Neutral -> Appreciation,Neutral,Neutral,Appreciation,1,0.041666666666666664
M0711,Neutral -> Appreciation -> Appreciation,Neutral,Appreciation,Appreciation,1,0.041666666666666664
M0711,Appreciation -> Appreciation -> Neutral,Appreciation,Appreciation,Neutral,1,0.041666666666666664
M0711,Appreciation -> Neutral -> Neutral,Appreciation,Neutral,Neutral,1,0.041666666666666664
M0712,Neutral -> Neutral -> Neutral,Neutral,Neutral,Neutral,7,0.2916666666666667
M0712,Appreciation -> Appreciation -> Appreciation,Appreciation,Appreciation,Appreciation,7,0.2916666666666667
M0712,Neutral -> Neutral -> Aversion,Neutral,Neutral,Aversion,2,0.08333333333333333
M0712,Aversion -> Aversion -> Aversion,Aversion,Aversion,Aversion,2,0.08333333333333333
M0712,Neutral -> Aversion -> Neutral,Neutral,Aversion,Neutral,1,0.041666666666666664
M0712,Aversion -> Neutral -> Neutral,Aversion,Neutral,Neutral,1,0.041666666666666664
M0712,Aversion -> Appreciation -> Appreciation,Aversion,Appreciation,Appreciation,1,0.041666666666666664
M0712,Neutral -> Aversion -> Appreciation,Neutral,Aversion,Appreciation,1,0.041666666666666664
M0712,Appreciation -> Appreciation -> Aversion,Appreciation,Appreciation,Aversion,1,0.041666666666666664
M0712,Appreciation -> Aversion -> Aversion,Appreciation,Aversion,Aversion,1,0.041666666666666664
M0713,Neutral -> Neutral -> Neutral,Neutral,Neutral,Neutral,6,0.25
M0713,Neutral -> Neutral -> Aversion,Neutral,Neutral,Aversion,4,0.16666666666666666
M0713,Aversion -> Neutral -> Neutral,Aversion,Neutral,Neutral,4,0.16666666666666666
M0713,Neutral -> Aversion -> Aversion,Neutral,Aversion,Aversion,3,0.125
M0713,Aversion -> Aversion -> Neutral,Aversion,Aversion,Neutral,3,0.125
M0713,Neutral -> Aversion -> Neutral,Neutral,Aversion,Neutral,2,0.08333333333333333
M0713,Aversion -> Neutral -> Aversion,Aversion,Neutral,Aversion,1,0.041666666666666664
M0713,Aversion -> Aversion -> Aversion,Aversion,Aversion,Aversion,1,0.041666666666666664
M0714,Neutral -> Neutral -> Neutral,Neutral,Neutral,Neutral,7,0.2916666666666667
M0714,Appreciation -> Appreciation -> Appreciation,Appreciation,Appreciation,Appreciation,7,0.2916666666666667
M0714,Aversion -> Aversion -> Aversion,Aversion,Aversion,Aversion,5,0.20833333333333334
M0714,Neutral -> Neutral -> Aversion,Neutral,Neutral,Aversion,1,0.041666666666666664
M0714,Neutral -> Aversion -> Aversion,Neutral,Aversion,Aversion,1,0.041666666666666664
M0714,Aversion -> Aversion -> Neutral,Aversion,Aversion,Neutral,1,0.041666666666666664
M0714,Aversion -> Neutral -> Appreciation,Aversion,Neutral,Appreciation,1,0.041666666666666664
M0714,Neutral -> Appreciation -> Appreciation,Neutral,Appreciation,Appreciation,1,0.041666666666666664
M0715,Neutral -> Neutral -> Neutral,Neutral,Neutral,Neutral,8,0.3333333333333333
M0715,Neutral -> Appreciation -> Appreciation,Neutral,Appreciation,Appreciation,3,0.125
M0715,Appreciation -> Appreciation -> Appreciation,Appreciation,Appreciation,Appreciation,3,0.125
M0715,Appreciation -> Appreciation -> Neutral,Appreciation,Appreciation,Neutral,2,0.08333333333333333
M0715,Neutral -> Neutral -> Appreciation,Neutral,Neutral,Appreciation,1,0.041666666666666664
M0715,Aversion -> Neutral -> Neutral,Aversion,Neutral,Neutral,1,0.041666666666666664
M0715,Neutral -> Aversion -> Neutral,Neutral,Aversion,Neutral,1,0.041666666666666664
M0715,Appreciation -> Neutral -> Appreciation,Appreciation,Neutral,Appreciation,1,0.041666666666666664
M0715,Appreciation -> Neutral -> Aversion,Appreciation,Neutral,Aversion,1,0.041666666666666664
M0715,Neutral -> Aversion -> Aversion,Neutral,Aversion,Aversion,1,0.041666666666666664
M0715,Aversion -> Aversion -> Neutral,Aversion,Aversion,Neutral,1,0.041666666666666664
M0715,Aversion -> Neutral -> Appreciation,Aversion,Neutral,Appreciation,1,0.041666666666666664
M0716,Aversion -> Aversion -> Aversion,Aversion,Aversion,Aversion,6,0.25
M0716,Neutral -> Neutral -> Neutral,Neutral,Neutral,Neutral,5,0.20833333333333334
M0716,Appreciation -> Appreciation -> Appreciation,Appreciation,Appreciation,Appreciation,4,0.16666666666666666
M0716,Neutral -> Aversion -> Aversion,Neutral,Aversion,Aversion,2,0.08333333333333333
M0716,Neutral -> Neutral -> Aversion,Neutral,Neutral,Aversion,1,0.041666666666666664
M0716,Aversion -> Neutral -> Neutral,Aversion,Neutral,Neutral,1,0.041666666666666664
M0716,Aversion -> Aversion -> Neutral,Aversion,Aversion,Neutral,1,0.041666666666666664
M0716,Neutral -> Neutral -> Appreciation,Neutral,Neutral,Appreciation,1,0.041666666666666664
M0716,Neutral -> Appreciation -> Appreciation,Neutral,Appreciation,Appreciation,1,0.041666666666666664
M0716,Appreciation -> Appreciation -> Neutral,Appreciation,Appreciation,Neutral,1,0.041666666666666664
M0716,Appreciation -> Neutral -> Aversion,Appreciation,Neutral,Aversion,1,0.041666666666666664
M0717,Neutral -> Neutral -> Neutral,Neutral,Neutral,Neutral,14,0.5833333333333334
M0717,Appreciation -> Appreciation -> Appreciation,Appreciation,Appreciation,Appreciation,5,0.20833333333333334
M0717,Neutral -> Neutral -> Appreciation,Neutral,Neutral,Appreciation,2,0.08333333333333333
M0717,Neutral -> Appreciation -> Neutral,Neutral,Appreciation,Neutral,1,0.041666666666666664
M0717,Appreciation -> Neutral -> Neutral,Appreciation,Neutral,Neutral,1,0.041666666666666664
M0717,Neutral -> Appreciation -> Appreciation,Neutral,Appreciation,Appreciation,1,0.041666666666666664
M0718,Aversion -> Aversion -> Aversion,Aversion,Aversion,Aversion,6,0.25
M0718,Neutral -> Neutral -> Aversion,Neutral,Neutral,Aversion,5,0.20833333333333334
M0718,Aversion -> Neutral -> Neutral,Aversion,Neutral,Neutral,4,0.16666666666666666
M0718,Neutral -> Aversion -> Aversion,Neutral,Aversion,Aversion,3,0.125
M0718,Neutral -> Neutral -> Neutral,Neutral,Neutral,Neutral,2,0.08333333333333333
M0718,Neutral -> Aversion -> Neutral,Neutral,Aversion,Neutral,2,0.08333333333333333
M0718,Aversion -> Aversion -> Neutral,Aversion,Aversion,Neutral,2,0.08333333333333333
M0719,Neutral -> Neutral -> Neutral,Neutral,Neutral,Neutral,11,0.4583333333333333
M0719,Appreciation -> Appreciation -> Appreciation,Appreciation,Appreciation,Appreciation,8,0.3333333333333333
M0719,Neutral -> Appreciation -> Appreciation,Neutral,Appreciation,Appreciation,2,0.08333333333333333
M0719,Neutral -> Neutral -> Appreciation,Neutral,Neutral,Appreciation,1,0.041666666666666664
M0719,Appreciation -> Appreciation -> Neutral,Appreciation,Appreciation,Neutral,1,0.041666666666666664
M0719,Appreciation -> Neutral -> Appreciation,Appreciation,Neutral,Appreciation,1,0.041666666666666664
M0720,Neutral -> Neutral -> Neutral,Neutral,Neutral,Neutral,8,0.3333333333333333
M0720,Neutral -> Neutral -> Aversion,Neutral,Neutral,Aversion,4,0.16666666666666666
M0720,Neutral -> Aversion -> Neutral,Neutral,Aversion,Neutral,2,0.08333333333333333
M0720,Aversion -> Neutral -> Neutral,Aversion,Neutral,Neutral,2,0.08333333333333333
M0720,Neutral -> Aversion -> Aversion,Neutral,Aversion,Aversion,1,0.041666666666666664
M0720,Aversion -> Aversion -> Aversion,Aversion,Aversion,Aversion,1,0.041666666666666664
M0720,Aversion -> Aversion -> Neutral,Aversion,Aversion,Neutral,1,0.041666666666666664
M0720,Aversion -> Neutral -> Appreciation,Aversion,Neutral,Appreciation,1,0.041666666666666664
M0720,Neutral -> Appreciation -> Appreciation,Neutral,Appreciation,Appreciation,1,0.041666666666666664
M0720,Appreciation -> Appreciation -> Appreciation,Appreciation,Appreciation,Appreciation,1,0.041666666666666664
M0720,Appreciation -> Appreciation -> Neutral,Appreciation,Appreciation,Neutral,1,0.041666666666666664
M0720,Appreciation -> Neutral -> Neutral,Appreciation,Neutral,Neutral,1,0.041666666666666664
M0721,Aversion -> Neutral -> Neutral,Aversion,Neutral,Neutral,4,0.16666666666666666
M0721,Neutral -> Neutral -> Aversion,Neutral,Neutral,Aversion,3,0.125
M0721,Neutral -> Aversion -> Neutral,Neutral,Aversion,Neutral,3,0.125
M0721,Appreciation -> Appreciation -> Appreciation,Appreciation,Appreciation,Appreciation,3,0.125
M0721,Aversion -> Aversion -> Neutral,Aversion,Aversion,Neutral,2,0.08333333333333333
M0721,Neutral -> Aversion -> Aversion,Neutral,Aversion,Aversion,2,0.08333333333333333
M0721,Aversion -> Aversion -> Aversion,Aversion,Aversion,Aversion,2,0.08333333333333333
M0721,Neutral -> Neutral -> Neutral,Neutral,Neutral,Neutral,2,0.08333333333333333
M0721,Aversion -> Neutral -> Aversion,Aversion,Neutral,Aversion,1,0.041666666666666664
M0721,Neutral -> Neutral -> Appreciation,Neutral,Neutral,Appreciation,1,0.041666666666666664
M0721,Neutral -> Appreciation -> Appreciation,Neutral,Appreciation,Appreciation,1,0.041666666666666664
M0722,Neutral -> Neutral -> Neutral,Neutral,Neutral,Neutral,11,0.4583333333333333
M0722,Neutral -> Aversion -> Aversion,Neutral,Aversion,Aversion,4,0.16666666666666666
M0722,Aversion -> Neutral -> Aversion,Aversion,Neutral,Aversion,3,0.125
M0722,Aversion -> Aversion -> Neutral,Aversion,Aversion,Neutral,3,0.125
M0722,Aversion -> Aversion -> Aversion,Aversion,Aversion,Aversion,2,0.08333333333333333
M0722,Neutral -> Neutral -> Aversion,Neutral,Neutral,Aversion,1,0.041666666666666664
M0723,Neutral -> Neutral -> Neutral,Neutral,Neutral,Neutral,10,0.4166666666666667
M0723,Aversion -> Aversion -> Aversion,Aversion,Aversion,Aversion,5,0.20833333333333334
M0723,Neutral -> Neutral -> Aversion,Neutral,Neutral,Aversion,2,0.08333333333333333
M0723,Neutral -> Aversion -> Aversion,Neutral,Aversion,Aversion,2,0.08333333333333333
M0723,Aversion -> Aversion -> Neutral,Aversion,Aversion,Neutral,2,0.08333333333333333
M0723,Aversion -> Neutral -> Neutral,Aversion,Neutral,Neutral,1,0.041666666666666664
M0723,Aversion -> Neutral -> Appreciation,Aversion,Neutral,Appreciation,1,0.041666666666666664
M0723,Neutral -> Appreciation -> Appreciation,Neutral,Appreciation,Appreciation,1,0.041666666666666664
M0724,Aversion -> Aversion -> Aversion,Aversion,Aversion,Aversion,8,0.3333333333333333
M0724,Neutral -> Neutral -> Neutral,Neutral,Neutral,Neutral,4,0.16666666666666666
M0724,Neutral -> Neutral -> Aversion,Neutral,Neutral,Aversion,2,0.08333333333333333
M0724,Neutral -> Aversion -> Neutral,Neutral,Aversion,Neutral,2,0.08333333333333333
M0724,Aversion -> Neutral -> Neutral,Aversion,Neutral,Neutral,2,0.08333333333333333
M0724,Neutral -> Aversion -> Aversion,Neutral,Aversion,Aversion,1,0.041666666666666664
M0724,Aversion -> Aversion -> Neutral,Aversion,Aversion,Neutral,1,0.041666666666666664
M0724,Neutral -> Neutral -> Appreciation,Neutral,Neutral,Appreciation,1,0.041666666666666664
M0724,Neutral -> Appreciation -> Appreciation,Neutral,Appreciation,Appreciation,1,0.041666666666666664
M0724,Appreciation -> Appreciation -> Neutral,Appreciation,Appreciation,Neutral,1,0.041666666666666664
M0724,Appreciation -> Neutral -> Aversion,Appreciation,Neutral,Aversion,1,0.041666666666666664
M0725,Appreciation -> Appreciation -> Appreciation,Appreciation,Appreciation,Appreciation,7,0.2916666666666667
M0725,Neutral -> Aversion -> Neutral,Neutral,Aversion,Neutral,4,0.16666666666666666
M0725,Aversion -> Neutral -> Aversion,Aversion,Neutral,Aversion,2,0.08333333333333333
M0725,Aversion -> Neutral -> Neutral,Aversion,Neutral,Neutral,2,0.08333333333333333
M0725,Neutral -> Neutral -> Aversion,Neutral,Neutral,Aversion,2,0.08333333333333333
M0725,Aversion -> Aversion -> Aversion,Aversion,Aversion,Aversion,2,0.08333333333333333
M0725,Neutral -> Aversion -> Aversion,Neutral,Aversion,Aversion,1,0.041666666666666664
M0725,Aversion -> Aversion -> Neutral,Aversion,Aversion,Neutral,1,0.041666666666666664
M0725,Neutral -> Neutral -> Neutral,Neutral,Neutral,Neutral,1,0.041666666666666664
M0725,Aversion -> Neutral -> Appreciation,Aversion,Neutral,Appreciation,1,0.041666666666666664
M0725,Neutral -> Appreciation -> Appreciation,Neutral,Appreciation,Appreciation,1,0.041666666666666664
M0726,Neutral -> Neutral -> Neutral,Neutral,Neutral,Neutral,10,0.4166666666666667
M0726,Neutral -> Neutral -> Aversion,Neutral,Neutral,Aversion,2,0.08333333333333333
M0726,Aversion -> Neutral -> Neutral,Aversion,Neutral,Neutral,2,0.08333333333333333
M0726,Neutral -> Appreciation -> Appreciation,Neutral,Appreciation,Appreciation,2,0.08333333333333333
M0726,Neutral -> Neutral -> Appreciation,Neutral,Neutral,Appreciation,2,0.08333333333333333
M0726,Neutral -> Aversion -> Aversion,Neutral,Aversion,Aversion,1,0.041666666666666664
M0726,Aversion -> Aversion -> Neutral,Aversion,Aversion,Neutral,1,0.041666666666666664
M0726,Neutral -> Aversion -> Neutral,Neutral,Aversion,Neutral,1,0.041666666666666664
M0726,Appreciation -> Appreciation -> Appreciation,Appreciation,Appreciation,Appreciation,1,0.041666666666666664
M0726,Appreciation -> Appreciation -> Neutral,Appreciation,Appreciation,Neutral,1,0.041666666666666664
M0726,Appreciation -> Neutral -> Neutral,Appreciation,Neutral,Neutral,1,0.041666666666666664
M0727,Appreciation -> Appreciation -> Appreciation,Appreciation,Appreciation,Appreciation,9,0.375
M0727,Neutral -> Neutral -> Neutral,Neutral,Neutral,Neutral,6,0.25
M0727,Neutral -> Neutral -> Appreciation,Neutral,Neutral,Appreciation,2,0.08333333333333333
M0727,Neutral -> Appreciation -> Appreciation,Neutral,Appreciation,Appreciation,2,0.08333333333333333
M0727,Neutral -> Neutral -> Aversion,Neutral,Neutral,Aversion,1,0.041666666666666664
M0727,Aversion -> Neutral -> Neutral,Aversion,Neutral,Neutral,1,0.041666666666666664
M0727,Neutral -> Aversion -> Neutral,Neutral,Aversion,Neutral,1,0.041666666666666664
M0727,Appreciation -> Appreciation -> Neutral,Appreciation,Appreciation,Neutral,1,0.041666666666666664
M0727,Appreciation -> Neutral -> Neutral,Appreciation,Neutral,Neutral,1,0.041666666666666664
M0728,Neutral -> Neutral -> Neutral,Neutral,Neutral,Neutral,11,0.4583333333333333
M0728,Appreciation -> Appreciation -> Appreciation,Appreciation,Appreciation,Appreciation,7,0.2916666666666667
M0728,Neutral -> Neutral -> Appreciation,Neutral,Neutral,Appreciation,2,0.08333333333333333
M0728,Neutral -> Appreciation -> Appreciation,Neutral,Appreciation,Appreciation,2,0.08333333333333333
M0728,Appreciation -> Appreciation -> Neutral,Appreciation,Appreciation,Neutral,1,0.041666666666666664
M0728,Appreciation -> Neutral -> Neutral,Appreciation,Neutral,Neutral,1,0.041666666666666664
M0729,Neutral -> Neutral -> Neutral,Neutral,Neutral,Neutral,12,0.5
M0729,Appreciation -> Appreciation -> Appreciation,Appreciation,Appreciation,Appreciation,5,0.20833333333333334
M0729,Neutral -> Neutral -> Appreciation,Neutral,Neutral,Appreciation,1,0.041666666666666664
M0729,Neutral -> Appreciation -> Appreciation,Neutral,Appreciation,Appreciation,1,0.041666666666666664
M0729,Appreciation -> Appreciation -> Neutral,Appreciation,Appreciation,Neutral,1,0.041666666666666664
M0729,Appreciation -> Neutral -> Neutral,Appreciation,Neutral,Neutral,1,0.041666666666666664
M0729,Neutral -> Neutral -> Aversion,Neutral,Neutral,Aversion,1,0.041666666666666664
M0729,Neutral -> Aversion -> Aversion,Neutral,Aversion,Aversion,1,0.041666666666666664
M0729,Aversion -> Aversion -> Aversion,Aversion,Aversion,Aversion,1,0.041666666666666664
M0730,Aversion -> Aversion -> Aversion,Aversion,Aversion,Aversion,6,0.25
M0730,Neutral -> Aversion -> Aversion,Neutral,Aversion,Aversion,4,0.16666666666666666
M0730,Aversion -> Aversion -> Neutral,Aversion,Aversion,Neutral,4,0.16666666666666666
M0730,Aversion -> Neutral -> Aversion,Aversion,Neutral,Aversion,3,0.125
M0730,Aversion -> Neutral -> Neutral,Aversion,Neutral,Neutral,2,0.08333333333333333
M0730,Neutral -> Neutral -> Neutral,Neutral,Neutral,Neutral,1,0.041666666666666664
M0730,Neutral -> Neutral -> Aversion,Neutral,Neutral,Aversion,1,0.041666666666666664
M0730,Neutral -> Aversion -> Neutral,Neutral,Aversion,Neutral,1,0.041666666666666664
M0730,Neutral -> Neutral -> Appreciation,Neutral,Neutral,Appreciation,1,0.041666666666666664
M0730,Neutral -> Appreciation -> Appreciation,Neutral,Appreciation,Appreciation,1,0.041666666666666664
M0731,Aversion -> Aversion -> Aversion,Aversion,Aversion,Aversion,12,0.5
M0731,Neutral -> Neutral -> Neutral,Neutral,Neutral,Neutral,3,0.125
M0731,Neutral -> Neutral -> Aversion,Neutral,Neutral,Aversion,2,0.08333333333333333
M0731,Neutral -> Aversion -> Aversion,Neutral,Aversion,Aversion,2,0.08333333333333333
M0731,Aversion -> Aversion -> Neutral,Aversion,Aversion,Neutral,2,0.08333333333333333
M0731,Aversion -> Neutral -> Aversion,Aversion,Neutral,Aversion,1,0.041666666666666664
M0731,Aversion -> Neutral -> Neutral,Aversion,Neutral,Neutral,1,0.041666666666666664
M0731,Neutral -> Aversion -> Neutral,Neutral,Aversion,Neutral,1,0.041666666666666664
M0732,Aversion -> Aversion -> Aversion,Aversion,Aversion,Aversion,11,0.4583333333333333
M0732,Neutral -> Neutral -> Neutral,Neutral,Neutral,Neutral,3,0.125
M0732,Neutral -> Neutral -> Aversion,Neutral,Neutral,Aversion,2,0.08333333333333333
M0732,Neutral -> Aversion -> Aversion,Neutral,Aversion,Aversion,2,0.08333333333333333
M0732,Aversion -> Neutral -> Aversion,Aversion,Neutral,Aversion,2,0.08333333333333333
M0732,Neutral -> Aversion -> Neutral,Neutral,Aversion,Neutral,2,0.08333333333333333
M0732,Aversion -> Aversion -> Neutral,Aversion,Aversion,Neutral,1,0.041666666666666664
M0732,Aversion -> Neutral -> Neutral,Aversion,Neutral,Neutral,1,0.041666666666666664
M0733,Neutral -> Neutral -> Neutral,Neutral,Neutral,Neutral,13,0.5416666666666666
M0733,Aversion -> Aversion -> Aversion,Aversion,Aversion,Aversion,3,0.125
M0733,Appreciation -> Appreciation -> Appreciation,Appreciation,Appreciation,Appreciation,2,0.08333333333333333
M0733,Neutral -> Appreciation -> Appreciation,Neutral,Appreciation,Appreciation,1,0.041666666666666664
M0733,Neutral -> Neutral -> Appreciation,Neutral,Neutral,Appreciation,1,0.041666666666666664
M0733,Appreciation -> Appreciation -> Neutral,Appreciation,Appreciation,Neutral,1,0.041666666666666664
M0733,Appreciation -> Neutral -> Neutral,Appreciation,Neutral,Neutral,1,0.041666666666666664
M0733,Neutral -> Neutral -> Aversion,Neutral,Neutral,Aversion,1,0.041666666666666664
M0733,Neutral -> Aversion -> Aversion,Neutral,Aversion,Aversion,1,0.041666666666666664
M0734,Aversion -> Aversion -> Aversion,Aversion,Aversion,Aversion,7,0.2916666666666667
M0734,Neutral -> Aversion -> Aversion,Neutral,Aversion,Aversion,4,0.16666666666666666
M0734,Aversion -> Aversion -> Neutral,Aversion,Aversion,Neutral,4,0.16666666666666666
M0734,Aversion -> Neutral -> Aversion,Aversion,Neutral,Aversion,3,0.125
M0734,Aversion -> Neutral -> Neutral,Aversion,Neutral,Neutral,2,0.08333333333333333
M0734,Neutral -> Neutral -> Aversion,Neutral,Neutral,Aversion,2,0.08333333333333333
M0734,Neutral -> Neutral -> Neutral,Neutral,Neutral,Neutral,1,0.041666666666666664
M0734,Neutral -> Aversion -> Neutral,Neutral,Aversion,Neutral,1,0.041666666666666664
M0735,Neutral -> Neutral -> Neutral,Neutral,Neutral,Neutral,10,0.4166666666666667
M0735,Appreciation -> Appreciation -> Appreciation,Appreciation,Appreciation,Appreciation,9,0.375
M0735,Neutral -> Neutral -> Appreciation,Neutral,Neutral,Appreciation,2,0.08333333333333333
M0735,Neutral -> Appreciation -> Appreciation,Neutral,Appreciation,Appreciation,1,0.041666666666666664
M0735,Appreciation -> Appreciation -> Neutral,Appreciation,Appreciation,Neutral,1,0.041666666666666664
M0735,Appreciation -> Neutral -> Neutral,Appreciation,Neutral,Neutral,1,0.041666666666666664
M0736,Neutral -> Neutral -> Neutral,Neutral,Neutral,Neutral,6,0.25
M0736,Aversion -> Aversion -> Aversion,Aversion,Aversion,Aversion,5,0.20833333333333334
M0736,Neutral -> Neutral -> Aversion,Neutral,Neutral,Aversion,2,0.08333333333333333
M0736,Neutral -> Aversion -> Neutral,Neutral,Aversion,Neutral,2,0.08333333333333333
M0736,Aversion -> Neutral -> Aversion,Aversion,Neutral,Aversion,2,0.08333333333333333
M0736,Neutral -> Aversion -> Aversion,Neutral,Aversion,Aversion,2,0.08333333333333333
M0736,Aversion -> Aversion -> Neutral,Aversion,Aversion,Neutral,2,0.08333333333333333
M0736,Aversion -> Neutral -> Neutral,Aversion,Neutral,Neutral,1,0.041666666666666664
M0736,Aversion -> Neutral -> Appreciation,Aversion,Neutral,Appreciation,1,0.041666666666666664
M0736,Neutral -> Appreciation -> Appreciation,Neutral,Appreciation,Appreciation,1,0.041666666666666664
M0737,Neutral -> Neutral -> Neutral,Neutral,Neutral,Neutral,9,0.375
M0737,Appreciation -> Appreciation -> Appreciation,Appreciation,Appreciation,Appreciation,4,0.16666666666666666
M0737,Neutral -> Neutral -> Aversion,Neutral,Neutral,Aversion,2,0.08333333333333333
M0737,Neutral -> Aversion -> Neutral,Neutral,Aversion,Neutral,2,0.08333333333333333
M0737,Aversion -> Neutral -> Aversion,Aversion,Neutral,Aversion,1,0.041666666666666664
M0737,Neutral -> Neutral -> Appreciation,Neutral,Neutral,Appreciation,1,0.041666666666666664
M0737,Aversion -> Neutral -> Neutral,Aversion,Neutral,Neutral,1,0.041666666666666664
M0737,Neutral -> Appreciation -> Appreciation,Neutral,Appreciation,Appreciation,1,0.041666666666666664
M0737,Appreciation -> Appreciation -> Neutral,Appreciation,Appreciation,Neutral,1,0.041666666666666664
M0737,Appreciation -> Neutral -> Neutral,Appreciation,Neutral,Neutral,1,0.041666666666666664
M0737,Neutral -> Aversion -> Aversion,Neutral,Aversion,Aversion,1,0.041666666666666664
M0738,Aversion -> Aversion -> Aversion,Aversion,Aversion,Aversion,11,0.4583333333333333
M0738,Neutral -> Neutral -> Neutral,Neutral,Neutral,Neutral,4,0.16666666666666666
M0738,Aversion -> Neutral -> Aversion,Aversion,Neutral,Aversion,3,0.125
M0738,Neutral -> Aversion -> Aversion,Neutral,Aversion,Aversion,2,0.08333333333333333
M0738,Neutral -> Aversion -> Neutral,Neutral,Aversion,Neutral,2,0.08333333333333333
M0738,Neutral -> Neutral -> Aversion,Neutral,Neutral,Aversion,1,0.041666666666666664
M0738,Aversion -> Aversion -> Neutral,Aversion,Aversion,Neutral,1,0.041666666666666664
M0739,Neutral -> Neutral -> Neutral,Neutral,Neutral,Neutral,7,0.2916666666666667
M0739,Appreciation -> Appreciation -> Appreciation,Appreciation,Appreciation,Appreciation,3,0.125
M0739,Neutral -> Neutral -> Aversion,Neutral,Neutral,Aversion,2,0.08333333333333333
M0739,Aversion -> Neutral -> Neutral,Aversion,Neutral,Neutral,2,0.08333333333333333
M0739,Neutral -> Aversion -> Neutral,Neutral,Aversion,Neutral,2,0.08333333333333333
M0739,Neutral -> Neutral -> Appreciation,Neutral,Neutral,Appreciation,2,0.08333333333333333
M0739,Neutral -> Appreciation -> Appreciation,Neutral,Appreciation,Appreciation,2,0.08333333333333333
M0739,Appreciation -> Appreciation -> Neutral,Appreciation,Appreciation,Neutral,2,0.08333333333333333
M0739,Appreciation -> Neutral -> Neutral,Appreciation,Neutral,Neutral,2,0.08333333333333333
M0740,Neutral -> Neutral -> Neutral,Neutral,Neutral,Neutral,7,0.2916666666666667
M0740,Aversion -> Aversion -> Aversion,Aversion,Aversion,Aversion,4,0.16666666666666666
M0740,Neutral -> Aversion -> Aversion,Neutral,Aversion,Aversion,4,0.16666666666666666
M0740,Aversion -> Aversion -> Neutral,Aversion,Aversion,Neutral,3,0.125
M0740,Neutral -> Neutral -> Aversion,Neutral,Neutral,Aversion,3,0.125
M0740,Aversion -> Neutral -> Neutral,Aversion,Neutral,Neutral,2,0.08333333333333333
M0740,Aversion -> Neutral -> Aversion,Aversion,Neutral,Aversion,1,0.041666666666666664
M0741,Neutral -> Neutral -> Neutral,Neutral,Neutral,Neutral,14,0.5833333333333334
M0741,Neutral -> Neutral -> Aversion,Neutral,Neutral,Aversion,3,0.125
M0741,Neutral -> Aversion -> Aversion,Neutral,Aversion,Aversion,3,0.125
M0741,Aversion -> Aversion -> Neutral,Aversion,Aversion,Neutral,2,0.08333333333333333
M0741,Aversion -> Neutral -> Neutral,Aversion,Neutral,Neutral,2,0.08333333333333333
M0742,Neutral -> Neutral -> Neutral,Neutral,Neutral,Neutral,8,0.3333333333333333
M0742,Appreciation -> Appreciation -> Appreciation,Appreciation,Appreciation,Appreciation,5,0.20833333333333334
M0742,Aversion -> Aversion -> Aversion,Aversion,Aversion,Aversion,5,0.20833333333333334
M0742,Neutral -> Appreciation -> Appreciation,Neutral,Appreciation,Appreciation,1,0.041666666666666664
M0742,Neutral -> Neutral -> Appreciation,Neutral,Neutral,Appreciation,1,0.041666666666666664
M0742,Appreciation -> Appreciation -> Neutral,Appreciation,Appreciation,Neutral,1,0.041666666666666664
M0742,Appreciation -> Neutral -> Neutral,Appreciation,Neutral,Neutral,1,0.041666666666666664
M0742,Neutral -> Neutral -> Aversion,Neutral,Neutral,Aversion,1,0.041666666666666664
M0742,Neutral -> Aversion -> Aversion,Neutral,Aversion,Aversion,1,0.041666666666666664
M0743,Neutral -> Neutral -> Neutral,Neutral,Neutral,Neutral,13,0.5416666666666666
M0743,Aversion -> Aversion -> Aversion,Aversion,Aversion,Aversion,4,0.16666666666666666
M0743,Neutral -> Neutral -> Aversion,Neutral,Neutral,Aversion,2,0.08333333333333333
M0743,Aversion -> Neutral -> Neutral,Aversion,Neutral,Neutral,2,0.08333333333333333
M0743,Neutral -> Aversion -> Neutral,Neutral,Aversion,Neutral,1,0.041666666666666664
M0743,Neutral -> Aversion -> Aversion,Neutral,Aversion,Aversion,1,0.041666666666666664
M0743,Aversion -> Aversion -> Neutral,Aversion,Aversion,Neutral,1,0.041666666666666664
M0744,Neutral -> Neutral -> Neutral,Neutral,Neutral,Neutral,8,0.3333333333333333
M0744,Aversion -> Neutral -> Aversion,Aversion,Neutral,Aversion,3,0.125
M0744,Aversion -> Aversion -> Aversion,Aversion,Aversion,Aversion,3,0.125
M0744,Neutral -> Aversion -> Aversion,Neutral,Aversion,Aversion,3,0.125
M0744,Neutral -> Aversion -> Neutral,Neutral,Aversion,Neutral,2,0.08333333333333333
M0744,Neutral -> Neutral -> Aversion,Neutral,Neutral,Aversion,2,0.08333333333333333
M0744,Aversion -> Aversion -> Neutral,Aversion,Aversion,Neutral,2,0.08333333333333333
M0744,Aversion -> Neutral -> Neutral,Aversion,Neutral,Neutral,1,0.041666666666666664
M0745,Neutral -> Neutral -> Neutral,Neutral,Neutral,Neutral,5,0.20833333333333334
M0745,Neutral -> Aversion -> Aversion,Neutral,Aversion,Aversion,3,0.125
M0745,Neutral -> Neutral -> Aversion,Neutral,Neutral,Aversion,2,0.08333333333333333
M0745,Aversion -> Neutral -> Neutral,Aversion,Neutral,Neutral,2,0.08333333333333333
M0745,Aversion -> Aversion -> Neutral,Aversion,Aversion,Neutral,2,0.08333333333333333
M0745,Appreciation -> Appreciation -> Appreciation,Appreciation,Appreciation,Appreciation,2,0.08333333333333333
M0745,Neutral -> Aversion -> Neutral,Neutral,Aversion,Neutral,1,0.041666666666666664
M0745,Aversion -> Neutral -> Aversion,Aversion,Neutral,Aversion,1,0.041666666666666664
M0745,Neutral -> Neutral -> Appreciation,Neutral,Neutral,Appreciation,1,0.041666666666666664
M0745,Neutral -> Appreciation -> Appreciation,Neutral,Appreciation,Appreciation,1,0.041666666666666664
M0745,Appreciation -> Appreciation -> Neutral,Appreciation,Appreciation,Neutral,1,0.041666666666666664
M0745,Appreciation -> Neutral -> Aversion,Appreciation,Neutral,Aversion,1,0.041666666666666664
M0745,Aversion -> Aversion -> Aversion,Aversion,Aversion,Aversion,1,0.041666666666666664
M0745,Aversion -> Aversion -> Appreciation,Aversion,Aversion,Appreciation,1,0.041666666666666664
M0746,Neutral -> Neutral -> Neutral,Neutral,Neutral,Neutral,7,0.2916666666666667
M0746,Appreciation -> Appreciation -> Appreciation,Appreciation,Appreciation,Appreciation,5,0.20833333333333334
M0746,Aversion -> Aversion -> Aversion,Aversion,Aversion,Aversion,3,0.125
M0746,Neutral -> Appreciation -> Appreciation,Neutral,Appreciation,Appreciation,2,0.08333333333333333
M0746,Neutral -> Neutral -> Appreciation,Neutral,Neutral,Appreciation,2,0.08333333333333333
M0746,Appreciation -> Appreciation -> Neutral,Appreciation,Appreciation,Neutral,2,0.08333333333333333
M0746,Appreciation -> Neutral -> Neutral,Appreciation,Neutral,Neutral,1,0.041666666666666664
M0746,Appreciation -> Neutral -> Aversion,Appreciation,Neutral,Aversion,1,0.041666666666666664
M0746,Neutral -> Aversion -> Aversion,Neutral,Aversion,Aversion,1,0.041666666666666664
M0747,Appreciation -> Appreciation -> Appreciation,Appreciation,Appreciation,Appreciation,12,0.5
M0747,Neutral -> Neutral -> Neutral,Neutral,Neutral,Neutral,7,0.2916666666666667
M0747,Neutral -> Appreciation -> Appreciation,Neutral,Appreciation,Appreciation,2,0.08333333333333333
M0747,Neutral -> Neutral -> Appreciation,Neutral,Neutral,Appreciation,1,0.041666666666666664
M0747,Appreciation -> Appreciation -> Neutral,Appreciation,Appreciation,Neutral,1,0.041666666666666664
M0747,Appreciation -> Neutral -> Appreciation,Appreciation,Neutral,Appreciation,1,0.041666666666666664
M0748,Neutral -> Neutral -> Neutral,Neutral,Neutral,Neutral,10,0.4166666666666667
M0748,Appreciation -> Appreciation -> Appreciation,Appreciation,Appreciation,Appreciation,6,0.25
M0748,Neutral -> Appreciation -> Appreciation,Neutral,Appreciation,Appreciation,2,0.08333333333333333
M0748,Neutral -> Neutral -> Aversion,Neutral,Neutral,Aversion,1,0.041666666666666664
M0748,Neutral -> Aversion -> Neutral,Neutral,Aversion,Neutral,1,0.041666666666666664
M0748,Neutral -> Neutral -> Appreciation,Neutral,Neutral,Appreciation,1,0.041666666666666664
M0748,Aversion -> Neutral -> Neutral,Aversion,Neutral,Neutral,1,0.041666666666666664
M0748,Appreciation -> Appreciation -> Neutral,Appreciation,Appreciation,Neutral,1,0.041666666666666664
M0748,Appreciation -> Neutral -> Appreciation,Appreciation,Neutral,Appreciation,1,0.041666666666666664
M0749,Neutral -> Neutral -> Aversion,Neutral,Neutral,Aversion,3,0.125
M0749,Neutral -> Aversion -> Neutral,Neutral,Aversion,Neutral,3,0.125
M0749,Neutral -> Neutral -> Neutral,Neutral,Neutral,Neutral,3,0.125
M0749,Aversion -> Neutral -> Aversion,Aversion,Neutral,Aversion,3,0.125
M0749,Neutral -> Aversion -> Aversion,Neutral,Aversion,Aversion,3,0.125
M0749,Aversion -> Aversion -> Aversion,Aversion,Aversion,Aversion,2,0.08333333333333333
M0749,Aversion -> Neutral -> Neutral,Aversion,Neutral,Neutral,1,0.041666666666666664
M0749,Aversion -> Aversion -> Appreciation,Aversion,Aversion,Appreciation,1,0.041666666666666664
M0749,Aversion -> Aversion -> Neutral,Aversion,Aversion,Neutral,1,0.041666666666666664
M0749,Aversion -> Appreciation -> Appreciation,Aversion,Appreciation,Appreciation,1,0.041666666666666664
M0749,Appreciation -> Appreciation -> Appreciation,Appreciation,Appreciation,Appreciation,1,0.041666666666666664
M0749,Appreciation -> Appreciation -> Neutral,Appreciation,Appreciation,Neutral,1,0.041666666666666664
M0749,Appreciation -> Neutral -> Neutral,Appreciation,Neutral,Neutral,1,0.041666666666666664
M0750,Neutral -> Neutral -> Neutral,Neutral,Neutral,Neutral,6,0.25
M0750,Neutral -> Neutral -> Aversion,Neutral,Neutral,Aversion,5,0.20833333333333334
M0750,Aversion -> Neutral -> Neutral,Aversion,Neutral,Neutral,4,0.16666666666666666
M0750,Neutral -> Aversion -> Neutral,Neutral,Aversion,Neutral,4,0.16666666666666666
M0750,Neutral -> Aversion -> Aversion,Neutral,Aversion,Aversion,2,0.08333333333333333
M0750,Aversion -> Aversion -> Neutral,Aversion,Aversion,Neutral,2,0.08333333333333333
M0750,Aversion -> Neutral -> Aversion,Aversion,Neutral,Aversion,1,0.041666666666666664
M0751,Neutral -> Neutral -> Neutral,Neutral,Neutral,Neutral,15,0.625
M0751,Neutral -> Neutral -> Aversion,Neutral,Neutral,Aversion,1,0.041666666666666664
M0751,Neutral -> Aversion -> Aversion,Neutral,Aversion,Aversion,1,0.041666666666666664
M0751,Aversion -> Aversion -> Aversion,Aversion,Aversion,Aversion,1,0.041666666666666664
M0751,Aversion -> Aversion -> Neutral,Aversion,Aversion,Neutral,1,0.041666666666666664
M0751,Aversion -> Neutral -> Neutral,Aversion,Neutral,Neutral,1,0.041666666666666664
M0751,Neutral -> Neutral -> Appreciation,Neutral,Neutral,Appreciation,1,0.041666666666666664
M0751,Neutral -> Appreciation -> Appreciation,Neutral,Appreciation,Appreciation,1,0.041666666666666664
M0751,Appreciation -> Appreciation -> Neutral,Appreciation,Appreciation,Neutral,1,0.041666666666666664
M0751,Appreciation -> Neutral -> Neutral,Appreciation,Neutral,Neutral,1,0.041666666666666664
M0752,Neutral -> Neutral -> Neutral,Neutral,Neutral,Neutral,7,0.2916666666666667
M0752,Appreciation -> Appreciation -> Appreciation,Appreciation,Appreciation,Appreciation,3,0.125
M0752,Aversion -> Neutral -> Neutral,Aversion,Neutral,Neutral,3,0.125
M0752,Neutral -> Neutral -> Appreciation,Neutral,Neutral,Appreciation,2,0.08333333333333333
M0752,Neutral -> Neutral -> Aversion,Neutral,Neutral,Aversion,2,0.08333333333333333
M0752,Neutral -> Aversion -> Neutral,Neutral,Aversion,Neutral,2,0.08333333333333333
M0752,Neutral -> Aversion -> Aversion,Neutral,Aversion,Aversion,1,0.041666666666666664
M0752,Aversion -> Aversion -> Neutral,Aversion,Aversion,Neutral,1,0.041666666666666664
M0752,Neutral -> Appreciation -> Appreciation,Neutral,Appreciation,Appreciation,1,0.041666666666666664
M0752,Appreciation -> Appreciation -> Neutral,Appreciation,Appreciation,Neutral,1,0.041666666666666664
M0752,Appreciation -> Neutral -> Neutral,Appreciation,Neutral,Neutral,1,0.041666666666666664
M0753,Appreciation -> Appreciation -> Appreciation,Appreciation,Appreciation,Appreciation,13,0.5416666666666666
M0753,Neutral -> Neutral -> Neutral,Neutral,Neutral,Neutral,6,0.25
M0753,Neutral -> Aversion -> Aversion,Neutral,Aversion,Aversion,1,0.041666666666666664
M0753,Aversion -> Neutral -> Neutral,Aversion,Neutral,Neutral,1,0.041666666666666664
M0753,Aversion -> Aversion -> Neutral,Aversion,Aversion,Neutral,1,0.041666666666666664
M0753,Neutral -> Neutral -> Appreciation,Neutral,Neutral,Appreciation,1,0.041666666666666664
M0753,Neutral -> Appreciation -> Appreciation,Neutral,Appreciation,Appreciation,1,0.041666666666666664
M0754,Appreciation -> Appreciation -> Appreciation,Appreciation,Appreciation,Appreciation,7,0.2916666666666667
M0754,Neutral -> Neutral -> Neutral,Neutral,Neutral,Neutral,4,0.16666666666666666
M0754,Aversion -> Aversion -> Aversion,Aversion,Aversion,Aversion,3,0.125
M0754,Aversion -> Neutral -> Aversion,Aversion,Neutral,Aversion,2,0.08333333333333333
M0754,Neutral -> Aversion -> Neutral,Neutral,Aversion,Neutral,2,0.08333333333333333
M0754,Neutral -> Neutral -> Aversion,Neutral,Neutral,Aversion,1,0.041666666666666664
M0754,Neutral -> Aversion -> Aversion,Neutral,Aversion,Aversion,1,0.041666666666666664
M0754,Aversion -> Aversion -> Neutral,Aversion,Aversion,Neutral,1,0.041666666666666664
M0754,Aversion -> Neutral -> Neutral,Aversion,Neutral,Neutral,1,0.041666666666666664
M0754,Neutral -> Neutral -> Appreciation,Neutral,Neutral,Appreciation,1,0.041666666666666664
M0754,Neutral -> Appreciation -> Appreciation,Neutral,Appreciation,Appreciation,1,0.041666666666666664
M0755,Aversion -> Aversion -> Aversion,Aversion,Aversion,Aversion,9,0.375
M0755,Aversion -> Aversion -> Neutral,Aversion,Aversion,Neutral,3,0.125
M0755,Neutral -> Aversion -> Aversion,Neutral,Aversion,Aversion,3,0.125
M0755,Neutral -> Neutral -> Aversion,Neutral,Neutral,Aversion,2,0.08333333333333333
M0755,Aversion -> Neutral -> Neutral,Aversion,Neutral,Neutral,2,0.08333333333333333
M0755,Aversion -> Neutral -> Aversion,Aversion,Neutral,Aversion,2,0.08333333333333333
M0755,Neutral -> Neutral -> Neutral,Neutral,Neutral,Neutral,1,0.041666666666666664
M0755,Neutral -> Aversion -> Neutral,Neutral,Aversion,Neutral,1,0.041666666666666664
M0755,Neutral -> Neutral -> Appreciation,Neutral,Neutral,Appreciation,1,0.041666666666666664
M0756,Neutral -> Neutral -> Neutral,Neutral,Neutral,Neutral,8,0.3333333333333333
M0756,Aversion -> Neutral -> Aversion,Aversion,Neutral,Aversion,2,0.08333333333333333
M0756,Neutral -> Aversion -> Neutral,Neutral,Aversion,Neutral,2,0.08333333333333333
M0756,Neutral -> Aversion -> Aversion,Neutral,Aversion,Aversion,2,0.08333333333333333
M0756,Aversion -> Aversion -> Neutral,Aversion,Aversion,Neutral,2,0.08333333333333333
M0756,Aversion -> Neutral -> Neutral,Aversion,Neutral,Neutral,2,0.08333333333333333
M0756,Neutral -> Neutral -> Aversion,Neutral,Neutral,Aversion,2,0.08333333333333333
M0756,Neutral -> Neutral -> Appreciation,Neutral,Neutral,Appreciation,1,0.041666666666666664
M0756,Neutral -> Appreciation -> Neutral,Neutral,Appreciation,Neutral,1,0.041666666666666664
M0756,Appreciation -> Neutral -> Neutral,Appreciation,Neutral,Neutral,1,0.041666666666666664
M0756,Aversion -> Aversion -> Aversion,Aversion,Aversion,Aversion,1,0.041666666666666664
M0757,Aversion -> Aversion -> Aversion,Aversion,Aversion,Aversion,5,0.20833333333333334
M0757,Neutral -> Neutral -> Appreciation,Neutral,Neutral,Appreciation,3,0.125
M0757,Appreciation -> Appreciation -> Appreciation,Appreciation,Appreciation,Appreciation,3,0.125
M0757,Neutral -> Aversion -> Aversion,Neutral,Aversion,Aversion,2,0.08333333333333333
M0757,Neutral -> Appreciation -> Appreciation,Neutral,Appreciation,Appreciation,2,0.08333333333333333
M0757,Aversion -> Aversion -> Neutral,Aversion,Aversion,Neutral,2,0.08333333333333333
M0757,Appreciation -> Neutral -> Neutral,Appreciation,Neutral,Neutral,2,0.08333333333333333
M0757,Aversion -> Neutral -> Aversion,Aversion,Neutral,Aversion,1,0.041666666666666664
M0757,Neutral -> Appreciation -> Neutral,Neutral,Appreciation,Neutral,1,0.041666666666666664
M0757,Aversion -> Neutral -> Neutral,Aversion,Neutral,Neutral,1,0.041666666666666664
M0757,Appreciation -> Appreciation -> Neutral,Appreciation,Appreciation,Neutral,1,0.041666666666666664
M0757,Neutral -> Neutral -> Neutral,Neutral,Neutral,Neutral,1,0.041666666666666664
M0758,Appreciation -> Appreciation -> Appreciation,Appreciation,Appreciation,Appreciation,8,0.3333333333333333
M0758,Neutral -> Neutral -> Neutral,Neutral,Neutral,Neutral,4,0.16666666666666666
M0758,Neutral -> Aversion -> Aversion,Neutral,Aversion,Aversion,2,0.08333333333333333
M0758,Aversion -> Neutral -> Aversion,Aversion,Neutral,Aversion,2,0.08333333333333333
M0758,Aversion -> Aversion -> Neutral,Aversion,Aversion,Neutral,2,0.08333333333333333
M0758,Neutral -> Neutral -> Aversion,Neutral,Neutral,Aversion,1,0.041666666666666664
M0758,Aversion -> Aversion -> Aversion,Aversion,Aversion,Aversion,1,0.041666666666666664
M0758,Neutral -> Aversion -> Neutral,Neutral,Aversion,Neutral,1,0.041666666666666664
M0758,Aversion -> Neutral -> Neutral,Aversion,Neutral,Neutral,1,0.041666666666666664
M0758,Neutral -> Neutral -> Appreciation,Neutral,Neutral,Appreciation,1,0.041666666666666664
M0758,Neutral -> Appreciation -> Appreciation,Neutral,Appreciation,Appreciation,1,0.041666666666666664
M0759,Neutral -> Neutral -> Neutral,Neutral,Neutral,Neutral,8,0.3333333333333333
M0759,Neutral -> Neutral -> Aversion,Neutral,Neutral,Aversion,2,0.08333333333333333
M0759,Neutral -> Aversion -> Neutral,Neutral,Aversion,Neutral,2,0.08333333333333333
M0759,Neutral -> Appreciation -> Appreciation,Neutral,Appreciation,Appreciation,2,0.08333333333333333
M0759,Aversion -> Aversion -> Aversion,Aversion,Aversion,Aversion,2,0.08333333333333333
M0759,Neutral -> Aversion -> Aversion,Neutral,Aversion,Aversion,1,0.041666666666666664
M0759,Aversion -> Neutral -> Neutral,Aversion,Neutral,Neutral,1,0.041666666666666664
M0759,Aversion -> Neutral -> Aversion,Aversion,Neutral,Aversion,1,0.041666666666666664
M0759,Aversion -> Aversion -> Neutral,Aversion,Aversion,Neutral,1,0.041666666666666664
M0759,Aversion -> Neutral -> Appreciation,Aversion,Neutral,Appreciation,1,0.041666666666666664
M0759,Appreciation -> Appreciation -> Appreciation,Appreciation,Appreciation,Appreciation,1,0.041666666666666664
M0759,Appreciation -> Appreciation -> Neutral,Appreciation,Appreciation,Neutral,1,0.041666666666666664
M0759,Appreciation -> Neutral -> Appreciation,Appreciation,Neutral,Appreciation,1,0.041666666666666664
M0760,Appreciation -> Appreciation -> Appreciation,Appreciation,Appreciation,Appreciation,9,0.375
M0760,Neutral -> Neutral -> Neutral,Neutral,Neutral,Neutral,5,0.20833333333333334
M0760,Aversion -> Aversion -> Neutral,Aversion,Aversion,Neutral,2,0.08333333333333333
M0760,Neutral -> Aversion -> Aversion,Neutral,Aversion,Aversion,2,0.08333333333333333
M0760,Neutral -> Neutral -> Aversion,Neutral,Neutral,Aversion,1,0.041666666666666664
M0760,Aversion -> Aversion -> Aversion,Aversion,Aversion,Aversion,1,0.041666666666666664
M0760,Aversion -> Neutral -> Aversion,Aversion,Neutral,Aversion,1,0.041666666666666664
M0760,Aversion -> Neutral -> Neutral,Aversion,Neutral,Neutral,1,0.041666666666666664
M0760,Neutral -> Neutral -> Appreciation,Neutral,Neutral,Appreciation,1,0.041666666666666664
M0760,Neutral -> Appreciation -> Appreciation,Neutral,Appreciation,Appreciation,1,0.041666666666666664
M0761,Aversion -> Aversion -> Aversion,Aversion,Aversion,Aversion,8,0.3333333333333333
M0761,Neutral -> Neutral -> Neutral,Neutral,Neutral,Neutral,5,0.20833333333333334
M0761,Neutral -> Aversion -> Aversion,Neutral,Aversion,Aversion,3,0.125
M0761,Neutral -> Neutral -> Aversion,Neutral,Neutral,Aversion,2,0.08333333333333333
M0761,Aversion -> Aversion -> Neutral,Aversion,Aversion,Neutral,2,0.08333333333333333
M0761,Aversion -> Neutral -> Aversion,Aversion,Neutral,Aversion,2,0.08333333333333333
M0761,Aversion -> Neutral -> Neutral,Aversion,Neutral,Neutral,1,0.041666666666666664
M0761,Neutral -> Aversion -> Neutral,Neutral,Aversion,Neutral,1,0.041666666666666664
M0762,Neutral -> Neutral -> Neutral,Neutral,Neutral,Neutral,5,0.20833333333333334
M0762,Aversion -> Aversion -> Aversion,Aversion,Aversion,Aversion,5,0.20833333333333334
M0762,Neutral -> Neutral -> Aversion,Neutral,Neutral,Aversion,3,0.125
M0762,Neutral -> Aversion -> Neutral,Neutral,Aversion,Neutral,2,0.08333333333333333
M0762,Neutral -> Aversion -> Aversion,Neutral,Aversion,Aversion,2,0.08333333333333333
M0762,Aversion -> Aversion -> Neutral,Aversion,Aversion,Neutral,2,0.08333333333333333
M0762,Aversion -> Neutral -> Neutral,Aversion,Neutral,Neutral,2,0.08333333333333333
M0762,Aversion -> Neutral -> Aversion,Aversion,Neutral,Aversion,1,0.041666666666666664
M0762,Aversion -> Neutral -> Appreciation,Aversion,Neutral,Appreciation,1,0.041666666666666664
M0762,Neutral -> Appreciation -> Appreciation,Neutral,Appreciation,Appreciation,1,0.041666666666666664
M0763,Aversion -> Aversion -> Aversion,Aversion,Aversion,Aversion,10,0.4166666666666667
M0763,Aversion -> Aversion -> Neutral,Aversion,Aversion,Neutral,4,0.16666666666666666
M0763,Neutral -> Aversion -> Aversion,Neutral,Aversion,Aversion,4,0.16666666666666666
M0763,Aversion -> Neutral -> Aversion,Aversion,Neutral,Aversion,3,0.125
M0763,Neutral -> Aversion -> Neutral,Neutral,Aversion,Neutral,1,0.041666666666666664
M0763,Aversion -> Neutral -> Neutral,Aversion,Neutral,Neutral,1,0.041666666666666664
M0763,Neutral -> Neutral -> Aversion,Neutral,Neutral,Aversion,1,0.041666666666666664
M0764,Neutral -> Neutral -> Neutral,Neutral,Neutral,Neutral,6,0.25
M0764,Aversion -> Aversion -> Neutral,Aversion,Aversion,Neutral,5,0.20833333333333334
M0764,Neutral -> Aversion -> Aversion,Neutral,Aversion,Aversion,5,0.20833333333333334
M0764,Aversion -> Neutral -> Aversion,Aversion,Neutral,Aversion,3,0.125
M0764,Aversion -> Neutral -> Neutral,Aversion,Neutral,Neutral,2,0.08333333333333333
M0764,Aversion -> Aversion -> Aversion,Aversion,Aversion,Aversion,2,0.08333333333333333
M0764,Neutral -> Neutral -> Aversion,Neutral,Neutral,Aversion,1,0.041666666666666664
M0765,Neutral -> Neutral -> Neutral,Neutral,Neutral,Neutral,7,0.2916666666666667
M0765,Appreciation -> Appreciation -> Appreciation,Appreciation,Appreciation,Appreciation,5,0.20833333333333334
M0765,Neutral -> Aversion -> Neutral,Neutral,Aversion,Neutral,2,0.08333333333333333
M0765,Aversion -> Neutral -> Neutral,Aversion,Neutral,Neutral,2,0.08333333333333333
M0765,Neutral -> Neutral -> Appreciation,Neutral,Neutral,Appreciation,2,0.08333333333333333
M0765,Neutral -> Appreciation -> Neutral,Neutral,Appreciation,Neutral,1,0.041666666666666664
M0765,Neutral -> Neutral -> Aversion,Neutral,Neutral,Aversion,1,0.041666666666666664
M0765,Appreciation -> Neutral -> Neutral,Appreciation,Neutral,Neutral,1,0.041666666666666664
M0765,Neutral -> Appreciation -> Appreciation,Neutral,Appreciation,Appreciation,1,0.041666666666666664
M0765,Appreciation -> Appreciation -> Neutral,Appreciation,Appreciation,Neutral,1,0.041666666666666664
M0765,Appreciation -> Neutral -> Aversion,Appreciation,Neutral,Aversion,1,0.041666666666666664
M0766,Neutral -> Neutral -> Neutral,Neutral,Neutral,Neutral,6,0.25
M0766,Neutral -> Aversion -> Aversion,Neutral,Aversion,Aversion,3,0.125
M0766,Neutral -> Neutral -> Aversion,Neutral,Neutral,Aversion,2,0.08333333333333333
M0766,Aversion -> Aversion -> Neutral,Aversion,Aversion,Neutral,2,0.08333333333333333
M0766,Aversion -> Neutral -> Aversion,Aversion,Neutral,Aversion,2,0.08333333333333333
M0766,Aversion -> Aversion -> Aversion,Aversion,Aversion,Aversion,2,0.08333333333333333
M0766,Neutral -> Aversion -> Neutral,Neutral,Aversion,Neutral,1,0.041666666666666664
M0766,Neutral -> Neutral -> Appreciation,Neutral,Neutral,Appreciation,1,0.041666666666666664
M0766,Aversion -> Neutral -> Neutral,Aversion,Neutral,Neutral,1,0.041666666666666664
M0766,Neutral -> Appreciation -> Appreciation,Neutral,Appreciation,Appreciation,1,0.041666666666666664
M0766,Appreciation -> Appreciation -> Appreciation,Appreciation,Appreciation,Appreciation,1,0.041666666666666664
M0766,Appreciation -> Appreciation -> Neutral,Appreciation,Appreciation,Neutral,1,0.041666666666666664
M0766,Appreciation -> Neutral -> Neutral,Appreciation,Neutral,Neutral,1,0.041666666666666664
M0767,Neutral -> Neutral -> Neutral,Neutral,Neutral,Neutral,11,0.4583333333333333
M0767,Appreciation -> Appreciation -> Appreciation,Appreciation,Appreciation,Appreciation,2,0.08333333333333333
M0767,Neutral -> Neutral -> Aversion,Neutral,Neutral,Aversion,1,0.041666666666666664
M0767,Aversion -> Aversion -> Neutral,Aversion,Aversion,Neutral,1,0.041666666666666664
M0767,Neutral -> Aversion -> Aversion,Neutral,Aversion,Aversion,1,0.041666666666666664
M0767,Aversion -> Neutral -> Aversion,Aversion,Neutral,Aversion,1,0.041666666666666664
M0767,Neutral -> Aversion -> Appreciation,Neutral,Aversion,Appreciation,1,0.041666666666666664
M0767,Appreciation -> Neutral -> Neutral,Appreciation,Neutral,Neutral,1,0.041666666666666664
M0767,Aversion -> Appreciation -> Neutral,Aversion,Appreciation,Neutral,1,0.041666666666666664
M0767,Neutral -> Neutral -> Appreciation,Neutral,Neutral,Appreciation,1,0.041666666666666664
M0767,Neutral -> Appreciation -> Appreciation,Neutral,Appreciation,Appreciation,1,0.041666666666666664
M0767,Appreciation -> Appreciation -> Neutral,Appreciation,Appreciation,Neutral,1,0.041666666666666664
M0767,Appreciation -> Neutral -> Aversion,Appreciation,Neutral,Aversion,1,0.041666666666666664
M0768,Neutral -> Neutral -> Aversion,Neutral,Neutral,Aversion,5,0.20833333333333334
M0768,Neutral -> Aversion -> Neutral,Neutral,Aversion,Neutral,4,0.16666666666666666
M0768,Aversion -> Neutral -> Neutral,Aversion,Neutral,Neutral,4,0.16666666666666666
M0768,Neutral -> Neutral -> Neutral,Neutral,Neutral,Neutral,4,0.16666666666666666
M0768,Aversion -> Aversion -> Aversion,Aversion,Aversion,Aversion,3,0.125
M0768,Neutral -> Aversion -> Aversion,Neutral,Aversion,Aversion,2,0.08333333333333333
M0768,Aversion -> Neutral -> Aversion,Aversion,Neutral,Aversion,1,0.041666666666666664
M0768,Aversion -> Aversion -> Neutral,Aversion,Aversion,Neutral,1,0.041666666666666664
M0769,Neutral -> Neutral -> Neutral,Neutral,Neutral,Neutral,5,0.20833333333333334
M0769,Neutral -> Neutral -> Aversion,Neutral,Neutral,Aversion,4,0.16666666666666666
M0769,Neutral -> Aversion -> Neutral,Neutral,Aversion,Neutral,4,0.16666666666666666
M0769,Aversion -> Neutral -> Neutral,Aversion,Neutral,Neutral,3,0.125
M0769,Appreciation -> Appreciation -> Appreciation,Appreciation,Appreciation,Appreciation,2,0.08333333333333333
M0769,Neutral -> Aversion -> Aversion,Neutral,Aversion,Aversion,1,0.041666666666666664
M0769,Aversion -> Neutral -> Aversion,Aversion,Neutral,Aversion,1,0.041666666666666664
M0769,Aversion -> Aversion -> Aversion,Aversion,Aversion,Aversion,1,0.041666666666666664
M0769,Aversion -> Aversion -> Neutral,Aversion,Aversion,Neutral,1,0.041666666666666664
M0769,Aversion -> Neutral -> Appreciation,Aversion,Neutral,Appreciation,1,0.041666666666666664
M0769,Neutral -> Appreciation -> Appreciation,Neutral,Appreciation,Appreciation,1,0.041666666666666664
M0770,Aversion -> Aversion -> Aversion,Aversion,Aversion,Aversion,12,0.5
M0770,Neutral -> Aversion -> Aversion,Neutral,Aversion,Aversion,4,0.16666666666666666
M0770,Aversion -> Aversion -> Neutral,Aversion,Aversion,Neutral,3,0.125
M0770,Aversion -> Neutral -> Aversion,Aversion,Neutral,Aversion,2,0.08333333333333333
M0770,Aversion -> Neutral -> Neutral,Aversion,Neutral,Neutral,1,0.041666666666666664
M0770,Neutral -> Neutral -> Aversion,Neutral,Neutral,Aversion,1,0.041666666666666664
M0770,Neutral -> Neutral -> Neutral,Neutral,Neutral,Neutral,1,0.041666666666666664
M0771,Aversion -> Aversion -> Aversion,Aversion,Aversion,Aversion,6,0.25
M0771,Aversion -> Neutral -> Neutral,Aversion,Neutral,Neutral,3,0.125
M0771,Aversion -> Aversion -> Neutral,Aversion,Aversion,Neutral,3,0.125
M0771,Neutral -> Aversion -> Aversion,Neutral,Aversion,Aversion,3,0.125
M0771,Neutral -> Neutral -> Neutral,Neutral,Neutral,Neutral,3,0.125
M0771,Neutral -> Aversion -> Neutral,Neutral,Aversion,Neutral,2,0.08333333333333333
M0771,Neutral -> Neutral -> Aversion,Neutral,Neutral,Aversion,2,0.08333333333333333
M0771,Aversion -> Neutral -> Aversion,Aversion,Neutral,Aversion,2,0.08333333333333333
M0772,Neutral -> Neutral -> Neutral,Neutral,Neutral,Neutral,14,0.5833333333333334
M0772,Appreciation -> Appreciation -> Appreciation,Appreciation,Appreciation,Appreciation,5,0.20833333333333334
M0772,Neutral -> Neutral -> Appreciation,Neutral,Neutral,Appreciation,2,0.08333333333333333
M0772,Neutral -> Appreciation -> Neutral,Neutral,Appreciation,Neutral,1,0.041666666666666664
M0772,Appreciation -> Neutral -> Neutral,Appreciation,Neutral,Neutral,1,0.041666666666666664
M0772,Neutral -> Appreciation -> Appreciation,Neutral,Appreciation,Appreciation,1,0.041666666666666664
M0773,Neutral -> Neutral -> Neutral,Neutral,Neutral,Neutral,5,0.20833333333333334
M0773,Aversion -> Aversion -> Aversion,Aversion,Aversion,Aversion,5,0.20833333333333334
M0773,Neutral -> Neutral -> Aversion,Neutral,Neutral,Aversion,2,0.08333333333333333
M0773,Aversion -> Aversion -> Neutral,Aversion,Aversion,Neutral,2,0.08333333333333333
M0773,Neutral -> Aversion -> Aversion,Neutral,Aversion,Aversion,2,0.08333333333333333
M0773,Aversion -> Neutral -> Aversion,Aversion,Neutral,Aversion,1,0.041666666666666664
M0773,Neutral -> Aversion -> Neutral,Neutral,Aversion,Neutral,1,0.041666666666666664
M0773,Aversion -> Neutral -> Neutral,Aversion,Neutral,Neutral,1,0.041666666666666664
M0773,Neutral -> Neutral -> Appreciation,Neutral,Neutral,Appreciation,1,0.041666666666666664
M0773,Neutral -> Appreciation -> Appreciation,Neutral,Appreciation,Appreciation,1,0.041666666666666664
M0773,Appreciation -> Appreciation -> Appreciation,Appreciation,Appreciation,Appreciation,1,0.041666666666666664
M0773,Appreciation -> Appreciation -> Neutral,Appreciation,Appreciation,Neutral,1,0.041666666666666664
M0773,Appreciation -> Neutral -> Neutral,Appreciation,Neutral,Neutral,1,0.041666666666666664
M0774,Neutral -> Neutral -> Neutral,Neutral,Neutral,Neutral,14,0.5833333333333334
M0774,Appreciation -> Appreciation -> Appreciation,Appreciation,Appreciation,Appreciation,5,0.20833333333333334
M0774,Neutral -> Neutral -> Aversion,Neutral,Neutral,Aversion,1,0.041666666666666664
M0774,Neutral -> Aversion -> Neutral,Neutral,Aversion,Neutral,1,0.041666666666666664
M0774,Aversion -> Neutral -> Neutral,Aversion,Neutral,Neutral,1,0.041666666666666664
M0774,Neutral -> Neutral -> Appreciation,Neutral,Neutral,Appreciation,1,0.041666666666666664
M0774,Neutral -> Appreciation -> Appreciation,Neutral,Appreciation,Appreciation,1,0.041666666666666664
M0775,Neutral -> Neutral -> Neutral,Neutral,Neutral,Neutral,8,0.3333333333333333
M0775,Aversion -> Aversion -> Aversion,Aversion,Aversion,Aversion,7,0.2916666666666667
M0775,Neutral -> Neutral -> Aversion,Neutral,Neutral,Aversion,2,0.08333333333333333
M0775,Neutral -> Aversion -> Aversion,Neutral,Aversion,Aversion,2,0.08333333333333333
M0775,Aversion -> Aversion -> Neutral,Aversion,Aversion,Neutral,2,0.08333333333333333
M0775,Aversion -> Neutral -> Neutral,Aversion,Neutral,Neutral,1,0.041666666666666664
M0775,Aversion -> Neutral -> Aversion,Aversion,Neutral,Aversion,1,0.041666666666666664
M0775,Neutral -> Aversion -> Neutral,Neutral,Aversion,Neutral,1,0.041666666666666664
M0776,Neutral -> Neutral -> Neutral,Neutral,Neutral,Neutral,10,0.4166666666666667
M0776,Aversion -> Aversion -> Aversion,Aversion,Aversion,Aversion,8,0.3333333333333333
M0776,Neutral -> Neutral -> Aversion,Neutral,Neutral,Aversion,1,0.041666666666666664
M0776,Neutral -> Aversion -> Aversion,Neutral,Aversion,Aversion,1,0.041666666666666664
M0776,Aversion -> Aversion -> Neutral,Aversion,Aversion,Neutral,1,0.041666666666666664
M0776,Aversion -> Neutral -> Appreciation,Aversion,Neutral,Appreciation,1,0.041666666666666664
M0776,Neutral -> Appreciation -> Appreciation,Neutral,Appreciation,Appreciation,1,0.041666666666666664
M0776,Appreciation -> Appreciation -> Appreciation,Appreciation,Appreciation,Appreciation,1,0.041666666666666664
M0777,Neutral -> Neutral -> Neutral,Neutral,Neutral,Neutral,11,0.4583333333333333
M0777,Neutral -> Neutral -> Aversion,Neutral,Neutral,Aversion,2,0.08333333333333333
M0777,Aversion -> Neutral -> Neutral,Aversion,Neutral,Neutral,2,0.08333333333333333
M0777,Neutral -> Aversion -> Aversion,Neutral,Aversion,Aversion,2,0.08333333333333333
M0777,Aversion -> Aversion -> Neutral,Aversion,Aversion,Neutral,2,0.08333333333333333
M0777,Neutral -> Aversion -> Neutral,Neutral,Aversion,Neutral,1,0.041666666666666664
M0777,Aversion -> Neutral -> Aversion,Aversion,Neutral,Aversion,1,0.041666666666666664
M0777,Aversion -> Aversion -> Aversion,Aversion,Aversion,Aversion,1,0.041666666666666664
M0777,Neutral -> Neutral -> Appreciation,Neutral,Neutral,Appreciation,1,0.041666666666666664
M0777,Neutral -> Appreciation -> Appreciation,Neutral,Appreciation,Appreciation,1,0.041666666666666664
M0778,Neutral -> Neutral -> Neutral,Neutral,Neutral,Neutral,9,0.375
M0778,Appreciation -> Appreciation -> Appreciation,Appreciation,Appreciation,Appreciation,8,0.3333333333333333
M0778,Neutral -> Neutral -> Appreciation,Neutral,Neutral,Appreciation,1,0.041666666666666664
M0778,Neutral -> Appreciation -> Appreciation,Neutral,Appreciation,Appreciation,1,0.041666666666666664
M0778,Appreciation -> Appreciation -> Neutral,Appreciation,Appreciation,Neutral,1,0.041666666666666664
M0778,Appreciation -> Neutral -> Neutral,Appreciation,Neutral,Neutral,1,0.041666666666666664
M0778,Neutral -> Neutral -> Aversion,Neutral,Neutral,Aversion,1,0.041666666666666664
M0778,Neutral -> Aversion -> Aversion,Neutral,Aversion,Aversion,1,0.041666666666666664
M0778,Aversion -> Aversion -> Neutral,Aversion,Aversion,Neutral,1,0.041666666666666664
M0779,Aversion -> Aversion -> Aversion,Aversion,Aversion,Aversion,6,0.25
M0779,Neutral -> Neutral -> Neutral,Neutral,Neutral,Neutral,4,0.16666666666666666
M0779,Aversion -> Neutral -> Neutral,Aversion,Neutral,Neutral,3,0.125
M0779,Aversion -> Aversion -> Neutral,Aversion,Aversion,Neutral,2,0.08333333333333333
M0779,Neutral -> Aversion -> Aversion,Neutral,Aversion,Aversion,2,0.08333333333333333
M0779,Neutral -> Neutral -> Aversion,Neutral,Neutral,Aversion,2,0.08333333333333333
M0779,Neutral -> Aversion -> Neutral,Neutral,Aversion,Neutral,1,0.041666666666666664
M0779,Neutral -> Neutral -> Appreciation,Neutral,Neutral,Appreciation,1,0.041666666666666664
M0779,Neutral -> Appreciation -> Appreciation,Neutral,Appreciation,Appreciation,1,0.041666666666666664
M0779,Appreciation -> Appreciation -> Appreciation,Appreciation,Appreciation,Appreciation,1,0.041666666666666664
M0779,Appreciation -> Appreciation -> Neutral,Appreciation,Appreciation,Neutral,1,0.041666666666666664
M0780,Neutral -> Neutral -> Neutral,Neutral,Neutral,Neutral,12,0.5
M0780,Aversion -> Aversion -> Aversion,Aversion,Aversion,Aversion,3,0.125
M0780,Neutral -> Neutral -> Appreciation,Neutral,Neutral,Appreciation,1,0.041666666666666664
M0780,Neutral -> Appreciation -> Appreciation,Neutral,Appreciation,Appreciation,1,0.041666666666666664
M0780,Appreciation -> Appreciation -> Appreciation,Appreciation,Appreciation,Appreciation,1,0.041666666666666664
M0780,Appreciation -> Neutral -> Neutral,Appreciation,Neutral,Neutral,1,0.041666666666666664
M0780,Appreciation -> Appreciation -> Neutral,Appreciation,Appreciation,Neutral,1,0.041666666666666664
M0780,Neutral -> Neutral -> Aversion,Neutral,Neutral,Aversion,1,0.041666666666666664
M0780,Neutral -> Aversion -> Aversion,Neutral,Aversion,Aversion,1,0.041666666666666664
M0780,Aversion -> Aversion -> Neutral,Aversion,Aversion,Neutral,1,0.041666666666666664
M0780,Aversion -> Neutral -> Neutral,Aversion,Neutral,Neutral,1,0.041666666666666664
M0781,Neutral -> Neutral -> Neutral,Neutral,Neutral,Neutral,11,0.4583333333333333
M0781,Aversion -> Aversion -> Aversion,Aversion,Aversion,Aversion,11,0.4583333333333333
M0781,Neutral -> Neutral -> Aversion,Neutral,Neutral,Aversion,1,0.041666666666666664
M0781,Neutral -> Aversion -> Aversion,Neutral,Aversion,Aversion,1,0.041666666666666664
M0782,Neutral -> Neutral -> Neutral,Neutral,Neutral,Neutral,6,0.25
M0782,Neutral -> Aversion -> Aversion,Neutral,Aversion,Aversion,3,0.125
M0782,Aversion -> Aversion -> Neutral,Aversion,Aversion,Neutral,3,0.125
M0782,Neutral -> Neutral -> Aversion,Neutral,Neutral,Aversion,2,0.08333333333333333
M0782,Aversion -> Neutral -> Neutral,Aversion,Neutral,Neutral,2,0.08333333333333333
M0782,Aversion -> Neutral -> Aversion,Aversion,Neutral,Aversion,2,0.08333333333333333
M0782,Appreciation -> Appreciation -> Appreciation,Appreciation,Appreciation,Appreciation,2,0.08333333333333333
M0782,Aversion -> Aversion -> Aversion,Aversion,Aversion,Aversion,1,0.041666666666666664
M0782,Neutral -> Aversion -> Neutral,Neutral,Aversion,Neutral,1,0.041666666666666664
M0782,Neutral -> Neutral -> Appreciation,Neutral,Neutral,Appreciation,1,0.041666666666666664
M0782,Neutral -> Appreciation -> Appreciation,Neutral,Appreciation,Appreciation,1,0.041666666666666664
M0783,Appreciation -> Appreciation -> Appreciation,Appreciation,Appreciation,Appreciation,8,0.3333333333333333
M0783,Neutral -> Neutral -> Neutral,Neutral,Neutral,Neutral,7,0.2916666666666667
M0783,Neutral -> Neutral -> Aversion,Neutral,Neutral,Aversion,2,0.08333333333333333
M0783,Aversion -> Neutral -> Neutral,Aversion,Neutral,Neutral,2,0.08333333333333333
M0783,Neutral -> Aversion -> Neutral,Neutral,Aversion,Neutral,1,0.041666666666666664
M0783,Neutral -> Aversion -> Aversion,Neutral,Aversion,Aversion,1,0.041666666666666664
M0783,Aversion -> Aversion -> Neutral,Aversion,Aversion,Neutral,1,0.041666666666666664
M0783,Neutral -> Neutral -> Appreciation,Neutral,Neutral,Appreciation,1,0.041666666666666664
M0783,Neutral -> Appreciation -> Appreciation,Neutral,Appreciation,Appreciation,1,0.041666666666666664
M0784,Appreciation -> Appreciation -> Appreciation,Appreciation,Appreciation,Appreciation,10,0.4166666666666667
M0784,Aversion -> Aversion -> Aversion,Aversion,Aversion,Aversion,4,0.16666666666666666
M0784,Neutral -> Aversion -> Aversion,Neutral,Aversion,Aversion,2,0.08333333333333333
M0784,Aversion -> Neutral -> Neutral,Aversion,Neutral,Neutral,2,0.08333333333333333
M0784,Aversion -> Aversion -> Neutral,Aversion,Aversion,Neutral,2,0.08333333333333333
M0784,Neutral -> Neutral -> Aversion,Neutral,Neutral,Aversion,1,0.041666666666666664
M0784,Neutral -> Neutral -> Neutral,Neutral,Neutral,Neutral,1,0.041666666666666664
M0784,Neutral -> Neutral -> Appreciation,Neutral,Neutral,Appreciation,1,0.041666666666666664
M0784,Neutral -> Appreciation -> Appreciation,Neutral,Appreciation,Appreciation,1,0.041666666666666664
M0785,Aversion -> Aversion -> Aversion,Aversion,Aversion,Aversion,7,0.2916666666666667
M0785,Neutral -> Aversion -> Aversion,Neutral,Aversion,Aversion,3,0.125
M0785,Neutral -> Neutral -> Aversion,Neutral,Neutral,Aversion,3,0.125
M0785,Aversion -> Neutral -> Neutral,Aversion,Neutral,Neutral,3,0.125
M0785,Neutral -> Neutral -> Neutral,Neutral,Neutral,Neutral,3,0.125
M0785,Aversion -> Aversion -> Neutral,Aversion,Aversion,Neutral,2,0.08333333333333333
M0785,Neutral -> Aversion -> Neutral,Neutral,Aversion,Neutral,2,0.08333333333333333
M0785,Aversion -> Neutral -> Aversion,Aversion,Neutral,Aversion,1,0.041666666666666664
M0786,Neutral -> Neutral -> Neutral,Neutral,Neutral,Neutral,14,0.5833333333333334
M0786,Appreciation -> Appreciation -> Appreciation,Appreciation,Appreciation,Appreciation,6,0.25
M0786,Aversion -> Neutral -> Neutral,Aversion,Neutral,Neutral,1,0.041666666666666664
M0786,Neutral -> Aversion -> Neutral,Neutral,Aversion,Neutral,1,0.041666666666666664
M0786,Neutral -> Neutral -> Appreciation,Neutral,Neutral,Appreciation,1,0.041666666666666664
M0786,Neutral -> Appreciation -> Appreciation,Neutral,Appreciation,Appreciation,1,0.041666666666666664
M0787,Aversion -> Aversion -> Aversion,Aversion,Aversion,Aversion,5,0.20833333333333334
M0787,Neutral -> Aversion -> Aversion,Neutral,Aversion,Aversion,3,0.125
M0787,Appreciation -> Appreciation -> Appreciation,Appreciation,Appreciation,Appreciation,3,0.125
M0787,Neutral -> Neutral -> Neutral,Neutral,Neutral,Neutral,2,0.08333333333333333
M0787,Neutral -> Neutral -> Aversion,Neutral,Neutral,Aversion,2,0.08333333333333333
M0787,Aversion -> Neutral -> Aversion,Aversion,Neutral,Aversion,2,0.08333333333333333
M0787,Aversion -> Aversion -> Neutral,Aversion,Aversion,Neutral,2,0.08333333333333333
M0787,Neutral -> Aversion -> Neutral,Neutral,Aversion,Neutral,1,0.041666666666666664
M0787,Aversion -> Neutral -> Neutral,Aversion,Neutral,Neutral,1,0.041666666666666664
M0787,Aversion -> Aversion -> Appreciation,Aversion,Aversion,Appreciation,1,0.041666666666666664
M0787,Aversion -> Appreciation -> Appreciation,Aversion,Appreciation,Appreciation,1,0.041666666666666664
M0787,Appreciation -> Appreciation -> Neutral,Appreciation,Appreciation,Neutral,1,0.041666666666666664
M0788,Aversion -> Aversion -> Aversion,Aversion,Aversion,Aversion,9,0.375
M0788,Neutral -> Aversion -> Aversion,Neutral,Aversion,Aversion,5,0.20833333333333334
M0788,Aversion -> Aversion -> Neutral,Aversion,Aversion,Neutral,4,0.16666666666666666
M0788,Aversion -> Neutral -> Neutral,Aversion,Neutral,Neutral,2,0.08333333333333333
M0788,Neutral -> Neutral -> Aversion,Neutral,Neutral,Aversion,2,0.08333333333333333
M0788,Aversion -> Neutral -> Aversion,Aversion,Neutral,Aversion,2,0.08333333333333333
M0789,Aversion -> Aversion -> Aversion,Aversion,Aversion,Aversion,10,0.4166666666666667
M0789,Neutral -> Aversion -> Aversion,Neutral,Aversion,Aversion,4,0.16666666666666666
M0789,Aversion -> Aversion -> Neutral,Aversion,Aversion,Neutral,3,0.125
M0789,Aversion -> Neutral -> Aversion,Aversion,Neutral,Aversion,3,0.125
M0789,Neutral -> Aversion -> Neutral,Neutral,Aversion,Neutral,1,0.041666666666666664
M0789,Aversion -> Neutral -> Neutral,Aversion,Neutral,Neutral,1,0.041666666666666664
M0789,Neutral -> Neutral -> Neutral,Neutral,Neutral,Neutral,1,0.041666666666666664
M0789,Neutral -> Neutral -> Aversion,Neutral,Neutral,Aversion,1,0.041666666666666664
M0790,Neutral -> Aversion -> Neutral,Neutral,Aversion,Neutral,3,0.125
M0790,Aversion -> Neutral -> Aversion,Aversion,Neutral,Aversion,3,0.125
M0790,Appreciation -> Appreciation -> Appreciation,Appreciation,Appreciation,Appreciation,3,0.125
M0790,Aversion -> Aversion -> Aversion,Aversion,Aversion,Aversion,2,0.08333333333333333
M0790,Neutral -> Aversion -> Aversion,Neutral,Aversion,Aversion,2,0.08333333333333333
M0790,Appreciation -> Neutral -> Appreciation,Appreciation,Neutral,Appreciation,2,0.08333333333333333
M0790,Aversion -> Neutral -> Neutral,Aversion,Neutral,Neutral,1,0.041666666666666664
M0790,Aversion -> Aversion -> Neutral,Aversion,Aversion,Neutral,1,0.041666666666666664
M0790,Neutral -> Neutral -> Aversion,Neutral,Neutral,Aversion,1,0.041666666666666664
M0790,Aversion -> Appreciation -> Neutral,Aversion,Appreciation,Neutral,1,0.041666666666666664
M0790,Aversion -> Aversion -> Appreciation,Aversion,Aversion,Appreciation,1,0.041666666666666664
M0790,Neutral -> Appreciation -> Neutral,Neutral,Appreciation,Neutral,1,0.041666666666666664
M0790,Neutral -> Appreciation -> Appreciation,Neutral,Appreciation,Appreciation,1,0.041666666666666664
M0790,Appreciation -> Appreciation -> Neutral,Appreciation,Appreciation,Neutral,1,0.041666666666666664
M0790,Appreciation -> Neutral -> Aversion,Appreciation,Neutral,Aversion,1,0.041666666666666664
M0791,Neutral -> Neutral -> Neutral,Neutral,Neutral,Neutral,11,0.4583333333333333
M0791,Aversion -> Aversion -> Aversion,Aversion,Aversion,Aversion,4,0.16666666666666666
M0791,Neutral -> Neutral -> Appreciation,Neutral,Neutral,Appreciation,2,0.08333333333333333
M0791,Neutral -> Appreciation -> Neutral,Neutral,Appreciation,Neutral,1,0.041666666666666664
M0791,Appreciation -> Neutral -> Aversion,Appreciation,Neutral,Aversion,1,0.041666666666666664
M0791,Neutral -> Aversion -> Aversion,Neutral,Aversion,Aversion,1,0.041666666666666664
M0791,Aversion -> Aversion -> Neutral,Aversion,Aversion,Neutral,1,0.041666666666666664
M0791,Aversion -> Neutral -> Aversion,Aversion,Neutral,Aversion,1,0.041666666666666664
M0791,Neutral -> Aversion -> Neutral,Neutral,Aversion,Neutral,1,0.041666666666666664
M0791,Aversion -> Neutral -> Neutral,Aversion,Neutral,Neutral,1,0.041666666666666664
M0792,Neutral -> Neutral -> Neutral,Neutral,Neutral,Neutral,14,0.5833333333333334
M0792,Neutral -> Neutral -> Aversion,Neutral,Neutral,Aversion,2,0.08333333333333333
M0792,Neutral -> Neutral -> Appreciation,Neutral,Neutral,Appreciation,1,0.041666666666666664
M0792,Neutral -> Appreciation -> Appreciation,Neutral,Appreciation,Appreciation,1,0.041666666666666664
M0792,Appreciation -> Appreciation -> Neutral,Appreciation,Appreciation,Neutral,1,0.041666666666666664
M0792,Appreciation -> Appreciation -> Appreciation,Appreciation,Appreciation,Appreciation,1,0.041666666666666664
M0792,Appreciation -> Neutral -> Neutral,Appreciation,Neutral,Neutral,1,0.041666666666666664
M0792,Neutral -> Aversion -> Neutral,Neutral,Aversion,Neutral,1,0.041666666666666664
M0792,Aversion -> Neutral -> Neutral,Aversion,Neutral,Neutral,1,0.041666666666666664
M0792,Neutral -> Aversion -> Aversion,Neutral,Aversion,Aversion,1,0.041666666666666664
M0793,Aversion -> Aversion -> Aversion,Aversion,Aversion,Aversion,13,0.5416666666666666
M0793,Neutral -> Aversion -> Aversion,Neutral,Aversion,Aversion,3,0.125
M0793,Neutral -> Neutral -> Aversion,Neutral,Neutral,Aversion,2,0.08333333333333333
M0793,Aversion -> Aversion -> Neutral,Aversion,Aversion,Neutral,2,0.08333333333333333
M0793,Aversion -> Neutral -> Aversion,Aversion,Neutral,Aversion,2,0.08333333333333333
M0793,Neutral -> Aversion -> Neutral,Neutral,Aversion,Neutral,1,0.041666666666666664
M0793,Aversion -> Neutral -> Neutral,Aversion,Neutral,Neutral,1,0.041666666666666664
M0794,Aversion -> Aversion -> Aversion,Aversion,Aversion,Aversion,7,0.2916666666666667
M0794,Neutral -> Neutral -> Neutral,Neutral,Neutral,Neutral,3,0.125
M0794,Neutral -> Aversion -> Neutral,Neutral,Aversion,Neutral,2,0.08333333333333333
M0794,Neutral -> Neutral -> Aversion,Neutral,Neutral,Aversion,2,0.08333333333333333
M0794,Appreciation -> Appreciation -> Appreciation,Appreciation,Appreciation,Appreciation,2,0.08333333333333333
M0794,Neutral -> Aversion -> Aversion,Neutral,Aversion,Aversion,2,0.08333333333333333
M0794,Aversion -> Neutral -> Aversion,Aversion,Neutral,Aversion,1,0.041666666666666664
M0794,Aversion -> Aversion -> Appreciation,Aversion,Aversion,Appreciation,1,0.041666666666666664
M0794,Aversion -> Appreciation -> Appreciation,Aversion,Appreciation,Appreciation,1,0.041666666666666664
M0794,Appreciation -> Appreciation -> Neutral,Appreciation,Appreciation,Neutral,1,0.041666666666666664
M0794,Appreciation -> Neutral -> Aversion,Appreciation,Neutral,Aversion,1,0.041666666666666664
M0794,Aversion -> Neutral -> Neutral,Aversion,Neutral,Neutral,1,0.041666666666666664
M0795,Appreciation -> Appreciation -> Appreciation,Appreciation,Appreciation,Appreciation,5,0.20833333333333334
M0795,Aversion -> Aversion -> Aversion,Aversion,Aversion,Aversion,4,0.16666666666666666
M0795,Aversion -> Neutral -> Neutral,Aversion,Neutral,Neutral,2,0.08333333333333333
M0795,Neutral -> Aversion -> Aversion,Neutral,Aversion,Aversion,2,0.08333333333333333
M0795,Neutral -> Neutral -> Neutral,Neutral,Neutral,Neutral,2,0.08333333333333333
M0795,Aversion -> Aversion -> Neutral,Aversion,Aversion,Neutral,1,0.041666666666666664
M0795,Neutral -> Aversion -> Neutral,Neutral,Aversion,Neutral,1,0.041666666666666664
M0795,Neutral -> Neutral -> Aversion,Neutral,Neutral,Aversion,1,0.041666666666666664
M0795,Neutral -> Neutral -> Appreciation,Neutral,Neutral,Appreciation,1,0.041666666666666664
M0795,Neutral -> Appreciation -> Appreciation,Neutral,Appreciation,Appreciation,1,0.041666666666666664
M0795,Appreciation -> Appreciation -> Neutral,Appreciation,Appreciation,Neutral,1,0.041666666666666664
M0795,Appreciation -> Neutral -> Aversion,Appreciation,Neutral,Aversion,1,0.041666666666666664
M0795,Aversion -> Aversion -> Appreciation,Aversion,Aversion,Appreciation,1,0.041666666666666664
M0795,Aversion -> Appreciation -> Appreciation,Aversion,Appreciation,Appreciation,1,0.041666666666666664
M0796,Aversion -> Aversion -> Aversion,Aversion,Aversion,Aversion,13,0.5416666666666666
M0796,Neutral -> Neutral -> Neutral,Neutral,Neutral,Neutral,5,0.20833333333333334
M0796,Neutral -> Neutral -> Aversion,Neutral,Neutral,Aversion,2,0.08333333333333333
M0796,Neutral -> Aversion -> Aversion,Neutral,Aversion,Aversion,2,0.08333333333333333
M0796,Aversion -> Aversion -> Neutral,Aversion,Aversion,Neutral,1,0.041666666666666664
M0796,Aversion -> Neutral -> Neutral,Aversion,Neutral,Neutral,1,0.041666666666666664
M0797,Neutral -> Neutral -> Neutral,Neutral,Neutral,Neutral,9,0.375
M0797,Aversion -> Aversion -> Aversion,Aversion,Aversion,Aversion,6,0.25
M0797,Neutral -> Aversion -> Neutral,Neutral,Aversion,Neutral,2,0.08333333333333333
M0797,Neutral -> Aversion -> Aversion,Neutral,Aversion,Aversion,2,0.08333333333333333
M0797,Aversion -> Neutral -> Aversion,Aversion,Neutral,Aversion,2,0.08333333333333333
M0797,Aversion -> Aversion -> Neutral,Aversion,Aversion,Neutral,1,0.041666666666666664
M0797,Aversion -> Neutral -> Neutral,Aversion,Neutral,Neutral,1,0.041666666666666664
M0797,Neutral -> Neutral -> Aversion,Neutral,Neutral,Aversion,1,0.041666666666666664
M0798,Aversion -> Aversion -> Aversion,Aversion,Aversion,Aversion,10,0.4166666666666667
M0798,Appreciation -> Appreciation -> Appreciation,Appreciation,Appreciation,Appreciation,3,0.125
M0798,Neutral -> Neutral -> Aversion,Neutral,Neutral,Aversion,2,0.08333333333333333
M0798,Neutral -> Neutral -> Neutral,Neutral,Neutral,Neutral,2,0.08333333333333333
M0798,Neutral -> Aversion -> Aversion,Neutral,Aversion,Aversion,2,0.08333333333333333
M0798,Aversion -> Aversion -> Neutral,Aversion,Aversion,Neutral,1,0.041666666666666664
M0798,Aversion -> Neutral -> Appreciation,Aversion,Neutral,Appreciation,1,0.041666666666666664
M0798,Neutral -> Appreciation -> Appreciation,Neutral,Appreciation,Appreciation,1,0.041666666666666664
M0798,Appreciation -> Appreciation -> Neutral,Appreciation,Appreciation,Neutral,1,0.041666666666666664
M0798,Appreciation -> Neutral -> Neutral,Appreciation,Neutral,Neutral,1,0.041666666666666664
M0799,Appreciation -> Appreciation -> Appreciation,Appreciation,Appreciation,Appreciation,7,0.2916666666666667
M0799,Neutral -> Aversion -> Aversion,Neutral,Aversion,Aversion,3,0.125
M0799,Aversion -> Neutral -> Aversion,Aversion,Neutral,Aversion,3,0.125
M0799,Aversion -> Aversion -> Aversion,Aversion,Aversion,Aversion,3,0.125
M0799,Aversion -> Aversion -> Neutral,Aversion,Aversion,Neutral,3,0.125
M0799,Neutral -> Neutral -> Neutral,Neutral,Neutral,Neutral,1,0.041666666666666664
M0799,Neutral -> Neutral -> Aversion,Neutral,Neutral,Aversion,1,0.041666666666666664
M0799,Neutral -> Aversion -> Neutral,Neutral,Aversion,Neutral,1,0.041666666666666664
M0799,Aversion -> Neutral -> Appreciation,Aversion,Neutral,Appreciation,1,0.041666666666666664
M0799,Neutral -> Appreciation -> Appreciation,Neutral,Appreciation,Appreciation,1,0.041666666666666664
M0800,Neutral -> Neutral -> Neutral,Neutral,Neutral,Neutral,5,0.20833333333333334
M0800,Neutral -> Aversion -> Aversion,Neutral,Aversion,Aversion,4,0.16666666666666666
M0800,Aversion -> Aversion -> Neutral,Aversion,Aversion,Neutral,3,0.125
M0800,Aversion -> Aversion -> Aversion,Aversion,Aversion,Aversion,3,0.125
M0800,Neutral -> Neutral -> Aversion,Neutral,Neutral,Aversion,2,0.08333333333333333
M0800,Aversion -> Neutral -> Aversion,Aversion,Neutral,Aversion,1,0.041666666666666664
M0800,Aversion -> Neutral -> Neutral,Aversion,Neutral,Neutral,1,0.041666666666666664
M0800,Aversion -> Neutral -> Appreciation,Aversion,Neutral,Appreciation,1,0.041666666666666664
M0800,Neutral -> Appreciation -> Appreciation,Neutral,Appreciation,Appreciation,1,0.041666666666666664
M0800,Appreciation -> Appreciation -> Appreciation,Appreciation,Appreciation,Appreciation,1,0.041666666666666664
M0800,Appreciation -> Appreciation -> Neutral,Appreciation,Appreciation,Neutral,1,0.041666666666666664
M0800,Appreciation -> Neutral -> Neutral,Appreciation,Neutral,Neutral,1,0.041666666666666664
M0801,Neutral -> Neutral -> Neutral,Neutral,Neutral,Neutral,12,0.5
M0801,Aversion -> Aversion -> Aversion,Aversion,Aversion,Aversion,3,0.125
M0801,Neutral -> Aversion -> Aversion,Neutral,Aversion,Aversion,2,0.08333333333333333
M0801,Neutral -> Neutral -> Appreciation,Neutral,Neutral,Appreciation,1,0.041666666666666664
M0801,Neutral -> Appreciation -> Appreciation,Neutral,Appreciation,Appreciation,1,0.041666666666666664
M0801,Appreciation -> Appreciation -> Appreciation,Appreciation,Appreciation,Appreciation,1,0.041666666666666664
M0801,Appreciation -> Neutral -> Aversion,Appreciation,Neutral,Aversion,1,0.041666666666666664
M0801,Appreciation -> Appreciation -> Neutral,Appreciation,Appreciation,Neutral,1,0.041666666666666664
M0801,Aversion -> Aversion -> Neutral,Aversion,Aversion,Neutral,1,0.041666666666666664
M0801,Aversion -> Neutral -> Aversion,Aversion,Neutral,Aversion,1,0.041666666666666664
M0802,Neutral -> Neutral -> Neutral,Neutral,Neutral,Neutral,14,0.5833333333333334
M0802,Appreciation -> Appreciation -> Appreciation,Appreciation,Appreciation,Appreciation,4,0.16666666666666666
M0802,Neutral -> Neutral -> Appreciation,Neutral,Neutral,Appreciation,2,0.08333333333333333
M0802,Neutral -> Appreciation -> Appreciation,Neutral,Appreciation,Appreciation,2,0.08333333333333333
M0802,Appreciation -> Appreciation -> Neutral,Appreciation,Appreciation,Neutral,1,0.041666666666666664
M0802,Appreciation -> Neutral -> Neutral,Appreciation,Neutral,Neutral,1,0.041666666666666664
M0803,Neutral -> Neutral -> Neutral,Neutral,Neutral,Neutral,8,0.3333333333333333
M0803,Appreciation -> Appreciation -> Appreciation,Appreciation,Appreciation,Appreciation,7,0.2916666666666667
M0803,Neutral -> Neutral -> Appreciation,Neutral,Neutral,Appreciation,2,0.08333333333333333
M0803,Neutral -> Appreciation -> Appreciation,Neutral,Appreciation,Appreciation,2,0.08333333333333333
M0803,Neutral -> Neutral -> Aversion,Neutral,Neutral,Aversion,1,0.041666666666666664
M0803,Aversion -> Neutral -> Neutral,Aversion,Neutral,Neutral,1,0.041666666666666664
M0803,Neutral -> Aversion -> Neutral,Neutral,Aversion,Neutral,1,0.041666666666666664
M0803,Appreciation -> Appreciation -> Neutral,Appreciation,Appreciation,Neutral,1,0.041666666666666664
M0803,Appreciation -> Neutral -> Neutral,Appreciation,Neutral,Neutral,1,0.041666666666666664
M0804,Aversion -> Aversion -> Aversion,Aversion,Aversion,Aversion,7,0.2916666666666667
M0804,Appreciation -> Appreciation -> Appreciation,Appreciation,Appreciation,Appreciation,5,0.20833333333333334
M0804,Aversion -> Neutral -> Aversion,Aversion,Neutral,Aversion,2,0.08333333333333333
M0804,Aversion -> Aversion -> Neutral,Aversion,Aversion,Neutral,2,0.08333333333333333
M0804,Neutral -> Aversion -> Aversion,Neutral,Aversion,Aversion,2,0.08333333333333333
M0804,Neutral -> Aversion -> Neutral,Neutral,Aversion,Neutral,1,0.041666666666666664
M0804,Neutral -> Neutral -> Aversion,Neutral,Neutral,Aversion,1,0.041666666666666664
M0804,Aversion -> Neutral -> Appreciation,Aversion,Neutral,Appreciation,1,0.041666666666666664
M0804,Neutral -> Appreciation -> Appreciation,Neutral,Appreciation,Appreciation,1,0.041666666666666664
M0804,Appreciation -> Appreciation -> Neutral,Appreciation,Appreciation,Neutral,1,0.041666666666666664
M0804,Appreciation -> Neutral -> Appreciation,Appreciation,Neutral,Appreciation,1,0.041666666666666664
M0805,Aversion -> Aversion -> Aversion,Aversion,Aversion,Aversion,7,0.2916666666666667
M0805,Neutral -> Neutral -> Neutral,Neutral,Neutral,Neutral,2,0.08333333333333333
M0805,Neutral -> Neutral -> Aversion,Neutral,Neutral,Aversion,2,0.08333333333333333
M0805,Neutral -> Aversion -> Aversion,Neutral,Aversion,Aversion,2,0.08333333333333333
M0805,Aversion -> Aversion -> Neutral,Aversion,Aversion,Neutral,2,0.08333333333333333
M0805,Aversion -> Neutral -> Neutral,Aversion,Neutral,Neutral,2,0.08333333333333333
M0805,Aversion -> Neutral -> Aversion,Aversion,Neutral,Aversion,1,0.041666666666666664
M0805,Neutral -> Aversion -> Neutral,Neutral,Aversion,Neutral,1,0.041666666666666664
M0805,Neutral -> Neutral -> Appreciation,Neutral,Neutral,Appreciation,1,0.041666666666666664
M0805,Neutral -> Appreciation -> Appreciation,Neutral,Appreciation,Appreciation,1,0.041666666666666664
M0805,Appreciation -> Appreciation -> Appreciation,Appreciation,Appreciation,Appreciation,1,0.041666666666666664
M0805,Appreciation -> Appreciation -> Neutral,Appreciation,Appreciation,Neutral,1,0.041666666666666664
M0805,Appreciation -> Neutral -> Neutral,Appreciation,Neutral,Neutral,1,0.041666666666666664
M0806,Neutral -> Aversion -> Neutral,Neutral,Aversion,Neutral,3,0.125
M0806,Aversion -> Neutral -> Aversion,Aversion,Neutral,Aversion,3,0.125
M0806,Aversion -> Aversion -> Aversion,Aversion,Aversion,Aversion,3,0.125
M0806,Appreciation -> Appreciation -> Appreciation,Appreciation,Appreciation,Appreciation,3,0.125
M0806,Neutral -> Aversion -> Aversion,Neutral,Aversion,Aversion,2,0.08333333333333333
M0806,Neutral -> Neutral -> Aversion,Neutral,Neutral,Aversion,2,0.08333333333333333
M0806,Aversion -> Neutral -> Neutral,Aversion,Neutral,Neutral,1,0.041666666666666664
M0806,Aversion -> Aversion -> Neutral,Aversion,Aversion,Neutral,1,0.041666666666666664
M0806,Aversion -> Aversion -> Appreciation,Aversion,Aversion,Appreciation,1,0.041666666666666664
M0806,Aversion -> Appreciation -> Appreciation,Aversion,Appreciation,Appreciation,1,0.041666666666666664
M0806,Appreciation -> Appreciation -> Neutral,Appreciation,Appreciation,Neutral,1,0.041666666666666664
M0806,Appreciation -> Neutral -> Appreciation,Appreciation,Neutral,Appreciation,1,0.041666666666666664
M0806,Neutral -> Appreciation -> Neutral,Neutral,Appreciation,Neutral,1,0.041666666666666664
M0806,Appreciation -> Neutral -> Aversion,Appreciation,Neutral,Aversion,1,0.041666666666666664
M0807,Neutral -> Neutral -> Neutral,Neutral,Neutral,Neutral,6,0.25
M0807,Neutral -> Aversion -> Aversion,Neutral,Aversion,Aversion,4,0.16666666666666666
M0807,Aversion -> Aversion -> Neutral,Aversion,Aversion,Neutral,4,0.16666666666666666
M0807,Aversion -> Neutral -> Aversion,Aversion,Neutral,Aversion,3,0.125
M0807,Neutral -> Neutral -> Aversion,Neutral,Neutral,Aversion,2,0.08333333333333333
M0807,Aversion -> Neutral -> Neutral,Aversion,Neutral,Neutral,2,0.08333333333333333
M0807,Aversion -> Aversion -> Aversion,Aversion,Aversion,Aversion,2,0.08333333333333333
M0807,Neutral -> Aversion -> Neutral,Neutral,Aversion,Neutral,1,0.041666666666666664
M0808,Appreciation -> Appreciation -> Appreciation,Appreciation,Appreciation,Appreciation,8,0.3333333333333333
M0808,Neutral -> Neutral -> Neutral,Neutral,Neutral,Neutral,5,0.20833333333333334
M0808,Aversion -> Aversion -> Aversion,Aversion,Aversion,Aversion,5,0.20833333333333334
M0808,Neutral -> Aversion -> Aversion,Neutral,Aversion,Aversion,1,0.041666666666666664
M0808,Neutral -> Neutral -> Aversion,Neutral,Neutral,Aversion,1,0.041666666666666664
M0808,Aversion -> Aversion -> Neutral,Aversion,Aversion,Neutral,1,0.041666666666666664
M0808,Aversion -> Neutral -> Neutral,Aversion,Neutral,Neutral,1,0.041666666666666664
M0808,Neutral -> Neutral -> Appreciation,Neutral,Neutral,Appreciation,1,0.041666666666666664
M0808,Neutral -> Appreciation -> Appreciation,Neutral,Appreciation,Appreciation,1,0.041666666666666664
M0809,Aversion -> Aversion -> Aversion,Aversion,Aversion,Aversion,15,0.625
M0809,Neutral -> Aversion -> Aversion,Neutral,Aversion,Aversion,3,0.125
M0809,Aversion -> Aversion -> Neutral,Aversion,Aversion,Neutral,3,0.125
M0809,Aversion -> Neutral -> Neutral,Aversion,Neutral,Neutral,1,0.041666666666666664
M0809,Neutral -> Neutral -> Aversion,Neutral,Neutral,Aversion,1,0.041666666666666664
M0809,Aversion -> Neutral -> Aversion,Aversion,Neutral,Aversion,1,0.041666666666666664
M0810,Appreciation -> Appreciation -> Appreciation,Appreciation,Appreciation,Appreciation,9,0.375
M0810,Neutral -> Neutral -> Neutral,Neutral,Neutral,Neutral,4,0.16666666666666666
M0810,Aversion -> Aversion -> Aversion,Aversion,Aversion,Aversion,2,0.08333333333333333
M0810,Neutral -> Aversion -> Aversion,Neutral,Aversion,Aversion,2,0.08333333333333333
M0810,Aversion -> Aversion -> Neutral,Aversion,Aversion,Neutral,2,0.08333333333333333
M0810,Neutral -> Neutral -> Aversion,Neutral,Neutral,Aversion,1,0.041666666666666664
M0810,Aversion -> Neutral -> Aversion,Aversion,Neutral,Aversion,1,0.041666666666666664
M0810,Aversion -> Neutral -> Neutral,Aversion,Neutral,Neutral,1,0.041666666666666664
M0810,Neutral -> Neutral -> Appreciation,Neutral,Neutral,Appreciation,1,0.041666666666666664
M0810,Neutral -> Appreciation -> Appreciation,Neutral,Appreciation,Appreciation,1,0.041666666666666664
M0811,Appreciation -> Appreciation -> Appreciation,Appreciation,Appreciation,Appreciation,8,0.3333333333333333
M0811,Neutral -> Neutral -> Neutral,Neutral,Neutral,Neutral,8,0.3333333333333333
M0811,Aversion -> Neutral -> Neutral,Aversion,Neutral,Neutral,1,0.041666666666666664
M0811,Neutral -> Aversion -> Neutral,Neutral,Aversion,Neutral,1,0.041666666666666664
M0811,Neutral -> Neutral -> Appreciation,Neutral,Neutral,Appreciation,1,0.041666666666666664
M0811,Neutral -> Appreciation -> Appreciation,Neutral,Appreciation,Appreciation,1,0.041666666666666664
M0811,Appreciation -> Appreciation -> Neutral,Appreciation,Appreciation,Neutral,1,0.041666666666666664
M0811,Appreciation -> Neutral -> Neutral,Appreciation,Neutral,Neutral,1,0.041666666666666664
M0811,Neutral -> Neutral -> Aversion,Neutral,Neutral,Aversion,1,0.041666666666666664
M0811,Neutral -> Aversion -> Aversion,Neutral,Aversion,Aversion,1,0.041666666666666664
M0812,Neutral -> Neutral -> Neutral,Neutral,Neutral,Neutral,13,0.5416666666666666
M0812,Neutral -> Neutral -> Aversion,Neutral,Neutral,Aversion,3,0.125
M0812,Neutral -> Aversion -> Neutral,Neutral,Aversion,Neutral,2,0.08333333333333333
M0812,Aversion -> Neutral -> Neutral,Aversion,Neutral,Neutral,2,0.08333333333333333
M0812,Aversion -> Neutral -> Aversion,Aversion,Neutral,Aversion,1,0.041666666666666664
M0812,Neutral -> Aversion -> Aversion,Neutral,Aversion,Aversion,1,0.041666666666666664
M0812,Aversion -> Aversion -> Aversion,Aversion,Aversion,Aversion,1,0.041666666666666664
M0812,Aversion -> Aversion -> Neutral,Aversion,Aversion,Neutral,1,0.041666666666666664
M0813,Aversion -> Aversion -> Aversion,Aversion,Aversion,Aversion,5,0.20833333333333334
M0813,Neutral -> Aversion -> Aversion,Neutral,Aversion,Aversion,4,0.16666666666666666
M0813,Aversion -> Neutral -> Aversion,Aversion,Neutral,Aversion,3,0.125
M0813,Aversion -> Aversion -> Neutral,Aversion,Aversion,Neutral,3,0.125
M0813,Neutral -> Neutral -> Neutral,Neutral,Neutral,Neutral,2,0.08333333333333333
M0813,Neutral -> Neutral -> Aversion,Neutral,Neutral,Aversion,2,0.08333333333333333
M0813,Neutral -> Aversion -> Neutral,Neutral,Aversion,Neutral,1,0.041666666666666664
M0813,Aversion -> Neutral -> Neutral,Aversion,Neutral,Neutral,1,0.041666666666666664
M0813,Neutral -> Neutral -> Appreciation,Neutral,Neutral,Appreciation,1,0.041666666666666664
M0813,Neutral -> Appreciation -> Neutral,Neutral,Appreciation,Neutral,1,0.041666666666666664
M0813,Appreciation -> Neutral -> Neutral,Appreciation,Neutral,Neutral,1,0.041666666666666664
M0814,Neutral -> Neutral -> Neutral,Neutral,Neutral,Neutral,5,0.20833333333333334
M0814,Appreciation -> Appreciation -> Appreciation,Appreciation,Appreciation,Appreciation,4,0.16666666666666666
M0814,Aversion -> Aversion -> Neutral,Aversion,Aversion,Neutral,3,0.125
M0814,Neutral -> Aversion -> Aversion,Neutral,Aversion,Aversion,3,0.125
M0814,Neutral -> Neutral -> Aversion,Neutral,Neutral,Aversion,2,0.08333333333333333
M0814,Aversion -> Aversion -> Aversion,Aversion,Aversion,Aversion,2,0.08333333333333333
M0814,Aversion -> Neutral -> Neutral,Aversion,Neutral,Neutral,2,0.08333333333333333
M0814,Aversion -> Neutral -> Aversion,Aversion,Neutral,Aversion,1,0.041666666666666664
M0814,Neutral -> Neutral -> Appreciation,Neutral,Neutral,Appreciation,1,0.041666666666666664
M0814,Neutral -> Appreciation -> Appreciation,Neutral,Appreciation,Appreciation,1,0.041666666666666664
M0815,Neutral -> Neutral -> Neutral,Neutral,Neutral,Neutral,11,0.4583333333333333
M0815,Aversion -> Aversion -> Aversion,Aversion,Aversion,Aversion,3,0.125
M0815,Aversion -> Neutral -> Neutral,Aversion,Neutral,Neutral,2,0.08333333333333333
M0815,Neutral -> Neutral -> Aversion,Neutral,Neutral,Aversion,2,0.08333333333333333
M0815,Aversion -> Aversion -> Neutral,Aversion,Aversion,Neutral,2,0.08333333333333333
M0815,Neutral -> Aversion -> Aversion,Neutral,Aversion,Aversion,2,0.08333333333333333
M0815,Neutral -> Aversion -> Neutral,Neutral,Aversion,Neutral,1,0.041666666666666664
M0815,Aversion -> Neutral -> Aversion,Aversion,Neutral,Aversion,1,0.041666666666666664
M0816,Aversion -> Aversion -> Aversion,Aversion,Aversion,Aversion,8,0.3333333333333333
M0816,Neutral -> Aversion -> Aversion,Neutral,Aversion,Aversion,4,0.16666666666666666
M0816,Neutral -> Neutral -> Aversion,Neutral,Neutral,Aversion,3,0.125
M0816,Aversion -> Aversion -> Neutral,Aversion,Aversion,Neutral,3,0.125
M0816,Aversion -> Neutral -> Neutral,Aversion,Neutral,Neutral,2,0.08333333333333333
M0816,Aversion -> Neutral -> Aversion,Aversion,Neutral,Aversion,2,0.08333333333333333
M0816,Neutral -> Neutral -> Neutral,Neutral,Neutral,Neutral,1,0.041666666666666664
M0816,Neutral -> Aversion -> Neutral,Neutral,Aversion,Neutral,1,0.041666666666666664
M0817,Neutral -> Neutral -> Neutral,Neutral,Neutral,Neutral,6,0.25
M0817,Neutral -> Neutral -> Aversion,Neutral,Neutral,Aversion,4,0.16666666666666666
M0817,Neutral -> Aversion -> Aversion,Neutral,Aversion,Aversion,3,0.125
M0817,Aversion -> Neutral -> Neutral,Aversion,Neutral,Neutral,3,0.125
M0817,Aversion -> Aversion -> Aversion,Aversion,Aversion,Aversion,3,0.125
M0817,Aversion -> Aversion -> Neutral,Aversion,Aversion,Neutral,2,0.08333333333333333
M0817,Neutral -> Aversion -> Neutral,Neutral,Aversion,Neutral,2,0.08333333333333333
M0817,Aversion -> Neutral -> Aversion,Aversion,Neutral,Aversion,1,0.041666666666666664
M0818,Neutral -> Neutral -> Aversion,Neutral,Neutral,Aversion,4,0.16666666666666666
M0818,Neutral -> Neutral -> Neutral,Neutral,Neutral,Neutral,4,0.16666666666666666
M0818,Neutral -> Aversion -> Neutral,Neutral,Aversion,Neutral,3,0.125
M0818,Aversion -> Neutral -> Neutral,Aversion,Neutral,Neutral,3,0.125
M0818,Neutral -> Aversion -> Aversion,Neutral,Aversion,Aversion,2,0.08333333333333333
M0818,Aversion -> Aversion -> Neutral,Aversion,Aversion,Neutral,2,0.08333333333333333
M0818,Appreciation -> Appreciation -> Appreciation,Appreciation,Appreciation,Appreciation,2,0.08333333333333333
M0818,Aversion -> Neutral -> Aversion,Aversion,Neutral,Aversion,1,0.041666666666666664
M0818,Aversion -> Neutral -> Appreciation,Aversion,Neutral,Appreciation,1,0.041666666666666664
M0818,Neutral -> Appreciation -> Appreciation,Neutral,Appreciation,Appreciation,1,0.041666666666666664
M0818,Appreciation -> Appreciation -> Neutral,Appreciation,Appreciation,Neutral,1,0.041666666666666664
M0819,Neutral -> Neutral -> Neutral,Neutral,Neutral,Neutral,9,0.375
M0819,Aversion -> Aversion -> Aversion,Aversion,Aversion,Aversion,8,0.3333333333333333
M0819,Aversion -> Neutral -> Aversion,Aversion,Neutral,Aversion,2,0.08333333333333333
M0819,Neutral -> Aversion -> Aversion,Neutral,Aversion,Aversion,2,0.08333333333333333
M0819,Neutral -> Neutral -> Aversion,Neutral,Neutral,Aversion,1,0.041666666666666664
M0819,Neutral -> Aversion -> Neutral,Neutral,Aversion,Neutral,1,0.041666666666666664
M0819,Aversion -> Aversion -> Neutral,Aversion,Aversion,Neutral,1,0.041666666666666664
M0820,Aversion -> Aversion -> Aversion,Aversion,Aversion,Aversion,7,0.2916666666666667
M0820,Neutral -> Neutral -> Neutral,Neutral,Neutral,Neutral,5,0.20833333333333334
M0820,Neutral -> Aversion -> Aversion,Neutral,Aversion,Aversion,3,0.125
M0820,Neutral -> Neutral -> Aversion,Neutral,Neutral,Aversion,3,0.125
M0820,Aversion -> Aversion -> Neutral,Aversion,Aversion,Neutral,2,0.08333333333333333
M0820,Aversion -> Neutral -> Neutral,Aversion,Neutral,Neutral,2,0.08333333333333333
M0820,Neutral -> Aversion -> Neutral,Neutral,Aversion,Neutral,1,0.041666666666666664
M0820,Aversion -> Neutral -> Aversion,Aversion,Neutral,Aversion,1,0.041666666666666664
M0821,Appreciation -> Appreciation -> Appreciation,Appreciation,Appreciation,Appreciation,7,0.2916666666666667
M0821,Aversion -> Neutral -> Aversion,Aversion,Neutral,Aversion,3,0.125
M0821,Aversion -> Aversion -> Aversion,Aversion,Aversion,Aversion,2,0.08333333333333333
M0821,Neutral -> Aversion -> Aversion,Neutral,Aversion,Aversion,2,0.08333333333333333
M0821,Aversion -> Aversion -> Neutral,Aversion,Aversion,Neutral,2,0.08333333333333333
M0821,Neutral -> Aversion -> Neutral,Neutral,Aversion,Neutral,2,0.08333333333333333
M0821,Neutral -> Neutral -> Neutral,Neutral,Neutral,Neutral,1,0.041666666666666664
M0821,Aversion -> Neutral -> Neutral,Aversion,Neutral,Neutral,1,0.041666666666666664
M0821,Neutral -> Neutral -> Appreciation,Neutral,Neutral,Appreciation,1,0.041666666666666664
M0821,Neutral -> Appreciation -> Appreciation,Neutral,Appreciation,Appreciation,1,0.041666666666666664
M0821,Appreciation -> Appreciation -> Neutral,Appreciation,Appreciation,Neutral,1,0.041666666666666664
M0821,Appreciation -> Neutral -> Aversion,Appreciation,Neutral,Aversion,1,0.041666666666666664
M0822,Neutral -> Neutral -> Neutral,Neutral,Neutral,Neutral,7,0.2916666666666667
M0822,Appreciation -> Appreciation -> Appreciation,Appreciation,Appreciation,Appreciation,3,0.125
M0822,Neutral -> Aversion -> Aversion,Neutral,Aversion,Aversion,2,0.08333333333333333
M0822,Aversion -> Aversion -> Aversion,Aversion,Aversion,Aversion,2,0.08333333333333333
M0822,Neutral -> Neutral -> Aversion,Neutral,Neutral,Aversion,2,0.08333333333333333
M0822,Aversion -> Neutral -> Neutral,Aversion,Neutral,Neutral,1,0.041666666666666664
M0822,Neutral -> Aversion -> Neutral,Neutral,Aversion,Neutral,1,0.041666666666666664
M0822,Aversion -> Neutral -> Appreciation,Aversion,Neutral,Appreciation,1,0.041666666666666664
M0822,Aversion -> Aversion -> Neutral,Aversion,Aversion,Neutral,1,0.041666666666666664
M0822,Neutral -> Appreciation -> Appreciation,Neutral,Appreciation,Appreciation,1,0.041666666666666664
M0822,Appreciation -> Appreciation -> Neutral,Appreciation,Appreciation,Neutral,1,0.041666666666666664
M0822,Appreciation -> Neutral -> Neutral,Appreciation,Neutral,Neutral,1,0.041666666666666664
M0822,Aversion -> Aversion -> Appreciation,Aversion,Aversion,Appreciation,1,0.041666666666666664
M0823,Aversion -> Aversion -> Aversion,Aversion,Aversion,Aversion,8,0.3333333333333333
M0823,Neutral -> Aversion -> Aversion,Neutral,Aversion,Aversion,4,0.16666666666666666
M0823,Aversion -> Aversion -> Neutral,Aversion,Aversion,Neutral,2,0.08333333333333333
M0823,Aversion -> Neutral -> Aversion,Aversion,Neutral,Aversion,2,0.08333333333333333
M0823,Neutral -> Neutral -> Aversion,Neutral,Neutral,Aversion,2,0.08333333333333333
M0823,Aversion -> Neutral -> Neutral,Aversion,Neutral,Neutral,1,0.041666666666666664
M0823,Aversion -> Aversion -> Appreciation,Aversion,Aversion,Appreciation,1,0.041666666666666664
M0823,Aversion -> Appreciation -> Appreciation,Aversion,Appreciation,Appreciation,1,0.041666666666666664
M0823,Appreciation -> Appreciation -> Neutral,Appreciation,Appreciation,Neutral,1,0.041666666666666664
M0823,Appreciation -> Neutral -> Neutral,Appreciation,Neutral,Neutral,1,0.041666666666666664
M0823,Neutral -> Aversion -> Neutral,Neutral,Aversion,Neutral,1,0.041666666666666664
M0824,Neutral -> Neutral -> Neutral,Neutral,Neutral,Neutral,7,0.2916666666666667
M0824,Neutral -> Aversion -> Aversion,Neutral,Aversion,Aversion,3,0.125
M0824,Aversion -> Neutral -> Neutral,Aversion,Neutral,Neutral,3,0.125
M0824,Aversion -> Aversion -> Neutral,Aversion,Aversion,Neutral,3,0.125
M0824,Neutral -> Neutral -> Aversion,Neutral,Neutral,Aversion,3,0.125
M0824,Aversion -> Neutral -> Aversion,Aversion,Neutral,Aversion,2,0.08333333333333333
M0824,Neutral -> Aversion -> Neutral,Neutral,Aversion,Neutral,2,0.08333333333333333
M0824,Aversion -> Aversion -> Aversion,Aversion,Aversion,Aversion,1,0.041666666666666664
M0825,Neutral -> Neutral -> Neutral,Neutral,Neutral,Neutral,8,0.3333333333333333
M0825,Aversion -> Aversion -> Aversion,Aversion,Aversion,Aversion,5,0.20833333333333334
M0825,Neutral -> Neutral -> Aversion,Neutral,Neutral,Aversion,3,0.125
M0825,Neutral -> Aversion -> Aversion,Neutral,Aversion,Aversion,2,0.08333333333333333
M0825,Aversion -> Aversion -> Neutral,Aversion,Aversion,Neutral,2,0.08333333333333333
M0825,Aversion -> Neutral -> Neutral,Aversion,Neutral,Neutral,2,0.08333333333333333
M0825,Neutral -> Aversion -> Neutral,Neutral,Aversion,Neutral,1,0.041666666666666664
M0825,Aversion -> Neutral -> Appreciation,Aversion,Neutral,Appreciation,1,0.041666666666666664
M0826,Neutral -> Neutral -> Neutral,Neutral,Neutral,Neutral,10,0.4166666666666667
M0826,Neutral -> Aversion -> Aversion,Neutral,Aversion,Aversion,4,0.16666666666666666
M0826,Aversion -> Aversion -> Neutral,Aversion,Aversion,Neutral,4,0.16666666666666666
M0826,Neutral -> Neutral -> Aversion,Neutral,Neutral,Aversion,2,0.08333333333333333
M0826,Aversion -> Neutral -> Aversion,Aversion,Neutral,Aversion,2,0.08333333333333333
M0826,Aversion -> Neutral -> Neutral,Aversion,Neutral,Neutral,2,0.08333333333333333
M0827,Appreciation -> Appreciation -> Appreciation,Appreciation,Appreciation,Appreciation,10,0.4166666666666667
M0827,Aversion -> Neutral -> Aversion,Aversion,Neutral,Aversion,3,0.125
M0827,Aversion -> Aversion -> Neutral,Aversion,Aversion,Neutral,2,0.08333333333333333
M0827,Neutral -> Aversion -> Aversion,Neutral,Aversion,Aversion,2,0.08333333333333333
M0827,Neutral -> Aversion -> Neutral,Neutral,Aversion,Neutral,2,0.08333333333333333
M0827,Aversion -> Aversion -> Aversion,Aversion,Aversion,Aversion,2,0.08333333333333333
M0827,Neutral -> Neutral -> Aversion,Neutral,Neutral,Aversion,1,0.041666666666666664
M0827,Aversion -> Neutral -> Appreciation,Aversion,Neutral,Appreciation,1,0.041666666666666664
M0827,Neutral -> Appreciation -> Appreciation,Neutral,Appreciation,Appreciation,1,0.041666666666666664
M0828,Appreciation -> Appreciation -> Appreciation,Appreciation,Appreciation,Appreciation,9,0.375
M0828,Neutral -> Neutral -> Neutral,Neutral,Neutral,Neutral,3,0.125
M0828,Neutral -> Aversion -> Aversion,Neutral,Aversion,Aversion,2,0.08333333333333333
M0828,Aversion -> Neutral -> Neutral,Aversion,Neutral,Neutral,2,0.08333333333333333
M0828,Aversion -> Aversion -> Neutral,Aversion,Aversion,Neutral,2,0.08333333333333333
M0828,Aversion -> Neutral -> Aversion,Aversion,Neutral,Aversion,1,0.041666666666666664
M0828,Neutral -> Aversion -> Neutral,Neutral,Aversion,Neutral,1,0.041666666666666664
M0828,Neutral -> Neutral -> Aversion,Neutral,Neutral,Aversion,1,0.041666666666666664
M0828,Aversion -> Aversion -> Aversion,Aversion,Aversion,Aversion,1,0.041666666666666664
M0828,Neutral -> Neutral -> Appreciation,Neutral,Neutral,Appreciation,1,0.041666666666666664
M0828,Neutral -> Appreciation -> Appreciation,Neutral,Appreciation,Appreciation,1,0.041666666666666664
M0829,Appreciation -> Appreciation -> Appreciation,Appreciation,Appreciation,Appreciation,8,0.3333333333333333
M0829,Neutral -> Neutral -> Neutral,Neutral,Neutral,Neutral,6,0.25
M0829,Neutral -> Appreciation -> Appreciation,Neutral,Appreciation,Appreciation,2,0.08333333333333333
M0829,Neutral -> Aversion -> Neutral,Neutral,Aversion,Neutral,2,0.08333333333333333
M0829,Neutral -> Neutral -> Aversion,Neutral,Neutral,Aversion,1,0.041666666666666664
M0829,Aversion -> Neutral -> Aversion,Aversion,Neutral,Aversion,1,0.041666666666666664
M0829,Neutral -> Neutral -> Appreciation,Neutral,Neutral,Appreciation,1,0.041666666666666664
M0829,Aversion -> Neutral -> Neutral,Aversion,Neutral,Neutral,1,0.041666666666666664
M0829,Appreciation -> Appreciation -> Neutral,Appreciation,Appreciation,Neutral,1,0.041666666666666664
M0829,Appreciation -> Neutral -> Appreciation,Appreciation,Neutral,Appreciation,1,0.041666666666666664
M0830,Appreciation -> Appreciation -> Appreciation,Appreciation,Appreciation,Appreciation,5,0.20833333333333334
M0830,Neutral -> Aversion -> Aversion,Neutral,Aversion,Aversion,3,0.125
M0830,Neutral -> Neutral -> Neutral,Neutral,Neutral,Neutral,3,0.125
M0830,Aversion -> Aversion -> Neutral,Aversion,Aversion,Neutral,3,0.125
M0830,Aversion -> Aversion -> Aversion,Aversion,Aversion,Aversion,3,0.125
M0830,Neutral -> Neutral -> Aversion,Neutral,Neutral,Aversion,2,0.08333333333333333
M0830,Aversion -> Neutral -> Aversion,Aversion,Neutral,Aversion,1,0.041666666666666664
M0830,Aversion -> Neutral -> Appreciation,Aversion,Neutral,Appreciation,1,0.041666666666666664
M0830,Neutral -> Appreciation -> Appreciation,Neutral,Appreciation,Appreciation,1,0.041666666666666664
M0830,Appreciation -> Appreciation -> Neutral,Appreciation,Appreciation,Neutral,1,0.041666666666666664
M0830,Appreciation -> Neutral -> Neutral,Appreciation,Neutral,Neutral,1,0.041666666666666664
M0831,Neutral -> Neutral -> Neutral,Neutral,Neutral,Neutral,10,0.4166666666666667
M0831,Aversion -> Aversion -> Aversion,Aversion,Aversion,Aversion,5,0.20833333333333334
M0831,Neutral -> Neutral -> Appreciation,Neutral,Neutral,Appreciation,2,0.08333333333333333
M0831,Neutral -> Appreciation -> Neutral,Neutral,Appreciation,Neutral,1,0.041666666666666664
M0831,Appreciation -> Neutral -> Aversion,Appreciation,Neutral,Aversion,1,0.041666666666666664
M0831,Neutral -> Aversion -> Aversion,Neutral,Aversion,Aversion,1,0.041666666666666664
M0831,Aversion -> Aversion -> Neutral,Aversion,Aversion,Neutral,1,0.041666666666666664
M0831,Aversion -> Neutral -> Neutral,Aversion,Neutral,Neutral,1,0.041666666666666664
M0831,Neutral -> Appreciation -> Appreciation,Neutral,Appreciation,Appreciation,1,0.041666666666666664
M0831,Appreciation -> Appreciation -> Appreciation,Appreciation,Appreciation,Appreciation,1,0.041666666666666664
M0832,Aversion -> Aversion -> Aversion,Aversion,Aversion,Aversion,10,0.4166666666666667
M0832,Neutral -> Aversion -> Aversion,Neutral,Aversion,Aversion,3,0.125
M0832,Neutral -> Neutral -> Neutral,Neutral,Neutral,Neutral,3,0.125
M0832,Aversion -> Aversion -> Neutral,Aversion,Aversion,Neutral,3,0.125
M0832,Neutral -> Neutral -> Aversion,Neutral,Neutral,Aversion,2,0.08333333333333333
M0832,Aversion -> Neutral -> Neutral,Aversion,Neutral,Neutral,2,0.08333333333333333
M0832,Aversion -> Neutral -> Aversion,Aversion,Neutral,Aversion,1,0.041666666666666664
M0833,Appreciation -> Appreciation -> Appreciation,Appreciation,Appreciation,Appreciation,5,0.20833333333333334
M0833,Neutral -> Neutral -> Neutral,Neutral,Neutral,Neutral,3,0.125
M0833,Neutral -> Neutral -> Aversion,Neutral,Neutral,Aversion,3,0.125
M0833,Neutral -> Aversion -> Neutral,Neutral,Aversion,Neutral,3,0.125
M0833,Aversion -> Aversion -> Neutral,Aversion,Aversion,Neutral,2,0.08333333333333333
M0833,Neutral -> Aversion -> Aversion,Neutral,Aversion,Aversion,2,0.08333333333333333
M0833,Aversion -> Neutral -> Aversion,Aversion,Neutral,Aversion,2,0.08333333333333333
M0833,Aversion -> Neutral -> Neutral,Aversion,Neutral,Neutral,2,0.08333333333333333
M0833,Aversion -> Neutral -> Appreciation,Aversion,Neutral,Appreciation,1,0.041666666666666664
M0833,Neutral -> Appreciation -> Appreciation,Neutral,Appreciation,Appreciation,1,0.041666666666666664
M0834,Appreciation -> Appreciation -> Appreciation,Appreciation,Appreciation,Appreciation,6,0.25
M0834,Aversion -> Aversion -> Aversion,Aversion,Aversion,Aversion,4,0.16666666666666666
M0834,Neutral -> Neutral -> Neutral,Neutral,Neutral,Neutral,3,0.125
M0834,Aversion -> Neutral -> Neutral,Aversion,Neutral,Neutral,2,0.08333333333333333
M0834,Neutral -> Neutral -> Aversion,Neutral,Neutral,Aversion,2,0.08333333333333333
M0834,Neutral -> Aversion -> Neutral,Neutral,Aversion,Neutral,2,0.08333333333333333
M0834,Neutral -> Aversion -> Aversion,Neutral,Aversion,Aversion,1,0.041666666666666664
M0834,Aversion -> Neutral -> Aversion,Aversion,Neutral,Aversion,1,0.041666666666666664
M0834,Aversion -> Aversion -> Neutral,Aversion,Aversion,Neutral,1,0.041666666666666664
M0834,Neutral -> Neutral -> Appreciation,Neutral,Neutral,Appreciation,1,0.041666666666666664
M0834,Neutral -> Appreciation -> Appreciation,Neutral,Appreciation,Appreciation,1,0.041666666666666664
M0835,Aversion -> Aversion -> Aversion,Aversion,Aversion,Aversion,9,0.375
M0835,Appreciation -> Appreciation -> Appreciation,Appreciation,Appreciation,Appreciation,4,0.16666666666666666
M0835,Neutral -> Neutral -> Neutral,Neutral,Neutral,Neutral,3,0.125
M0835,Aversion -> Aversion -> Neutral,Aversion,Aversion,Neutral,2,0.08333333333333333
M0835,Neutral -> Aversion -> Aversion,Neutral,Aversion,Aversion,2,0.08333333333333333
M0835,Neutral -> Neutral -> Aversion,Neutral,Neutral,Aversion,1,0.041666666666666664
M0835,Aversion -> Neutral -> Aversion,Aversion,Neutral,Aversion,1,0.041666666666666664
M0835,Aversion -> Neutral -> Appreciation,Aversion,Neutral,Appreciation,1,0.041666666666666664
M0835,Neutral -> Appreciation -> Appreciation,Neutral,Appreciation,Appreciation,1,0.041666666666666664
M0836,Neutral -> Neutral -> Neutral,Neutral,Neutral,Neutral,7,0.2916666666666667
M0836,Aversion -> Aversion -> Aversion,Aversion,Aversion,Aversion,5,0.20833333333333334
M0836,Neutral -> Neutral -> Aversion,Neutral,Neutral,Aversion,4,0.16666666666666666
M0836,Aversion -> Neutral -> Neutral,Aversion,Neutral,Neutral,3,0.125
M0836,Neutral -> Aversion -> Aversion,Neutral,Aversion,Aversion,2,0.08333333333333333
M0836,Aversion -> Aversion -> Neutral,Aversion,Aversion,Neutral,2,0.08333333333333333
M0836,Neutral -> Aversion -> Neutral,Neutral,Aversion,Neutral,1,0.041666666666666664
M0837,Neutral -> Neutral -> Neutral,Neutral,Neutral,Neutral,10,0.4166666666666667
M0837,Neutral -> Neutral -> Aversion,Neutral,Neutral,Aversion,3,0.125
M0837,Aversion -> Aversion -> Aversion,Aversion,Aversion,Aversion,3,0.125
M0837,Neutral -> Aversion -> Aversion,Neutral,Aversion,Aversion,2,0.08333333333333333
M0837,Aversion -> Neutral -> Neutral,Aversion,Neutral,Neutral,2,0.08333333333333333
M0837,Neutral -> Aversion -> Neutral,Neutral,Aversion,Neutral,1,0.041666666666666664
M0837,Aversion -> Aversion -> Neutral,Aversion,Aversion,Neutral,1,0.041666666666666664
M0837,Aversion -> Aversion -> Appreciation,Aversion,Aversion,Appreciation,1,0.041666666666666664
M0837,Aversion -> Appreciation -> Appreciation,Aversion,Appreciation,Appreciation,1,0.041666666666666664
M0838,Neutral -> Neutral -> Neutral,Neutral,Neutral,Neutral,8,0.3333333333333333
M0838,Aversion -> Aversion -> Aversion,Aversion,Aversion,Aversion,4,0.16666666666666666
M0838,Appreciation -> Appreciation -> Appreciation,Appreciation,Appreciation,Appreciation,3,0.125
M0838,Aversion -> Neutral -> Neutral,Aversion,Neutral,Neutral,2,0.08333333333333333
M0838,Neutral -> Aversion -> Neutral,Neutral,Aversion,Neutral,1,0.041666666666666664
M0838,Neutral -> Aversion -> Aversion,Neutral,Aversion,Aversion,1,0.041666666666666664
M0838,Neutral -> Neutral -> Aversion,Neutral,Neutral,Aversion,1,0.041666666666666664
M0838,Aversion -> Aversion -> Neutral,Aversion,Aversion,Neutral,1,0.041666666666666664
M0838,Neutral -> Neutral -> Appreciation,Neutral,Neutral,Appreciation,1,0.041666666666666664
M0838,Neutral -> Appreciation -> Appreciation,Neutral,Appreciation,Appreciation,1,0.041666666666666664
M0838,Appreciation -> Appreciation -> Neutral,Appreciation,Appreciation,Neutral,1,0.041666666666666664
M0839,Neutral -> Neutral -> Neutral,Neutral,Neutral,Neutral,10,0.4166666666666667
M0839,Neutral -> Aversion -> Aversion,Neutral,Aversion,Aversion,2,0.08333333333333333
M0839,Aversion -> Aversion -> Aversion,Aversion,Aversion,Aversion,2,0.08333333333333333
M0839,Aversion -> Aversion -> Neutral,Aversion,Aversion,Neutral,2,0.08333333333333333
M0839,Aversion -> Neutral -> Neutral,Aversion,Neutral,Neutral,2,0.08333333333333333
M0839,Neutral -> Neutral -> Aversion,Neutral,Neutral,Aversion,2,0.08333333333333333
M0839,Neutral -> Aversion -> Neutral,Neutral,Aversion,Neutral,1,0.041666666666666664
M0839,Neutral -> Neutral -> Appreciation,Neutral,Neutral,Appreciation,1,0.041666666666666664
M0839,Neutral -> Appreciation -> Neutral,Neutral,Appreciation,Neutral,1,0.041666666666666664
M0839,Appreciation -> Neutral -> Neutral,Appreciation,Neutral,Neutral,1,0.041666666666666664
M0840,Aversion -> Aversion -> Aversion,Aversion,Aversion,Aversion,15,0.625
M0840,Neutral -> Aversion -> Aversion,Neutral,Aversion,Aversion,3,0.125
M0840,Aversion -> Aversion -> Neutral,Aversion,Aversion,Neutral,2,0.08333333333333333
M0840,Aversion -> Neutral -> Aversion,Aversion,Neutral,Aversion,2,0.08333333333333333
M0840,Neutral -> Neutral -> Aversion,Neutral,Neutral,Aversion,1,0.041666666666666664
M0840,Neutral -> Neutral -> Neutral,Neutral,Neutral,Neutral,1,0.041666666666666664
M0841,Neutral -> Neutral -> Aversion,Neutral,Neutral,Aversion,4,0.16666666666666666
M0841,Neutral -> Aversion -> Neutral,Neutral,Aversion,Neutral,3,0.125
M0841,Aversion -> Neutral -> Neutral,Aversion,Neutral,Neutral,3,0.125
M0841,Aversion -> Aversion -> Aversion,Aversion,Aversion,Aversion,3,0.125
M0841,Neutral -> Neutral -> Neutral,Neutral,Neutral,Neutral,2,0.08333333333333333
M0841,Neutral -> Aversion -> Aversion,Neutral,Aversion,Aversion,2,0.08333333333333333
M0841,Appreciation -> Appreciation -> Appreciation,Appreciation,Appreciation,Appreciation,2,0.08333333333333333
M0841,Aversion -> Aversion -> Neutral,Aversion,Aversion,Neutral,1,0.041666666666666664
M0841,Aversion -> Neutral -> Appreciation,Aversion,Neutral,Appreciation,1,0.041666666666666664
M0841,Neutral -> Appreciation -> Appreciation,Neutral,Appreciation,Appreciation,1,0.041666666666666664
M0841,Appreciation -> Appreciation -> Neutral,Appreciation,Appreciation,Neutral,1,0.041666666666666664
M0841,Appreciation -> Neutral -> Aversion,Appreciation,Neutral,Aversion,1,0.041666666666666664
M0842,Appreciation -> Appreciation -> Appreciation,Appreciation,Appreciation,Appreciation,7,0.2916666666666667
M0842,Neutral -> Neutral -> Neutral,Neutral,Neutral,Neutral,5,0.20833333333333334
M0842,Neutral -> Aversion -> Aversion,Neutral,Aversion,Aversion,2,0.08333333333333333
M0842,Aversion -> Neutral -> Aversion,Aversion,Neutral,Aversion,2,0.08333333333333333
M0842,Aversion -> Aversion -> Neutral,Aversion,Aversion,Neutral,2,0.08333333333333333
M0842,Aversion -> Aversion -> Aversion,Aversion,Aversion,Aversion,1,0.041666666666666664
M0842,Neutral -> Aversion -> Neutral,Neutral,Aversion,Neutral,1,0.041666666666666664
M0842,Aversion -> Neutral -> Neutral,Aversion,Neutral,Neutral,1,0.041666666666666664
M0842,Neutral -> Neutral -> Aversion,Neutral,Neutral,Aversion,1,0.041666666666666664
M0842,Neutral -> Aversion -> Appreciation,Neutral,Aversion,Appreciation,1,0.041666666666666664
M0842,Aversion -> Appreciation -> Appreciation,Aversion,Appreciation,Appreciation,1,0.041666666666666664
M0843,Neutral -> Neutral -> Neutral,Neutral,Neutral,Neutral,7,0.2916666666666667
M0843,Aversion -> Aversion -> Aversion,Aversion,Aversion,Aversion,5,0.20833333333333334
M0843,Neutral -> Aversion -> Aversion,Neutral,Aversion,Aversion,2,0.08333333333333333
M0843,Neutral -> Neutral -> Aversion,Neutral,Neutral,Aversion,2,0.08333333333333333
M0843,Aversion -> Neutral -> Aversion,Aversion,Neutral,Aversion,1,0.041666666666666664
M0843,Neutral -> Aversion -> Neutral,Neutral,Aversion,Neutral,1,0.041666666666666664
M0843,Aversion -> Neutral -> Neutral,Aversion,Neutral,Neutral,1,0.041666666666666664
M0843,Aversion -> Aversion -> Neutral,Aversion,Aversion,Neutral,1,0.041666666666666664
M0843,Neutral -> Neutral -> Appreciation,Neutral,Neutral,Appreciation,1,0.041666666666666664
M0843,Neutral -> Appreciation -> Appreciation,Neutral,Appreciation,Appreciation,1,0.041666666666666664
M0843,Appreciation -> Appreciation -> Neutral,Appreciation,Appreciation,Neutral,1,0.041666666666666664
M0843,Appreciation -> Neutral -> Neutral,Appreciation,Neutral,Neutral,1,0.041666666666666664
M0844,Aversion -> Aversion -> Aversion,Aversion,Aversion,Aversion,10,0.4166666666666667
M0844,Appreciation -> Appreciation -> Appreciation,Appreciation,Appreciation,Appreciation,4,0.16666666666666666
M0844,Neutral -> Aversion -> Aversion,Neutral,Aversion,Aversion,2,0.08333333333333333
M0844,Neutral -> Neutral -> Neutral,Neutral,Neutral,Neutral,2,0.08333333333333333
M0844,Aversion -> Aversion -> Neutral,Aversion,Aversion,Neutral,2,0.08333333333333333
M0844,Aversion -> Neutral -> Neutral,Aversion,Neutral,Neutral,1,0.041666666666666664
M0844,Aversion -> Neutral -> Aversion,Aversion,Neutral,Aversion,1,0.041666666666666664
M0844,Neutral -> Neutral -> Appreciation,Neutral,Neutral,Appreciation,1,0.041666666666666664
M0844,Neutral -> Appreciation -> Appreciation,Neutral,Appreciation,Appreciation,1,0.041666666666666664
M0845,Appreciation -> Appreciation -> Appreciation,Appreciation,Appreciation,Appreciation,10,0.4166666666666667
M0845,Neutral -> Neutral -> Neutral,Neutral,Neutral,Neutral,7,0.2916666666666667
M0845,Neutral -> Neutral -> Aversion,Neutral,Neutral,Aversion,2,0.08333333333333333
M0845,Neutral -> Aversion -> Neutral,Neutral,Aversion,Neutral,1,0.041666666666666664
M0845,Aversion -> Neutral -> Neutral,Aversion,Neutral,Neutral,1,0.041666666666666664
M0845,Neutral -> Aversion -> Aversion,Neutral,Aversion,Aversion,1,0.041666666666666664
M0845,Aversion -> Aversion -> Appreciation,Aversion,Aversion,Appreciation,1,0.041666666666666664
M0845,Aversion -> Appreciation -> Appreciation,Aversion,Appreciation,Appreciation,1,0.041666666666666664
M0846,Neutral -> Neutral -> Neutral,Neutral,Neutral,Neutral,12,0.5
M0846,Appreciation -> Appreciation -> Appreciation,Appreciation,Appreciation,Appreciation,5,0.20833333333333334
M0846,Neutral -> Aversion -> Aversion,Neutral,Aversion,Aversion,1,0.041666666666666664
M0846,Aversion -> Neutral -> Neutral,Aversion,Neutral,Neutral,1,0.041666666666666664
M0846,Aversion -> Aversion -> Neutral,Aversion,Aversion,Neutral,1,0.041666666666666664
M0846,Neutral -> Neutral -> Appreciation,Neutral,Neutral,Appreciation,1,0.041666666666666664
M0846,Neutral -> Appreciation -> Neutral,Neutral,Appreciation,Neutral,1,0.041666666666666664
M0846,Appreciation -> Neutral -> Appreciation,Appreciation,Neutral,Appreciation,1,0.041666666666666664
M0846,Neutral -> Appreciation -> Appreciation,Neutral,Appreciation,Appreciation,1,0.041666666666666664
M0847,Neutral -> Neutral -> Neutral,Neutral,Neutral,Neutral,11,0.4583333333333333
M0847,Neutral -> Neutral -> Aversion,Neutral,Neutral,Aversion,2,0.08333333333333333
M0847,Appreciation -> Appreciation -> Appreciation,Appreciation,Appreciation,Appreciation,2,0.08333333333333333
M0847,Neutral -> Aversion -> Neutral,Neutral,Aversion,Neutral,1,0.041666666666666664
M0847,Aversion -> Neutral -> Neutral,Aversion,Neutral,Neutral,1,0.041666666666666664
M0847,Neutral -> Aversion -> Aversion,Neutral,Aversion,Aversion,1,0.041666666666666664
M0847,Aversion -> Aversion -> Appreciation,Aversion,Aversion,Appreciation,1,0.041666666666666664
M0847,Aversion -> Aversion -> Aversion,Aversion,Aversion,Aversion,1,0.041666666666666664
M0847,Aversion -> Appreciation -> Appreciation,Aversion,Appreciation,Appreciation,1,0.041666666666666664
M0847,Appreciation -> Appreciation -> Neutral,Appreciation,Appreciation,Neutral,1,0.041666666666666664
M0847,Appreciation -> Neutral -> Appreciation,Appreciation,Neutral,Appreciation,1,0.041666666666666664
M0847,Neutral -> Appreciation -> Appreciation,Neutral,Appreciation,Appreciation,1,0.041666666666666664
M0848,Aversion -> Aversion -> Aversion,Aversion,Aversion,Aversion,5,0.20833333333333334
M0848,Aversion -> Aversion -> Neutral,Aversion,Aversion,Neutral,4,0.16666666666666666
M0848,Aversion -> Neutral -> Aversion,Aversion,Neutral,Aversion,4,0.16666666666666666
M0848,Neutral -> Aversion -> Aversion,Neutral,Aversion,Aversion,4,0.16666666666666666
M0848,Neutral -> Neutral -> Neutral,Neutral,Neutral,Neutral,2,0.08333333333333333
M0848,Neutral -> Neutral -> Aversion,Neutral,Neutral,Aversion,2,0.08333333333333333
M0848,Neutral -> Aversion -> Neutral,Neutral,Aversion,Neutral,2,0.08333333333333333
M0848,Aversion -> Neutral -> Neutral,Aversion,Neutral,Neutral,1,0.041666666666666664
M0849,Aversion -> Aversion -> Aversion,Aversion,Aversion,Aversion,5,0.20833333333333334
M0849,Aversion -> Neutral -> Aversion,Aversion,Neutral,Aversion,4,0.16666666666666666
M0849,Aversion -> Aversion -> Neutral,Aversion,Aversion,Neutral,3,0.125
M0849,Neutral -> Aversion -> Aversion,Neutral,Aversion,Aversion,3,0.125
M0849,Neutral -> Aversion -> Neutral,Neutral,Aversion,Neutral,3,0.125
M0849,Aversion -> Neutral -> Neutral,Aversion,Neutral,Neutral,2,0.08333333333333333
M0849,Neutral -> Neutral -> Neutral,Neutral,Neutral,Neutral,2,0.08333333333333333
M0849,Neutral -> Neutral -> Aversion,Neutral,Neutral,Aversion,2,0.08333333333333333
M0850,Appreciation -> Appreciation -> Appreciation,Appreciation,Appreciation,Appreciation,8,0.3333333333333333
M0850,Neutral -> Neutral -> Neutral,Neutral,Neutral,Neutral,6,0.25
M0850,Aversion -> Aversion -> Aversion,Aversion,Aversion,Aversion,2,0.08333333333333333
M0850,Neutral -> Neutral -> Aversion,Neutral,Neutral,Aversion,2,0.08333333333333333
M0850,Neutral -> Aversion -> Neutral,Neutral,Aversion,Neutral,1,0.041666666666666664
M0850,Aversion -> Neutral -> Neutral,Aversion,Neutral,Neutral,1,0.041666666666666664
M0850,Neutral -> Aversion -> Aversion,Neutral,Aversion,Aversion,1,0.041666666666666664
M0850,Aversion -> Aversion -> Neutral,Aversion,Aversion,Neutral,1,0.041666666666666664
M0850,Aversion -> Neutral -> Appreciation,Aversion,Neutral,Appreciation,1,0.041666666666666664
M0850,Neutral -> Appreciation -> Appreciation,Neutral,Appreciation,Appreciation,1,0.041666666666666664
M0851,Neutral -> Neutral -> Neutral,Neutral,Neutral,Neutral,17,0.7083333333333334
M0851,Neutral -> Neutral -> Appreciation,Neutral,Neutral,Appreciation,1,0.041666666666666664
M0851,Neutral -> Appreciation -> Neutral,Neutral,Appreciation,Neutral,1,0.041666666666666664
M0851,Appreciation -> Neutral -> Neutral,Appreciation,Neutral,Neutral,1,0.041666666666666664
M0851,Neutral -> Neutral -> Aversion,Neutral,Neutral,Aversion,1,0.041666666666666664
M0851,Neutral -> Aversion -> Aversion,Neutral,Aversion,Aversion,1,0.041666666666666664
M0851,Aversion -> Aversion -> Neutral,Aversion,Aversion,Neutral,1,0.041666666666666664
M0851,Aversion -> Neutral -> Neutral,Aversion,Neutral,Neutral,1,0.041666666666666664
M0852,Neutral -> Neutral -> Aversion,Neutral,Neutral,Aversion,5,0.20833333333333334
M0852,Neutral -> Neutral -> Neutral,Neutral,Neutral,Neutral,4,0.16666666666666666
M0852,Aversion -> Neutral -> Neutral,Aversion,Neutral,Neutral,4,0.16666666666666666
M0852,Neutral -> Aversion -> Neutral,Neutral,Aversion,Neutral,3,0.125
M0852,Neutral -> Aversion -> Aversion,Neutral,Aversion,Aversion,3,0.125
M0852,Aversion -> Aversion -> Neutral,Aversion,Aversion,Neutral,2,0.08333333333333333
M0852,Aversion -> Aversion -> Aversion,Aversion,Aversion,Aversion,2,0.08333333333333333
M0852,Aversion -> Neutral -> Aversion,Aversion,Neutral,Aversion,1,0.041666666666666664
M0853,Aversion -> Aversion -> Aversion,Aversion,Aversion,Aversion,9,0.375
M0853,Neutral -> Neutral -> Neutral,Neutral,Neutral,Neutral,5,0.20833333333333334
M0853,Aversion -> Neutral -> Aversion,Aversion,Neutral,Aversion,3,0.125
M0853,Neutral -> Aversion -> Aversion,Neutral,Aversion,Aversion,3,0.125
M0853,Aversion -> Aversion -> Neutral,Aversion,Aversion,Neutral,2,0.08333333333333333
M0853,Neutral -> Aversion -> Neutral,Neutral,Aversion,Neutral,1,0.041666666666666664
M0853,Neutral -> Neutral -> Aversion,Neutral,Neutral,Aversion,1,0.041666666666666664
M0854,Neutral -> Neutral -> Neutral,Neutral,Neutral,Neutral,11,0.4583333333333333
M0854,Appreciation -> Appreciation -> Appreciation,Appreciation,Appreciation,Appreciation,6,0.25
M0854,Neutral -> Neutral -> Appreciation,Neutral,Neutral,Appreciation,1,0.041666666666666664
M0854,Neutral -> Appreciation -> Appreciation,Neutral,Appreciation,Appreciation,1,0.041666666666666664
M0854,Appreciation -> Appreciation -> Neutral,Appreciation,Appreciation,Neutral,1,0.041666666666666664
M0854,Appreciation -> Neutral -> Neutral,Appreciation,Neutral,Neutral,1,0.041666666666666664
M0854,Neutral -> Neutral -> Aversion,Neutral,Neutral,Aversion,1,0.041666666666666664
M0854,Neutral -> Aversion -> Aversion,Neutral,Aversion,Aversion,1,0.041666666666666664
M0854,Aversion -> Aversion -> Aversion,Aversion,Aversion,Aversion,1,0.041666666666666664
M0855,Appreciation -> Appreciation -> Appreciation,Appreciation,Appreciation,Appreciation,4,0.16666666666666666
M0855,Neutral -> Neutral -> Neutral,Neutral,Neutral,Neutral,4,0.16666666666666666
M0855,Aversion -> Neutral -> Neutral,Aversion,Neutral,Neutral,3,0.125
M0855,Neutral -> Neutral -> Aversion,Neutral,Neutral,Aversion,2,0.08333333333333333
M0855,Neutral -> Appreciation -> Appreciation,Neutral,Appreciation,Appreciation,2,0.08333333333333333
M0855,Aversion -> Aversion -> Aversion,Aversion,Aversion,Aversion,2,0.08333333333333333
M0855,Neutral -> Neutral -> Appreciation,Neutral,Neutral,Appreciation,2,0.08333333333333333
M0855,Neutral -> Aversion -> Neutral,Neutral,Aversion,Neutral,1,0.041666666666666664
M0855,Neutral -> Aversion -> Aversion,Neutral,Aversion,Aversion,1,0.041666666666666664
M0855,Aversion -> Aversion -> Neutral,Aversion,Aversion,Neutral,1,0.041666666666666664
M0855,Appreciation -> Appreciation -> Neutral,Appreciation,Appreciation,Neutral,1,0.041666666666666664
M0855,Appreciation -> Neutral -> Neutral,Appreciation,Neutral,Neutral,1,0.041666666666666664
M0856,Neutral -> Neutral -> Neutral,Neutral,Neutral,Neutral,13,0.5416666666666666
M0856,Appreciation -> Appreciation -> Appreciation,Appreciation,Appreciation,Appreciation,3,0.125
M0856,Neutral -> Neutral -> Appreciation,Neutral,Neutral,Appreciation,2,0.08333333333333333
M0856,Neutral -> Aversion -> Neutral,Neutral,Aversion,Neutral,1,0.041666666666666664
M0856,Neutral -> Neutral -> Aversion,Neutral,Neutral,Aversion,1,0.041666666666666664
M0856,Aversion -> Neutral -> Neutral,Aversion,Neutral,Neutral,1,0.041666666666666664
M0856,Neutral -> Appreciation -> Neutral,Neutral,Appreciation,Neutral,1,0.041666666666666664
M0856,Appreciation -> Neutral -> Neutral,Appreciation,Neutral,Neutral,1,0.041666666666666664
M0856,Neutral -> Appreciation -> Appreciation,Neutral,Appreciation,Appreciation,1,0.041666666666666664
M0857,Aversion -> Aversion -> Aversion,Aversion,Aversion,Aversion,6,0.25
M0857,Aversion -> Neutral -> Aversion,Aversion,Neutral,Aversion,4,0.16666666666666666
M0857,Aversion -> Aversion -> Neutral,Aversion,Aversion,Neutral,4,0.16666666666666666
M0857,Neutral -> Aversion -> Aversion,Neutral,Aversion,Aversion,4,0.16666666666666666
M0857,Neutral -> Aversion -> Neutral,Neutral,Aversion,Neutral,1,0.041666666666666664
M0857,Aversion -> Neutral -> Neutral,Aversion,Neutral,Neutral,1,0.041666666666666664
M0857,Neutral -> Neutral -> Neutral,Neutral,Neutral,Neutral,1,0.041666666666666664
M0857,Neutral -> Neutral -> Appreciation,Neutral,Neutral,Appreciation,1,0.041666666666666664
M0857,Neutral -> Appreciation -> Appreciation,Neutral,Appreciation,Appreciation,1,0.041666666666666664
M0857,Appreciation -> Appreciation -> Appreciation,Appreciation,Appreciation,Appreciation,1,0.041666666666666664
M0858,Neutral -> Neutral -> Neutral,Neutral,Neutral,Neutral,4,0.16666666666666666
M0858,Appreciation -> Appreciation -> Appreciation,Appreciation,Appreciation,Appreciation,3,0.125
M0858,Neutral -> Aversion -> Neutral,Neutral,Aversion,Neutral,2,0.08333333333333333
M0858,Aversion -> Neutral -> Aversion,Aversion,Neutral,Aversion,2,0.08333333333333333
M0858,Neutral -> Aversion -> Aversion,Neutral,Aversion,Aversion,2,0.08333333333333333
M0858,Appreciation -> Neutral -> Appreciation,Appreciation,Neutral,Appreciation,2,0.08333333333333333
M0858,Aversion -> Neutral -> Neutral,Aversion,Neutral,Neutral,1,0.041666666666666664
M0858,Aversion -> Aversion -> Neutral,Aversion,Aversion,Neutral,1,0.041666666666666664
M0858,Neutral -> Neutral -> Aversion,Neutral,Neutral,Aversion,1,0.041666666666666664
M0858,Aversion -> Aversion -> Aversion,Aversion,Aversion,Aversion,1,0.041666666666666664
M0858,Aversion -> Aversion -> Appreciation,Aversion,Aversion,Appreciation,1,0.041666666666666664
M0858,Appreciation -> Appreciation -> Neutral,Appreciation,Appreciation,Neutral,1,0.041666666666666664
M0858,Aversion -> Appreciation -> Appreciation,Aversion,Appreciation,Appreciation,1,0.041666666666666664
M0858,Neutral -> Appreciation -> Neutral,Neutral,Appreciation,Neutral,1,0.041666666666666664
M0858,Neutral -> Appreciation -> Appreciation,Neutral,Appreciation,Appreciation,1,0.041666666666666664
M0859,Neutral -> Neutral -> Neutral,Neutral,Neutral,Neutral,8,0.3333333333333333
M0859,Appreciation -> Appreciation -> Appreciation,Appreciation,Appreciation,Appreciation,7,0.2916666666666667
M0859,Neutral -> Aversion -> Neutral,Neutral,Aversion,Neutral,2,0.08333333333333333
M0859,Neutral -> Neutral -> Aversion,Neutral,Neutral,Aversion,1,0.041666666666666664
M0859,Aversion -> Neutral -> Neutral,Aversion,Neutral,Neutral,1,0.041666666666666664
M0859,Aversion -> Neutral -> Aversion,Aversion,Neutral,Aversion,1,0.041666666666666664
M0859,Neutral -> Neutral -> Appreciation,Neutral,Neutral,Appreciation,1,0.041666666666666664
M0859,Neutral -> Appreciation -> Appreciation,Neutral,Appreciation,Appreciation,1,0.041666666666666664
M0859,Appreciation -> Appreciation -> Neutral,Appreciation,Appreciation,Neutral,1,0.041666666666666664
M0859,Appreciation -> Neutral -> Aversion,Appreciation,Neutral,Aversion,1,0.041666666666666664
M0860,Aversion -> Aversion -> Aversion,Aversion,Aversion,Aversion,6,0.25
M0860,Neutral -> Aversion -> Aversion,Neutral,Aversion,Aversion,5,0.20833333333333334
M0860,Aversion -> Aversion -> Neutral,Aversion,Aversion,Neutral,5,0.20833333333333334
M0860,Neutral -> Neutral -> Aversion,Neutral,Neutral,Aversion,3,0.125
M0860,Aversion -> Neutral -> Neutral,Aversion,Neutral,Neutral,3,0.125
M0860,Aversion -> Neutral -> Aversion,Aversion,Neutral,Aversion,2,0.08333333333333333
M0861,Neutral -> Neutral -> Neutral,Neutral,Neutral,Neutral,6,0.25
M0861,Appreciation -> Appreciation -> Appreciation,Appreciation,Appreciation,Appreciation,5,0.20833333333333334
M0861,Neutral -> Neutral -> Appreciation,Neutral,Neutral,Appreciation,2,0.08333333333333333
M0861,Aversion -> Neutral -> Aversion,Aversion,Neutral,Aversion,2,0.08333333333333333
M0861,Neutral -> Aversion -> Aversion,Neutral,Aversion,Aversion,2,0.08333333333333333
M0861,Aversion -> Aversion -> Neutral,Aversion,Aversion,Neutral,2,0.08333333333333333
M0861,Neutral -> Appreciation -> Neutral,Neutral,Appreciation,Neutral,1,0.041666666666666664
M0861,Appreciation -> Neutral -> Aversion,Appreciation,Neutral,Aversion,1,0.041666666666666664
M0861,Neutral -> Aversion -> Neutral,Neutral,Aversion,Neutral,1,0.041666666666666664
M0861,Aversion -> Neutral -> Neutral,Aversion,Neutral,Neutral,1,0.041666666666666664
M0861,Neutral -> Appreciation -> Appreciation,Neutral,Appreciation,Appreciation,1,0.041666666666666664
M0862,Aversion -> Neutral -> Aversion,Aversion,Neutral,Aversion,4,0.16666666666666666
M0862,Neutral -> Aversion -> Neutral,Neutral,Aversion,Neutral,4,0.16666666666666666
M0862,Neutral -> Aversion -> Aversion,Neutral,Aversion,Aversion,3,0.125
M0862,Neutral -> Neutral -> Aversion,Neutral,Neutral,Aversion,3,0.125
M0862,Aversion -> Aversion -> Neutral,Aversion,Aversion,Neutral,3,0.125
M0862,Neutral -> Neutral -> Neutral,Neutral,Neutral,Neutral,2,0.08333333333333333
M0862,Aversion -> Neutral -> Neutral,Aversion,Neutral,Neutral,2,0.08333333333333333
M0862,Aversion -> Neutral -> Appreciation,Aversion,Neutral,Appreciation,1,0.041666666666666664
M0862,Neutral -> Appreciation -> Appreciation,Neutral,Appreciation,Appreciation,1,0.041666666666666664
M0862,Appreciation -> Appreciation -> Appreciation,Appreciation,Appreciation,Appreciation,1,0.041666666666666664
M0863,Appreciation -> Appreciation -> Appreciation,Appreciation,Appreciation,Appreciation,9,0.375
M0863,Neutral -> Neutral -> Neutral,Neutral,Neutral,Neutral,4,0.16666666666666666
M0863,Neutral -> Aversion -> Aversion,Neutral,Aversion,Aversion,2,0.08333333333333333
M0863,Aversion -> Aversion -> Aversion,Aversion,Aversion,Aversion,2,0.08333333333333333
M0863,Neutral -> Neutral -> Aversion,Neutral,Neutral,Aversion,1,0.041666666666666664
M0863,Aversion -> Neutral -> Neutral,Aversion,Neutral,Neutral,1,0.041666666666666664
M0863,Aversion -> Aversion -> Neutral,Aversion,Aversion,Neutral,1,0.041666666666666664
M0863,Neutral -> Neutral -> Appreciation,Neutral,Neutral,Appreciation,1,0.041666666666666664
M0863,Neutral -> Appreciation -> Appreciation,Neutral,Appreciation,Appreciation,1,0.041666666666666664
M0863,Appreciation -> Appreciation -> Neutral,Appreciation,Appreciation,Neutral,1,0.041666666666666664
M0863,Appreciation -> Neutral -> Aversion,Appreciation,Neutral,Aversion,1,0.041666666666666664
M0864,Neutral -> Aversion -> Aversion,Neutral,Aversion,Aversion,4,0.16666666666666666
M0864,Aversion -> Aversion -> Neutral,Aversion,Aversion,Neutral,3,0.125
M0864,Aversion -> Aversion -> Aversion,Aversion,Aversion,Aversion,3,0.125
M0864,Aversion -> Neutral -> Neutral,Aversion,Neutral,Neutral,3,0.125
M0864,Aversion -> Neutral -> Aversion,Aversion,Neutral,Aversion,2,0.08333333333333333
M0864,Neutral -> Neutral -> Aversion,Neutral,Neutral,Aversion,2,0.08333333333333333
M0864,Neutral -> Aversion -> Neutral,Neutral,Aversion,Neutral,1,0.041666666666666664
M0864,Neutral -> Neutral -> Neutral,Neutral,Neutral,Neutral,1,0.041666666666666664
M0864,Neutral -> Neutral -> Appreciation,Neutral,Neutral,Appreciation,1,0.041666666666666664
M0864,Neutral -> Appreciation -> Appreciation,Neutral,Appreciation,Appreciation,1,0.041666666666666664
M0864,Appreciation -> Appreciation -> Appreciation,Appreciation,Appreciation,Appreciation,1,0.041666666666666664
M0864,Appreciation -> Appreciation -> Neutral,Appreciation,Appreciation,Neutral,1,0.041666666666666664
M0864,Appreciation -> Neutral -> Aversion,Appreciation,Neutral,Aversion,1,0.041666666666666664
M0865,Neutral -> Neutral -> Neutral,Neutral,Neutral,Neutral,10,0.4166666666666667
M0865,Aversion -> Aversion -> Aversion,Aversion,Aversion,Aversion,4,0.16666666666666666
M0865,Neutral -> Neutral -> Aversion,Neutral,Neutral,Aversion,2,0.08333333333333333
M0865,Aversion -> Aversion -> Neutral,Aversion,Aversion,Neutral,2,0.08333333333333333
M0865,Neutral -> Aversion -> Aversion,Neutral,Aversion,Aversion,2,0.08333333333333333
M0865,Aversion -> Neutral -> Neutral,Aversion,Neutral,Neutral,1,0.041666666666666664
M0865,Neutral -> Aversion -> Neutral,Neutral,Aversion,Neutral,1,0.041666666666666664
M0865,Aversion -> Neutral -> Aversion,Aversion,Neutral,Aversion,1,0.041666666666666664
M0865,Aversion -> Neutral -> Appreciation,Aversion,Neutral,Appreciation,1,0.041666666666666664
M0866,Appreciation -> Appreciation -> Appreciation,Appreciation,Appreciation,Appreciation,10,0.4166666666666667
M0866,Neutral -> Neutral -> Neutral,Neutral,Neutral,Neutral,8,0.3333333333333333
M0866,Neutral -> Aversion -> Neutral,Neutral,Aversion,Neutral,2,0.08333333333333333
M0866,Neutral -> Neutral -> Aversion,Neutral,Neutral,Aversion,1,0.041666666666666664
M0866,Aversion -> Neutral -> Aversion,Aversion,Neutral,Aversion,1,0.041666666666666664
M0866,Aversion -> Neutral -> Appreciation,Aversion,Neutral,Appreciation,1,0.041666666666666664
M0866,Neutral -> Appreciation -> Appreciation,Neutral,Appreciation,Appreciation,1,0.041666666666666664
M0867,Aversion -> Aversion -> Aversion,Aversion,Aversion,Aversion,8,0.3333333333333333
M0867,Neutral -> Neutral -> Neutral,Neutral,Neutral,Neutral,5,0.20833333333333334
M0867,Aversion -> Aversion -> Neutral,Aversion,Aversion,Neutral,2,0.08333333333333333
M0867,Neutral -> Aversion -> Aversion,Neutral,Aversion,Aversion,2,0.08333333333333333
M0867,Appreciation -> Appreciation -> Appreciation,Appreciation,Appreciation,Appreciation,2,0.08333333333333333
M0867,Neutral -> Neutral -> Aversion,Neutral,Neutral,Aversion,1,0.041666666666666664
M0867,Aversion -> Neutral -> Aversion,Aversion,Neutral,Aversion,1,0.041666666666666664
M0867,Aversion -> Neutral -> Neutral,Aversion,Neutral,Neutral,1,0.041666666666666664
M0867,Neutral -> Neutral -> Appreciation,Neutral,Neutral,Appreciation,1,0.041666666666666664
M0867,Neutral -> Appreciation -> Appreciation,Neutral,Appreciation,Appreciation,1,0.041666666666666664
M0868,Aversion -> Aversion -> Aversion,Aversion,Aversion,Aversion,10,0.4166666666666667
M0868,Neutral -> Aversion -> Aversion,Neutral,Aversion,Aversion,3,0.125
M0868,Aversion -> Aversion -> Neutral,Aversion,Aversion,Neutral,3,0.125
M0868,Neutral -> Neutral -> Aversion,Neutral,Neutral,Aversion,2,0.08333333333333333
M0868,Aversion -> Neutral -> Aversion,Aversion,Neutral,Aversion,1,0.041666666666666664
M0868,Aversion -> Neutral -> Neutral,Aversion,Neutral,Neutral,1,0.041666666666666664
M0868,Aversion -> Neutral -> Appreciation,Aversion,Neutral,Appreciation,1,0.041666666666666664
M0868,Neutral -> Appreciation -> Neutral,Neutral,Appreciation,Neutral,1,0.041666666666666664
M0868,Appreciation -> Neutral -> Appreciation,Appreciation,Neutral,Appreciation,1,0.041666666666666664
M0868,Neutral -> Appreciation -> Appreciation,Neutral,Appreciation,Appreciation,1,0.041666666666666664
M0869,Appreciation -> Appreciation -> Appreciation,Appreciation,Appreciation,Appreciation,7,0.2916666666666667
M0869,Neutral -> Neutral -> Neutral,Neutral,Neutral,Neutral,5,0.20833333333333334
M0869,Neutral -> Aversion -> Aversion,Neutral,Aversion,Aversion,2,0.08333333333333333
M0869,Aversion -> Aversion -> Neutral,Aversion,Aversion,Neutral,2,0.08333333333333333
M0869,Aversion -> Aversion -> Aversion,Aversion,Aversion,Aversion,2,0.08333333333333333
M0869,Neutral -> Neutral -> Aversion,Neutral,Neutral,Aversion,1,0.041666666666666664
M0869,Aversion -> Neutral -> Aversion,Aversion,Neutral,Aversion,1,0.041666666666666664
M0869,Aversion -> Neutral -> Neutral,Aversion,Neutral,Neutral,1,0.041666666666666664
M0869,Neutral -> Neutral -> Appreciation,Neutral,Neutral,Appreciation,1,0.041666666666666664
M0869,Neutral -> Appreciation -> Appreciation,Neutral,Appreciation,Appreciation,1,0.041666666666666664
M0869,Appreciation -> Appreciation -> Neutral,Appreciation,Appreciation,Neutral,1,0.041666666666666664
M0870,Neutral -> Neutral -> Neutral,Neutral,Neutral,Neutral,11,0.4583333333333333
M0870,Appreciation -> Appreciation -> Appreciation,Appreciation,Appreciation,Appreciation,11,0.4583333333333333
M0870,Neutral -> Neutral -> Appreciation,Neutral,Neutral,Appreciation,1,0.041666666666666664
M0870,Neutral -> Appreciation -> Appreciation,Neutral,Appreciation,Appreciation,1,0.041666666666666664
M0871,Aversion -> Aversion -> Aversion,Aversion,Aversion,Aversion,9,0.375
M0871,Neutral -> Aversion -> Aversion,Neutral,Aversion,Aversion,4,0.16666666666666666
M0871,Aversion -> Neutral -> Aversion,Aversion,Neutral,Aversion,4,0.16666666666666666
M0871,Aversion -> Aversion -> Neutral,Aversion,Aversion,Neutral,3,0.125
M0871,Neutral -> Aversion -> Neutral,Neutral,Aversion,Neutral,2,0.08333333333333333
M0871,Aversion -> Neutral -> Neutral,Aversion,Neutral,Neutral,1,0.041666666666666664
M0871,Neutral -> Neutral -> Aversion,Neutral,Neutral,Aversion,1,0.041666666666666664
M0872,Aversion -> Aversion -> Aversion,Aversion,Aversion,Aversion,9,0.375
M0872,Neutral -> Neutral -> Neutral,Neutral,Neutral,Neutral,3,0.125
M0872,Neutral -> Neutral -> Aversion,Neutral,Neutral,Aversion,3,0.125
M0872,Neutral -> Aversion -> Aversion,Neutral,Aversion,Aversion,3,0.125
M0872,Aversion -> Aversion -> Neutral,Aversion,Aversion,Neutral,2,0.08333333333333333
M0872,Aversion -> Neutral -> Neutral,Aversion,Neutral,Neutral,2,0.08333333333333333
M0872,Neutral -> Aversion -> Neutral,Neutral,Aversion,Neutral,1,0.041666666666666664
M0872,Aversion -> Neutral -> Aversion,Aversion,Neutral,Aversion,1,0.041666666666666664
M0873,Neutral -> Neutral -> Neutral,Neutral,Neutral,Neutral,7,0.2916666666666667
M0873,Neutral -> Neutral -> Aversion,Neutral,Neutral,Aversion,4,0.16666666666666666
M0873,Aversion -> Aversion -> Aversion,Aversion,Aversion,Aversion,3,0.125
M0873,Aversion -> Neutral -> Neutral,Aversion,Neutral,Neutral,3,0.125
M0873,Neutral -> Aversion -> Aversion,Neutral,Aversion,Aversion,2,0.08333333333333333
M0873,Aversion -> Aversion -> Neutral,Aversion,Aversion,Neutral,2,0.08333333333333333
M0873,Neutral -> Aversion -> Neutral,Neutral,Aversion,Neutral,2,0.08333333333333333
M0873,Aversion -> Neutral -> Aversion,Aversion,Neutral,Aversion,1,0.041666666666666664
M0874,Neutral -> Neutral -> Neutral,Neutral,Neutral,Neutral,15,0.625
M0874,Aversion -> Aversion -> Aversion,Aversion,Aversion,Aversion,7,0.2916666666666667
M0874,Neutral -> Neutral -> Aversion,Neutral,Neutral,Aversion,1,0.041666666666666664
M0874,Neutral -> Aversion -> Aversion,Neutral,Aversion,Aversion,1,0.041666666666666664
M0875,Neutral -> Neutral -> Neutral,Neutral,Neutral,Neutral,6,0.25
M0875,Aversion -> Aversion -> Aversion,Aversion,Aversion,Aversion,5,0.20833333333333334
M0875,Neutral -> Neutral -> Aversion,Neutral,Neutral,Aversion,2,0.08333333333333333
M0875,Neutral -> Aversion -> Aversion,Neutral,Aversion,Aversion,2,0.08333333333333333
M0875,Aversion -> Aversion -> Neutral,Aversion,Aversion,Neutral,2,0.08333333333333333
M0875,Aversion -> Neutral -> Neutral,Aversion,Neutral,Neutral,2,0.08333333333333333
M0875,Aversion -> Neutral -> Aversion,Aversion,Neutral,Aversion,2,0.08333333333333333
M0875,Neutral -> Aversion -> Neutral,Neutral,Aversion,Neutral,2,0.08333333333333333
M0875,Neutral -> Neutral -> Appreciation,Neutral,Neutral,Appreciation,1,0.041666666666666664
