manager_id,from_state,to_state,transition_count,from_state_transition_count,transition_rate
M0001,Aversion,Aversion,10,13,0.7692307692307693
M0001,Aversion,Neutral,3,13,0.23076923076923078
M0001,Aversion,Appreciation,0,13,0.0
M0001,Neutral,Aversion,4,12,0.3333333333333333
M0001,Neutral,Neutral,8,12,0.6666666666666666
M0001,Neutral,Appreciation,0,12,0.0
M0001,Appreciation,Aversion,0,0,
M0001,Appreciation,Neutral,0,0,
M0001,Appreciation,Appreciation,0,0,
M0002,Aversion,Aversion,4,7,0.5714285714285714
M0002,Aversion,Neutral,3,7,0.42857142857142855
M0002,Aversion,Appreciation,0,7,0.0
M0002,Neutral,Aversion,3,6,0.5
M0002,Neutral,Neutral,2,6,0.3333333333333333
M0002,Neutral,Appreciation,1,6,0.16666666666666666
M0002,Appreciation,Aversion,0,12,0.0
M0002,Appreciation,Neutral,0,12,0.0
M0002,Appreciation,Appreciation,12,12,1.0
M0003,Aversion,Aversion,12,17,0.7058823529411765
M0003,Aversion,Neutral,5,17,0.29411764705882354
M0003,Aversion,Appreciation,0,17,0.0
M0003,Neutral,Aversion,6,8,0.75
M0003,Neutral,Neutral,2,8,0.25
M0003,Neutral,Appreciation,0,8,0.0
M0003,Appreciation,Aversion,0,0,
M0003,Appreciation,Neutral,0,0,
M0003,Appreciation,Appreciation,0,0,
M0004,Aversion,Aversion,15,16,0.9375
M0004,Aversion,Neutral,1,16,0.0625
M0004,Aversion,Appreciation,0,16,0.0
M0004,Neutral,Aversion,2,9,0.2222222222222222
M0004,Neutral,Neutral,7,9,0.7777777777777778
M0004,Neutral,Appreciation,0,9,0.0
M0004,Appreciation,Aversion,0,0,
M0004,Appreciation,Neutral,0,0,
M0004,Appreciation,Appreciation,0,0,
M0005,Aversion,Aversion,1,4,0.25
M0005,Aversion,Neutral,3,4,0.75
M0005,Aversion,Appreciation,0,4,0.0
M0005,Neutral,Aversion,4,13,0.3076923076923077
M0005,Neutral,Neutral,8,13,0.6153846153846154
M0005,Neutral,Appreciation,1,13,0.07692307692307693
M0005,Appreciation,Aversion,0,8,0.0
M0005,Appreciation,Neutral,1,8,0.125
M0005,Appreciation,Appreciation,7,8,0.875
M0006,Aversion,Aversion,4,5,0.8
M0006,Aversion,Neutral,1,5,0.2
M0006,Aversion,Appreciation,0,5,0.0
M0006,Neutral,Aversion,1,11,0.09090909090909091
M0006,Neutral,Neutral,9,11,0.8181818181818182
M0006,Neutral,Appreciation,1,11,0.09090909090909091
M0006,Appreciation,Aversion,0,9,0.0
M0006,Appreciation,Neutral,0,9,0.0
M0006,Appreciation,Appreciation,9,9,1.0
M0007,Aversion,Aversion,2,4,0.5
M0007,Aversion,Neutral,2,4,0.5
M0007,Aversion,Appreciation,0,4,0.0
M0007,Neutral,Aversion,2,18,0.1111111111111111
M0007,Neutral,Neutral,14,18,0.7777777777777778
M0007,Neutral,Appreciation,2,18,0.1111111111111111
M0007,Appreciation,Aversion,0,3,0.0
M0007,Appreciation,Neutral,1,3,0.3333333333333333
M0007,Appreciation,Appreciation,2,3,0.6666666666666666
M0008,Aversion,Aversion,0,2,0.0
M0008,Aversion,Neutral,2,2,1.0
M0008,Aversion,Appreciation,0,2,0.0
M0008,Neutral,Aversion,2,16,0.125
M0008,Neutral,Neutral,12,16,0.75
M0008,Neutral,Appreciation,2,16,0.125
M0008,Appreciation,Aversion,0,7,0.0
M0008,Appreciation,Neutral,2,7,0.2857142857142857
M0008,Appreciation,Appreciation,5,7,0.7142857142857143
M0009,Aversion,Aversion,1,4,0.25
M0009,Aversion,Neutral,3,4,0.75
M0009,Aversion,Appreciation,0,4,0.0
M0009,Neutral,Aversion,3,15,0.2
M0009,Neutral,Neutral,10,15,0.6666666666666666
M0009,Neutral,Appreciation,2,15,0.13333333333333333
M0009,Appreciation,Aversion,0,6,0.0
M0009,Appreciation,Neutral,2,6,0.3333333333333333
M0009,Appreciation,Appreciation,4,6,0.6666666666666666
M0010,Aversion,Aversion,6,11,0.5454545454545454
M0010,Aversion,Neutral,5,11,0.45454545454545453
M0010,Aversion,Appreciation,0,11,0.0
M0010,Neutral,Aversion,6,14,0.42857142857142855
M0010,Neutral,Neutral,8,14,0.5714285714285714
M0010,Neutral,Appreciation,0,14,0.0
M0010,Appreciation,Aversion,0,0,
M0010,Appreciation,Neutral,0,0,
M0010,Appreciation,Appreciation,0,0,
M0011,Aversion,Aversion,5,7,0.7142857142857143
M0011,Aversion,Neutral,2,7,0.2857142857142857
M0011,Aversion,Appreciation,0,7,0.0
M0011,Neutral,Aversion,2,17,0.11764705882352941
M0011,Neutral,Neutral,14,17,0.8235294117647058
M0011,Neutral,Appreciation,1,17,0.058823529411764705
M0011,Appreciation,Aversion,0,1,0.0
M0011,Appreciation,Neutral,1,1,1.0
M0011,Appreciation,Appreciation,0,1,0.0
M0012,Aversion,Aversion,9,12,0.75
M0012,Aversion,Neutral,3,12,0.25
M0012,Aversion,Appreciation,0,12,0.0
M0012,Neutral,Aversion,3,13,0.23076923076923078
M0012,Neutral,Neutral,10,13,0.7692307692307693
M0012,Neutral,Appreciation,0,13,0.0
M0012,Appreciation,Aversion,0,0,
M0012,Appreciation,Neutral,0,0,
M0012,Appreciation,Appreciation,0,0,
M0013,Aversion,Aversion,1,4,0.25
M0013,Aversion,Neutral,3,4,0.75
M0013,Aversion,Appreciation,0,4,0.0
M0013,Neutral,Aversion,3,15,0.2
M0013,Neutral,Neutral,10,15,0.6666666666666666
M0013,Neutral,Appreciation,2,15,0.13333333333333333
M0013,Appreciation,Aversion,0,6,0.0
M0013,Appreciation,Neutral,1,6,0.16666666666666666
M0013,Appreciation,Appreciation,5,6,0.8333333333333334
M0014,Aversion,Aversion,9,13,0.6923076923076923
M0014,Aversion,Neutral,4,13,0.3076923076923077
M0014,Aversion,Appreciation,0,13,0.0
M0014,Neutral,Aversion,4,12,0.3333333333333333
M0014,Neutral,Neutral,8,12,0.6666666666666666
M0014,Neutral,Appreciation,0,12,0.0
M0014,Appreciation,Aversion,0,0,
M0014,Appreciation,Neutral,0,0,
M0014,Appreciation,Appreciation,0,0,
M0015,Aversion,Aversion,10,11,0.9090909090909091
M0015,Aversion,Neutral,1,11,0.09090909090909091
M0015,Aversion,Appreciation,0,11,0.0
M0015,Neutral,Aversion,2,14,0.14285714285714285
M0015,Neutral,Neutral,12,14,0.8571428571428571
M0015,Neutral,Appreciation,0,14,0.0
M0015,Appreciation,Aversion,0,0,
M0015,Appreciation,Neutral,0,0,
M0015,Appreciation,Appreciation,0,0,
M0016,Aversion,Aversion,12,15,0.8
M0016,Aversion,Neutral,3,15,0.2
M0016,Aversion,Appreciation,0,15,0.0
M0016,Neutral,Aversion,3,4,0.75
M0016,Neutral,Neutral,0,4,0.0
M0016,Neutral,Appreciation,1,4,0.25
M0016,Appreciation,Aversion,0,6,0.0
M0016,Appreciation,Neutral,0,6,0.0
M0016,Appreciation,Appreciation,6,6,1.0
M0017,Aversion,Aversion,6,8,0.75
M0017,Aversion,Neutral,2,8,0.25
M0017,Aversion,Appreciation,0,8,0.0
M0017,Neutral,Aversion,2,15,0.13333333333333333
M0017,Neutral,Neutral,12,15,0.8
M0017,Neutral,Appreciation,1,15,0.06666666666666667
M0017,Appreciation,Aversion,0,2,0.0
M0017,Appreciation,Neutral,0,2,0.0
M0017,Appreciation,Appreciation,2,2,1.0
M0018,Aversion,Aversion,9,11,0.8181818181818182
M0018,Aversion,Neutral,2,11,0.18181818181818182
M0018,Aversion,Appreciation,0,11,0.0
M0018,Neutral,Aversion,3,14,0.21428571428571427
M0018,Neutral,Neutral,11,14,0.7857142857142857
M0018,Neutral,Appreciation,0,14,0.0
M0018,Appreciation,Aversion,0,0,
M0018,Appreciation,Neutral,0,0,
M0018,Appreciation,Appreciation,0,0,
M0019,Aversion,Aversion,15,16,0.9375
M0019,Aversion,Neutral,1,16,0.0625
M0019,Aversion,Appreciation,0,16,0.0
M0019,Neutral,Aversion,2,8,0.25
M0019,Neutral,Neutral,5,8,0.625
M0019,Neutral,Appreciation,1,8,0.125
M0019,Appreciation,Aversion,0,1,0.0
M0019,Appreciation,Neutral,1,1,1.0
M0019,Appreciation,Appreciation,0,1,0.0
M0020,Aversion,Aversion,14,18,0.7777777777777778
M0020,Aversion,Neutral,4,18,0.2222222222222222
M0020,Aversion,Appreciation,0,18,0.0
M0020,Neutral,Aversion,5,7,0.7142857142857143
M0020,Neutral,Neutral,2,7,0.2857142857142857
M0020,Neutral,Appreciation,0,7,0.0
M0020,Appreciation,Aversion,0,0,
M0020,Appreciation,Neutral,0,0,
M0020,Appreciation,Appreciation,0,0,
M0021,Aversion,Aversion,0,1,0.0
M0021,Aversion,Neutral,1,1,1.0
M0021,Aversion,Appreciation,0,1,0.0
M0021,Neutral,Aversion,2,15,0.13333333333333333
M0021,Neutral,Neutral,12,15,0.8
M0021,Neutral,Appreciation,1,15,0.06666666666666667
M0021,Appreciation,Aversion,0,9,0.0
M0021,Appreciation,Neutral,1,9,0.1111111111111111
M0021,Appreciation,Appreciation,8,9,0.8888888888888888
M0022,Aversion,Aversion,0,0,
M0022,Aversion,Neutral,0,0,
M0022,Aversion,Appreciation,0,0,
M0022,Neutral,Aversion,0,11,0.0
M0022,Neutral,Neutral,10,11,0.9090909090909091
M0022,Neutral,Appreciation,1,11,0.09090909090909091
M0022,Appreciation,Aversion,0,14,0.0
M0022,Appreciation,Neutral,0,14,0.0
M0022,Appreciation,Appreciation,14,14,1.0
M0023,Aversion,Aversion,0,2,0.0
M0023,Aversion,Neutral,1,2,0.5
M0023,Aversion,Appreciation,1,2,0.5
M0023,Neutral,Aversion,1,16,0.0625
M0023,Neutral,Neutral,14,16,0.875
M0023,Neutral,Appreciation,1,16,0.0625
M0023,Appreciation,Aversion,1,7,0.14285714285714285
M0023,Appreciation,Neutral,0,7,0.0
M0023,Appreciation,Appreciation,6,7,0.8571428571428571
M0024,Aversion,Aversion,6,11,0.5454545454545454
M0024,Aversion,Neutral,5,11,0.45454545454545453
M0024,Aversion,Appreciation,0,11,0.0
M0024,Neutral,Aversion,5,13,0.38461538461538464
M0024,Neutral,Neutral,7,13,0.5384615384615384
M0024,Neutral,Appreciation,1,13,0.07692307692307693
M0024,Appreciation,Aversion,0,1,0.0
M0024,Appreciation,Neutral,1,1,1.0
M0024,Appreciation,Appreciation,0,1,0.0
M0025,Aversion,Aversion,2,4,0.5
M0025,Aversion,Neutral,2,4,0.5
M0025,Aversion,Appreciation,0,4,0.0
M0025,Neutral,Aversion,2,12,0.16666666666666666
M0025,Neutral,Neutral,8,12,0.6666666666666666
M0025,Neutral,Appreciation,2,12,0.16666666666666666
M0025,Appreciation,Aversion,0,9,0.0
M0025,Appreciation,Neutral,1,9,0.1111111111111111
M0025,Appreciation,Appreciation,8,9,0.8888888888888888
M0026,Aversion,Aversion,4,9,0.4444444444444444
M0026,Aversion,Neutral,4,9,0.4444444444444444
M0026,Aversion,Appreciation,1,9,0.1111111111111111
M0026,Neutral,Aversion,5,15,0.3333333333333333
M0026,Neutral,Neutral,9,15,0.6
M0026,Neutral,Appreciation,1,15,0.06666666666666667
M0026,Appreciation,Aversion,0,1,0.0
M0026,Appreciation,Neutral,1,1,1.0
M0026,Appreciation,Appreciation,0,1,0.0
M0027,Aversion,Aversion,4,10,0.4
M0027,Aversion,Neutral,5,10,0.5
M0027,Aversion,Appreciation,1,10,0.1
M0027,Neutral,Aversion,5,12,0.4166666666666667
M0027,Neutral,Neutral,7,12,0.5833333333333334
M0027,Neutral,Appreciation,0,12,0.0
M0027,Appreciation,Aversion,0,3,0.0
M0027,Appreciation,Neutral,0,3,0.0
M0027,Appreciation,Appreciation,3,3,1.0
M0028,Aversion,Aversion,4,8,0.5
M0028,Aversion,Neutral,4,8,0.5
M0028,Aversion,Appreciation,0,8,0.0
M0028,Neutral,Aversion,5,17,0.29411764705882354
M0028,Neutral,Neutral,12,17,0.7058823529411765
M0028,Neutral,Appreciation,0,17,0.0
M0028,Appreciation,Aversion,0,0,
M0028,Appreciation,Neutral,0,0,
M0028,Appreciation,Appreciation,0,0,
M0029,Aversion,Aversion,1,3,0.3333333333333333
M0029,Aversion,Neutral,2,3,0.6666666666666666
M0029,Aversion,Appreciation,0,3,0.0
M0029,Neutral,Aversion,2,19,0.10526315789473684
M0029,Neutral,Neutral,15,19,0.7894736842105263
M0029,Neutral,Appreciation,2,19,0.10526315789473684
M0029,Appreciation,Aversion,0,3,0.0
M0029,Appreciation,Neutral,1,3,0.3333333333333333
M0029,Appreciation,Appreciation,2,3,0.6666666666666666
M0030,Aversion,Aversion,3,4,0.75
M0030,Aversion,Neutral,1,4,0.25
M0030,Aversion,Appreciation,0,4,0.0
M0030,Neutral,Aversion,1,16,0.0625
M0030,Neutral,Neutral,14,16,0.875
M0030,Neutral,Appreciation,1,16,0.0625
M0030,Appreciation,Aversion,1,5,0.2
M0030,Appreciation,Neutral,0,5,0.0
M0030,Appreciation,Appreciation,4,5,0.8
M0031,Aversion,Aversion,9,13,0.6923076923076923
M0031,Aversion,Neutral,3,13,0.23076923076923078
M0031,Aversion,Appreciation,1,13,0.07692307692307693
M0031,Neutral,Aversion,4,5,0.8
M0031,Neutral,Neutral,1,5,0.2
M0031,Neutral,Appreciation,0,5,0.0
M0031,Appreciation,Aversion,0,7,0.0
M0031,Appreciation,Neutral,0,7,0.0
M0031,Appreciation,Appreciation,7,7,1.0
M0032,Aversion,Aversion,2,5,0.4
M0032,Aversion,Neutral,3,5,0.6
M0032,Aversion,Appreciation,0,5,0.0
M0032,Neutral,Aversion,3,12,0.25
M0032,Neutral,Neutral,8,12,0.6666666666666666
M0032,Neutral,Appreciation,1,12,0.08333333333333333
M0032,Appreciation,Aversion,0,8,0.0
M0032,Appreciation,Neutral,1,8,0.125
M0032,Appreciation,Appreciation,7,8,0.875
M0033,Aversion,Aversion,6,9,0.6666666666666666
M0033,Aversion,Neutral,3,9,0.3333333333333333
M0033,Aversion,Appreciation,0,9,0.0
M0033,Neutral,Aversion,3,8,0.375
M0033,Neutral,Neutral,4,8,0.5
M0033,Neutral,Appreciation,1,8,0.125
M0033,Appreciation,Aversion,0,8,0.0
M0033,Appreciation,Neutral,0,8,0.0
M0033,Appreciation,Appreciation,8,8,1.0
M0034,Aversion,Aversion,4,4,1.0
M0034,Aversion,Neutral,0,4,0.0
M0034,Aversion,Appreciation,0,4,0.0
M0034,Neutral,Aversion,1,21,0.047619047619047616
M0034,Neutral,Neutral,20,21,0.9523809523809523
M0034,Neutral,Appreciation,0,21,0.0
M0034,Appreciation,Aversion,0,0,
M0034,Appreciation,Neutral,0,0,
M0034,Appreciation,Appreciation,0,0,
M0035,Aversion,Aversion,8,10,0.8
M0035,Aversion,Neutral,2,10,0.2
M0035,Aversion,Appreciation,0,10,0.0
M0035,Neutral,Aversion,3,15,0.2
M0035,Neutral,Neutral,12,15,0.8
M0035,Neutral,Appreciation,0,15,0.0
M0035,Appreciation,Aversion,0,0,
M0035,Appreciation,Neutral,0,0,
M0035,Appreciation,Appreciation,0,0,
M0036,Aversion,Aversion,7,11,0.6363636363636364
M0036,Aversion,Neutral,4,11,0.36363636363636365
M0036,Aversion,Appreciation,0,11,0.0
M0036,Neutral,Aversion,5,14,0.35714285714285715
M0036,Neutral,Neutral,9,14,0.6428571428571429
M0036,Neutral,Appreciation,0,14,0.0
M0036,Appreciation,Aversion,0,0,
M0036,Appreciation,Neutral,0,0,
M0036,Appreciation,Appreciation,0,0,
M0037,Aversion,Aversion,1,5,0.2
M0037,Aversion,Neutral,4,5,0.8
M0037,Aversion,Appreciation,0,5,0.0
M0037,Neutral,Aversion,4,7,0.5714285714285714
M0037,Neutral,Neutral,2,7,0.2857142857142857
M0037,Neutral,Appreciation,1,7,0.14285714285714285
M0037,Appreciation,Aversion,0,13,0.0
M0037,Appreciation,Neutral,0,13,0.0
M0037,Appreciation,Appreciation,13,13,1.0
M0038,Aversion,Aversion,3,4,0.75
M0038,Aversion,Neutral,1,4,0.25
M0038,Aversion,Appreciation,0,4,0.0
M0038,Neutral,Aversion,2,13,0.15384615384615385
M0038,Neutral,Neutral,10,13,0.7692307692307693
M0038,Neutral,Appreciation,1,13,0.07692307692307693
M0038,Appreciation,Aversion,0,8,0.0
M0038,Appreciation,Neutral,1,8,0.125
M0038,Appreciation,Appreciation,7,8,0.875
M0039,Aversion,Aversion,3,6,0.5
M0039,Aversion,Neutral,3,6,0.5
M0039,Aversion,Appreciation,0,6,0.0
M0039,Neutral,Aversion,4,18,0.2222222222222222
M0039,Neutral,Neutral,13,18,0.7222222222222222
M0039,Neutral,Appreciation,1,18,0.05555555555555555
M0039,Appreciation,Aversion,0,1,0.0
M0039,Appreciation,Neutral,1,1,1.0
M0039,Appreciation,Appreciation,0,1,0.0
M0040,Aversion,Aversion,2,4,0.5
M0040,Aversion,Neutral,2,4,0.5
M0040,Aversion,Appreciation,0,4,0.0
M0040,Neutral,Aversion,2,21,0.09523809523809523
M0040,Neutral,Neutral,18,21,0.8571428571428571
M0040,Neutral,Appreciation,1,21,0.047619047619047616
M0040,Appreciation,Aversion,0,0,
M0040,Appreciation,Neutral,0,0,
M0040,Appreciation,Appreciation,0,0,
M0041,Aversion,Aversion,4,8,0.5
M0041,Aversion,Neutral,4,8,0.5
M0041,Aversion,Appreciation,0,8,0.0
M0041,Neutral,Aversion,4,15,0.26666666666666666
M0041,Neutral,Neutral,10,15,0.6666666666666666
M0041,Neutral,Appreciation,1,15,0.06666666666666667
M0041,Appreciation,Aversion,0,2,0.0
M0041,Appreciation,Neutral,1,2,0.5
M0041,Appreciation,Appreciation,1,2,0.5
M0042,Aversion,Aversion,13,14,0.9285714285714286
M0042,Aversion,Neutral,1,14,0.07142857142857142
M0042,Aversion,Appreciation,0,14,0.0
M0042,Neutral,Aversion,1,3,0.3333333333333333
M0042,Neutral,Neutral,1,3,0.3333333333333333
M0042,Neutral,Appreciation,1,3,0.3333333333333333
M0042,Appreciation,Aversion,0,8,0.0
M0042,Appreciation,Neutral,0,8,0.0
M0042,Appreciation,Appreciation,8,8,1.0
M0043,Aversion,Aversion,5,7,0.7142857142857143
M0043,Aversion,Neutral,2,7,0.2857142857142857
M0043,Aversion,Appreciation,0,7,0.0
M0043,Neutral,Aversion,2,9,0.2222222222222222
M0043,Neutral,Neutral,5,9,0.5555555555555556
M0043,Neutral,Appreciation,2,9,0.2222222222222222
M0043,Appreciation,Aversion,0,9,0.0
M0043,Appreciation,Neutral,1,9,0.1111111111111111
M0043,Appreciation,Appreciation,8,9,0.8888888888888888
M0044,Aversion,Aversion,4,8,0.5
M0044,Aversion,Neutral,3,8,0.375
M0044,Aversion,Appreciation,1,8,0.125
M0044,Neutral,Aversion,5,15,0.3333333333333333
M0044,Neutral,Neutral,10,15,0.6666666666666666
M0044,Neutral,Appreciation,0,15,0.0
M0044,Appreciation,Aversion,0,2,0.0
M0044,Appreciation,Neutral,1,2,0.5
M0044,Appreciation,Appreciation,1,2,0.5
M0045,Aversion,Aversion,1,2,0.5
M0045,Aversion,Neutral,1,2,0.5
M0045,Aversion,Appreciation,0,2,0.0
M0045,Neutral,Aversion,1,15,0.06666666666666667
M0045,Neutral,Neutral,11,15,0.7333333333333333
M0045,Neutral,Appreciation,3,15,0.2
M0045,Appreciation,Aversion,0,8,0.0
M0045,Appreciation,Neutral,2,8,0.25
M0045,Appreciation,Appreciation,6,8,0.75
M0046,Aversion,Aversion,0,1,0.0
M0046,Aversion,Neutral,1,1,1.0
M0046,Aversion,Appreciation,0,1,0.0
M0046,Neutral,Aversion,1,12,0.08333333333333333
M0046,Neutral,Neutral,10,12,0.8333333333333334
M0046,Neutral,Appreciation,1,12,0.08333333333333333
M0046,Appreciation,Aversion,0,12,0.0
M0046,Appreciation,Neutral,0,12,0.0
M0046,Appreciation,Appreciation,12,12,1.0
M0047,Aversion,Aversion,8,14,0.5714285714285714
M0047,Aversion,Neutral,6,14,0.42857142857142855
M0047,Aversion,Appreciation,0,14,0.0
M0047,Neutral,Aversion,7,11,0.6363636363636364
M0047,Neutral,Neutral,4,11,0.36363636363636365
M0047,Neutral,Appreciation,0,11,0.0
M0047,Appreciation,Aversion,0,0,
M0047,Appreciation,Neutral,0,0,
M0047,Appreciation,Appreciation,0,0,
M0048,Aversion,Aversion,9,13,0.6923076923076923
M0048,Aversion,Neutral,4,13,0.3076923076923077
M0048,Aversion,Appreciation,0,13,0.0
M0048,Neutral,Aversion,5,12,0.4166666666666667
M0048,Neutral,Neutral,7,12,0.5833333333333334
M0048,Neutral,Appreciation,0,12,0.0
M0048,Appreciation,Aversion,0,0,
M0048,Appreciation,Neutral,0,0,
M0048,Appreciation,Appreciation,0,0,
M0049,Aversion,Aversion,3,7,0.42857142857142855
M0049,Aversion,Neutral,4,7,0.5714285714285714
M0049,Aversion,Appreciation,0,7,0.0
M0049,Neutral,Aversion,4,11,0.36363636363636365
M0049,Neutral,Neutral,6,11,0.5454545454545454
M0049,Neutral,Appreciation,1,11,0.09090909090909091
M0049,Appreciation,Aversion,0,7,0.0
M0049,Appreciation,Neutral,1,7,0.14285714285714285
M0049,Appreciation,Appreciation,6,7,0.8571428571428571
M0050,Aversion,Aversion,5,9,0.5555555555555556
M0050,Aversion,Neutral,4,9,0.4444444444444444
M0050,Aversion,Appreciation,0,9,0.0
M0050,Neutral,Aversion,4,11,0.36363636363636365
M0050,Neutral,Neutral,6,11,0.5454545454545454
M0050,Neutral,Appreciation,1,11,0.09090909090909091
M0050,Appreciation,Aversion,0,5,0.0
M0050,Appreciation,Neutral,0,5,0.0
M0050,Appreciation,Appreciation,5,5,1.0
M0051,Aversion,Aversion,5,8,0.625
M0051,Aversion,Neutral,2,8,0.25
M0051,Aversion,Appreciation,1,8,0.125
M0051,Neutral,Aversion,3,8,0.375
M0051,Neutral,Neutral,4,8,0.5
M0051,Neutral,Appreciation,1,8,0.125
M0051,Appreciation,Aversion,0,9,0.0
M0051,Appreciation,Neutral,1,9,0.1111111111111111
M0051,Appreciation,Appreciation,8,9,0.8888888888888888
M0052,Aversion,Aversion,6,7,0.8571428571428571
M0052,Aversion,Neutral,1,7,0.14285714285714285
M0052,Aversion,Appreciation,0,7,0.0
M0052,Neutral,Aversion,1,13,0.07692307692307693
M0052,Neutral,Neutral,10,13,0.7692307692307693
M0052,Neutral,Appreciation,2,13,0.15384615384615385
M0052,Appreciation,Aversion,0,5,0.0
M0052,Appreciation,Neutral,1,5,0.2
M0052,Appreciation,Appreciation,4,5,0.8
M0053,Aversion,Aversion,6,9,0.6666666666666666
M0053,Aversion,Neutral,3,9,0.3333333333333333
M0053,Aversion,Appreciation,0,9,0.0
M0053,Neutral,Aversion,3,9,0.3333333333333333
M0053,Neutral,Neutral,5,9,0.5555555555555556
M0053,Neutral,Appreciation,1,9,0.1111111111111111
M0053,Appreciation,Aversion,0,7,0.0
M0053,Appreciation,Neutral,1,7,0.14285714285714285
M0053,Appreciation,Appreciation,6,7,0.8571428571428571
M0054,Aversion,Aversion,7,12,0.5833333333333334
M0054,Aversion,Neutral,5,12,0.4166666666666667
M0054,Aversion,Appreciation,0,12,0.0
M0054,Neutral,Aversion,5,12,0.4166666666666667
M0054,Neutral,Neutral,6,12,0.5
M0054,Neutral,Appreciation,1,12,0.08333333333333333
M0054,Appreciation,Aversion,0,1,0.0
M0054,Appreciation,Neutral,0,1,0.0
M0054,Appreciation,Appreciation,1,1,1.0
M0055,Aversion,Aversion,4,7,0.5714285714285714
M0055,Aversion,Neutral,3,7,0.42857142857142855
M0055,Aversion,Appreciation,0,7,0.0
M0055,Neutral,Aversion,4,14,0.2857142857142857
M0055,Neutral,Neutral,9,14,0.6428571428571429
M0055,Neutral,Appreciation,1,14,0.07142857142857142
M0055,Appreciation,Aversion,0,4,0.0
M0055,Appreciation,Neutral,1,4,0.25
M0055,Appreciation,Appreciation,3,4,0.75
M0056,Aversion,Aversion,1,4,0.25
M0056,Aversion,Neutral,3,4,0.75
M0056,Aversion,Appreciation,0,4,0.0
M0056,Neutral,Aversion,3,15,0.2
M0056,Neutral,Neutral,11,15,0.7333333333333333
M0056,Neutral,Appreciation,1,15,0.06666666666666667
M0056,Appreciation,Aversion,0,6,0.0
M0056,Appreciation,Neutral,0,6,0.0
M0056,Appreciation,Appreciation,6,6,1.0
M0057,Aversion,Aversion,8,14,0.5714285714285714
M0057,Aversion,Neutral,6,14,0.42857142857142855
M0057,Aversion,Appreciation,0,14,0.0
M0057,Neutral,Aversion,6,11,0.5454545454545454
M0057,Neutral,Neutral,5,11,0.45454545454545453
M0057,Neutral,Appreciation,0,11,0.0
M0057,Appreciation,Aversion,0,0,
M0057,Appreciation,Neutral,0,0,
M0057,Appreciation,Appreciation,0,0,
M0058,Aversion,Aversion,19,21,0.9047619047619048
M0058,Aversion,Neutral,2,21,0.09523809523809523
M0058,Aversion,Appreciation,0,21,0.0
M0058,Neutral,Aversion,3,4,0.75
M0058,Neutral,Neutral,1,4,0.25
M0058,Neutral,Appreciation,0,4,0.0
M0058,Appreciation,Aversion,0,0,
M0058,Appreciation,Neutral,0,0,
M0058,Appreciation,Appreciation,0,0,
M0059,Aversion,Aversion,13,15,0.8666666666666667
M0059,Aversion,Neutral,2,15,0.13333333333333333
M0059,Aversion,Appreciation,0,15,0.0
M0059,Neutral,Aversion,3,10,0.3
M0059,Neutral,Neutral,7,10,0.7
M0059,Neutral,Appreciation,0,10,0.0
M0059,Appreciation,Aversion,0,0,
M0059,Appreciation,Neutral,0,0,
M0059,Appreciation,Appreciation,0,0,
M0060,Aversion,Aversion,1,2,0.5
M0060,Aversion,Neutral,1,2,0.5
M0060,Aversion,Appreciation,0,2,0.0
M0060,Neutral,Aversion,1,17,0.058823529411764705
M0060,Neutral,Neutral,14,17,0.8235294117647058
M0060,Neutral,Appreciation,2,17,0.11764705882352941
M0060,Appreciation,Aversion,0,6,0.0
M0060,Appreciation,Neutral,1,6,0.16666666666666666
M0060,Appreciation,Appreciation,5,6,0.8333333333333334
M0061,Aversion,Aversion,11,15,0.7333333333333333
M0061,Aversion,Neutral,4,15,0.26666666666666666
M0061,Aversion,Appreciation,0,15,0.0
M0061,Neutral,Aversion,4,9,0.4444444444444444
M0061,Neutral,Neutral,4,9,0.4444444444444444
M0061,Neutral,Appreciation,1,9,0.1111111111111111
M0061,Appreciation,Aversion,0,1,0.0
M0061,Appreciation,Neutral,1,1,1.0
M0061,Appreciation,Appreciation,0,1,0.0
M0062,Aversion,Aversion,0,1,0.0
M0062,Aversion,Neutral,1,1,1.0
M0062,Aversion,Appreciation,0,1,0.0
M0062,Neutral,Aversion,1,14,0.07142857142857142
M0062,Neutral,Neutral,11,14,0.7857142857142857
M0062,Neutral,Appreciation,2,14,0.14285714285714285
M0062,Appreciation,Aversion,0,10,0.0
M0062,Appreciation,Neutral,1,10,0.1
M0062,Appreciation,Appreciation,9,10,0.9
M0063,Aversion,Aversion,1,3,0.3333333333333333
M0063,Aversion,Neutral,2,3,0.6666666666666666
M0063,Aversion,Appreciation,0,3,0.0
M0063,Neutral,Aversion,3,20,0.15
M0063,Neutral,Neutral,16,20,0.8
M0063,Neutral,Appreciation,1,20,0.05
M0063,Appreciation,Aversion,0,2,0.0
M0063,Appreciation,Neutral,1,2,0.5
M0063,Appreciation,Appreciation,1,2,0.5
M0064,Aversion,Aversion,1,2,0.5
M0064,Aversion,Neutral,1,2,0.5
M0064,Aversion,Appreciation,0,2,0.0
M0064,Neutral,Aversion,1,19,0.05263157894736842
M0064,Neutral,Neutral,16,19,0.8421052631578947
M0064,Neutral,Appreciation,2,19,0.10526315789473684
M0064,Appreciation,Aversion,0,4,0.0
M0064,Appreciation,Neutral,2,4,0.5
M0064,Appreciation,Appreciation,2,4,0.5
M0065,Aversion,Aversion,0,2,0.0
M0065,Aversion,Neutral,2,2,1.0
M0065,Aversion,Appreciation,0,2,0.0
M0065,Neutral,Aversion,2,19,0.10526315789473684
M0065,Neutral,Neutral,16,19,0.8421052631578947
M0065,Neutral,Appreciation,1,19,0.05263157894736842
M0065,Appreciation,Aversion,0,4,0.0
M0065,Appreciation,Neutral,1,4,0.25
M0065,Appreciation,Appreciation,3,4,0.75
M0066,Aversion,Aversion,0,3,0.0
M0066,Aversion,Neutral,3,3,1.0
M0066,Aversion,Appreciation,0,3,0.0
M0066,Neutral,Aversion,3,10,0.3
M0066,Neutral,Neutral,6,10,0.6
M0066,Neutral,Appreciation,1,10,0.1
M0066,Appreciation,Aversion,0,12,0.0
M0066,Appreciation,Neutral,0,12,0.0
M0066,Appreciation,Appreciation,12,12,1.0
M0067,Aversion,Aversion,7,11,0.6363636363636364
M0067,Aversion,Neutral,4,11,0.36363636363636365
M0067,Aversion,Appreciation,0,11,0.0
M0067,Neutral,Aversion,4,9,0.4444444444444444
M0067,Neutral,Neutral,4,9,0.4444444444444444
M0067,Neutral,Appreciation,1,9,0.1111111111111111
M0067,Appreciation,Aversion,0,5,0.0
M0067,Appreciation,Neutral,1,5,0.2
M0067,Appreciation,Appreciation,4,5,0.8
M0068,Aversion,Aversion,5,13,0.38461538461538464
M0068,Aversion,Neutral,8,13,0.6153846153846154
M0068,Aversion,Appreciation,0,13,0.0
M0068,Neutral,Aversion,8,12,0.6666666666666666
M0068,Neutral,Neutral,4,12,0.3333333333333333
M0068,Neutral,Appreciation,0,12,0.0
M0068,Appreciation,Aversion,0,0,
M0068,Appreciation,Neutral,0,0,
M0068,Appreciation,Appreciation,0,0,
M0069,Aversion,Aversion,11,13,0.8461538461538461
M0069,Aversion,Neutral,2,13,0.15384615384615385
M0069,Aversion,Appreciation,0,13,0.0
M0069,Neutral,Aversion,3,12,0.25
M0069,Neutral,Neutral,9,12,0.75
M0069,Neutral,Appreciation,0,12,0.0
M0069,Appreciation,Aversion,0,0,
M0069,Appreciation,Neutral,0,0,
M0069,Appreciation,Appreciation,0,0,
M0070,Aversion,Aversion,16,19,0.8421052631578947
M0070,Aversion,Neutral,2,19,0.10526315789473684
M0070,Aversion,Appreciation,1,19,0.05263157894736842
M0070,Neutral,Aversion,3,5,0.6
M0070,Neutral,Neutral,2,5,0.4
M0070,Neutral,Appreciation,0,5,0.0
M0070,Appreciation,Aversion,0,1,0.0
M0070,Appreciation,Neutral,0,1,0.0
M0070,Appreciation,Appreciation,1,1,1.0
M0071,Aversion,Aversion,2,4,0.5
M0071,Aversion,Neutral,2,4,0.5
M0071,Aversion,Appreciation,0,4,0.0
M0071,Neutral,Aversion,2,10,0.2
M0071,Neutral,Neutral,7,10,0.7
M0071,Neutral,Appreciation,1,10,0.1
M0071,Appreciation,Aversion,0,11,0.0
M0071,Appreciation,Neutral,0,11,0.0
M0071,Appreciation,Appreciation,11,11,1.0
M0072,Aversion,Aversion,7,9,0.7777777777777778
M0072,Aversion,Neutral,1,9,0.1111111111111111
M0072,Aversion,Appreciation,1,9,0.1111111111111111
M0072,Neutral,Aversion,2,13,0.15384615384615385
M0072,Neutral,Neutral,11,13,0.8461538461538461
M0072,Neutral,Appreciation,0,13,0.0
M0072,Appreciation,Aversion,0,3,0.0
M0072,Appreciation,Neutral,0,3,0.0
M0072,Appreciation,Appreciation,3,3,1.0
M0073,Aversion,Aversion,6,10,0.6
M0073,Aversion,Neutral,4,10,0.4
M0073,Aversion,Appreciation,0,10,0.0
M0073,Neutral,Aversion,4,13,0.3076923076923077
M0073,Neutral,Neutral,8,13,0.6153846153846154
M0073,Neutral,Appreciation,1,13,0.07692307692307693
M0073,Appreciation,Aversion,0,2,0.0
M0073,Appreciation,Neutral,1,2,0.5
M0073,Appreciation,Appreciation,1,2,0.5
M0074,Aversion,Aversion,14,18,0.7777777777777778
M0074,Aversion,Neutral,4,18,0.2222222222222222
M0074,Aversion,Appreciation,0,18,0.0
M0074,Neutral,Aversion,4,7,0.5714285714285714
M0074,Neutral,Neutral,3,7,0.42857142857142855
M0074,Neutral,Appreciation,0,7,0.0
M0074,Appreciation,Aversion,0,0,
M0074,Appreciation,Neutral,0,0,
M0074,Appreciation,Appreciation,0,0,
M0075,Aversion,Aversion,13,16,0.8125
M0075,Aversion,Neutral,2,16,0.125
M0075,Aversion,Appreciation,1,16,0.0625
M0075,Neutral,Aversion,3,7,0.42857142857142855
M0075,Neutral,Neutral,4,7,0.5714285714285714
M0075,Neutral,Appreciation,0,7,0.0
M0075,Appreciation,Aversion,0,2,0.0
M0075,Appreciation,Neutral,1,2,0.5
M0075,Appreciation,Appreciation,1,2,0.5
M0076,Aversion,Aversion,12,17,0.7058823529411765
M0076,Aversion,Neutral,5,17,0.29411764705882354
M0076,Aversion,Appreciation,0,17,0.0
M0076,Neutral,Aversion,6,8,0.75
M0076,Neutral,Neutral,2,8,0.25
M0076,Neutral,Appreciation,0,8,0.0
M0076,Appreciation,Aversion,0,0,
M0076,Appreciation,Neutral,0,0,
M0076,Appreciation,Appreciation,0,0,
M0077,Aversion,Aversion,13,16,0.8125
M0077,Aversion,Neutral,3,16,0.1875
M0077,Aversion,Appreciation,0,16,0.0
M0077,Neutral,Aversion,4,9,0.4444444444444444
M0077,Neutral,Neutral,5,9,0.5555555555555556
M0077,Neutral,Appreciation,0,9,0.0
M0077,Appreciation,Aversion,0,0,
M0077,Appreciation,Neutral,0,0,
M0077,Appreciation,Appreciation,0,0,
M0078,Aversion,Aversion,18,20,0.9
M0078,Aversion,Neutral,1,20,0.05
M0078,Aversion,Appreciation,1,20,0.05
M0078,Neutral,Aversion,2,5,0.4
M0078,Neutral,Neutral,3,5,0.6
M0078,Neutral,Appreciation,0,5,0.0
M0078,Appreciation,Aversion,0,0,
M0078,Appreciation,Neutral,0,0,
M0078,Appreciation,Appreciation,0,0,
M0079,Aversion,Aversion,0,0,
M0079,Aversion,Neutral,0,0,
M0079,Aversion,Appreciation,0,0,
M0079,Neutral,Aversion,1,16,0.0625
M0079,Neutral,Neutral,13,16,0.8125
M0079,Neutral,Appreciation,2,16,0.125
M0079,Appreciation,Aversion,0,9,0.0
M0079,Appreciation,Neutral,2,9,0.2222222222222222
M0079,Appreciation,Appreciation,7,9,0.7777777777777778
M0080,Aversion,Aversion,10,16,0.625
M0080,Aversion,Neutral,6,16,0.375
M0080,Aversion,Appreciation,0,16,0.0
M0080,Neutral,Aversion,7,9,0.7777777777777778
M0080,Neutral,Neutral,2,9,0.2222222222222222
M0080,Neutral,Appreciation,0,9,0.0
M0080,Appreciation,Aversion,0,0,
M0080,Appreciation,Neutral,0,0,
M0080,Appreciation,Appreciation,0,0,
M0081,Aversion,Aversion,3,6,0.5
M0081,Aversion,Neutral,3,6,0.5
M0081,Aversion,Appreciation,0,6,0.0
M0081,Neutral,Aversion,3,12,0.25
M0081,Neutral,Neutral,7,12,0.5833333333333334
M0081,Neutral,Appreciation,2,12,0.16666666666666666
M0081,Appreciation,Aversion,0,7,0.0
M0081,Appreciation,Neutral,1,7,0.14285714285714285
M0081,Appreciation,Appreciation,6,7,0.8571428571428571
M0082,Aversion,Aversion,13,16,0.8125
M0082,Aversion,Neutral,3,16,0.1875
M0082,Aversion,Appreciation,0,16,0.0
M0082,Neutral,Aversion,4,9,0.4444444444444444
M0082,Neutral,Neutral,5,9,0.5555555555555556
M0082,Neutral,Appreciation,0,9,0.0
M0082,Appreciation,Aversion,0,0,
M0082,Appreciation,Neutral,0,0,
M0082,Appreciation,Appreciation,0,0,
M0083,Aversion,Aversion,11,15,0.7333333333333333
M0083,Aversion,Neutral,4,15,0.26666666666666666
M0083,Aversion,Appreciation,0,15,0.0
M0083,Neutral,Aversion,4,10,0.4
M0083,Neutral,Neutral,6,10,0.6
M0083,Neutral,Appreciation,0,10,0.0
M0083,Appreciation,Aversion,0,0,
M0083,Appreciation,Neutral,0,0,
M0083,Appreciation,Appreciation,0,0,
M0084,Aversion,Aversion,7,10,0.7
M0084,Aversion,Neutral,2,10,0.2
M0084,Aversion,Appreciation,1,10,0.1
M0084,Neutral,Aversion,4,13,0.3076923076923077
M0084,Neutral,Neutral,9,13,0.6923076923076923
M0084,Neutral,Appreciation,0,13,0.0
M0084,Appreciation,Aversion,0,2,0.0
M0084,Appreciation,Neutral,1,2,0.5
M0084,Appreciation,Appreciation,1,2,0.5
M0085,Aversion,Aversion,0,1,0.0
M0085,Aversion,Neutral,1,1,1.0
M0085,Aversion,Appreciation,0,1,0.0
M0085,Neutral,Aversion,1,13,0.07692307692307693
M0085,Neutral,Neutral,11,13,0.8461538461538461
M0085,Neutral,Appreciation,1,13,0.07692307692307693
M0085,Appreciation,Aversion,0,11,0.0
M0085,Appreciation,Neutral,0,11,0.0
M0085,Appreciation,Appreciation,11,11,1.0
M0086,Aversion,Aversion,0,0,
M0086,Aversion,Neutral,0,0,
M0086,Aversion,Appreciation,0,0,
M0086,Neutral,Aversion,0,15,0.0
M0086,Neutral,Neutral,13,15,0.8666666666666667
M0086,Neutral,Appreciation,2,15,0.13333333333333333
M0086,Appreciation,Aversion,0,10,0.0
M0086,Appreciation,Neutral,2,10,0.2
M0086,Appreciation,Appreciation,8,10,0.8
M0087,Aversion,Aversion,7,10,0.7
M0087,Aversion,Neutral,2,10,0.2
M0087,Aversion,Appreciation,1,10,0.1
M0087,Neutral,Aversion,3,9,0.3333333333333333
M0087,Neutral,Neutral,6,9,0.6666666666666666
M0087,Neutral,Appreciation,0,9,0.0
M0087,Appreciation,Aversion,0,6,0.0
M0087,Appreciation,Neutral,0,6,0.0
M0087,Appreciation,Appreciation,6,6,1.0
M0088,Aversion,Aversion,7,12,0.5833333333333334
M0088,Aversion,Neutral,4,12,0.3333333333333333
M0088,Aversion,Appreciation,1,12,0.08333333333333333
M0088,Neutral,Aversion,5,13,0.38461538461538464
M0088,Neutral,Neutral,8,13,0.6153846153846154
M0088,Neutral,Appreciation,0,13,0.0
M0088,Appreciation,Aversion,0,0,
M0088,Appreciation,Neutral,0,0,
M0088,Appreciation,Appreciation,0,0,
M0089,Aversion,Aversion,5,11,0.45454545454545453
M0089,Aversion,Neutral,5,11,0.45454545454545453
M0089,Aversion,Appreciation,1,11,0.09090909090909091
M0089,Neutral,Aversion,6,14,0.42857142857142855
M0089,Neutral,Neutral,8,14,0.5714285714285714
M0089,Neutral,Appreciation,0,14,0.0
M0089,Appreciation,Aversion,0,0,
M0089,Appreciation,Neutral,0,0,
M0089,Appreciation,Appreciation,0,0,
M0090,Aversion,Aversion,6,8,0.75
M0090,Aversion,Neutral,2,8,0.25
M0090,Aversion,Appreciation,0,8,0.0
M0090,Neutral,Aversion,3,12,0.25
M0090,Neutral,Neutral,7,12,0.5833333333333334
M0090,Neutral,Appreciation,2,12,0.16666666666666666
M0090,Appreciation,Aversion,0,5,0.0
M0090,Appreciation,Neutral,2,5,0.4
M0090,Appreciation,Appreciation,3,5,0.6
M0091,Aversion,Aversion,0,2,0.0
M0091,Aversion,Neutral,2,2,1.0
M0091,Aversion,Appreciation,0,2,0.0
M0091,Neutral,Aversion,2,17,0.11764705882352941
M0091,Neutral,Neutral,14,17,0.8235294117647058
M0091,Neutral,Appreciation,1,17,0.058823529411764705
M0091,Appreciation,Aversion,0,6,0.0
M0091,Appreciation,Neutral,1,6,0.16666666666666666
M0091,Appreciation,Appreciation,5,6,0.8333333333333334
M0092,Aversion,Aversion,0,0,
M0092,Aversion,Neutral,0,0,
M0092,Aversion,Appreciation,0,0,
M0092,Neutral,Aversion,0,12,0.0
M0092,Neutral,Neutral,10,12,0.8333333333333334
M0092,Neutral,Appreciation,2,12,0.16666666666666666
M0092,Appreciation,Aversion,0,13,0.0
M0092,Appreciation,Neutral,1,13,0.07692307692307693
M0092,Appreciation,Appreciation,12,13,0.9230769230769231
M0093,Aversion,Aversion,0,1,0.0
M0093,Aversion,Neutral,1,1,1.0
M0093,Aversion,Appreciation,0,1,0.0
M0093,Neutral,Aversion,1,16,0.0625
M0093,Neutral,Neutral,14,16,0.875
M0093,Neutral,Appreciation,1,16,0.0625
M0093,Appreciation,Aversion,0,8,0.0
M0093,Appreciation,Neutral,1,8,0.125
M0093,Appreciation,Appreciation,7,8,0.875
M0094,Aversion,Aversion,10,15,0.6666666666666666
M0094,Aversion,Neutral,5,15,0.3333333333333333
M0094,Aversion,Appreciation,0,15,0.0
M0094,Neutral,Aversion,5,10,0.5
M0094,Neutral,Neutral,5,10,0.5
M0094,Neutral,Appreciation,0,10,0.0
M0094,Appreciation,Aversion,0,0,
M0094,Appreciation,Neutral,0,0,
M0094,Appreciation,Appreciation,0,0,
M0095,Aversion,Aversion,2,3,0.6666666666666666
M0095,Aversion,Neutral,1,3,0.3333333333333333
M0095,Aversion,Appreciation,0,3,0.0
M0095,Neutral,Aversion,1,14,0.07142857142857142
M0095,Neutral,Neutral,11,14,0.7857142857142857
M0095,Neutral,Appreciation,2,14,0.14285714285714285
M0095,Appreciation,Aversion,0,8,0.0
M0095,Appreciation,Neutral,1,8,0.125
M0095,Appreciation,Appreciation,7,8,0.875
M0096,Aversion,Aversion,0,0,
M0096,Aversion,Neutral,0,0,
M0096,Aversion,Appreciation,0,0,
M0096,Neutral,Aversion,0,13,0.0
M0096,Neutral,Neutral,11,13,0.8461538461538461
M0096,Neutral,Appreciation,2,13,0.15384615384615385
M0096,Appreciation,Aversion,0,12,0.0
M0096,Appreciation,Neutral,1,12,0.08333333333333333
M0096,Appreciation,Appreciation,11,12,0.9166666666666666
M0097,Aversion,Aversion,3,5,0.6
M0097,Aversion,Neutral,2,5,0.4
M0097,Aversion,Appreciation,0,5,0.0
M0097,Neutral,Aversion,2,20,0.1
M0097,Neutral,Neutral,17,20,0.85
M0097,Neutral,Appreciation,1,20,0.05
M0097,Appreciation,Aversion,0,0,
M0097,Appreciation,Neutral,0,0,
M0097,Appreciation,Appreciation,0,0,
M0098,Aversion,Aversion,8,12,0.6666666666666666
M0098,Aversion,Neutral,4,12,0.3333333333333333
M0098,Aversion,Appreciation,0,12,0.0
M0098,Neutral,Aversion,4,12,0.3333333333333333
M0098,Neutral,Neutral,7,12,0.5833333333333334
M0098,Neutral,Appreciation,1,12,0.08333333333333333
M0098,Appreciation,Aversion,0,1,0.0
M0098,Appreciation,Neutral,0,1,0.0
M0098,Appreciation,Appreciation,1,1,1.0
M0099,Aversion,Aversion,0,0,
M0099,Aversion,Neutral,0,0,
M0099,Aversion,Appreciation,0,0,
M0099,Neutral,Aversion,0,16,0.0
M0099,Neutral,Neutral,15,16,0.9375
M0099,Neutral,Appreciation,1,16,0.0625
M0099,Appreciation,Aversion,0,9,0.0
M0099,Appreciation,Neutral,0,9,0.0
M0099,Appreciation,Appreciation,9,9,1.0
M0100,Aversion,Aversion,7,11,0.6363636363636364
M0100,Aversion,Neutral,4,11,0.36363636363636365
M0100,Aversion,Appreciation,0,11,0.0
M0100,Neutral,Aversion,5,14,0.35714285714285715
M0100,Neutral,Neutral,9,14,0.6428571428571429
M0100,Neutral,Appreciation,0,14,0.0
M0100,Appreciation,Aversion,0,0,
M0100,Appreciation,Neutral,0,0,
M0100,Appreciation,Appreciation,0,0,
M0101,Aversion,Aversion,0,0,
M0101,Aversion,Neutral,0,0,
M0101,Aversion,Appreciation,0,0,
M0101,Neutral,Aversion,0,13,0.0
M0101,Neutral,Neutral,11,13,0.8461538461538461
M0101,Neutral,Appreciation,2,13,0.15384615384615385
M0101,Appreciation,Aversion,0,12,0.0
M0101,Appreciation,Neutral,1,12,0.08333333333333333
M0101,Appreciation,Appreciation,11,12,0.9166666666666666
M0102,Aversion,Aversion,12,16,0.75
M0102,Aversion,Neutral,4,16,0.25
M0102,Aversion,Appreciation,0,16,0.0
M0102,Neutral,Aversion,4,9,0.4444444444444444
M0102,Neutral,Neutral,5,9,0.5555555555555556
M0102,Neutral,Appreciation,0,9,0.0
M0102,Appreciation,Aversion,0,0,
M0102,Appreciation,Neutral,0,0,
M0102,Appreciation,Appreciation,0,0,
M0103,Aversion,Aversion,7,12,0.5833333333333334
M0103,Aversion,Neutral,5,12,0.4166666666666667
M0103,Aversion,Appreciation,0,12,0.0
M0103,Neutral,Aversion,5,13,0.38461538461538464
M0103,Neutral,Neutral,7,13,0.5384615384615384
M0103,Neutral,Appreciation,1,13,0.07692307692307693
M0103,Appreciation,Aversion,0,0,
M0103,Appreciation,Neutral,0,0,
M0103,Appreciation,Appreciation,0,0,
M0104,Aversion,Aversion,11,15,0.7333333333333333
M0104,Aversion,Neutral,4,15,0.26666666666666666
M0104,Aversion,Appreciation,0,15,0.0
M0104,Neutral,Aversion,3,10,0.3
M0104,Neutral,Neutral,7,10,0.7
M0104,Neutral,Appreciation,0,10,0.0
M0104,Appreciation,Aversion,0,0,
M0104,Appreciation,Neutral,0,0,
M0104,Appreciation,Appreciation,0,0,
M0105,Aversion,Aversion,0,1,0.0
M0105,Aversion,Neutral,1,1,1.0
M0105,Aversion,Appreciation,0,1,0.0
M0105,Neutral,Aversion,1,12,0.08333333333333333
M0105,Neutral,Neutral,10,12,0.8333333333333334
M0105,Neutral,Appreciation,1,12,0.08333333333333333
M0105,Appreciation,Aversion,0,12,0.0
M0105,Appreciation,Neutral,0,12,0.0
M0105,Appreciation,Appreciation,12,12,1.0
M0106,Aversion,Aversion,12,14,0.8571428571428571
M0106,Aversion,Neutral,2,14,0.14285714285714285
M0106,Aversion,Appreciation,0,14,0.0
M0106,Neutral,Aversion,2,5,0.4
M0106,Neutral,Neutral,2,5,0.4
M0106,Neutral,Appreciation,1,5,0.2
M0106,Appreciation,Aversion,0,6,0.0
M0106,Appreciation,Neutral,0,6,0.0
M0106,Appreciation,Appreciation,6,6,1.0
M0107,Aversion,Aversion,11,15,0.7333333333333333
M0107,Aversion,Neutral,4,15,0.26666666666666666
M0107,Aversion,Appreciation,0,15,0.0
M0107,Neutral,Aversion,5,10,0.5
M0107,Neutral,Neutral,5,10,0.5
M0107,Neutral,Appreciation,0,10,0.0
M0107,Appreciation,Aversion,0,0,
M0107,Appreciation,Neutral,0,0,
M0107,Appreciation,Appreciation,0,0,
M0108,Aversion,Aversion,6,8,0.75
M0108,Aversion,Neutral,2,8,0.25
M0108,Aversion,Appreciation,0,8,0.0
M0108,Neutral,Aversion,2,8,0.25
M0108,Neutral,Neutral,5,8,0.625
M0108,Neutral,Appreciation,1,8,0.125
M0108,Appreciation,Aversion,0,9,0.0
M0108,Appreciation,Neutral,0,9,0.0
M0108,Appreciation,Appreciation,9,9,1.0
M0109,Aversion,Aversion,8,11,0.7272727272727273
M0109,Aversion,Neutral,3,11,0.2727272727272727
M0109,Aversion,Appreciation,0,11,0.0
M0109,Neutral,Aversion,3,9,0.3333333333333333
M0109,Neutral,Neutral,5,9,0.5555555555555556
M0109,Neutral,Appreciation,1,9,0.1111111111111111
M0109,Appreciation,Aversion,0,5,0.0
M0109,Appreciation,Neutral,1,5,0.2
M0109,Appreciation,Appreciation,4,5,0.8
M0110,Aversion,Aversion,15,17,0.8823529411764706
M0110,Aversion,Neutral,2,17,0.11764705882352941
M0110,Aversion,Appreciation,0,17,0.0
M0110,Neutral,Aversion,2,5,0.4
M0110,Neutral,Neutral,2,5,0.4
M0110,Neutral,Appreciation,1,5,0.2
M0110,Appreciation,Aversion,0,3,0.0
M0110,Appreciation,Neutral,0,3,0.0
M0110,Appreciation,Appreciation,3,3,1.0
M0111,Aversion,Aversion,2,4,0.5
M0111,Aversion,Neutral,2,4,0.5
M0111,Aversion,Appreciation,0,4,0.0
M0111,Neutral,Aversion,3,14,0.21428571428571427
M0111,Neutral,Neutral,10,14,0.7142857142857143
M0111,Neutral,Appreciation,1,14,0.07142857142857142
M0111,Appreciation,Aversion,0,7,0.0
M0111,Appreciation,Neutral,1,7,0.14285714285714285
M0111,Appreciation,Appreciation,6,7,0.8571428571428571
M0112,Aversion,Aversion,7,11,0.6363636363636364
M0112,Aversion,Neutral,4,11,0.36363636363636365
M0112,Aversion,Appreciation,0,11,0.0
M0112,Neutral,Aversion,4,14,0.2857142857142857
M0112,Neutral,Neutral,10,14,0.7142857142857143
M0112,Neutral,Appreciation,0,14,0.0
M0112,Appreciation,Aversion,0,0,
M0112,Appreciation,Neutral,0,0,
M0112,Appreciation,Appreciation,0,0,
M0113,Aversion,Aversion,2,3,0.6666666666666666
M0113,Aversion,Neutral,1,3,0.3333333333333333
M0113,Aversion,Appreciation,0,3,0.0
M0113,Neutral,Aversion,1,10,0.1
M0113,Neutral,Neutral,8,10,0.8
M0113,Neutral,Appreciation,1,10,0.1
M0113,Appreciation,Aversion,0,12,0.0
M0113,Appreciation,Neutral,0,12,0.0
M0113,Appreciation,Appreciation,12,12,1.0
M0114,Aversion,Aversion,11,13,0.8461538461538461
M0114,Aversion,Neutral,2,13,0.15384615384615385
M0114,Aversion,Appreciation,0,13,0.0
M0114,Neutral,Aversion,3,7,0.42857142857142855
M0114,Neutral,Neutral,3,7,0.42857142857142855
M0114,Neutral,Appreciation,1,7,0.14285714285714285
M0114,Appreciation,Aversion,0,5,0.0
M0114,Appreciation,Neutral,1,5,0.2
M0114,Appreciation,Appreciation,4,5,0.8
M0115,Aversion,Aversion,7,13,0.5384615384615384
M0115,Aversion,Neutral,6,13,0.46153846153846156
M0115,Aversion,Appreciation,0,13,0.0
M0115,Neutral,Aversion,7,12,0.5833333333333334
M0115,Neutral,Neutral,5,12,0.4166666666666667
M0115,Neutral,Appreciation,0,12,0.0
M0115,Appreciation,Aversion,0,0,
M0115,Appreciation,Neutral,0,0,
M0115,Appreciation,Appreciation,0,0,
M0116,Aversion,Aversion,11,13,0.8461538461538461
M0116,Aversion,Neutral,2,13,0.15384615384615385
M0116,Aversion,Appreciation,0,13,0.0
M0116,Neutral,Aversion,2,10,0.2
M0116,Neutral,Neutral,7,10,0.7
M0116,Neutral,Appreciation,1,10,0.1
M0116,Appreciation,Aversion,0,2,0.0
M0116,Appreciation,Neutral,1,2,0.5
M0116,Appreciation,Appreciation,1,2,0.5
M0117,Aversion,Aversion,0,0,
M0117,Aversion,Neutral,0,0,
M0117,Aversion,Appreciation,0,0,
M0117,Neutral,Aversion,0,13,0.0
M0117,Neutral,Neutral,12,13,0.9230769230769231
M0117,Neutral,Appreciation,1,13,0.07692307692307693
M0117,Appreciation,Aversion,0,12,0.0
M0117,Appreciation,Neutral,1,12,0.08333333333333333
M0117,Appreciation,Appreciation,11,12,0.9166666666666666
M0118,Aversion,Aversion,7,12,0.5833333333333334
M0118,Aversion,Neutral,5,12,0.4166666666666667
M0118,Aversion,Appreciation,0,12,0.0
M0118,Neutral,Aversion,6,13,0.46153846153846156
M0118,Neutral,Neutral,7,13,0.5384615384615384
M0118,Neutral,Appreciation,0,13,0.0
M0118,Appreciation,Aversion,0,0,
M0118,Appreciation,Neutral,0,0,
M0118,Appreciation,Appreciation,0,0,
M0119,Aversion,Aversion,6,8,0.75
M0119,Aversion,Neutral,2,8,0.25
M0119,Aversion,Appreciation,0,8,0.0
M0119,Neutral,Aversion,3,16,0.1875
M0119,Neutral,Neutral,12,16,0.75
M0119,Neutral,Appreciation,1,16,0.0625
M0119,Appreciation,Aversion,0,1,0.0
M0119,Appreciation,Neutral,1,1,1.0
M0119,Appreciation,Appreciation,0,1,0.0
M0120,Aversion,Aversion,3,5,0.6
M0120,Aversion,Neutral,2,5,0.4
M0120,Aversion,Appreciation,0,5,0.0
M0120,Neutral,Aversion,2,19,0.10526315789473684
M0120,Neutral,Neutral,16,19,0.8421052631578947
M0120,Neutral,Appreciation,1,19,0.05263157894736842
M0120,Appreciation,Aversion,0,1,0.0
M0120,Appreciation,Neutral,1,1,1.0
M0120,Appreciation,Appreciation,0,1,0.0
M0121,Aversion,Aversion,7,11,0.6363636363636364
M0121,Aversion,Neutral,4,11,0.36363636363636365
M0121,Aversion,Appreciation,0,11,0.0
M0121,Neutral,Aversion,5,12,0.4166666666666667
M0121,Neutral,Neutral,6,12,0.5
M0121,Neutral,Appreciation,1,12,0.08333333333333333
M0121,Appreciation,Aversion,0,2,0.0
M0121,Appreciation,Neutral,1,2,0.5
M0121,Appreciation,Appreciation,1,2,0.5
M0122,Aversion,Aversion,2,4,0.5
M0122,Aversion,Neutral,2,4,0.5
M0122,Aversion,Appreciation,0,4,0.0
M0122,Neutral,Aversion,2,12,0.16666666666666666
M0122,Neutral,Neutral,9,12,0.75
M0122,Neutral,Appreciation,1,12,0.08333333333333333
M0122,Appreciation,Aversion,0,9,0.0
M0122,Appreciation,Neutral,0,9,0.0
M0122,Appreciation,Appreciation,9,9,1.0
M0123,Aversion,Aversion,0,1,0.0
M0123,Aversion,Neutral,1,1,1.0
M0123,Aversion,Appreciation,0,1,0.0
M0123,Neutral,Aversion,1,15,0.06666666666666667
M0123,Neutral,Neutral,13,15,0.8666666666666667
M0123,Neutral,Appreciation,1,15,0.06666666666666667
M0123,Appreciation,Aversion,0,9,0.0
M0123,Appreciation,Neutral,0,9,0.0
M0123,Appreciation,Appreciation,9,9,1.0
M0124,Aversion,Aversion,2,6,0.3333333333333333
M0124,Aversion,Neutral,4,6,0.6666666666666666
M0124,Aversion,Appreciation,0,6,0.0
M0124,Neutral,Aversion,4,8,0.5
M0124,Neutral,Neutral,3,8,0.375
M0124,Neutral,Appreciation,1,8,0.125
M0124,Appreciation,Aversion,0,11,0.0
M0124,Appreciation,Neutral,0,11,0.0
M0124,Appreciation,Appreciation,11,11,1.0
M0125,Aversion,Aversion,4,7,0.5714285714285714
M0125,Aversion,Neutral,2,7,0.2857142857142857
M0125,Aversion,Appreciation,1,7,0.14285714285714285
M0125,Neutral,Aversion,3,15,0.2
M0125,Neutral,Neutral,12,15,0.8
M0125,Neutral,Appreciation,0,15,0.0
M0125,Appreciation,Aversion,0,3,0.0
M0125,Appreciation,Neutral,1,3,0.3333333333333333
M0125,Appreciation,Appreciation,2,3,0.6666666666666666
M0126,Aversion,Aversion,4,7,0.5714285714285714
M0126,Aversion,Neutral,3,7,0.42857142857142855
M0126,Aversion,Appreciation,0,7,0.0
M0126,Neutral,Aversion,3,15,0.2
M0126,Neutral,Neutral,11,15,0.7333333333333333
M0126,Neutral,Appreciation,1,15,0.06666666666666667
M0126,Appreciation,Aversion,0,3,0.0
M0126,Appreciation,Neutral,0,3,0.0
M0126,Appreciation,Appreciation,3,3,1.0
M0127,Aversion,Aversion,11,14,0.7857142857142857
M0127,Aversion,Neutral,3,14,0.21428571428571427
M0127,Aversion,Appreciation,0,14,0.0
M0127,Neutral,Aversion,3,11,0.2727272727272727
M0127,Neutral,Neutral,8,11,0.7272727272727273
M0127,Neutral,Appreciation,0,11,0.0
M0127,Appreciation,Aversion,0,0,
M0127,Appreciation,Neutral,0,0,
M0127,Appreciation,Appreciation,0,0,
M0128,Aversion,Aversion,5,6,0.8333333333333334
M0128,Aversion,Neutral,1,6,0.16666666666666666
M0128,Aversion,Appreciation,0,6,0.0
M0128,Neutral,Aversion,2,17,0.11764705882352941
M0128,Neutral,Neutral,13,17,0.7647058823529411
M0128,Neutral,Appreciation,2,17,0.11764705882352941
M0128,Appreciation,Aversion,0,2,0.0
M0128,Appreciation,Neutral,2,2,1.0
M0128,Appreciation,Appreciation,0,2,0.0
M0129,Aversion,Aversion,5,10,0.5
M0129,Aversion,Neutral,5,10,0.5
M0129,Aversion,Appreciation,0,10,0.0
M0129,Neutral,Aversion,6,15,0.4
M0129,Neutral,Neutral,9,15,0.6
M0129,Neutral,Appreciation,0,15,0.0
M0129,Appreciation,Aversion,0,0,
M0129,Appreciation,Neutral,0,0,
M0129,Appreciation,Appreciation,0,0,
M0130,Aversion,Aversion,6,12,0.5
M0130,Aversion,Neutral,5,12,0.4166666666666667
M0130,Aversion,Appreciation,1,12,0.08333333333333333
M0130,Neutral,Aversion,6,12,0.5
M0130,Neutral,Neutral,6,12,0.5
M0130,Neutral,Appreciation,0,12,0.0
M0130,Appreciation,Aversion,0,1,0.0
M0130,Appreciation,Neutral,0,1,0.0
M0130,Appreciation,Appreciation,1,1,1.0
M0131,Aversion,Aversion,0,1,0.0
M0131,Aversion,Neutral,1,1,1.0
M0131,Aversion,Appreciation,0,1,0.0
M0131,Neutral,Aversion,1,14,0.07142857142857142
M0131,Neutral,Neutral,11,14,0.7857142857142857
M0131,Neutral,Appreciation,2,14,0.14285714285714285
M0131,Appreciation,Aversion,0,10,0.0
M0131,Appreciation,Neutral,1,10,0.1
M0131,Appreciation,Appreciation,9,10,0.9
M0132,Aversion,Aversion,4,11,0.36363636363636365
M0132,Aversion,Neutral,7,11,0.6363636363636364
M0132,Aversion,Appreciation,0,11,0.0
M0132,Neutral,Aversion,8,14,0.5714285714285714
M0132,Neutral,Neutral,6,14,0.42857142857142855
M0132,Neutral,Appreciation,0,14,0.0
M0132,Appreciation,Aversion,0,0,
M0132,Appreciation,Neutral,0,0,
M0132,Appreciation,Appreciation,0,0,
M0133,Aversion,Aversion,0,1,0.0
M0133,Aversion,Neutral,1,1,1.0
M0133,Aversion,Appreciation,0,1,0.0
M0133,Neutral,Aversion,1,17,0.058823529411764705
M0133,Neutral,Neutral,14,17,0.8235294117647058
M0133,Neutral,Appreciation,2,17,0.11764705882352941
M0133,Appreciation,Aversion,0,7,0.0
M0133,Appreciation,Neutral,2,7,0.2857142857142857
M0133,Appreciation,Appreciation,5,7,0.7142857142857143
M0134,Aversion,Aversion,4,6,0.6666666666666666
M0134,Aversion,Neutral,2,6,0.3333333333333333
M0134,Aversion,Appreciation,0,6,0.0
M0134,Neutral,Aversion,3,19,0.15789473684210525
M0134,Neutral,Neutral,16,19,0.8421052631578947
M0134,Neutral,Appreciation,0,19,0.0
M0134,Appreciation,Aversion,0,0,
M0134,Appreciation,Neutral,0,0,
M0134,Appreciation,Appreciation,0,0,
M0135,Aversion,Aversion,4,7,0.5714285714285714
M0135,Aversion,Neutral,3,7,0.42857142857142855
M0135,Aversion,Appreciation,0,7,0.0
M0135,Neutral,Aversion,3,12,0.25
M0135,Neutral,Neutral,8,12,0.6666666666666666
M0135,Neutral,Appreciation,1,12,0.08333333333333333
M0135,Appreciation,Aversion,0,6,0.0
M0135,Appreciation,Neutral,1,6,0.16666666666666666
M0135,Appreciation,Appreciation,5,6,0.8333333333333334
M0136,Aversion,Aversion,1,3,0.3333333333333333
M0136,Aversion,Neutral,2,3,0.6666666666666666
M0136,Aversion,Appreciation,0,3,0.0
M0136,Neutral,Aversion,3,19,0.15789473684210525
M0136,Neutral,Neutral,15,19,0.7894736842105263
M0136,Neutral,Appreciation,1,19,0.05263157894736842
M0136,Appreciation,Aversion,0,3,0.0
M0136,Appreciation,Neutral,1,3,0.3333333333333333
M0136,Appreciation,Appreciation,2,3,0.6666666666666666
M0137,Aversion,Aversion,6,9,0.6666666666666666
M0137,Aversion,Neutral,3,9,0.3333333333333333
M0137,Aversion,Appreciation,0,9,0.0
M0137,Neutral,Aversion,3,15,0.2
M0137,Neutral,Neutral,11,15,0.7333333333333333
M0137,Neutral,Appreciation,1,15,0.06666666666666667
M0137,Appreciation,Aversion,0,1,0.0
M0137,Appreciation,Neutral,1,1,1.0
M0137,Appreciation,Appreciation,0,1,0.0
M0138,Aversion,Aversion,5,6,0.8333333333333334
M0138,Aversion,Neutral,1,6,0.16666666666666666
M0138,Aversion,Appreciation,0,6,0.0
M0138,Neutral,Aversion,2,19,0.10526315789473684
M0138,Neutral,Neutral,17,19,0.8947368421052632
M0138,Neutral,Appreciation,0,19,0.0
M0138,Appreciation,Aversion,0,0,
M0138,Appreciation,Neutral,0,0,
M0138,Appreciation,Appreciation,0,0,
M0139,Aversion,Aversion,11,17,0.6470588235294118
M0139,Aversion,Neutral,5,17,0.29411764705882354
M0139,Aversion,Appreciation,1,17,0.058823529411764705
M0139,Neutral,Aversion,6,8,0.75
M0139,Neutral,Neutral,2,8,0.25
M0139,Neutral,Appreciation,0,8,0.0
M0139,Appreciation,Aversion,0,0,
M0139,Appreciation,Neutral,0,0,
M0139,Appreciation,Appreciation,0,0,
M0140,Aversion,Aversion,13,15,0.8666666666666667
M0140,Aversion,Neutral,2,15,0.13333333333333333
M0140,Aversion,Appreciation,0,15,0.0
M0140,Neutral,Aversion,3,10,0.3
M0140,Neutral,Neutral,7,10,0.7
M0140,Neutral,Appreciation,0,10,0.0
M0140,Appreciation,Aversion,0,0,
M0140,Appreciation,Neutral,0,0,
M0140,Appreciation,Appreciation,0,0,
M0141,Aversion,Aversion,2,5,0.4
M0141,Aversion,Neutral,2,5,0.4
M0141,Aversion,Appreciation,1,5,0.2
M0141,Neutral,Aversion,3,14,0.21428571428571427
M0141,Neutral,Neutral,10,14,0.7142857142857143
M0141,Neutral,Appreciation,1,14,0.07142857142857142
M0141,Appreciation,Aversion,0,6,0.0
M0141,Appreciation,Neutral,1,6,0.16666666666666666
M0141,Appreciation,Appreciation,5,6,0.8333333333333334
M0142,Aversion,Aversion,0,0,
M0142,Aversion,Neutral,0,0,
M0142,Aversion,Appreciation,0,0,
M0142,Neutral,Aversion,0,12,0.0
M0142,Neutral,Neutral,11,12,0.9166666666666666
M0142,Neutral,Appreciation,1,12,0.08333333333333333
M0142,Appreciation,Aversion,0,13,0.0
M0142,Appreciation,Neutral,0,13,0.0
M0142,Appreciation,Appreciation,13,13,1.0
M0143,Aversion,Aversion,5,7,0.7142857142857143
M0143,Aversion,Neutral,2,7,0.2857142857142857
M0143,Aversion,Appreciation,0,7,0.0
M0143,Neutral,Aversion,2,8,0.25
M0143,Neutral,Neutral,5,8,0.625
M0143,Neutral,Appreciation,1,8,0.125
M0143,Appreciation,Aversion,0,10,0.0
M0143,Appreciation,Neutral,0,10,0.0
M0143,Appreciation,Appreciation,10,10,1.0
M0144,Aversion,Aversion,4,5,0.8
M0144,Aversion,Neutral,1,5,0.2
M0144,Aversion,Appreciation,0,5,0.0
M0144,Neutral,Aversion,2,16,0.125
M0144,Neutral,Neutral,13,16,0.8125
M0144,Neutral,Appreciation,1,16,0.0625
M0144,Appreciation,Aversion,0,4,0.0
M0144,Appreciation,Neutral,1,4,0.25
M0144,Appreciation,Appreciation,3,4,0.75
M0145,Aversion,Aversion,8,12,0.6666666666666666
M0145,Aversion,Neutral,4,12,0.3333333333333333
M0145,Aversion,Appreciation,0,12,0.0
M0145,Neutral,Aversion,5,11,0.45454545454545453
M0145,Neutral,Neutral,5,11,0.45454545454545453
M0145,Neutral,Appreciation,1,11,0.09090909090909091
M0145,Appreciation,Aversion,0,2,0.0
M0145,Appreciation,Neutral,1,2,0.5
M0145,Appreciation,Appreciation,1,2,0.5
M0146,Aversion,Aversion,3,6,0.5
M0146,Aversion,Neutral,2,6,0.3333333333333333
M0146,Aversion,Appreciation,1,6,0.16666666666666666
M0146,Neutral,Aversion,3,9,0.3333333333333333
M0146,Neutral,Neutral,6,9,0.6666666666666666
M0146,Neutral,Appreciation,0,9,0.0
M0146,Appreciation,Aversion,0,10,0.0
M0146,Appreciation,Neutral,0,10,0.0
M0146,Appreciation,Appreciation,10,10,1.0
M0147,Aversion,Aversion,5,7,0.7142857142857143
M0147,Aversion,Neutral,2,7,0.2857142857142857
M0147,Aversion,Appreciation,0,7,0.0
M0147,Neutral,Aversion,3,11,0.2727272727272727
M0147,Neutral,Neutral,7,11,0.6363636363636364
M0147,Neutral,Appreciation,1,11,0.09090909090909091
M0147,Appreciation,Aversion,0,7,0.0
M0147,Appreciation,Neutral,1,7,0.14285714285714285
M0147,Appreciation,Appreciation,6,7,0.8571428571428571
M0148,Aversion,Aversion,9,10,0.9
M0148,Aversion,Neutral,1,10,0.1
M0148,Aversion,Appreciation,0,10,0.0
M0148,Neutral,Aversion,2,11,0.18181818181818182
M0148,Neutral,Neutral,8,11,0.7272727272727273
M0148,Neutral,Appreciation,1,11,0.09090909090909091
M0148,Appreciation,Aversion,0,4,0.0
M0148,Appreciation,Neutral,1,4,0.25
M0148,Appreciation,Appreciation,3,4,0.75
M0149,Aversion,Aversion,6,8,0.75
M0149,Aversion,Neutral,2,8,0.25
M0149,Aversion,Appreciation,0,8,0.0
M0149,Neutral,Aversion,2,14,0.14285714285714285
M0149,Neutral,Neutral,11,14,0.7857142857142857
M0149,Neutral,Appreciation,1,14,0.07142857142857142
M0149,Appreciation,Aversion,0,3,0.0
M0149,Appreciation,Neutral,0,3,0.0
M0149,Appreciation,Appreciation,3,3,1.0
M0150,Aversion,Aversion,21,22,0.9545454545454546
M0150,Aversion,Neutral,1,22,0.045454545454545456
M0150,Aversion,Appreciation,0,22,0.0
M0150,Neutral,Aversion,2,3,0.6666666666666666
M0150,Neutral,Neutral,1,3,0.3333333333333333
M0150,Neutral,Appreciation,0,3,0.0
M0150,Appreciation,Aversion,0,0,
M0150,Appreciation,Neutral,0,0,
M0150,Appreciation,Appreciation,0,0,
M0151,Aversion,Aversion,0,0,
M0151,Aversion,Neutral,0,0,
M0151,Aversion,Appreciation,0,0,
M0151,Neutral,Aversion,0,14,0.0
M0151,Neutral,Neutral,13,14,0.9285714285714286
M0151,Neutral,Appreciation,1,14,0.07142857142857142
M0151,Appreciation,Aversion,0,11,0.0
M0151,Appreciation,Neutral,0,11,0.0
M0151,Appreciation,Appreciation,11,11,1.0
M0152,Aversion,Aversion,0,3,0.0
M0152,Aversion,Neutral,3,3,1.0
M0152,Aversion,Appreciation,0,3,0.0
M0152,Neutral,Aversion,3,15,0.2
M0152,Neutral,Neutral,10,15,0.6666666666666666
M0152,Neutral,Appreciation,2,15,0.13333333333333333
M0152,Appreciation,Aversion,0,7,0.0
M0152,Appreciation,Neutral,1,7,0.14285714285714285
M0152,Appreciation,Appreciation,6,7,0.8571428571428571
M0153,Aversion,Aversion,4,6,0.6666666666666666
M0153,Aversion,Neutral,2,6,0.3333333333333333
M0153,Aversion,Appreciation,0,6,0.0
M0153,Neutral,Aversion,2,9,0.2222222222222222
M0153,Neutral,Neutral,6,9,0.6666666666666666
M0153,Neutral,Appreciation,1,9,0.1111111111111111
M0153,Appreciation,Aversion,0,10,0.0
M0153,Appreciation,Neutral,0,10,0.0
M0153,Appreciation,Appreciation,10,10,1.0
M0154,Aversion,Aversion,0,0,
M0154,Aversion,Neutral,0,0,
M0154,Aversion,Appreciation,0,0,
M0154,Neutral,Aversion,0,14,0.0
M0154,Neutral,Neutral,13,14,0.9285714285714286
M0154,Neutral,Appreciation,1,14,0.07142857142857142
M0154,Appreciation,Aversion,0,11,0.0
M0154,Appreciation,Neutral,0,11,0.0
M0154,Appreciation,Appreciation,11,11,1.0
M0155,Aversion,Aversion,8,10,0.8
M0155,Aversion,Neutral,2,10,0.2
M0155,Aversion,Appreciation,0,10,0.0
M0155,Neutral,Aversion,2,10,0.2
M0155,Neutral,Neutral,6,10,0.6
M0155,Neutral,Appreciation,2,10,0.2
M0155,Appreciation,Aversion,0,5,0.0
M0155,Appreciation,Neutral,2,5,0.4
M0155,Appreciation,Appreciation,3,5,0.6
M0156,Aversion,Aversion,5,7,0.7142857142857143
M0156,Aversion,Neutral,2,7,0.2857142857142857
M0156,Aversion,Appreciation,0,7,0.0
M0156,Neutral,Aversion,2,8,0.25
M0156,Neutral,Neutral,5,8,0.625
M0156,Neutral,Appreciation,1,8,0.125
M0156,Appreciation,Aversion,0,10,0.0
M0156,Appreciation,Neutral,1,10,0.1
M0156,Appreciation,Appreciation,9,10,0.9
M0157,Aversion,Aversion,1,4,0.25
M0157,Aversion,Neutral,3,4,0.75
M0157,Aversion,Appreciation,0,4,0.0
M0157,Neutral,Aversion,3,9,0.3333333333333333
M0157,Neutral,Neutral,5,9,0.5555555555555556
M0157,Neutral,Appreciation,1,9,0.1111111111111111
M0157,Appreciation,Aversion,0,12,0.0
M0157,Appreciation,Neutral,0,12,0.0
M0157,Appreciation,Appreciation,12,12,1.0
M0158,Aversion,Aversion,10,10,1.0
M0158,Aversion,Neutral,0,10,0.0
M0158,Aversion,Appreciation,0,10,0.0
M0158,Neutral,Aversion,1,15,0.06666666666666667
M0158,Neutral,Neutral,14,15,0.9333333333333333
M0158,Neutral,Appreciation,0,15,0.0
M0158,Appreciation,Aversion,0,0,
M0158,Appreciation,Neutral,0,0,
M0158,Appreciation,Appreciation,0,0,
M0159,Aversion,Aversion,9,12,0.75
M0159,Aversion,Neutral,3,12,0.25
M0159,Aversion,Appreciation,0,12,0.0
M0159,Neutral,Aversion,3,10,0.3
M0159,Neutral,Neutral,6,10,0.6
M0159,Neutral,Appreciation,1,10,0.1
M0159,Appreciation,Aversion,0,3,0.0
M0159,Appreciation,Neutral,0,3,0.0
M0159,Appreciation,Appreciation,3,3,1.0
M0160,Aversion,Aversion,3,5,0.6
M0160,Aversion,Neutral,2,5,0.4
M0160,Aversion,Appreciation,0,5,0.0
M0160,Neutral,Aversion,3,14,0.21428571428571427
M0160,Neutral,Neutral,10,14,0.7142857142857143
M0160,Neutral,Appreciation,1,14,0.07142857142857142
M0160,Appreciation,Aversion,0,6,0.0
M0160,Appreciation,Neutral,1,6,0.16666666666666666
M0160,Appreciation,Appreciation,5,6,0.8333333333333334
M0161,Aversion,Aversion,9,11,0.8181818181818182
M0161,Aversion,Neutral,1,11,0.09090909090909091
M0161,Aversion,Appreciation,1,11,0.09090909090909091
M0161,Neutral,Aversion,2,12,0.16666666666666666
M0161,Neutral,Neutral,10,12,0.8333333333333334
M0161,Neutral,Appreciation,0,12,0.0
M0161,Appreciation,Aversion,0,2,0.0
M0161,Appreciation,Neutral,0,2,0.0
M0161,Appreciation,Appreciation,2,2,1.0
M0162,Aversion,Aversion,5,5,1.0
M0162,Aversion,Neutral,0,5,0.0
M0162,Aversion,Appreciation,0,5,0.0
M0162,Neutral,Aversion,1,18,0.05555555555555555
M0162,Neutral,Neutral,16,18,0.8888888888888888
M0162,Neutral,Appreciation,1,18,0.05555555555555555
M0162,Appreciation,Aversion,0,2,0.0
M0162,Appreciation,Neutral,1,2,0.5
M0162,Appreciation,Appreciation,1,2,0.5
M0163,Aversion,Aversion,13,14,0.9285714285714286
M0163,Aversion,Neutral,1,14,0.07142857142857142
M0163,Aversion,Appreciation,0,14,0.0
M0163,Neutral,Aversion,2,11,0.18181818181818182
M0163,Neutral,Neutral,9,11,0.8181818181818182
M0163,Neutral,Appreciation,0,11,0.0
M0163,Appreciation,Aversion,0,0,
M0163,Appreciation,Neutral,0,0,
M0163,Appreciation,Appreciation,0,0,
M0164,Aversion,Aversion,4,6,0.6666666666666666
M0164,Aversion,Neutral,2,6,0.3333333333333333
M0164,Aversion,Appreciation,0,6,0.0
M0164,Neutral,Aversion,2,17,0.11764705882352941
M0164,Neutral,Neutral,14,17,0.8235294117647058
M0164,Neutral,Appreciation,1,17,0.058823529411764705
M0164,Appreciation,Aversion,0,2,0.0
M0164,Appreciation,Neutral,0,2,0.0
M0164,Appreciation,Appreciation,2,2,1.0
M0165,Aversion,Aversion,2,4,0.5
M0165,Aversion,Neutral,2,4,0.5
M0165,Aversion,Appreciation,0,4,0.0
M0165,Neutral,Aversion,3,11,0.2727272727272727
M0165,Neutral,Neutral,7,11,0.6363636363636364
M0165,Neutral,Appreciation,1,11,0.09090909090909091
M0165,Appreciation,Aversion,0,10,0.0
M0165,Appreciation,Neutral,1,10,0.1
M0165,Appreciation,Appreciation,9,10,0.9
M0166,Aversion,Aversion,6,10,0.6
M0166,Aversion,Neutral,3,10,0.3
M0166,Aversion,Appreciation,1,10,0.1
M0166,Neutral,Aversion,4,14,0.2857142857142857
M0166,Neutral,Neutral,10,14,0.7142857142857143
M0166,Neutral,Appreciation,0,14,0.0
M0166,Appreciation,Aversion,0,1,0.0
M0166,Appreciation,Neutral,0,1,0.0
M0166,Appreciation,Appreciation,1,1,1.0
M0167,Aversion,Aversion,4,6,0.6666666666666666
M0167,Aversion,Neutral,2,6,0.3333333333333333
M0167,Aversion,Appreciation,0,6,0.0
M0167,Neutral,Aversion,2,10,0.2
M0167,Neutral,Neutral,7,10,0.7
M0167,Neutral,Appreciation,1,10,0.1
M0167,Appreciation,Aversion,0,9,0.0
M0167,Appreciation,Neutral,1,9,0.1111111111111111
M0167,Appreciation,Appreciation,8,9,0.8888888888888888
M0168,Aversion,Aversion,12,14,0.8571428571428571
M0168,Aversion,Neutral,2,14,0.14285714285714285
M0168,Aversion,Appreciation,0,14,0.0
M0168,Neutral,Aversion,3,8,0.375
M0168,Neutral,Neutral,4,8,0.5
M0168,Neutral,Appreciation,1,8,0.125
M0168,Appreciation,Aversion,0,3,0.0
M0168,Appreciation,Neutral,1,3,0.3333333333333333
M0168,Appreciation,Appreciation,2,3,0.6666666666666666
M0169,Aversion,Aversion,3,5,0.6
M0169,Aversion,Neutral,2,5,0.4
M0169,Aversion,Appreciation,0,5,0.0
M0169,Neutral,Aversion,3,12,0.25
M0169,Neutral,Neutral,8,12,0.6666666666666666
M0169,Neutral,Appreciation,1,12,0.08333333333333333
M0169,Appreciation,Aversion,0,8,0.0
M0169,Appreciation,Neutral,1,8,0.125
M0169,Appreciation,Appreciation,7,8,0.875
M0170,Aversion,Aversion,3,6,0.5
M0170,Aversion,Neutral,3,6,0.5
M0170,Aversion,Appreciation,0,6,0.0
M0170,Neutral,Aversion,4,14,0.2857142857142857
M0170,Neutral,Neutral,9,14,0.6428571428571429
M0170,Neutral,Appreciation,1,14,0.07142857142857142
M0170,Appreciation,Aversion,0,5,0.0
M0170,Appreciation,Neutral,1,5,0.2
M0170,Appreciation,Appreciation,4,5,0.8
M0171,Aversion,Aversion,3,5,0.6
M0171,Aversion,Neutral,2,5,0.4
M0171,Aversion,Appreciation,0,5,0.0
M0171,Neutral,Aversion,2,13,0.15384615384615385
M0171,Neutral,Neutral,10,13,0.7692307692307693
M0171,Neutral,Appreciation,1,13,0.07692307692307693
M0171,Appreciation,Aversion,0,7,0.0
M0171,Appreciation,Neutral,0,7,0.0
M0171,Appreciation,Appreciation,7,7,1.0
M0172,Aversion,Aversion,4,6,0.6666666666666666
M0172,Aversion,Neutral,2,6,0.3333333333333333
M0172,Aversion,Appreciation,0,6,0.0
M0172,Neutral,Aversion,3,17,0.17647058823529413
M0172,Neutral,Neutral,13,17,0.7647058823529411
M0172,Neutral,Appreciation,1,17,0.058823529411764705
M0172,Appreciation,Aversion,0,2,0.0
M0172,Appreciation,Neutral,1,2,0.5
M0172,Appreciation,Appreciation,1,2,0.5
M0173,Aversion,Aversion,10,13,0.7692307692307693
M0173,Aversion,Neutral,3,13,0.23076923076923078
M0173,Aversion,Appreciation,0,13,0.0
M0173,Neutral,Aversion,4,12,0.3333333333333333
M0173,Neutral,Neutral,8,12,0.6666666666666666
M0173,Neutral,Appreciation,0,12,0.0
M0173,Appreciation,Aversion,0,0,
M0173,Appreciation,Neutral,0,0,
M0173,Appreciation,Appreciation,0,0,
M0174,Aversion,Aversion,4,9,0.4444444444444444
M0174,Aversion,Neutral,5,9,0.5555555555555556
M0174,Aversion,Appreciation,0,9,0.0
M0174,Neutral,Aversion,5,6,0.8333333333333334
M0174,Neutral,Neutral,0,6,0.0
M0174,Neutral,Appreciation,1,6,0.16666666666666666
M0174,Appreciation,Aversion,0,10,0.0
M0174,Appreciation,Neutral,0,10,0.0
M0174,Appreciation,Appreciation,10,10,1.0
M0175,Aversion,Aversion,4,9,0.4444444444444444
M0175,Aversion,Neutral,4,9,0.4444444444444444
M0175,Aversion,Appreciation,1,9,0.1111111111111111
M0175,Neutral,Aversion,6,15,0.4
M0175,Neutral,Neutral,9,15,0.6
M0175,Neutral,Appreciation,0,15,0.0
M0175,Appreciation,Aversion,0,1,0.0
M0175,Appreciation,Neutral,1,1,1.0
M0175,Appreciation,Appreciation,0,1,0.0
M0176,Aversion,Aversion,1,4,0.25
M0176,Aversion,Neutral,2,4,0.5
M0176,Aversion,Appreciation,1,4,0.25
M0176,Neutral,Aversion,3,18,0.16666666666666666
M0176,Neutral,Neutral,15,18,0.8333333333333334
M0176,Neutral,Appreciation,0,18,0.0
M0176,Appreciation,Aversion,0,3,0.0
M0176,Appreciation,Neutral,0,3,0.0
M0176,Appreciation,Appreciation,3,3,1.0
M0177,Aversion,Aversion,3,4,0.75
M0177,Aversion,Neutral,0,4,0.0
M0177,Aversion,Appreciation,1,4,0.25
M0177,Neutral,Aversion,1,15,0.06666666666666667
M0177,Neutral,Neutral,14,15,0.9333333333333333
M0177,Neutral,Appreciation,0,15,0.0
M0177,Appreciation,Aversion,0,6,0.0
M0177,Appreciation,Neutral,0,6,0.0
M0177,Appreciation,Appreciation,6,6,1.0
M0178,Aversion,Aversion,16,19,0.8421052631578947
M0178,Aversion,Neutral,3,19,0.15789473684210525
M0178,Aversion,Appreciation,0,19,0.0
M0178,Neutral,Aversion,3,6,0.5
M0178,Neutral,Neutral,3,6,0.5
M0178,Neutral,Appreciation,0,6,0.0
M0178,Appreciation,Aversion,0,0,
M0178,Appreciation,Neutral,0,0,
M0178,Appreciation,Appreciation,0,0,
M0179,Aversion,Aversion,14,16,0.875
M0179,Aversion,Neutral,2,16,0.125
M0179,Aversion,Appreciation,0,16,0.0
M0179,Neutral,Aversion,3,9,0.3333333333333333
M0179,Neutral,Neutral,6,9,0.6666666666666666
M0179,Neutral,Appreciation,0,9,0.0
M0179,Appreciation,Aversion,0,0,
M0179,Appreciation,Neutral,0,0,
M0179,Appreciation,Appreciation,0,0,
M0180,Aversion,Aversion,14,18,0.7777777777777778
M0180,Aversion,Neutral,4,18,0.2222222222222222
M0180,Aversion,Appreciation,0,18,0.0
M0180,Neutral,Aversion,5,7,0.7142857142857143
M0180,Neutral,Neutral,2,7,0.2857142857142857
M0180,Neutral,Appreciation,0,7,0.0
M0180,Appreciation,Aversion,0,0,
M0180,Appreciation,Neutral,0,0,
M0180,Appreciation,Appreciation,0,0,
M0181,Aversion,Aversion,14,16,0.875
M0181,Aversion,Neutral,2,16,0.125
M0181,Aversion,Appreciation,0,16,0.0
M0181,Neutral,Aversion,2,7,0.2857142857142857
M0181,Neutral,Neutral,4,7,0.5714285714285714
M0181,Neutral,Appreciation,1,7,0.14285714285714285
M0181,Appreciation,Aversion,0,2,0.0
M0181,Appreciation,Neutral,0,2,0.0
M0181,Appreciation,Appreciation,2,2,1.0
M0182,Aversion,Aversion,2,5,0.4
M0182,Aversion,Neutral,3,5,0.6
M0182,Aversion,Appreciation,0,5,0.0
M0182,Neutral,Aversion,3,12,0.25
M0182,Neutral,Neutral,8,12,0.6666666666666666
M0182,Neutral,Appreciation,1,12,0.08333333333333333
M0182,Appreciation,Aversion,0,8,0.0
M0182,Appreciation,Neutral,0,8,0.0
M0182,Appreciation,Appreciation,8,8,1.0
M0183,Aversion,Aversion,14,17,0.8235294117647058
M0183,Aversion,Neutral,3,17,0.17647058823529413
M0183,Aversion,Appreciation,0,17,0.0
M0183,Neutral,Aversion,4,8,0.5
M0183,Neutral,Neutral,4,8,0.5
M0183,Neutral,Appreciation,0,8,0.0
M0183,Appreciation,Aversion,0,0,
M0183,Appreciation,Neutral,0,0,
M0183,Appreciation,Appreciation,0,0,
M0184,Aversion,Aversion,1,4,0.25
M0184,Aversion,Neutral,3,4,0.75
M0184,Aversion,Appreciation,0,4,0.0
M0184,Neutral,Aversion,3,16,0.1875
M0184,Neutral,Neutral,12,16,0.75
M0184,Neutral,Appreciation,1,16,0.0625
M0184,Appreciation,Aversion,0,5,0.0
M0184,Appreciation,Neutral,0,5,0.0
M0184,Appreciation,Appreciation,5,5,1.0
M0185,Aversion,Aversion,2,6,0.3333333333333333
M0185,Aversion,Neutral,4,6,0.6666666666666666
M0185,Aversion,Appreciation,0,6,0.0
M0185,Neutral,Aversion,5,19,0.2631578947368421
M0185,Neutral,Neutral,14,19,0.7368421052631579
M0185,Neutral,Appreciation,0,19,0.0
M0185,Appreciation,Aversion,0,0,
M0185,Appreciation,Neutral,0,0,
M0185,Appreciation,Appreciation,0,0,
M0186,Aversion,Aversion,9,12,0.75
M0186,Aversion,Neutral,3,12,0.25
M0186,Aversion,Appreciation,0,12,0.0
M0186,Neutral,Aversion,4,11,0.36363636363636365
M0186,Neutral,Neutral,6,11,0.5454545454545454
M0186,Neutral,Appreciation,1,11,0.09090909090909091
M0186,Appreciation,Aversion,0,2,0.0
M0186,Appreciation,Neutral,1,2,0.5
M0186,Appreciation,Appreciation,1,2,0.5
M0187,Aversion,Aversion,4,10,0.4
M0187,Aversion,Neutral,6,10,0.6
M0187,Aversion,Appreciation,0,10,0.0
M0187,Neutral,Aversion,6,15,0.4
M0187,Neutral,Neutral,9,15,0.6
M0187,Neutral,Appreciation,0,15,0.0
M0187,Appreciation,Aversion,0,0,
M0187,Appreciation,Neutral,0,0,
M0187,Appreciation,Appreciation,0,0,
M0188,Aversion,Aversion,6,12,0.5
M0188,Aversion,Neutral,5,12,0.4166666666666667
M0188,Aversion,Appreciation,1,12,0.08333333333333333
M0188,Neutral,Aversion,6,10,0.6
M0188,Neutral,Neutral,4,10,0.4
M0188,Neutral,Appreciation,0,10,0.0
M0188,Appreciation,Aversion,0,3,0.0
M0188,Appreciation,Neutral,0,3,0.0
M0188,Appreciation,Appreciation,3,3,1.0
M0189,Aversion,Aversion,8,12,0.6666666666666666
M0189,Aversion,Neutral,4,12,0.3333333333333333
M0189,Aversion,Appreciation,0,12,0.0
M0189,Neutral,Aversion,4,12,0.3333333333333333
M0189,Neutral,Neutral,7,12,0.5833333333333334
M0189,Neutral,Appreciation,1,12,0.08333333333333333
M0189,Appreciation,Aversion,0,1,0.0
M0189,Appreciation,Neutral,0,1,0.0
M0189,Appreciation,Appreciation,1,1,1.0
M0190,Aversion,Aversion,3,6,0.5
M0190,Aversion,Neutral,3,6,0.5
M0190,Aversion,Appreciation,0,6,0.0
M0190,Neutral,Aversion,3,19,0.15789473684210525
M0190,Neutral,Neutral,16,19,0.8421052631578947
M0190,Neutral,Appreciation,0,19,0.0
M0190,Appreciation,Aversion,0,0,
M0190,Appreciation,Neutral,0,0,
M0190,Appreciation,Appreciation,0,0,
M0191,Aversion,Aversion,12,14,0.8571428571428571
M0191,Aversion,Neutral,1,14,0.07142857142857142
M0191,Aversion,Appreciation,1,14,0.07142857142857142
M0191,Neutral,Aversion,3,10,0.3
M0191,Neutral,Neutral,7,10,0.7
M0191,Neutral,Appreciation,0,10,0.0
M0191,Appreciation,Aversion,0,1,0.0
M0191,Appreciation,Neutral,1,1,1.0
M0191,Appreciation,Appreciation,0,1,0.0
M0192,Aversion,Aversion,4,6,0.6666666666666666
M0192,Aversion,Neutral,2,6,0.3333333333333333
M0192,Aversion,Appreciation,0,6,0.0
M0192,Neutral,Aversion,2,16,0.125
M0192,Neutral,Neutral,13,16,0.8125
M0192,Neutral,Appreciation,1,16,0.0625
M0192,Appreciation,Aversion,0,3,0.0
M0192,Appreciation,Neutral,1,3,0.3333333333333333
M0192,Appreciation,Appreciation,2,3,0.6666666666666666
M0193,Aversion,Aversion,0,2,0.0
M0193,Aversion,Neutral,2,2,1.0
M0193,Aversion,Appreciation,0,2,0.0
M0193,Neutral,Aversion,3,17,0.17647058823529413
M0193,Neutral,Neutral,13,17,0.7647058823529411
M0193,Neutral,Appreciation,1,17,0.058823529411764705
M0193,Appreciation,Aversion,0,6,0.0
M0193,Appreciation,Neutral,1,6,0.16666666666666666
M0193,Appreciation,Appreciation,5,6,0.8333333333333334
M0194,Aversion,Aversion,0,0,
M0194,Aversion,Neutral,0,0,
M0194,Aversion,Appreciation,0,0,
M0194,Neutral,Aversion,0,16,0.0
M0194,Neutral,Neutral,15,16,0.9375
M0194,Neutral,Appreciation,1,16,0.0625
M0194,Appreciation,Aversion,0,9,0.0
M0194,Appreciation,Neutral,0,9,0.0
M0194,Appreciation,Appreciation,9,9,1.0
M0195,Aversion,Aversion,0,0,
M0195,Aversion,Neutral,0,0,
M0195,Aversion,Appreciation,0,0,
M0195,Neutral,Aversion,0,21,0.0
M0195,Neutral,Neutral,19,21,0.9047619047619048
M0195,Neutral,Appreciation,2,21,0.09523809523809523
M0195,Appreciation,Aversion,0,4,0.0
M0195,Appreciation,Neutral,1,4,0.25
M0195,Appreciation,Appreciation,3,4,0.75
M0196,Aversion,Aversion,8,11,0.7272727272727273
M0196,Aversion,Neutral,3,11,0.2727272727272727
M0196,Aversion,Appreciation,0,11,0.0
M0196,Neutral,Aversion,3,13,0.23076923076923078
M0196,Neutral,Neutral,9,13,0.6923076923076923
M0196,Neutral,Appreciation,1,13,0.07692307692307693
M0196,Appreciation,Aversion,0,1,0.0
M0196,Appreciation,Neutral,1,1,1.0
M0196,Appreciation,Appreciation,0,1,0.0
M0197,Aversion,Aversion,1,4,0.25
M0197,Aversion,Neutral,3,4,0.75
M0197,Aversion,Appreciation,0,4,0.0
M0197,Neutral,Aversion,3,20,0.15
M0197,Neutral,Neutral,15,20,0.75
M0197,Neutral,Appreciation,2,20,0.1
M0197,Appreciation,Aversion,0,1,0.0
M0197,Appreciation,Neutral,1,1,1.0
M0197,Appreciation,Appreciation,0,1,0.0
M0198,Aversion,Aversion,10,13,0.7692307692307693
M0198,Aversion,Neutral,2,13,0.15384615384615385
M0198,Aversion,Appreciation,1,13,0.07692307692307693
M0198,Neutral,Aversion,3,5,0.6
M0198,Neutral,Neutral,2,5,0.4
M0198,Neutral,Appreciation,0,5,0.0
M0198,Appreciation,Aversion,0,7,0.0
M0198,Appreciation,Neutral,0,7,0.0
M0198,Appreciation,Appreciation,7,7,1.0
M0199,Aversion,Aversion,7,11,0.6363636363636364
M0199,Aversion,Neutral,3,11,0.2727272727272727
M0199,Aversion,Appreciation,1,11,0.09090909090909091
M0199,Neutral,Aversion,4,12,0.3333333333333333
M0199,Neutral,Neutral,8,12,0.6666666666666666
M0199,Neutral,Appreciation,0,12,0.0
M0199,Appreciation,Aversion,0,2,0.0
M0199,Appreciation,Neutral,0,2,0.0
M0199,Appreciation,Appreciation,2,2,1.0
M0200,Aversion,Aversion,14,17,0.8235294117647058
M0200,Aversion,Neutral,3,17,0.17647058823529413
M0200,Aversion,Appreciation,0,17,0.0
M0200,Neutral,Aversion,4,6,0.6666666666666666
M0200,Neutral,Neutral,1,6,0.16666666666666666
M0200,Neutral,Appreciation,1,6,0.16666666666666666
M0200,Appreciation,Aversion,0,2,0.0
M0200,Appreciation,Neutral,1,2,0.5
M0200,Appreciation,Appreciation,1,2,0.5
M0201,Aversion,Aversion,0,1,0.0
M0201,Aversion,Neutral,1,1,1.0
M0201,Aversion,Appreciation,0,1,0.0
M0201,Neutral,Aversion,1,15,0.06666666666666667
M0201,Neutral,Neutral,13,15,0.8666666666666667
M0201,Neutral,Appreciation,1,15,0.06666666666666667
M0201,Appreciation,Aversion,0,9,0.0
M0201,Appreciation,Neutral,0,9,0.0
M0201,Appreciation,Appreciation,9,9,1.0
M0202,Aversion,Aversion,3,5,0.6
M0202,Aversion,Neutral,2,5,0.4
M0202,Aversion,Appreciation,0,5,0.0
M0202,Neutral,Aversion,2,8,0.25
M0202,Neutral,Neutral,5,8,0.625
M0202,Neutral,Appreciation,1,8,0.125
M0202,Appreciation,Aversion,0,12,0.0
M0202,Appreciation,Neutral,0,12,0.0
M0202,Appreciation,Appreciation,12,12,1.0
M0203,Aversion,Aversion,11,13,0.8461538461538461
M0203,Aversion,Neutral,2,13,0.15384615384615385
M0203,Aversion,Appreciation,0,13,0.0
M0203,Neutral,Aversion,3,12,0.25
M0203,Neutral,Neutral,9,12,0.75
M0203,Neutral,Appreciation,0,12,0.0
M0203,Appreciation,Aversion,0,0,
M0203,Appreciation,Neutral,0,0,
M0203,Appreciation,Appreciation,0,0,
M0204,Aversion,Aversion,5,7,0.7142857142857143
M0204,Aversion,Neutral,2,7,0.2857142857142857
M0204,Aversion,Appreciation,0,7,0.0
M0204,Neutral,Aversion,2,8,0.25
M0204,Neutral,Neutral,5,8,0.625
M0204,Neutral,Appreciation,1,8,0.125
M0204,Appreciation,Aversion,0,10,0.0
M0204,Appreciation,Neutral,0,10,0.0
M0204,Appreciation,Appreciation,10,10,1.0
M0205,Aversion,Aversion,12,16,0.75
M0205,Aversion,Neutral,4,16,0.25
M0205,Aversion,Appreciation,0,16,0.0
M0205,Neutral,Aversion,5,9,0.5555555555555556
M0205,Neutral,Neutral,4,9,0.4444444444444444
M0205,Neutral,Appreciation,0,9,0.0
M0205,Appreciation,Aversion,0,0,
M0205,Appreciation,Neutral,0,0,
M0205,Appreciation,Appreciation,0,0,
M0206,Aversion,Aversion,13,14,0.9285714285714286
M0206,Aversion,Neutral,1,14,0.07142857142857142
M0206,Aversion,Appreciation,0,14,0.0
M0206,Neutral,Aversion,2,11,0.18181818181818182
M0206,Neutral,Neutral,9,11,0.8181818181818182
M0206,Neutral,Appreciation,0,11,0.0
M0206,Appreciation,Aversion,0,0,
M0206,Appreciation,Neutral,0,0,
M0206,Appreciation,Appreciation,0,0,
M0207,Aversion,Aversion,6,9,0.6666666666666666
M0207,Aversion,Neutral,3,9,0.3333333333333333
M0207,Aversion,Appreciation,0,9,0.0
M0207,Neutral,Aversion,3,11,0.2727272727272727
M0207,Neutral,Neutral,7,11,0.6363636363636364
M0207,Neutral,Appreciation,1,11,0.09090909090909091
M0207,Appreciation,Aversion,0,5,0.0
M0207,Appreciation,Neutral,0,5,0.0
M0207,Appreciation,Appreciation,5,5,1.0
M0208,Aversion,Aversion,5,7,0.7142857142857143
M0208,Aversion,Neutral,1,7,0.14285714285714285
M0208,Aversion,Appreciation,1,7,0.14285714285714285
M0208,Neutral,Aversion,2,12,0.16666666666666666
M0208,Neutral,Neutral,10,12,0.8333333333333334
M0208,Neutral,Appreciation,0,12,0.0
M0208,Appreciation,Aversion,0,6,0.0
M0208,Appreciation,Neutral,0,6,0.0
M0208,Appreciation,Appreciation,6,6,1.0
M0209,Aversion,Aversion,2,5,0.4
M0209,Aversion,Neutral,3,5,0.6
M0209,Aversion,Appreciation,0,5,0.0
M0209,Neutral,Aversion,3,20,0.15
M0209,Neutral,Neutral,16,20,0.8
M0209,Neutral,Appreciation,1,20,0.05
M0209,Appreciation,Aversion,0,0,
M0209,Appreciation,Neutral,0,0,
M0209,Appreciation,Appreciation,0,0,
M0210,Aversion,Aversion,8,9,0.8888888888888888
M0210,Aversion,Neutral,1,9,0.1111111111111111
M0210,Aversion,Appreciation,0,9,0.0
M0210,Neutral,Aversion,1,11,0.09090909090909091
M0210,Neutral,Neutral,9,11,0.8181818181818182
M0210,Neutral,Appreciation,1,11,0.09090909090909091
M0210,Appreciation,Aversion,0,5,0.0
M0210,Appreciation,Neutral,1,5,0.2
M0210,Appreciation,Appreciation,4,5,0.8
M0211,Aversion,Aversion,15,16,0.9375
M0211,Aversion,Neutral,1,16,0.0625
M0211,Aversion,Appreciation,0,16,0.0
M0211,Neutral,Aversion,2,4,0.5
M0211,Neutral,Neutral,0,4,0.0
M0211,Neutral,Appreciation,2,4,0.5
M0211,Appreciation,Aversion,0,5,0.0
M0211,Appreciation,Neutral,2,5,0.4
M0211,Appreciation,Appreciation,3,5,0.6
M0212,Aversion,Aversion,12,12,1.0
M0212,Aversion,Neutral,0,12,0.0
M0212,Aversion,Appreciation,0,12,0.0
M0212,Neutral,Aversion,1,13,0.07692307692307693
M0212,Neutral,Neutral,12,13,0.9230769230769231
M0212,Neutral,Appreciation,0,13,0.0
M0212,Appreciation,Aversion,0,0,
M0212,Appreciation,Neutral,0,0,
M0212,Appreciation,Appreciation,0,0,
M0213,Aversion,Aversion,1,4,0.25
M0213,Aversion,Neutral,3,4,0.75
M0213,Aversion,Appreciation,0,4,0.0
M0213,Neutral,Aversion,3,20,0.15
M0213,Neutral,Neutral,15,20,0.75
M0213,Neutral,Appreciation,2,20,0.1
M0213,Appreciation,Aversion,0,1,0.0
M0213,Appreciation,Neutral,1,1,1.0
M0213,Appreciation,Appreciation,0,1,0.0
M0214,Aversion,Aversion,6,9,0.6666666666666666
M0214,Aversion,Neutral,3,9,0.3333333333333333
M0214,Aversion,Appreciation,0,9,0.0
M0214,Neutral,Aversion,4,16,0.25
M0214,Neutral,Neutral,12,16,0.75
M0214,Neutral,Appreciation,0,16,0.0
M0214,Appreciation,Aversion,0,0,
M0214,Appreciation,Neutral,0,0,
M0214,Appreciation,Appreciation,0,0,
M0215,Aversion,Aversion,2,3,0.6666666666666666
M0215,Aversion,Neutral,1,3,0.3333333333333333
M0215,Aversion,Appreciation,0,3,0.0
M0215,Neutral,Aversion,1,17,0.058823529411764705
M0215,Neutral,Neutral,15,17,0.8823529411764706
M0215,Neutral,Appreciation,1,17,0.058823529411764705
M0215,Appreciation,Aversion,0,5,0.0
M0215,Appreciation,Neutral,1,5,0.2
M0215,Appreciation,Appreciation,4,5,0.8
M0216,Aversion,Aversion,14,19,0.7368421052631579
M0216,Aversion,Neutral,5,19,0.2631578947368421
M0216,Aversion,Appreciation,0,19,0.0
M0216,Neutral,Aversion,5,6,0.8333333333333334
M0216,Neutral,Neutral,0,6,0.0
M0216,Neutral,Appreciation,1,6,0.16666666666666666
M0216,Appreciation,Aversion,0,0,
M0216,Appreciation,Neutral,0,0,
M0216,Appreciation,Appreciation,0,0,
M0217,Aversion,Aversion,2,3,0.6666666666666666
M0217,Aversion,Neutral,1,3,0.3333333333333333
M0217,Aversion,Appreciation,0,3,0.0
M0217,Neutral,Aversion,1,11,0.09090909090909091
M0217,Neutral,Neutral,8,11,0.7272727272727273
M0217,Neutral,Appreciation,2,11,0.18181818181818182
M0217,Appreciation,Aversion,0,11,0.0
M0217,Appreciation,Neutral,1,11,0.09090909090909091
M0217,Appreciation,Appreciation,10,11,0.9090909090909091
M0218,Aversion,Aversion,9,14,0.6428571428571429
M0218,Aversion,Neutral,4,14,0.2857142857142857
M0218,Aversion,Appreciation,1,14,0.07142857142857142
M0218,Neutral,Aversion,5,9,0.5555555555555556
M0218,Neutral,Neutral,4,9,0.4444444444444444
M0218,Neutral,Appreciation,0,9,0.0
M0218,Appreciation,Aversion,0,2,0.0
M0218,Appreciation,Neutral,0,2,0.0
M0218,Appreciation,Appreciation,2,2,1.0
M0219,Aversion,Aversion,3,4,0.75
M0219,Aversion,Neutral,1,4,0.25
M0219,Aversion,Appreciation,0,4,0.0
M0219,Neutral,Aversion,1,10,0.1
M0219,Neutral,Neutral,7,10,0.7
M0219,Neutral,Appreciation,2,10,0.2
M0219,Appreciation,Aversion,0,11,0.0
M0219,Appreciation,Neutral,1,11,0.09090909090909091
M0219,Appreciation,Appreciation,10,11,0.9090909090909091
M0220,Aversion,Aversion,7,9,0.7777777777777778
M0220,Aversion,Neutral,2,9,0.2222222222222222
M0220,Aversion,Appreciation,0,9,0.0
M0220,Neutral,Aversion,2,16,0.125
M0220,Neutral,Neutral,14,16,0.875
M0220,Neutral,Appreciation,0,16,0.0
M0220,Appreciation,Aversion,0,0,
M0220,Appreciation,Neutral,0,0,
M0220,Appreciation,Appreciation,0,0,
M0221,Aversion,Aversion,12,15,0.8
M0221,Aversion,Neutral,3,15,0.2
M0221,Aversion,Appreciation,0,15,0.0
M0221,Neutral,Aversion,3,9,0.3333333333333333
M0221,Neutral,Neutral,5,9,0.5555555555555556
M0221,Neutral,Appreciation,1,9,0.1111111111111111
M0221,Appreciation,Aversion,0,1,0.0
M0221,Appreciation,Neutral,0,1,0.0
M0221,Appreciation,Appreciation,1,1,1.0
M0222,Aversion,Aversion,0,0,
M0222,Aversion,Neutral,0,0,
M0222,Aversion,Appreciation,0,0,
M0222,Neutral,Aversion,0,13,0.0
M0222,Neutral,Neutral,11,13,0.8461538461538461
M0222,Neutral,Appreciation,2,13,0.15384615384615385
M0222,Appreciation,Aversion,0,12,0.0
M0222,Appreciation,Neutral,1,12,0.08333333333333333
M0222,Appreciation,Appreciation,11,12,0.9166666666666666
M0223,Aversion,Aversion,7,9,0.7777777777777778
M0223,Aversion,Neutral,2,9,0.2222222222222222
M0223,Aversion,Appreciation,0,9,0.0
M0223,Neutral,Aversion,3,16,0.1875
M0223,Neutral,Neutral,13,16,0.8125
M0223,Neutral,Appreciation,0,16,0.0
M0223,Appreciation,Aversion,0,0,
M0223,Appreciation,Neutral,0,0,
M0223,Appreciation,Appreciation,0,0,
M0224,Aversion,Aversion,3,5,0.6
M0224,Aversion,Neutral,2,5,0.4
M0224,Aversion,Appreciation,0,5,0.0
M0224,Neutral,Aversion,3,20,0.15
M0224,Neutral,Neutral,17,20,0.85
M0224,Neutral,Appreciation,0,20,0.0
M0224,Appreciation,Aversion,0,0,
M0224,Appreciation,Neutral,0,0,
M0224,Appreciation,Appreciation,0,0,
M0225,Aversion,Aversion,6,10,0.6
M0225,Aversion,Neutral,4,10,0.4
M0225,Aversion,Appreciation,0,10,0.0
M0225,Neutral,Aversion,3,9,0.3333333333333333
M0225,Neutral,Neutral,5,9,0.5555555555555556
M0225,Neutral,Appreciation,1,9,0.1111111111111111
M0225,Appreciation,Aversion,0,6,0.0
M0225,Appreciation,Neutral,0,6,0.0
M0225,Appreciation,Appreciation,6,6,1.0
M0226,Aversion,Aversion,14,16,0.875
M0226,Aversion,Neutral,2,16,0.125
M0226,Aversion,Appreciation,0,16,0.0
M0226,Neutral,Aversion,2,8,0.25
M0226,Neutral,Neutral,5,8,0.625
M0226,Neutral,Appreciation,1,8,0.125
M0226,Appreciation,Aversion,0,1,0.0
M0226,Appreciation,Neutral,0,1,0.0
M0226,Appreciation,Appreciation,1,1,1.0
M0227,Aversion,Aversion,13,17,0.7647058823529411
M0227,Aversion,Neutral,4,17,0.23529411764705882
M0227,Aversion,Appreciation,0,17,0.0
M0227,Neutral,Aversion,5,8,0.625
M0227,Neutral,Neutral,3,8,0.375
M0227,Neutral,Appreciation,0,8,0.0
M0227,Appreciation,Aversion,0,0,
M0227,Appreciation,Neutral,0,0,
M0227,Appreciation,Appreciation,0,0,
M0228,Aversion,Aversion,8,11,0.7272727272727273
M0228,Aversion,Neutral,3,11,0.2727272727272727
M0228,Aversion,Appreciation,0,11,0.0
M0228,Neutral,Aversion,3,13,0.23076923076923078
M0228,Neutral,Neutral,9,13,0.6923076923076923
M0228,Neutral,Appreciation,1,13,0.07692307692307693
M0228,Appreciation,Aversion,0,1,0.0
M0228,Appreciation,Neutral,1,1,1.0
M0228,Appreciation,Appreciation,0,1,0.0
M0229,Aversion,Aversion,9,12,0.75
M0229,Aversion,Neutral,2,12,0.16666666666666666
M0229,Aversion,Appreciation,1,12,0.08333333333333333
M0229,Neutral,Aversion,3,9,0.3333333333333333
M0229,Neutral,Neutral,6,9,0.6666666666666666
M0229,Neutral,Appreciation,0,9,0.0
M0229,Appreciation,Aversion,1,4,0.25
M0229,Appreciation,Neutral,0,4,0.0
M0229,Appreciation,Appreciation,3,4,0.75
M0230,Aversion,Aversion,9,14,0.6428571428571429
M0230,Aversion,Neutral,5,14,0.35714285714285715
M0230,Aversion,Appreciation,0,14,0.0
M0230,Neutral,Aversion,5,11,0.45454545454545453
M0230,Neutral,Neutral,6,11,0.5454545454545454
M0230,Neutral,Appreciation,0,11,0.0
M0230,Appreciation,Aversion,0,0,
M0230,Appreciation,Neutral,0,0,
M0230,Appreciation,Appreciation,0,0,
M0231,Aversion,Aversion,6,9,0.6666666666666666
M0231,Aversion,Neutral,2,9,0.2222222222222222
M0231,Aversion,Appreciation,1,9,0.1111111111111111
M0231,Neutral,Aversion,4,11,0.36363636363636365
M0231,Neutral,Neutral,6,11,0.5454545454545454
M0231,Neutral,Appreciation,1,11,0.09090909090909091
M0231,Appreciation,Aversion,0,5,0.0
M0231,Appreciation,Neutral,2,5,0.4
M0231,Appreciation,Appreciation,3,5,0.6
M0232,Aversion,Aversion,7,10,0.7
M0232,Aversion,Neutral,3,10,0.3
M0232,Aversion,Appreciation,0,10,0.0
M0232,Neutral,Aversion,3,10,0.3
M0232,Neutral,Neutral,6,10,0.6
M0232,Neutral,Appreciation,1,10,0.1
M0232,Appreciation,Aversion,0,5,0.0
M0232,Appreciation,Neutral,1,5,0.2
M0232,Appreciation,Appreciation,4,5,0.8
M0233,Aversion,Aversion,4,5,0.8
M0233,Aversion,Neutral,1,5,0.2
M0233,Aversion,Appreciation,0,5,0.0
M0233,Neutral,Aversion,2,16,0.125
M0233,Neutral,Neutral,13,16,0.8125
M0233,Neutral,Appreciation,1,16,0.0625
M0233,Appreciation,Aversion,0,4,0.0
M0233,Appreciation,Neutral,1,4,0.25
M0233,Appreciation,Appreciation,3,4,0.75
M0234,Aversion,Aversion,0,0,
M0234,Aversion,Neutral,0,0,
M0234,Aversion,Appreciation,0,0,
M0234,Neutral,Aversion,0,21,0.0
M0234,Neutral,Neutral,20,21,0.9523809523809523
M0234,Neutral,Appreciation,1,21,0.047619047619047616
M0234,Appreciation,Aversion,0,4,0.0
M0234,Appreciation,Neutral,0,4,0.0
M0234,Appreciation,Appreciation,4,4,1.0
M0235,Aversion,Aversion,8,11,0.7272727272727273
M0235,Aversion,Neutral,3,11,0.2727272727272727
M0235,Aversion,Appreciation,0,11,0.0
M0235,Neutral,Aversion,4,13,0.3076923076923077
M0235,Neutral,Neutral,8,13,0.6153846153846154
M0235,Neutral,Appreciation,1,13,0.07692307692307693
M0235,Appreciation,Aversion,0,1,0.0
M0235,Appreciation,Neutral,1,1,1.0
M0235,Appreciation,Appreciation,0,1,0.0
M0236,Aversion,Aversion,8,12,0.6666666666666666
M0236,Aversion,Neutral,4,12,0.3333333333333333
M0236,Aversion,Appreciation,0,12,0.0
M0236,Neutral,Aversion,4,8,0.5
M0236,Neutral,Neutral,3,8,0.375
M0236,Neutral,Appreciation,1,8,0.125
M0236,Appreciation,Aversion,0,5,0.0
M0236,Appreciation,Neutral,0,5,0.0
M0236,Appreciation,Appreciation,5,5,1.0
M0237,Aversion,Aversion,5,7,0.7142857142857143
M0237,Aversion,Neutral,2,7,0.2857142857142857
M0237,Aversion,Appreciation,0,7,0.0
M0237,Neutral,Aversion,2,12,0.16666666666666666
M0237,Neutral,Neutral,8,12,0.6666666666666666
M0237,Neutral,Appreciation,2,12,0.16666666666666666
M0237,Appreciation,Aversion,0,6,0.0
M0237,Appreciation,Neutral,1,6,0.16666666666666666
M0237,Appreciation,Appreciation,5,6,0.8333333333333334
M0238,Aversion,Aversion,6,8,0.75
M0238,Aversion,Neutral,2,8,0.25
M0238,Aversion,Appreciation,0,8,0.0
M0238,Neutral,Aversion,3,13,0.23076923076923078
M0238,Neutral,Neutral,9,13,0.6923076923076923
M0238,Neutral,Appreciation,1,13,0.07692307692307693
M0238,Appreciation,Aversion,0,4,0.0
M0238,Appreciation,Neutral,1,4,0.25
M0238,Appreciation,Appreciation,3,4,0.75
M0239,Aversion,Aversion,1,6,0.16666666666666666
M0239,Aversion,Neutral,4,6,0.6666666666666666
M0239,Aversion,Appreciation,1,6,0.16666666666666666
M0239,Neutral,Aversion,6,18,0.3333333333333333
M0239,Neutral,Neutral,12,18,0.6666666666666666
M0239,Neutral,Appreciation,0,18,0.0
M0239,Appreciation,Aversion,0,1,0.0
M0239,Appreciation,Neutral,1,1,1.0
M0239,Appreciation,Appreciation,0,1,0.0
M0240,Aversion,Aversion,3,5,0.6
M0240,Aversion,Neutral,2,5,0.4
M0240,Aversion,Appreciation,0,5,0.0
M0240,Neutral,Aversion,3,20,0.15
M0240,Neutral,Neutral,17,20,0.85
M0240,Neutral,Appreciation,0,20,0.0
M0240,Appreciation,Aversion,0,0,
M0240,Appreciation,Neutral,0,0,
M0240,Appreciation,Appreciation,0,0,
M0241,Aversion,Aversion,6,11,0.5454545454545454
M0241,Aversion,Neutral,5,11,0.45454545454545453
M0241,Aversion,Appreciation,0,11,0.0
M0241,Neutral,Aversion,6,11,0.5454545454545454
M0241,Neutral,Neutral,4,11,0.36363636363636365
M0241,Neutral,Appreciation,1,11,0.09090909090909091
M0241,Appreciation,Aversion,0,3,0.0
M0241,Appreciation,Neutral,1,3,0.3333333333333333
M0241,Appreciation,Appreciation,2,3,0.6666666666666666
M0242,Aversion,Aversion,0,0,
M0242,Aversion,Neutral,0,0,
M0242,Aversion,Appreciation,0,0,
M0242,Neutral,Aversion,0,14,0.0
M0242,Neutral,Neutral,13,14,0.9285714285714286
M0242,Neutral,Appreciation,1,14,0.07142857142857142
M0242,Appreciation,Aversion,0,11,0.0
M0242,Appreciation,Neutral,0,11,0.0
M0242,Appreciation,Appreciation,11,11,1.0
M0243,Aversion,Aversion,0,1,0.0
M0243,Aversion,Neutral,1,1,1.0
M0243,Aversion,Appreciation,0,1,0.0
M0243,Neutral,Aversion,1,11,0.09090909090909091
M0243,Neutral,Neutral,9,11,0.8181818181818182
M0243,Neutral,Appreciation,1,11,0.09090909090909091
M0243,Appreciation,Aversion,0,13,0.0
M0243,Appreciation,Neutral,0,13,0.0
M0243,Appreciation,Appreciation,13,13,1.0
M0244,Aversion,Aversion,12,14,0.8571428571428571
M0244,Aversion,Neutral,2,14,0.14285714285714285
M0244,Aversion,Appreciation,0,14,0.0
M0244,Neutral,Aversion,2,10,0.2
M0244,Neutral,Neutral,7,10,0.7
M0244,Neutral,Appreciation,1,10,0.1
M0244,Appreciation,Aversion,0,1,0.0
M0244,Appreciation,Neutral,1,1,1.0
M0244,Appreciation,Appreciation,0,1,0.0
M0245,Aversion,Aversion,4,5,0.8
M0245,Aversion,Neutral,1,5,0.2
M0245,Aversion,Appreciation,0,5,0.0
M0245,Neutral,Aversion,1,10,0.1
M0245,Neutral,Neutral,7,10,0.7
M0245,Neutral,Appreciation,2,10,0.2
M0245,Appreciation,Aversion,0,10,0.0
M0245,Appreciation,Neutral,2,10,0.2
M0245,Appreciation,Appreciation,8,10,0.8
M0246,Aversion,Aversion,9,12,0.75
M0246,Aversion,Neutral,3,12,0.25
M0246,Aversion,Appreciation,0,12,0.0
M0246,Neutral,Aversion,3,13,0.23076923076923078
M0246,Neutral,Neutral,9,13,0.6923076923076923
M0246,Neutral,Appreciation,1,13,0.07692307692307693
M0246,Appreciation,Aversion,0,0,
M0246,Appreciation,Neutral,0,0,
M0246,Appreciation,Appreciation,0,0,
M0247,Aversion,Aversion,3,5,0.6
M0247,Aversion,Neutral,2,5,0.4
M0247,Aversion,Appreciation,0,5,0.0
M0247,Neutral,Aversion,2,20,0.1
M0247,Neutral,Neutral,18,20,0.9
M0247,Neutral,Appreciation,0,20,0.0
M0247,Appreciation,Aversion,0,0,
M0247,Appreciation,Neutral,0,0,
M0247,Appreciation,Appreciation,0,0,
M0248,Aversion,Aversion,8,11,0.7272727272727273
M0248,Aversion,Neutral,3,11,0.2727272727272727
M0248,Aversion,Appreciation,0,11,0.0
M0248,Neutral,Aversion,3,6,0.5
M0248,Neutral,Neutral,2,6,0.3333333333333333
M0248,Neutral,Appreciation,1,6,0.16666666666666666
M0248,Appreciation,Aversion,1,8,0.125
M0248,Appreciation,Neutral,0,8,0.0
M0248,Appreciation,Appreciation,7,8,0.875
M0249,Aversion,Aversion,6,11,0.5454545454545454
M0249,Aversion,Neutral,4,11,0.36363636363636365
M0249,Aversion,Appreciation,1,11,0.09090909090909091
M0249,Neutral,Aversion,6,13,0.46153846153846156
M0249,Neutral,Neutral,7,13,0.5384615384615384
M0249,Neutral,Appreciation,0,13,0.0
M0249,Appreciation,Aversion,0,1,0.0
M0249,Appreciation,Neutral,1,1,1.0
M0249,Appreciation,Appreciation,0,1,0.0
M0250,Aversion,Aversion,0,1,0.0
M0250,Aversion,Neutral,1,1,1.0
M0250,Aversion,Appreciation,0,1,0.0
M0250,Neutral,Aversion,1,15,0.06666666666666667
M0250,Neutral,Neutral,13,15,0.8666666666666667
M0250,Neutral,Appreciation,1,15,0.06666666666666667
M0250,Appreciation,Aversion,0,9,0.0
M0250,Appreciation,Neutral,0,9,0.0
M0250,Appreciation,Appreciation,9,9,1.0
M0251,Aversion,Aversion,8,11,0.7272727272727273
M0251,Aversion,Neutral,3,11,0.2727272727272727
M0251,Aversion,Appreciation,0,11,0.0
M0251,Neutral,Aversion,3,13,0.23076923076923078
M0251,Neutral,Neutral,9,13,0.6923076923076923
M0251,Neutral,Appreciation,1,13,0.07692307692307693
M0251,Appreciation,Aversion,0,1,0.0
M0251,Appreciation,Neutral,1,1,1.0
M0251,Appreciation,Appreciation,0,1,0.0
M0252,Aversion,Aversion,5,7,0.7142857142857143
M0252,Aversion,Neutral,2,7,0.2857142857142857
M0252,Aversion,Appreciation,0,7,0.0
M0252,Neutral,Aversion,2,16,0.125
M0252,Neutral,Neutral,13,16,0.8125
M0252,Neutral,Appreciation,1,16,0.0625
M0252,Appreciation,Aversion,0,2,0.0
M0252,Appreciation,Neutral,0,2,0.0
M0252,Appreciation,Appreciation,2,2,1.0
M0253,Aversion,Aversion,2,5,0.4
M0253,Aversion,Neutral,3,5,0.6
M0253,Aversion,Appreciation,0,5,0.0
M0253,Neutral,Aversion,4,11,0.36363636363636365
M0253,Neutral,Neutral,5,11,0.45454545454545453
M0253,Neutral,Appreciation,2,11,0.18181818181818182
M0253,Appreciation,Aversion,0,9,0.0
M0253,Appreciation,Neutral,2,9,0.2222222222222222
M0253,Appreciation,Appreciation,7,9,0.7777777777777778
M0254,Aversion,Aversion,11,13,0.8461538461538461
M0254,Aversion,Neutral,2,13,0.15384615384615385
M0254,Aversion,Appreciation,0,13,0.0
M0254,Neutral,Aversion,2,4,0.5
M0254,Neutral,Neutral,1,4,0.25
M0254,Neutral,Appreciation,1,4,0.25
M0254,Appreciation,Aversion,0,8,0.0
M0254,Appreciation,Neutral,0,8,0.0
M0254,Appreciation,Appreciation,8,8,1.0
M0255,Aversion,Aversion,12,17,0.7058823529411765
M0255,Aversion,Neutral,5,17,0.29411764705882354
M0255,Aversion,Appreciation,0,17,0.0
M0255,Neutral,Aversion,6,8,0.75
M0255,Neutral,Neutral,2,8,0.25
M0255,Neutral,Appreciation,0,8,0.0
M0255,Appreciation,Aversion,0,0,
M0255,Appreciation,Neutral,0,0,
M0255,Appreciation,Appreciation,0,0,
M0256,Aversion,Aversion,9,12,0.75
M0256,Aversion,Neutral,3,12,0.25
M0256,Aversion,Appreciation,0,12,0.0
M0256,Neutral,Aversion,4,13,0.3076923076923077
M0256,Neutral,Neutral,9,13,0.6923076923076923
M0256,Neutral,Appreciation,0,13,0.0
M0256,Appreciation,Aversion,0,0,
M0256,Appreciation,Neutral,0,0,
M0256,Appreciation,Appreciation,0,0,
M0257,Aversion,Aversion,0,1,0.0
M0257,Aversion,Neutral,1,1,1.0
M0257,Aversion,Appreciation,0,1,0.0
M0257,Neutral,Aversion,1,13,0.07692307692307693
M0257,Neutral,Neutral,10,13,0.7692307692307693
M0257,Neutral,Appreciation,2,13,0.15384615384615385
M0257,Appreciation,Aversion,0,11,0.0
M0257,Appreciation,Neutral,1,11,0.09090909090909091
M0257,Appreciation,Appreciation,10,11,0.9090909090909091
M0258,Aversion,Aversion,12,16,0.75
M0258,Aversion,Neutral,4,16,0.25
M0258,Aversion,Appreciation,0,16,0.0
M0258,Neutral,Aversion,5,9,0.5555555555555556
M0258,Neutral,Neutral,4,9,0.4444444444444444
M0258,Neutral,Appreciation,0,9,0.0
M0258,Appreciation,Aversion,0,0,
M0258,Appreciation,Neutral,0,0,
M0258,Appreciation,Appreciation,0,0,
M0259,Aversion,Aversion,9,14,0.6428571428571429
M0259,Aversion,Neutral,5,14,0.35714285714285715
M0259,Aversion,Appreciation,0,14,0.0
M0259,Neutral,Aversion,6,11,0.5454545454545454
M0259,Neutral,Neutral,5,11,0.45454545454545453
M0259,Neutral,Appreciation,0,11,0.0
M0259,Appreciation,Aversion,0,0,
M0259,Appreciation,Neutral,0,0,
M0259,Appreciation,Appreciation,0,0,
M0260,Aversion,Aversion,9,12,0.75
M0260,Aversion,Neutral,3,12,0.25
M0260,Aversion,Appreciation,0,12,0.0
M0260,Neutral,Aversion,4,13,0.3076923076923077
M0260,Neutral,Neutral,9,13,0.6923076923076923
M0260,Neutral,Appreciation,0,13,0.0
M0260,Appreciation,Aversion,0,0,
M0260,Appreciation,Neutral,0,0,
M0260,Appreciation,Appreciation,0,0,
M0261,Aversion,Aversion,0,1,0.0
M0261,Aversion,Neutral,1,1,1.0
M0261,Aversion,Appreciation,0,1,0.0
M0261,Neutral,Aversion,1,15,0.06666666666666667
M0261,Neutral,Neutral,12,15,0.8
M0261,Neutral,Appreciation,2,15,0.13333333333333333
M0261,Appreciation,Aversion,0,9,0.0
M0261,Appreciation,Neutral,2,9,0.2222222222222222
M0261,Appreciation,Appreciation,7,9,0.7777777777777778
M0262,Aversion,Aversion,8,9,0.8888888888888888
M0262,Aversion,Neutral,1,9,0.1111111111111111
M0262,Aversion,Appreciation,0,9,0.0
M0262,Neutral,Aversion,2,14,0.14285714285714285
M0262,Neutral,Neutral,11,14,0.7857142857142857
M0262,Neutral,Appreciation,1,14,0.07142857142857142
M0262,Appreciation,Aversion,0,2,0.0
M0262,Appreciation,Neutral,1,2,0.5
M0262,Appreciation,Appreciation,1,2,0.5
M0263,Aversion,Aversion,2,3,0.6666666666666666
M0263,Aversion,Neutral,0,3,0.0
M0263,Aversion,Appreciation,1,3,0.3333333333333333
M0263,Neutral,Aversion,1,12,0.08333333333333333
M0263,Neutral,Neutral,8,12,0.6666666666666666
M0263,Neutral,Appreciation,3,12,0.25
M0263,Appreciation,Aversion,0,10,0.0
M0263,Appreciation,Neutral,3,10,0.3
M0263,Appreciation,Appreciation,7,10,0.7
M0264,Aversion,Aversion,13,16,0.8125
M0264,Aversion,Neutral,3,16,0.1875
M0264,Aversion,Appreciation,0,16,0.0
M0264,Neutral,Aversion,3,9,0.3333333333333333
M0264,Neutral,Neutral,6,9,0.6666666666666666
M0264,Neutral,Appreciation,0,9,0.0
M0264,Appreciation,Aversion,0,0,
M0264,Appreciation,Neutral,0,0,
M0264,Appreciation,Appreciation,0,0,
M0265,Aversion,Aversion,6,7,0.8571428571428571
M0265,Aversion,Neutral,1,7,0.14285714285714285
M0265,Aversion,Appreciation,0,7,0.0
M0265,Neutral,Aversion,1,11,0.09090909090909091
M0265,Neutral,Neutral,9,11,0.8181818181818182
M0265,Neutral,Appreciation,1,11,0.09090909090909091
M0265,Appreciation,Aversion,0,7,0.0
M0265,Appreciation,Neutral,1,7,0.14285714285714285
M0265,Appreciation,Appreciation,6,7,0.8571428571428571
M0266,Aversion,Aversion,7,10,0.7
M0266,Aversion,Neutral,3,10,0.3
M0266,Aversion,Appreciation,0,10,0.0
M0266,Neutral,Aversion,3,15,0.2
M0266,Neutral,Neutral,12,15,0.8
M0266,Neutral,Appreciation,0,15,0.0
M0266,Appreciation,Aversion,0,0,
M0266,Appreciation,Neutral,0,0,
M0266,Appreciation,Appreciation,0,0,
M0267,Aversion,Aversion,6,10,0.6
M0267,Aversion,Neutral,3,10,0.3
M0267,Aversion,Appreciation,1,10,0.1
M0267,Neutral,Aversion,4,7,0.5714285714285714
M0267,Neutral,Neutral,3,7,0.42857142857142855
M0267,Neutral,Appreciation,0,7,0.0
M0267,Appreciation,Aversion,0,8,0.0
M0267,Appreciation,Neutral,0,8,0.0
M0267,Appreciation,Appreciation,8,8,1.0
M0268,Aversion,Aversion,9,13,0.6923076923076923
M0268,Aversion,Neutral,4,13,0.3076923076923077
M0268,Aversion,Appreciation,0,13,0.0
M0268,Neutral,Aversion,4,7,0.5714285714285714
M0268,Neutral,Neutral,2,7,0.2857142857142857
M0268,Neutral,Appreciation,1,7,0.14285714285714285
M0268,Appreciation,Aversion,0,5,0.0
M0268,Appreciation,Neutral,1,5,0.2
M0268,Appreciation,Appreciation,4,5,0.8
M0269,Aversion,Aversion,6,10,0.6
M0269,Aversion,Neutral,4,10,0.4
M0269,Aversion,Appreciation,0,10,0.0
M0269,Neutral,Aversion,5,15,0.3333333333333333
M0269,Neutral,Neutral,10,15,0.6666666666666666
M0269,Neutral,Appreciation,0,15,0.0
M0269,Appreciation,Aversion,0,0,
M0269,Appreciation,Neutral,0,0,
M0269,Appreciation,Appreciation,0,0,
M0270,Aversion,Aversion,16,20,0.8
M0270,Aversion,Neutral,4,20,0.2
M0270,Aversion,Appreciation,0,20,0.0
M0270,Neutral,Aversion,5,5,1.0
M0270,Neutral,Neutral,0,5,0.0
M0270,Neutral,Appreciation,0,5,0.0
M0270,Appreciation,Aversion,0,0,
M0270,Appreciation,Neutral,0,0,
M0270,Appreciation,Appreciation,0,0,
M0271,Aversion,Aversion,7,9,0.7777777777777778
M0271,Aversion,Neutral,2,9,0.2222222222222222
M0271,Aversion,Appreciation,0,9,0.0
M0271,Neutral,Aversion,3,16,0.1875
M0271,Neutral,Neutral,13,16,0.8125
M0271,Neutral,Appreciation,0,16,0.0
M0271,Appreciation,Aversion,0,0,
M0271,Appreciation,Neutral,0,0,
M0271,Appreciation,Appreciation,0,0,
M0272,Aversion,Aversion,10,10,1.0
M0272,Aversion,Neutral,0,10,0.0
M0272,Aversion,Appreciation,0,10,0.0
M0272,Neutral,Aversion,1,15,0.06666666666666667
M0272,Neutral,Neutral,14,15,0.9333333333333333
M0272,Neutral,Appreciation,0,15,0.0
M0272,Appreciation,Aversion,0,0,
M0272,Appreciation,Neutral,0,0,
M0272,Appreciation,Appreciation,0,0,
M0273,Aversion,Aversion,9,14,0.6428571428571429
M0273,Aversion,Neutral,5,14,0.35714285714285715
M0273,Aversion,Appreciation,0,14,0.0
M0273,Neutral,Aversion,6,11,0.5454545454545454
M0273,Neutral,Neutral,5,11,0.45454545454545453
M0273,Neutral,Appreciation,0,11,0.0
M0273,Appreciation,Aversion,0,0,
M0273,Appreciation,Neutral,0,0,
M0273,Appreciation,Appreciation,0,0,
M0274,Aversion,Aversion,1,4,0.25
M0274,Aversion,Neutral,3,4,0.75
M0274,Aversion,Appreciation,0,4,0.0
M0274,Neutral,Aversion,3,12,0.25
M0274,Neutral,Neutral,8,12,0.6666666666666666
M0274,Neutral,Appreciation,1,12,0.08333333333333333
M0274,Appreciation,Aversion,0,9,0.0
M0274,Appreciation,Neutral,1,9,0.1111111111111111
M0274,Appreciation,Appreciation,8,9,0.8888888888888888
M0275,Aversion,Aversion,1,4,0.25
M0275,Aversion,Neutral,3,4,0.75
M0275,Aversion,Appreciation,0,4,0.0
M0275,Neutral,Aversion,3,10,0.3
M0275,Neutral,Neutral,5,10,0.5
M0275,Neutral,Appreciation,2,10,0.2
M0275,Appreciation,Aversion,0,11,0.0
M0275,Appreciation,Neutral,1,11,0.09090909090909091
M0275,Appreciation,Appreciation,10,11,0.9090909090909091
M0276,Aversion,Aversion,4,10,0.4
M0276,Aversion,Neutral,6,10,0.6
M0276,Aversion,Appreciation,0,10,0.0
M0276,Neutral,Aversion,6,9,0.6666666666666666
M0276,Neutral,Neutral,2,9,0.2222222222222222
M0276,Neutral,Appreciation,1,9,0.1111111111111111
M0276,Appreciation,Aversion,0,6,0.0
M0276,Appreciation,Neutral,0,6,0.0
M0276,Appreciation,Appreciation,6,6,1.0
M0277,Aversion,Aversion,1,2,0.5
M0277,Aversion,Neutral,1,2,0.5
M0277,Aversion,Appreciation,0,2,0.0
M0277,Neutral,Aversion,1,17,0.058823529411764705
M0277,Neutral,Neutral,15,17,0.8823529411764706
M0277,Neutral,Appreciation,1,17,0.058823529411764705
M0277,Appreciation,Aversion,0,6,0.0
M0277,Appreciation,Neutral,0,6,0.0
M0277,Appreciation,Appreciation,6,6,1.0
M0278,Aversion,Aversion,0,1,0.0
M0278,Aversion,Neutral,1,1,1.0
M0278,Aversion,Appreciation,0,1,0.0
M0278,Neutral,Aversion,1,18,0.05555555555555555
M0278,Neutral,Neutral,16,18,0.8888888888888888
M0278,Neutral,Appreciation,1,18,0.05555555555555555
M0278,Appreciation,Aversion,0,6,0.0
M0278,Appreciation,Neutral,0,6,0.0
M0278,Appreciation,Appreciation,6,6,1.0
M0279,Aversion,Aversion,3,7,0.42857142857142855
M0279,Aversion,Neutral,4,7,0.5714285714285714
M0279,Aversion,Appreciation,0,7,0.0
M0279,Neutral,Aversion,5,14,0.35714285714285715
M0279,Neutral,Neutral,8,14,0.5714285714285714
M0279,Neutral,Appreciation,1,14,0.07142857142857142
M0279,Appreciation,Aversion,0,4,0.0
M0279,Appreciation,Neutral,1,4,0.25
M0279,Appreciation,Appreciation,3,4,0.75
M0280,Aversion,Aversion,12,15,0.8
M0280,Aversion,Neutral,2,15,0.13333333333333333
M0280,Aversion,Appreciation,1,15,0.06666666666666667
M0280,Neutral,Aversion,3,7,0.42857142857142855
M0280,Neutral,Neutral,2,7,0.2857142857142857
M0280,Neutral,Appreciation,2,7,0.2857142857142857
M0280,Appreciation,Aversion,0,3,0.0
M0280,Appreciation,Neutral,2,3,0.6666666666666666
M0280,Appreciation,Appreciation,1,3,0.3333333333333333
M0281,Aversion,Aversion,2,6,0.3333333333333333
M0281,Aversion,Neutral,4,6,0.6666666666666666
M0281,Aversion,Appreciation,0,6,0.0
M0281,Neutral,Aversion,4,9,0.4444444444444444
M0281,Neutral,Neutral,4,9,0.4444444444444444
M0281,Neutral,Appreciation,1,9,0.1111111111111111
M0281,Appreciation,Aversion,0,10,0.0
M0281,Appreciation,Neutral,1,10,0.1
M0281,Appreciation,Appreciation,9,10,0.9
M0282,Aversion,Aversion,4,8,0.5
M0282,Aversion,Neutral,4,8,0.5
M0282,Aversion,Appreciation,0,8,0.0
M0282,Neutral,Aversion,4,11,0.36363636363636365
M0282,Neutral,Neutral,5,11,0.45454545454545453
M0282,Neutral,Appreciation,2,11,0.18181818181818182
M0282,Appreciation,Aversion,0,6,0.0
M0282,Appreciation,Neutral,1,6,0.16666666666666666
M0282,Appreciation,Appreciation,5,6,0.8333333333333334
M0283,Aversion,Aversion,0,0,
M0283,Aversion,Neutral,0,0,
M0283,Aversion,Appreciation,0,0,
M0283,Neutral,Aversion,0,14,0.0
M0283,Neutral,Neutral,12,14,0.8571428571428571
M0283,Neutral,Appreciation,2,14,0.14285714285714285
M0283,Appreciation,Aversion,0,11,0.0
M0283,Appreciation,Neutral,1,11,0.09090909090909091
M0283,Appreciation,Appreciation,10,11,0.9090909090909091
M0284,Aversion,Aversion,0,1,0.0
M0284,Aversion,Neutral,1,1,1.0
M0284,Aversion,Appreciation,0,1,0.0
M0284,Neutral,Aversion,1,14,0.07142857142857142
M0284,Neutral,Neutral,10,14,0.7142857142857143
M0284,Neutral,Appreciation,3,14,0.21428571428571427
M0284,Appreciation,Aversion,0,10,0.0
M0284,Appreciation,Neutral,2,10,0.2
M0284,Appreciation,Appreciation,8,10,0.8
M0285,Aversion,Aversion,5,10,0.5
M0285,Aversion,Neutral,5,10,0.5
M0285,Aversion,Appreciation,0,10,0.0
M0285,Neutral,Aversion,5,12,0.4166666666666667
M0285,Neutral,Neutral,6,12,0.5
M0285,Neutral,Appreciation,1,12,0.08333333333333333
M0285,Appreciation,Aversion,0,3,0.0
M0285,Appreciation,Neutral,1,3,0.3333333333333333
M0285,Appreciation,Appreciation,2,3,0.6666666666666666
M0286,Aversion,Aversion,7,9,0.7777777777777778
M0286,Aversion,Neutral,2,9,0.2222222222222222
M0286,Aversion,Appreciation,0,9,0.0
M0286,Neutral,Aversion,2,10,0.2
M0286,Neutral,Neutral,6,10,0.6
M0286,Neutral,Appreciation,2,10,0.2
M0286,Appreciation,Aversion,0,6,0.0
M0286,Appreciation,Neutral,1,6,0.16666666666666666
M0286,Appreciation,Appreciation,5,6,0.8333333333333334
M0287,Aversion,Aversion,7,12,0.5833333333333334
M0287,Aversion,Neutral,4,12,0.3333333333333333
M0287,Aversion,Appreciation,1,12,0.08333333333333333
M0287,Neutral,Aversion,5,10,0.5
M0287,Neutral,Neutral,4,10,0.4
M0287,Neutral,Appreciation,1,10,0.1
M0287,Appreciation,Aversion,0,3,0.0
M0287,Appreciation,Neutral,1,3,0.3333333333333333
M0287,Appreciation,Appreciation,2,3,0.6666666666666666
M0288,Aversion,Aversion,0,1,0.0
M0288,Aversion,Neutral,1,1,1.0
M0288,Aversion,Appreciation,0,1,0.0
M0288,Neutral,Aversion,1,15,0.06666666666666667
M0288,Neutral,Neutral,11,15,0.7333333333333333
M0288,Neutral,Appreciation,3,15,0.2
M0288,Appreciation,Aversion,0,9,0.0
M0288,Appreciation,Neutral,2,9,0.2222222222222222
M0288,Appreciation,Appreciation,7,9,0.7777777777777778
M0289,Aversion,Aversion,4,7,0.5714285714285714
M0289,Aversion,Neutral,3,7,0.42857142857142855
M0289,Aversion,Appreciation,0,7,0.0
M0289,Neutral,Aversion,4,15,0.26666666666666666
M0289,Neutral,Neutral,10,15,0.6666666666666666
M0289,Neutral,Appreciation,1,15,0.06666666666666667
M0289,Appreciation,Aversion,0,3,0.0
M0289,Appreciation,Neutral,1,3,0.3333333333333333
M0289,Appreciation,Appreciation,2,3,0.6666666666666666
M0290,Aversion,Aversion,10,15,0.6666666666666666
M0290,Aversion,Neutral,5,15,0.3333333333333333
M0290,Aversion,Appreciation,0,15,0.0
M0290,Neutral,Aversion,5,8,0.625
M0290,Neutral,Neutral,2,8,0.25
M0290,Neutral,Appreciation,1,8,0.125
M0290,Appreciation,Aversion,0,2,0.0
M0290,Appreciation,Neutral,0,2,0.0
M0290,Appreciation,Appreciation,2,2,1.0
M0291,Aversion,Aversion,1,2,0.5
M0291,Aversion,Neutral,1,2,0.5
M0291,Aversion,Appreciation,0,2,0.0
M0291,Neutral,Aversion,1,13,0.07692307692307693
M0291,Neutral,Neutral,10,13,0.7692307692307693
M0291,Neutral,Appreciation,2,13,0.15384615384615385
M0291,Appreciation,Aversion,0,10,0.0
M0291,Appreciation,Neutral,1,10,0.1
M0291,Appreciation,Appreciation,9,10,0.9
M0292,Aversion,Aversion,4,6,0.6666666666666666
M0292,Aversion,Neutral,2,6,0.3333333333333333
M0292,Aversion,Appreciation,0,6,0.0
M0292,Neutral,Aversion,2,11,0.18181818181818182
M0292,Neutral,Neutral,8,11,0.7272727272727273
M0292,Neutral,Appreciation,1,11,0.09090909090909091
M0292,Appreciation,Aversion,0,8,0.0
M0292,Appreciation,Neutral,0,8,0.0
M0292,Appreciation,Appreciation,8,8,1.0
M0293,Aversion,Aversion,1,4,0.25
M0293,Aversion,Neutral,3,4,0.75
M0293,Aversion,Appreciation,0,4,0.0
M0293,Neutral,Aversion,3,13,0.23076923076923078
M0293,Neutral,Neutral,9,13,0.6923076923076923
M0293,Neutral,Appreciation,1,13,0.07692307692307693
M0293,Appreciation,Aversion,0,8,0.0
M0293,Appreciation,Neutral,0,8,0.0
M0293,Appreciation,Appreciation,8,8,1.0
M0294,Aversion,Aversion,4,6,0.6666666666666666
M0294,Aversion,Neutral,2,6,0.3333333333333333
M0294,Aversion,Appreciation,0,6,0.0
M0294,Neutral,Aversion,2,10,0.2
M0294,Neutral,Neutral,7,10,0.7
M0294,Neutral,Appreciation,1,10,0.1
M0294,Appreciation,Aversion,0,9,0.0
M0294,Appreciation,Neutral,1,9,0.1111111111111111
M0294,Appreciation,Appreciation,8,9,0.8888888888888888
M0295,Aversion,Aversion,12,16,0.75
M0295,Aversion,Neutral,4,16,0.25
M0295,Aversion,Appreciation,0,16,0.0
M0295,Neutral,Aversion,5,9,0.5555555555555556
M0295,Neutral,Neutral,4,9,0.4444444444444444
M0295,Neutral,Appreciation,0,9,0.0
M0295,Appreciation,Aversion,0,0,
M0295,Appreciation,Neutral,0,0,
M0295,Appreciation,Appreciation,0,0,
M0296,Aversion,Aversion,5,8,0.625
M0296,Aversion,Neutral,3,8,0.375
M0296,Aversion,Appreciation,0,8,0.0
M0296,Neutral,Aversion,4,17,0.23529411764705882
M0296,Neutral,Neutral,13,17,0.7647058823529411
M0296,Neutral,Appreciation,0,17,0.0
M0296,Appreciation,Aversion,0,0,
M0296,Appreciation,Neutral,0,0,
M0296,Appreciation,Appreciation,0,0,
M0297,Aversion,Aversion,2,4,0.5
M0297,Aversion,Neutral,2,4,0.5
M0297,Aversion,Appreciation,0,4,0.0
M0297,Neutral,Aversion,2,18,0.1111111111111111
M0297,Neutral,Neutral,14,18,0.7777777777777778
M0297,Neutral,Appreciation,2,18,0.1111111111111111
M0297,Appreciation,Aversion,0,3,0.0
M0297,Appreciation,Neutral,2,3,0.6666666666666666
M0297,Appreciation,Appreciation,1,3,0.3333333333333333
M0298,Aversion,Aversion,9,12,0.75
M0298,Aversion,Neutral,3,12,0.25
M0298,Aversion,Appreciation,0,12,0.0
M0298,Neutral,Aversion,4,12,0.3333333333333333
M0298,Neutral,Neutral,7,12,0.5833333333333334
M0298,Neutral,Appreciation,1,12,0.08333333333333333
M0298,Appreciation,Aversion,0,1,0.0
M0298,Appreciation,Neutral,1,1,1.0
M0298,Appreciation,Appreciation,0,1,0.0
M0299,Aversion,Aversion,4,6,0.6666666666666666
M0299,Aversion,Neutral,2,6,0.3333333333333333
M0299,Aversion,Appreciation,0,6,0.0
M0299,Neutral,Aversion,2,10,0.2
M0299,Neutral,Neutral,7,10,0.7
M0299,Neutral,Appreciation,1,10,0.1
M0299,Appreciation,Aversion,0,9,0.0
M0299,Appreciation,Neutral,0,9,0.0
M0299,Appreciation,Appreciation,9,9,1.0
M0300,Aversion,Aversion,8,11,0.7272727272727273
M0300,Aversion,Neutral,3,11,0.2727272727272727
M0300,Aversion,Appreciation,0,11,0.0
M0300,Neutral,Aversion,4,14,0.2857142857142857
M0300,Neutral,Neutral,10,14,0.7142857142857143
M0300,Neutral,Appreciation,0,14,0.0
M0300,Appreciation,Aversion,0,0,
M0300,Appreciation,Neutral,0,0,
M0300,Appreciation,Appreciation,0,0,
M0301,Aversion,Aversion,1,7,0.14285714285714285
M0301,Aversion,Neutral,5,7,0.7142857142857143
M0301,Aversion,Appreciation,1,7,0.14285714285714285
M0301,Neutral,Aversion,7,17,0.4117647058823529
M0301,Neutral,Neutral,10,17,0.5882352941176471
M0301,Neutral,Appreciation,0,17,0.0
M0301,Appreciation,Aversion,0,1,0.0
M0301,Appreciation,Neutral,1,1,1.0
M0301,Appreciation,Appreciation,0,1,0.0
M0302,Aversion,Aversion,11,13,0.8461538461538461
M0302,Aversion,Neutral,2,13,0.15384615384615385
M0302,Aversion,Appreciation,0,13,0.0
M0302,Neutral,Aversion,3,11,0.2727272727272727
M0302,Neutral,Neutral,7,11,0.6363636363636364
M0302,Neutral,Appreciation,1,11,0.09090909090909091
M0302,Appreciation,Aversion,0,1,0.0
M0302,Appreciation,Neutral,1,1,1.0
M0302,Appreciation,Appreciation,0,1,0.0
M0303,Aversion,Aversion,4,7,0.5714285714285714
M0303,Aversion,Neutral,3,7,0.42857142857142855
M0303,Aversion,Appreciation,0,7,0.0
M0303,Neutral,Aversion,3,16,0.1875
M0303,Neutral,Neutral,12,16,0.75
M0303,Neutral,Appreciation,1,16,0.0625
M0303,Appreciation,Aversion,0,2,0.0
M0303,Appreciation,Neutral,1,2,0.5
M0303,Appreciation,Appreciation,1,2,0.5
M0304,Aversion,Aversion,12,15,0.8
M0304,Aversion,Neutral,3,15,0.2
M0304,Aversion,Appreciation,0,15,0.0
M0304,Neutral,Aversion,4,10,0.4
M0304,Neutral,Neutral,6,10,0.6
M0304,Neutral,Appreciation,0,10,0.0
M0304,Appreciation,Aversion,0,0,
M0304,Appreciation,Neutral,0,0,
M0304,Appreciation,Appreciation,0,0,
M0305,Aversion,Aversion,2,4,0.5
M0305,Aversion,Neutral,2,4,0.5
M0305,Aversion,Appreciation,0,4,0.0
M0305,Neutral,Aversion,3,15,0.2
M0305,Neutral,Neutral,11,15,0.7333333333333333
M0305,Neutral,Appreciation,1,15,0.06666666666666667
M0305,Appreciation,Aversion,0,6,0.0
M0305,Appreciation,Neutral,1,6,0.16666666666666666
M0305,Appreciation,Appreciation,5,6,0.8333333333333334
M0306,Aversion,Aversion,16,19,0.8421052631578947
M0306,Aversion,Neutral,3,19,0.15789473684210525
M0306,Aversion,Appreciation,0,19,0.0
M0306,Neutral,Aversion,4,6,0.6666666666666666
M0306,Neutral,Neutral,2,6,0.3333333333333333
M0306,Neutral,Appreciation,0,6,0.0
M0306,Appreciation,Aversion,0,0,
M0306,Appreciation,Neutral,0,0,
M0306,Appreciation,Appreciation,0,0,
M0307,Aversion,Aversion,9,10,0.9
M0307,Aversion,Neutral,1,10,0.1
M0307,Aversion,Appreciation,0,10,0.0
M0307,Neutral,Aversion,1,15,0.06666666666666667
M0307,Neutral,Neutral,14,15,0.9333333333333333
M0307,Neutral,Appreciation,0,15,0.0
M0307,Appreciation,Aversion,0,0,
M0307,Appreciation,Neutral,0,0,
M0307,Appreciation,Appreciation,0,0,
M0308,Aversion,Aversion,1,3,0.3333333333333333
M0308,Aversion,Neutral,2,3,0.6666666666666666
M0308,Aversion,Appreciation,0,3,0.0
M0308,Neutral,Aversion,2,11,0.18181818181818182
M0308,Neutral,Neutral,5,11,0.45454545454545453
M0308,Neutral,Appreciation,4,11,0.36363636363636365
M0308,Appreciation,Aversion,0,11,0.0
M0308,Appreciation,Neutral,4,11,0.36363636363636365
M0308,Appreciation,Appreciation,7,11,0.6363636363636364
M0309,Aversion,Aversion,1,3,0.3333333333333333
M0309,Aversion,Neutral,2,3,0.6666666666666666
M0309,Aversion,Appreciation,0,3,0.0
M0309,Neutral,Aversion,2,17,0.11764705882352941
M0309,Neutral,Neutral,13,17,0.7647058823529411
M0309,Neutral,Appreciation,2,17,0.11764705882352941
M0309,Appreciation,Aversion,0,5,0.0
M0309,Appreciation,Neutral,1,5,0.2
M0309,Appreciation,Appreciation,4,5,0.8
M0310,Aversion,Aversion,1,2,0.5
M0310,Aversion,Neutral,1,2,0.5
M0310,Aversion,Appreciation,0,2,0.0
M0310,Neutral,Aversion,1,17,0.058823529411764705
M0310,Neutral,Neutral,15,17,0.8823529411764706
M0310,Neutral,Appreciation,1,17,0.058823529411764705
M0310,Appreciation,Aversion,0,6,0.0
M0310,Appreciation,Neutral,0,6,0.0
M0310,Appreciation,Appreciation,6,6,1.0
M0311,Aversion,Aversion,13,16,0.8125
M0311,Aversion,Neutral,3,16,0.1875
M0311,Aversion,Appreciation,0,16,0.0
M0311,Neutral,Aversion,4,9,0.4444444444444444
M0311,Neutral,Neutral,5,9,0.5555555555555556
M0311,Neutral,Appreciation,0,9,0.0
M0311,Appreciation,Aversion,0,0,
M0311,Appreciation,Neutral,0,0,
M0311,Appreciation,Appreciation,0,0,
M0312,Aversion,Aversion,2,3,0.6666666666666666
M0312,Aversion,Neutral,1,3,0.3333333333333333
M0312,Aversion,Appreciation,0,3,0.0
M0312,Neutral,Aversion,1,16,0.0625
M0312,Neutral,Neutral,14,16,0.875
M0312,Neutral,Appreciation,1,16,0.0625
M0312,Appreciation,Aversion,0,6,0.0
M0312,Appreciation,Neutral,1,6,0.16666666666666666
M0312,Appreciation,Appreciation,5,6,0.8333333333333334
M0313,Aversion,Aversion,14,17,0.8235294117647058
M0313,Aversion,Neutral,3,17,0.17647058823529413
M0313,Aversion,Appreciation,0,17,0.0
M0313,Neutral,Aversion,4,8,0.5
M0313,Neutral,Neutral,4,8,0.5
M0313,Neutral,Appreciation,0,8,0.0
M0313,Appreciation,Aversion,0,0,
M0313,Appreciation,Neutral,0,0,
M0313,Appreciation,Appreciation,0,0,
M0314,Aversion,Aversion,0,0,
M0314,Aversion,Neutral,0,0,
M0314,Aversion,Appreciation,0,0,
M0314,Neutral,Aversion,0,14,0.0
M0314,Neutral,Neutral,13,14,0.9285714285714286
M0314,Neutral,Appreciation,1,14,0.07142857142857142
M0314,Appreciation,Aversion,0,11,0.0
M0314,Appreciation,Neutral,1,11,0.09090909090909091
M0314,Appreciation,Appreciation,10,11,0.9090909090909091
M0315,Aversion,Aversion,11,14,0.7857142857142857
M0315,Aversion,Neutral,3,14,0.21428571428571427
M0315,Aversion,Appreciation,0,14,0.0
M0315,Neutral,Aversion,4,11,0.36363636363636365
M0315,Neutral,Neutral,7,11,0.6363636363636364
M0315,Neutral,Appreciation,0,11,0.0
M0315,Appreciation,Aversion,0,0,
M0315,Appreciation,Neutral,0,0,
M0315,Appreciation,Appreciation,0,0,
M0316,Aversion,Aversion,2,5,0.4
M0316,Aversion,Neutral,3,5,0.6
M0316,Aversion,Appreciation,0,5,0.0
M0316,Neutral,Aversion,3,14,0.21428571428571427
M0316,Neutral,Neutral,9,14,0.6428571428571429
M0316,Neutral,Appreciation,2,14,0.14285714285714285
M0316,Appreciation,Aversion,0,6,0.0
M0316,Appreciation,Neutral,1,6,0.16666666666666666
M0316,Appreciation,Appreciation,5,6,0.8333333333333334
M0317,Aversion,Aversion,3,7,0.42857142857142855
M0317,Aversion,Neutral,4,7,0.5714285714285714
M0317,Aversion,Appreciation,0,7,0.0
M0317,Neutral,Aversion,4,17,0.23529411764705882
M0317,Neutral,Neutral,12,17,0.7058823529411765
M0317,Neutral,Appreciation,1,17,0.058823529411764705
M0317,Appreciation,Aversion,0,1,0.0
M0317,Appreciation,Neutral,1,1,1.0
M0317,Appreciation,Appreciation,0,1,0.0
M0318,Aversion,Aversion,0,0,
M0318,Aversion,Neutral,0,0,
M0318,Aversion,Appreciation,0,0,
M0318,Neutral,Aversion,0,15,0.0
M0318,Neutral,Neutral,12,15,0.8
M0318,Neutral,Appreciation,3,15,0.2
M0318,Appreciation,Aversion,0,10,0.0
M0318,Appreciation,Neutral,2,10,0.2
M0318,Appreciation,Appreciation,8,10,0.8
M0319,Aversion,Aversion,12,16,0.75
M0319,Aversion,Neutral,4,16,0.25
M0319,Aversion,Appreciation,0,16,0.0
M0319,Neutral,Aversion,5,9,0.5555555555555556
M0319,Neutral,Neutral,4,9,0.4444444444444444
M0319,Neutral,Appreciation,0,9,0.0
M0319,Appreciation,Aversion,0,0,
M0319,Appreciation,Neutral,0,0,
M0319,Appreciation,Appreciation,0,0,
M0320,Aversion,Aversion,8,11,0.7272727272727273
M0320,Aversion,Neutral,2,11,0.18181818181818182
M0320,Aversion,Appreciation,1,11,0.09090909090909091
M0320,Neutral,Aversion,3,7,0.42857142857142855
M0320,Neutral,Neutral,4,7,0.5714285714285714
M0320,Neutral,Appreciation,0,7,0.0
M0320,Appreciation,Aversion,0,7,0.0
M0320,Appreciation,Neutral,1,7,0.14285714285714285
M0320,Appreciation,Appreciation,6,7,0.8571428571428571
M0321,Aversion,Aversion,14,17,0.8235294117647058
M0321,Aversion,Neutral,3,17,0.17647058823529413
M0321,Aversion,Appreciation,0,17,0.0
M0321,Neutral,Aversion,3,8,0.375
M0321,Neutral,Neutral,5,8,0.625
M0321,Neutral,Appreciation,0,8,0.0
M0321,Appreciation,Aversion,0,0,
M0321,Appreciation,Neutral,0,0,
M0321,Appreciation,Appreciation,0,0,
M0322,Aversion,Aversion,8,10,0.8
M0322,Aversion,Neutral,2,10,0.2
M0322,Aversion,Appreciation,0,10,0.0
M0322,Neutral,Aversion,3,15,0.2
M0322,Neutral,Neutral,12,15,0.8
M0322,Neutral,Appreciation,0,15,0.0
M0322,Appreciation,Aversion,0,0,
M0322,Appreciation,Neutral,0,0,
M0322,Appreciation,Appreciation,0,0,
M0323,Aversion,Aversion,11,14,0.7857142857142857
M0323,Aversion,Neutral,3,14,0.21428571428571427
M0323,Aversion,Appreciation,0,14,0.0
M0323,Neutral,Aversion,4,11,0.36363636363636365
M0323,Neutral,Neutral,7,11,0.6363636363636364
M0323,Neutral,Appreciation,0,11,0.0
M0323,Appreciation,Aversion,0,0,
M0323,Appreciation,Neutral,0,0,
M0323,Appreciation,Appreciation,0,0,
M0324,Aversion,Aversion,7,11,0.6363636363636364
M0324,Aversion,Neutral,4,11,0.36363636363636365
M0324,Aversion,Appreciation,0,11,0.0
M0324,Neutral,Aversion,5,14,0.35714285714285715
M0324,Neutral,Neutral,9,14,0.6428571428571429
M0324,Neutral,Appreciation,0,14,0.0
M0324,Appreciation,Aversion,0,0,
M0324,Appreciation,Neutral,0,0,
M0324,Appreciation,Appreciation,0,0,
M0325,Aversion,Aversion,0,1,0.0
M0325,Aversion,Neutral,1,1,1.0
M0325,Aversion,Appreciation,0,1,0.0
M0325,Neutral,Aversion,1,17,0.058823529411764705
M0325,Neutral,Neutral,14,17,0.8235294117647058
M0325,Neutral,Appreciation,2,17,0.11764705882352941
M0325,Appreciation,Aversion,0,7,0.0
M0325,Appreciation,Neutral,1,7,0.14285714285714285
M0325,Appreciation,Appreciation,6,7,0.8571428571428571
M0326,Aversion,Aversion,8,13,0.6153846153846154
M0326,Aversion,Neutral,5,13,0.38461538461538464
M0326,Aversion,Appreciation,0,13,0.0
M0326,Neutral,Aversion,6,12,0.5
M0326,Neutral,Neutral,6,12,0.5
M0326,Neutral,Appreciation,0,12,0.0
M0326,Appreciation,Aversion,0,0,
M0326,Appreciation,Neutral,0,0,
M0326,Appreciation,Appreciation,0,0,
M0327,Aversion,Aversion,11,13,0.8461538461538461
M0327,Aversion,Neutral,1,13,0.07692307692307693
M0327,Aversion,Appreciation,1,13,0.07692307692307693
M0327,Neutral,Aversion,2,10,0.2
M0327,Neutral,Neutral,8,10,0.8
M0327,Neutral,Appreciation,0,10,0.0
M0327,Appreciation,Aversion,0,2,0.0
M0327,Appreciation,Neutral,1,2,0.5
M0327,Appreciation,Appreciation,1,2,0.5
M0328,Aversion,Aversion,6,8,0.75
M0328,Aversion,Neutral,2,8,0.25
M0328,Aversion,Appreciation,0,8,0.0
M0328,Neutral,Aversion,2,9,0.2222222222222222
M0328,Neutral,Neutral,5,9,0.5555555555555556
M0328,Neutral,Appreciation,2,9,0.2222222222222222
M0328,Appreciation,Aversion,0,8,0.0
M0328,Appreciation,Neutral,1,8,0.125
M0328,Appreciation,Appreciation,7,8,0.875
M0329,Aversion,Aversion,5,8,0.625
M0329,Aversion,Neutral,2,8,0.25
M0329,Aversion,Appreciation,1,8,0.125
M0329,Neutral,Aversion,3,12,0.25
M0329,Neutral,Neutral,7,12,0.5833333333333334
M0329,Neutral,Appreciation,2,12,0.16666666666666666
M0329,Appreciation,Aversion,0,5,0.0
M0329,Appreciation,Neutral,2,5,0.4
M0329,Appreciation,Appreciation,3,5,0.6
M0330,Aversion,Aversion,1,3,0.3333333333333333
M0330,Aversion,Neutral,2,3,0.6666666666666666
M0330,Aversion,Appreciation,0,3,0.0
M0330,Neutral,Aversion,2,18,0.1111111111111111
M0330,Neutral,Neutral,15,18,0.8333333333333334
M0330,Neutral,Appreciation,1,18,0.05555555555555555
M0330,Appreciation,Aversion,0,4,0.0
M0330,Appreciation,Neutral,1,4,0.25
M0330,Appreciation,Appreciation,3,4,0.75
M0331,Aversion,Aversion,5,6,0.8333333333333334
M0331,Aversion,Neutral,1,6,0.16666666666666666
M0331,Aversion,Appreciation,0,6,0.0
M0331,Neutral,Aversion,2,10,0.2
M0331,Neutral,Neutral,7,10,0.7
M0331,Neutral,Appreciation,1,10,0.1
M0331,Appreciation,Aversion,0,9,0.0
M0331,Appreciation,Neutral,1,9,0.1111111111111111
M0331,Appreciation,Appreciation,8,9,0.8888888888888888
M0332,Aversion,Aversion,16,18,0.8888888888888888
M0332,Aversion,Neutral,2,18,0.1111111111111111
M0332,Aversion,Appreciation,0,18,0.0
M0332,Neutral,Aversion,3,7,0.42857142857142855
M0332,Neutral,Neutral,4,7,0.5714285714285714
M0332,Neutral,Appreciation,0,7,0.0
M0332,Appreciation,Aversion,0,0,
M0332,Appreciation,Neutral,0,0,
M0332,Appreciation,Appreciation,0,0,
M0333,Aversion,Aversion,2,6,0.3333333333333333
M0333,Aversion,Neutral,4,6,0.6666666666666666
M0333,Aversion,Appreciation,0,6,0.0
M0333,Neutral,Aversion,4,18,0.2222222222222222
M0333,Neutral,Neutral,13,18,0.7222222222222222
M0333,Neutral,Appreciation,1,18,0.05555555555555555
M0333,Appreciation,Aversion,0,1,0.0
M0333,Appreciation,Neutral,1,1,1.0
M0333,Appreciation,Appreciation,0,1,0.0
M0334,Aversion,Aversion,3,4,0.75
M0334,Aversion,Neutral,1,4,0.25
M0334,Aversion,Appreciation,0,4,0.0
M0334,Neutral,Aversion,2,17,0.11764705882352941
M0334,Neutral,Neutral,14,17,0.8235294117647058
M0334,Neutral,Appreciation,1,17,0.058823529411764705
M0334,Appreciation,Aversion,0,4,0.0
M0334,Appreciation,Neutral,1,4,0.25
M0334,Appreciation,Appreciation,3,4,0.75
M0335,Aversion,Aversion,9,12,0.75
M0335,Aversion,Neutral,3,12,0.25
M0335,Aversion,Appreciation,0,12,0.0
M0335,Neutral,Aversion,4,13,0.3076923076923077
M0335,Neutral,Neutral,9,13,0.6923076923076923
M0335,Neutral,Appreciation,0,13,0.0
M0335,Appreciation,Aversion,0,0,
M0335,Appreciation,Neutral,0,0,
M0335,Appreciation,Appreciation,0,0,
M0336,Aversion,Aversion,8,10,0.8
M0336,Aversion,Neutral,2,10,0.2
M0336,Aversion,Appreciation,0,10,0.0
M0336,Neutral,Aversion,3,10,0.3
M0336,Neutral,Neutral,6,10,0.6
M0336,Neutral,Appreciation,1,10,0.1
M0336,Appreciation,Aversion,0,5,0.0
M0336,Appreciation,Neutral,1,5,0.2
M0336,Appreciation,Appreciation,4,5,0.8
M0337,Aversion,Aversion,10,14,0.7142857142857143
M0337,Aversion,Neutral,4,14,0.2857142857142857
M0337,Aversion,Appreciation,0,14,0.0
M0337,Neutral,Aversion,5,11,0.45454545454545453
M0337,Neutral,Neutral,6,11,0.5454545454545454
M0337,Neutral,Appreciation,0,11,0.0
M0337,Appreciation,Aversion,0,0,
M0337,Appreciation,Neutral,0,0,
M0337,Appreciation,Appreciation,0,0,
M0338,Aversion,Aversion,7,12,0.5833333333333334
M0338,Aversion,Neutral,5,12,0.4166666666666667
M0338,Aversion,Appreciation,0,12,0.0
M0338,Neutral,Aversion,6,13,0.46153846153846156
M0338,Neutral,Neutral,7,13,0.5384615384615384
M0338,Neutral,Appreciation,0,13,0.0
M0338,Appreciation,Aversion,0,0,
M0338,Appreciation,Neutral,0,0,
M0338,Appreciation,Appreciation,0,0,
M0339,Aversion,Aversion,5,7,0.7142857142857143
M0339,Aversion,Neutral,2,7,0.2857142857142857
M0339,Aversion,Appreciation,0,7,0.0
M0339,Neutral,Aversion,3,18,0.16666666666666666
M0339,Neutral,Neutral,15,18,0.8333333333333334
M0339,Neutral,Appreciation,0,18,0.0
M0339,Appreciation,Aversion,0,0,
M0339,Appreciation,Neutral,0,0,
M0339,Appreciation,Appreciation,0,0,
M0340,Aversion,Aversion,0,2,0.0
M0340,Aversion,Neutral,2,2,1.0
M0340,Aversion,Appreciation,0,2,0.0
M0340,Neutral,Aversion,2,11,0.18181818181818182
M0340,Neutral,Neutral,8,11,0.7272727272727273
M0340,Neutral,Appreciation,1,11,0.09090909090909091
M0340,Appreciation,Aversion,0,12,0.0
M0340,Appreciation,Neutral,0,12,0.0
M0340,Appreciation,Appreciation,12,12,1.0
M0341,Aversion,Aversion,2,5,0.4
M0341,Aversion,Neutral,3,5,0.6
M0341,Aversion,Appreciation,0,5,0.0
M0341,Neutral,Aversion,3,20,0.15
M0341,Neutral,Neutral,16,20,0.8
M0341,Neutral,Appreciation,1,20,0.05
M0341,Appreciation,Aversion,0,0,
M0341,Appreciation,Neutral,0,0,
M0341,Appreciation,Appreciation,0,0,
M0342,Aversion,Aversion,10,13,0.7692307692307693
M0342,Aversion,Neutral,3,13,0.23076923076923078
M0342,Aversion,Appreciation,0,13,0.0
M0342,Neutral,Aversion,4,12,0.3333333333333333
M0342,Neutral,Neutral,8,12,0.6666666666666666
M0342,Neutral,Appreciation,0,12,0.0
M0342,Appreciation,Aversion,0,0,
M0342,Appreciation,Neutral,0,0,
M0342,Appreciation,Appreciation,0,0,
M0343,Aversion,Aversion,11,15,0.7333333333333333
M0343,Aversion,Neutral,3,15,0.2
M0343,Aversion,Appreciation,1,15,0.06666666666666667
M0343,Neutral,Aversion,4,8,0.5
M0343,Neutral,Neutral,4,8,0.5
M0343,Neutral,Appreciation,0,8,0.0
M0343,Appreciation,Aversion,0,2,0.0
M0343,Appreciation,Neutral,0,2,0.0
M0343,Appreciation,Appreciation,2,2,1.0
M0344,Aversion,Aversion,3,5,0.6
M0344,Aversion,Neutral,2,5,0.4
M0344,Aversion,Appreciation,0,5,0.0
M0344,Neutral,Aversion,3,18,0.16666666666666666
M0344,Neutral,Neutral,14,18,0.7777777777777778
M0344,Neutral,Appreciation,1,18,0.05555555555555555
M0344,Appreciation,Aversion,0,2,0.0
M0344,Appreciation,Neutral,1,2,0.5
M0344,Appreciation,Appreciation,1,2,0.5
M0345,Aversion,Aversion,0,1,0.0
M0345,Aversion,Neutral,1,1,1.0
M0345,Aversion,Appreciation,0,1,0.0
M0345,Neutral,Aversion,1,12,0.08333333333333333
M0345,Neutral,Neutral,10,12,0.8333333333333334
M0345,Neutral,Appreciation,1,12,0.08333333333333333
M0345,Appreciation,Aversion,0,12,0.0
M0345,Appreciation,Neutral,0,12,0.0
M0345,Appreciation,Appreciation,12,12,1.0
M0346,Aversion,Aversion,0,0,
M0346,Aversion,Neutral,0,0,
M0346,Aversion,Appreciation,0,0,
M0346,Neutral,Aversion,0,16,0.0
M0346,Neutral,Neutral,14,16,0.875
M0346,Neutral,Appreciation,2,16,0.125
M0346,Appreciation,Aversion,0,9,0.0
M0346,Appreciation,Neutral,1,9,0.1111111111111111
M0346,Appreciation,Appreciation,8,9,0.8888888888888888
M0347,Aversion,Aversion,3,6,0.5
M0347,Aversion,Neutral,3,6,0.5
M0347,Aversion,Appreciation,0,6,0.0
M0347,Neutral,Aversion,3,13,0.23076923076923078
M0347,Neutral,Neutral,9,13,0.6923076923076923
M0347,Neutral,Appreciation,1,13,0.07692307692307693
M0347,Appreciation,Aversion,0,6,0.0
M0347,Appreciation,Neutral,1,6,0.16666666666666666
M0347,Appreciation,Appreciation,5,6,0.8333333333333334
M0348,Aversion,Aversion,2,6,0.3333333333333333
M0348,Aversion,Neutral,4,6,0.6666666666666666
M0348,Aversion,Appreciation,0,6,0.0
M0348,Neutral,Aversion,4,12,0.3333333333333333
M0348,Neutral,Neutral,7,12,0.5833333333333334
M0348,Neutral,Appreciation,1,12,0.08333333333333333
M0348,Appreciation,Aversion,0,7,0.0
M0348,Appreciation,Neutral,0,7,0.0
M0348,Appreciation,Appreciation,7,7,1.0
M0349,Aversion,Aversion,2,5,0.4
M0349,Aversion,Neutral,3,5,0.6
M0349,Aversion,Appreciation,0,5,0.0
M0349,Neutral,Aversion,4,11,0.36363636363636365
M0349,Neutral,Neutral,6,11,0.5454545454545454
M0349,Neutral,Appreciation,1,11,0.09090909090909091
M0349,Appreciation,Aversion,0,9,0.0
M0349,Appreciation,Neutral,1,9,0.1111111111111111
M0349,Appreciation,Appreciation,8,9,0.8888888888888888
M0350,Aversion,Aversion,5,8,0.625
M0350,Aversion,Neutral,3,8,0.375
M0350,Aversion,Appreciation,0,8,0.0
M0350,Neutral,Aversion,4,13,0.3076923076923077
M0350,Neutral,Neutral,8,13,0.6153846153846154
M0350,Neutral,Appreciation,1,13,0.07692307692307693
M0350,Appreciation,Aversion,0,4,0.0
M0350,Appreciation,Neutral,1,4,0.25
M0350,Appreciation,Appreciation,3,4,0.75
M0351,Aversion,Aversion,0,1,0.0
M0351,Aversion,Neutral,1,1,1.0
M0351,Aversion,Appreciation,0,1,0.0
M0351,Neutral,Aversion,2,15,0.13333333333333333
M0351,Neutral,Neutral,12,15,0.8
M0351,Neutral,Appreciation,1,15,0.06666666666666667
M0351,Appreciation,Aversion,0,9,0.0
M0351,Appreciation,Neutral,1,9,0.1111111111111111
M0351,Appreciation,Appreciation,8,9,0.8888888888888888
M0352,Aversion,Aversion,8,14,0.5714285714285714
M0352,Aversion,Neutral,6,14,0.42857142857142855
M0352,Aversion,Appreciation,0,14,0.0
M0352,Neutral,Aversion,6,11,0.5454545454545454
M0352,Neutral,Neutral,5,11,0.45454545454545453
M0352,Neutral,Appreciation,0,11,0.0
M0352,Appreciation,Aversion,0,0,
M0352,Appreciation,Neutral,0,0,
M0352,Appreciation,Appreciation,0,0,
M0353,Aversion,Aversion,5,7,0.7142857142857143
M0353,Aversion,Neutral,2,7,0.2857142857142857
M0353,Aversion,Appreciation,0,7,0.0
M0353,Neutral,Aversion,2,7,0.2857142857142857
M0353,Neutral,Neutral,3,7,0.42857142857142855
M0353,Neutral,Appreciation,2,7,0.2857142857142857
M0353,Appreciation,Aversion,0,11,0.0
M0353,Appreciation,Neutral,1,11,0.09090909090909091
M0353,Appreciation,Appreciation,10,11,0.9090909090909091
M0354,Aversion,Aversion,9,11,0.8181818181818182
M0354,Aversion,Neutral,2,11,0.18181818181818182
M0354,Aversion,Appreciation,0,11,0.0
M0354,Neutral,Aversion,3,14,0.21428571428571427
M0354,Neutral,Neutral,11,14,0.7857142857142857
M0354,Neutral,Appreciation,0,14,0.0
M0354,Appreciation,Aversion,0,0,
M0354,Appreciation,Neutral,0,0,
M0354,Appreciation,Appreciation,0,0,
M0355,Aversion,Aversion,8,13,0.6153846153846154
M0355,Aversion,Neutral,4,13,0.3076923076923077
M0355,Aversion,Appreciation,1,13,0.07692307692307693
M0355,Neutral,Aversion,5,10,0.5
M0355,Neutral,Neutral,5,10,0.5
M0355,Neutral,Appreciation,0,10,0.0
M0355,Appreciation,Aversion,0,2,0.0
M0355,Appreciation,Neutral,0,2,0.0
M0355,Appreciation,Appreciation,2,2,1.0
M0356,Aversion,Aversion,2,5,0.4
M0356,Aversion,Neutral,3,5,0.6
M0356,Aversion,Appreciation,0,5,0.0
M0356,Neutral,Aversion,3,15,0.2
M0356,Neutral,Neutral,11,15,0.7333333333333333
M0356,Neutral,Appreciation,1,15,0.06666666666666667
M0356,Appreciation,Aversion,0,5,0.0
M0356,Appreciation,Neutral,0,5,0.0
M0356,Appreciation,Appreciation,5,5,1.0
M0357,Aversion,Aversion,4,6,0.6666666666666666
M0357,Aversion,Neutral,2,6,0.3333333333333333
M0357,Aversion,Appreciation,0,6,0.0
M0357,Neutral,Aversion,3,18,0.16666666666666666
M0357,Neutral,Neutral,14,18,0.7777777777777778
M0357,Neutral,Appreciation,1,18,0.05555555555555555
M0357,Appreciation,Aversion,0,1,0.0
M0357,Appreciation,Neutral,1,1,1.0
M0357,Appreciation,Appreciation,0,1,0.0
M0358,Aversion,Aversion,7,9,0.7777777777777778
M0358,Aversion,Neutral,2,9,0.2222222222222222
M0358,Aversion,Appreciation,0,9,0.0
M0358,Neutral,Aversion,3,16,0.1875
M0358,Neutral,Neutral,13,16,0.8125
M0358,Neutral,Appreciation,0,16,0.0
M0358,Appreciation,Aversion,0,0,
M0358,Appreciation,Neutral,0,0,
M0358,Appreciation,Appreciation,0,0,
M0359,Aversion,Aversion,6,9,0.6666666666666666
M0359,Aversion,Neutral,3,9,0.3333333333333333
M0359,Aversion,Appreciation,0,9,0.0
M0359,Neutral,Aversion,3,10,0.3
M0359,Neutral,Neutral,6,10,0.6
M0359,Neutral,Appreciation,1,10,0.1
M0359,Appreciation,Aversion,0,6,0.0
M0359,Appreciation,Neutral,0,6,0.0
M0359,Appreciation,Appreciation,6,6,1.0
M0360,Aversion,Aversion,4,5,0.8
M0360,Aversion,Neutral,1,5,0.2
M0360,Aversion,Appreciation,0,5,0.0
M0360,Neutral,Aversion,1,9,0.1111111111111111
M0360,Neutral,Neutral,6,9,0.6666666666666666
M0360,Neutral,Appreciation,2,9,0.2222222222222222
M0360,Appreciation,Aversion,0,11,0.0
M0360,Appreciation,Neutral,1,11,0.09090909090909091
M0360,Appreciation,Appreciation,10,11,0.9090909090909091
M0361,Aversion,Aversion,7,9,0.7777777777777778
M0361,Aversion,Neutral,1,9,0.1111111111111111
M0361,Aversion,Appreciation,1,9,0.1111111111111111
M0361,Neutral,Aversion,3,12,0.25
M0361,Neutral,Neutral,9,12,0.75
M0361,Neutral,Appreciation,0,12,0.0
M0361,Appreciation,Aversion,0,4,0.0
M0361,Appreciation,Neutral,1,4,0.25
M0361,Appreciation,Appreciation,3,4,0.75
M0362,Aversion,Aversion,2,7,0.2857142857142857
M0362,Aversion,Neutral,5,7,0.7142857142857143
M0362,Aversion,Appreciation,0,7,0.0
M0362,Neutral,Aversion,5,18,0.2777777777777778
M0362,Neutral,Neutral,13,18,0.7222222222222222
M0362,Neutral,Appreciation,0,18,0.0
M0362,Appreciation,Aversion,0,0,
M0362,Appreciation,Neutral,0,0,
M0362,Appreciation,Appreciation,0,0,
M0363,Aversion,Aversion,0,0,
M0363,Aversion,Neutral,0,0,
M0363,Aversion,Appreciation,0,0,
M0363,Neutral,Aversion,0,11,0.0
M0363,Neutral,Neutral,9,11,0.8181818181818182
M0363,Neutral,Appreciation,2,11,0.18181818181818182
M0363,Appreciation,Aversion,0,14,0.0
M0363,Appreciation,Neutral,1,14,0.07142857142857142
M0363,Appreciation,Appreciation,13,14,0.9285714285714286
M0364,Aversion,Aversion,17,20,0.85
M0364,Aversion,Neutral,3,20,0.15
M0364,Aversion,Appreciation,0,20,0.0
M0364,Neutral,Aversion,4,5,0.8
M0364,Neutral,Neutral,1,5,0.2
M0364,Neutral,Appreciation,0,5,0.0
M0364,Appreciation,Aversion,0,0,
M0364,Appreciation,Neutral,0,0,
M0364,Appreciation,Appreciation,0,0,
M0365,Aversion,Aversion,15,19,0.7894736842105263
M0365,Aversion,Neutral,4,19,0.21052631578947367
M0365,Aversion,Appreciation,0,19,0.0
M0365,Neutral,Aversion,5,6,0.8333333333333334
M0365,Neutral,Neutral,1,6,0.16666666666666666
M0365,Neutral,Appreciation,0,6,0.0
M0365,Appreciation,Aversion,0,0,
M0365,Appreciation,Neutral,0,0,
M0365,Appreciation,Appreciation,0,0,
M0366,Aversion,Aversion,2,6,0.3333333333333333
M0366,Aversion,Neutral,4,6,0.6666666666666666
M0366,Aversion,Appreciation,0,6,0.0
M0366,Neutral,Aversion,4,15,0.26666666666666666
M0366,Neutral,Neutral,10,15,0.6666666666666666
M0366,Neutral,Appreciation,1,15,0.06666666666666667
M0366,Appreciation,Aversion,0,4,0.0
M0366,Appreciation,Neutral,0,4,0.0
M0366,Appreciation,Appreciation,4,4,1.0
M0367,Aversion,Aversion,0,1,0.0
M0367,Aversion,Neutral,1,1,1.0
M0367,Aversion,Appreciation,0,1,0.0
M0367,Neutral,Aversion,1,13,0.07692307692307693
M0367,Neutral,Neutral,11,13,0.8461538461538461
M0367,Neutral,Appreciation,1,13,0.07692307692307693
M0367,Appreciation,Aversion,0,11,0.0
M0367,Appreciation,Neutral,0,11,0.0
M0367,Appreciation,Appreciation,11,11,1.0
M0368,Aversion,Aversion,9,12,0.75
M0368,Aversion,Neutral,3,12,0.25
M0368,Aversion,Appreciation,0,12,0.0
M0368,Neutral,Aversion,4,12,0.3333333333333333
M0368,Neutral,Neutral,7,12,0.5833333333333334
M0368,Neutral,Appreciation,1,12,0.08333333333333333
M0368,Appreciation,Aversion,0,1,0.0
M0368,Appreciation,Neutral,1,1,1.0
M0368,Appreciation,Appreciation,0,1,0.0
M0369,Aversion,Aversion,12,16,0.75
M0369,Aversion,Neutral,4,16,0.25
M0369,Aversion,Appreciation,0,16,0.0
M0369,Neutral,Aversion,4,9,0.4444444444444444
M0369,Neutral,Neutral,5,9,0.5555555555555556
M0369,Neutral,Appreciation,0,9,0.0
M0369,Appreciation,Aversion,0,0,
M0369,Appreciation,Neutral,0,0,
M0369,Appreciation,Appreciation,0,0,
M0370,Aversion,Aversion,6,11,0.5454545454545454
M0370,Aversion,Neutral,4,11,0.36363636363636365
M0370,Aversion,Appreciation,1,11,0.09090909090909091
M0370,Neutral,Aversion,5,14,0.35714285714285715
M0370,Neutral,Neutral,9,14,0.6428571428571429
M0370,Neutral,Appreciation,0,14,0.0
M0370,Appreciation,Aversion,0,0,
M0370,Appreciation,Neutral,0,0,
M0370,Appreciation,Appreciation,0,0,
M0371,Aversion,Aversion,5,10,0.5
M0371,Aversion,Neutral,5,10,0.5
M0371,Aversion,Appreciation,0,10,0.0
M0371,Neutral,Aversion,5,8,0.625
M0371,Neutral,Neutral,2,8,0.25
M0371,Neutral,Appreciation,1,8,0.125
M0371,Appreciation,Aversion,0,7,0.0
M0371,Appreciation,Neutral,0,7,0.0
M0371,Appreciation,Appreciation,7,7,1.0
M0372,Aversion,Aversion,1,3,0.3333333333333333
M0372,Aversion,Neutral,2,3,0.6666666666666666
M0372,Aversion,Appreciation,0,3,0.0
M0372,Neutral,Aversion,2,12,0.16666666666666666
M0372,Neutral,Neutral,8,12,0.6666666666666666
M0372,Neutral,Appreciation,2,12,0.16666666666666666
M0372,Appreciation,Aversion,0,10,0.0
M0372,Appreciation,Neutral,1,10,0.1
M0372,Appreciation,Appreciation,9,10,0.9
M0373,Aversion,Aversion,3,8,0.375
M0373,Aversion,Neutral,5,8,0.625
M0373,Aversion,Appreciation,0,8,0.0
M0373,Neutral,Aversion,5,12,0.4166666666666667
M0373,Neutral,Neutral,6,12,0.5
M0373,Neutral,Appreciation,1,12,0.08333333333333333
M0373,Appreciation,Aversion,0,5,0.0
M0373,Appreciation,Neutral,1,5,0.2
M0373,Appreciation,Appreciation,4,5,0.8
M0374,Aversion,Aversion,5,8,0.625
M0374,Aversion,Neutral,3,8,0.375
M0374,Aversion,Appreciation,0,8,0.0
M0374,Neutral,Aversion,4,15,0.26666666666666666
M0374,Neutral,Neutral,10,15,0.6666666666666666
M0374,Neutral,Appreciation,1,15,0.06666666666666667
M0374,Appreciation,Aversion,0,2,0.0
M0374,Appreciation,Neutral,1,2,0.5
M0374,Appreciation,Appreciation,1,2,0.5
M0375,Aversion,Aversion,13,18,0.7222222222222222
M0375,Aversion,Neutral,5,18,0.2777777777777778
M0375,Aversion,Appreciation,0,18,0.0
M0375,Neutral,Aversion,5,7,0.7142857142857143
M0375,Neutral,Neutral,2,7,0.2857142857142857
M0375,Neutral,Appreciation,0,7,0.0
M0375,Appreciation,Aversion,0,0,
M0375,Appreciation,Neutral,0,0,
M0375,Appreciation,Appreciation,0,0,
M0376,Aversion,Aversion,4,7,0.5714285714285714
M0376,Aversion,Neutral,3,7,0.42857142857142855
M0376,Aversion,Appreciation,0,7,0.0
M0376,Neutral,Aversion,3,11,0.2727272727272727
M0376,Neutral,Neutral,6,11,0.5454545454545454
M0376,Neutral,Appreciation,2,11,0.18181818181818182
M0376,Appreciation,Aversion,0,7,0.0
M0376,Appreciation,Neutral,1,7,0.14285714285714285
M0376,Appreciation,Appreciation,6,7,0.8571428571428571
M0377,Aversion,Aversion,7,13,0.5384615384615384
M0377,Aversion,Neutral,4,13,0.3076923076923077
M0377,Aversion,Appreciation,2,13,0.15384615384615385
M0377,Neutral,Aversion,6,9,0.6666666666666666
M0377,Neutral,Neutral,3,9,0.3333333333333333
M0377,Neutral,Appreciation,0,9,0.0
M0377,Appreciation,Aversion,0,3,0.0
M0377,Appreciation,Neutral,1,3,0.3333333333333333
M0377,Appreciation,Appreciation,2,3,0.6666666666666666
M0378,Aversion,Aversion,3,5,0.6
M0378,Aversion,Neutral,2,5,0.4
M0378,Aversion,Appreciation,0,5,0.0
M0378,Neutral,Aversion,2,17,0.11764705882352941
M0378,Neutral,Neutral,13,17,0.7647058823529411
M0378,Neutral,Appreciation,2,17,0.11764705882352941
M0378,Appreciation,Aversion,0,3,0.0
M0378,Appreciation,Neutral,1,3,0.3333333333333333
M0378,Appreciation,Appreciation,2,3,0.6666666666666666
M0379,Aversion,Aversion,1,2,0.5
M0379,Aversion,Neutral,1,2,0.5
M0379,Aversion,Appreciation,0,2,0.0
M0379,Neutral,Aversion,2,10,0.2
M0379,Neutral,Neutral,7,10,0.7
M0379,Neutral,Appreciation,1,10,0.1
M0379,Appreciation,Aversion,0,13,0.0
M0379,Appreciation,Neutral,1,13,0.07692307692307693
M0379,Appreciation,Appreciation,12,13,0.9230769230769231
M0380,Aversion,Aversion,5,8,0.625
M0380,Aversion,Neutral,3,8,0.375
M0380,Aversion,Appreciation,0,8,0.0
M0380,Neutral,Aversion,4,8,0.5
M0380,Neutral,Neutral,3,8,0.375
M0380,Neutral,Appreciation,1,8,0.125
M0380,Appreciation,Aversion,0,9,0.0
M0380,Appreciation,Neutral,1,9,0.1111111111111111
M0380,Appreciation,Appreciation,8,9,0.8888888888888888
M0381,Aversion,Aversion,3,4,0.75
M0381,Aversion,Neutral,1,4,0.25
M0381,Aversion,Appreciation,0,4,0.0
M0381,Neutral,Aversion,2,19,0.10526315789473684
M0381,Neutral,Neutral,15,19,0.7894736842105263
M0381,Neutral,Appreciation,2,19,0.10526315789473684
M0381,Appreciation,Aversion,0,2,0.0
M0381,Appreciation,Neutral,2,2,1.0
M0381,Appreciation,Appreciation,0,2,0.0
M0382,Aversion,Aversion,11,14,0.7857142857142857
M0382,Aversion,Neutral,3,14,0.21428571428571427
M0382,Aversion,Appreciation,0,14,0.0
M0382,Neutral,Aversion,3,10,0.3
M0382,Neutral,Neutral,6,10,0.6
M0382,Neutral,Appreciation,1,10,0.1
M0382,Appreciation,Aversion,0,1,0.0
M0382,Appreciation,Neutral,0,1,0.0
M0382,Appreciation,Appreciation,1,1,1.0
M0383,Aversion,Aversion,11,16,0.6875
M0383,Aversion,Neutral,5,16,0.3125
M0383,Aversion,Appreciation,0,16,0.0
M0383,Neutral,Aversion,6,9,0.6666666666666666
M0383,Neutral,Neutral,3,9,0.3333333333333333
M0383,Neutral,Appreciation,0,9,0.0
M0383,Appreciation,Aversion,0,0,
M0383,Appreciation,Neutral,0,0,
M0383,Appreciation,Appreciation,0,0,
M0384,Aversion,Aversion,3,5,0.6
M0384,Aversion,Neutral,2,5,0.4
M0384,Aversion,Appreciation,0,5,0.0
M0384,Neutral,Aversion,2,14,0.14285714285714285
M0384,Neutral,Neutral,11,14,0.7857142857142857
M0384,Neutral,Appreciation,1,14,0.07142857142857142
M0384,Appreciation,Aversion,0,6,0.0
M0384,Appreciation,Neutral,1,6,0.16666666666666666
M0384,Appreciation,Appreciation,5,6,0.8333333333333334
M0385,Aversion,Aversion,0,0,
M0385,Aversion,Neutral,0,0,
M0385,Aversion,Appreciation,0,0,
M0385,Neutral,Aversion,1,20,0.05
M0385,Neutral,Neutral,16,20,0.8
M0385,Neutral,Appreciation,3,20,0.15
M0385,Appreciation,Aversion,0,5,0.0
M0385,Appreciation,Neutral,3,5,0.6
M0385,Appreciation,Appreciation,2,5,0.4
M0386,Aversion,Aversion,1,3,0.3333333333333333
M0386,Aversion,Neutral,1,3,0.3333333333333333
M0386,Aversion,Appreciation,1,3,0.3333333333333333
M0386,Neutral,Aversion,2,18,0.1111111111111111
M0386,Neutral,Neutral,16,18,0.8888888888888888
M0386,Neutral,Appreciation,0,18,0.0
M0386,Appreciation,Aversion,0,4,0.0
M0386,Appreciation,Neutral,0,4,0.0
M0386,Appreciation,Appreciation,4,4,1.0
M0387,Aversion,Aversion,9,14,0.6428571428571429
M0387,Aversion,Neutral,5,14,0.35714285714285715
M0387,Aversion,Appreciation,0,14,0.0
M0387,Neutral,Aversion,6,11,0.5454545454545454
M0387,Neutral,Neutral,5,11,0.45454545454545453
M0387,Neutral,Appreciation,0,11,0.0
M0387,Appreciation,Aversion,0,0,
M0387,Appreciation,Neutral,0,0,
M0387,Appreciation,Appreciation,0,0,
M0388,Aversion,Aversion,10,13,0.7692307692307693
M0388,Aversion,Neutral,3,13,0.23076923076923078
M0388,Aversion,Appreciation,0,13,0.0
M0388,Neutral,Aversion,4,12,0.3333333333333333
M0388,Neutral,Neutral,8,12,0.6666666666666666
M0388,Neutral,Appreciation,0,12,0.0
M0388,Appreciation,Aversion,0,0,
M0388,Appreciation,Neutral,0,0,
M0388,Appreciation,Appreciation,0,0,
M0389,Aversion,Aversion,3,5,0.6
M0389,Aversion,Neutral,2,5,0.4
M0389,Aversion,Appreciation,0,5,0.0
M0389,Neutral,Aversion,2,16,0.125
M0389,Neutral,Neutral,13,16,0.8125
M0389,Neutral,Appreciation,1,16,0.0625
M0389,Appreciation,Aversion,0,4,0.0
M0389,Appreciation,Neutral,0,4,0.0
M0389,Appreciation,Appreciation,4,4,1.0
M0390,Aversion,Aversion,7,8,0.875
M0390,Aversion,Neutral,1,8,0.125
M0390,Aversion,Appreciation,0,8,0.0
M0390,Neutral,Aversion,1,15,0.06666666666666667
M0390,Neutral,Neutral,13,15,0.8666666666666667
M0390,Neutral,Appreciation,1,15,0.06666666666666667
M0390,Appreciation,Aversion,0,2,0.0
M0390,Appreciation,Neutral,1,2,0.5
M0390,Appreciation,Appreciation,1,2,0.5
M0391,Aversion,Aversion,8,10,0.8
M0391,Aversion,Neutral,2,10,0.2
M0391,Aversion,Appreciation,0,10,0.0
M0391,Neutral,Aversion,2,15,0.13333333333333333
M0391,Neutral,Neutral,13,15,0.8666666666666667
M0391,Neutral,Appreciation,0,15,0.0
M0391,Appreciation,Aversion,0,0,
M0391,Appreciation,Neutral,0,0,
M0391,Appreciation,Appreciation,0,0,
M0392,Aversion,Aversion,8,13,0.6153846153846154
M0392,Aversion,Neutral,5,13,0.38461538461538464
M0392,Aversion,Appreciation,0,13,0.0
M0392,Neutral,Aversion,5,12,0.4166666666666667
M0392,Neutral,Neutral,7,12,0.5833333333333334
M0392,Neutral,Appreciation,0,12,0.0
M0392,Appreciation,Aversion,0,0,
M0392,Appreciation,Neutral,0,0,
M0392,Appreciation,Appreciation,0,0,
M0393,Aversion,Aversion,2,3,0.6666666666666666
M0393,Aversion,Neutral,1,3,0.3333333333333333
M0393,Aversion,Appreciation,0,3,0.0
M0393,Neutral,Aversion,1,14,0.07142857142857142
M0393,Neutral,Neutral,12,14,0.8571428571428571
M0393,Neutral,Appreciation,1,14,0.07142857142857142
M0393,Appreciation,Aversion,0,8,0.0
M0393,Appreciation,Neutral,0,8,0.0
M0393,Appreciation,Appreciation,8,8,1.0
M0394,Aversion,Aversion,4,6,0.6666666666666666
M0394,Aversion,Neutral,2,6,0.3333333333333333
M0394,Aversion,Appreciation,0,6,0.0
M0394,Neutral,Aversion,3,19,0.15789473684210525
M0394,Neutral,Neutral,16,19,0.8421052631578947
M0394,Neutral,Appreciation,0,19,0.0
M0394,Appreciation,Aversion,0,0,
M0394,Appreciation,Neutral,0,0,
M0394,Appreciation,Appreciation,0,0,
M0395,Aversion,Aversion,0,2,0.0
M0395,Aversion,Neutral,2,2,1.0
M0395,Aversion,Appreciation,0,2,0.0
M0395,Neutral,Aversion,2,14,0.14285714285714285
M0395,Neutral,Neutral,11,14,0.7857142857142857
M0395,Neutral,Appreciation,1,14,0.07142857142857142
M0395,Appreciation,Aversion,0,9,0.0
M0395,Appreciation,Neutral,1,9,0.1111111111111111
M0395,Appreciation,Appreciation,8,9,0.8888888888888888
M0396,Aversion,Aversion,4,8,0.5
M0396,Aversion,Neutral,4,8,0.5
M0396,Aversion,Appreciation,0,8,0.0
M0396,Neutral,Aversion,4,13,0.3076923076923077
M0396,Neutral,Neutral,7,13,0.5384615384615384
M0396,Neutral,Appreciation,2,13,0.15384615384615385
M0396,Appreciation,Aversion,0,4,0.0
M0396,Appreciation,Neutral,1,4,0.25
M0396,Appreciation,Appreciation,3,4,0.75
M0397,Aversion,Aversion,2,8,0.25
M0397,Aversion,Neutral,5,8,0.625
M0397,Aversion,Appreciation,1,8,0.125
M0397,Neutral,Aversion,6,16,0.375
M0397,Neutral,Neutral,10,16,0.625
M0397,Neutral,Appreciation,0,16,0.0
M0397,Appreciation,Aversion,0,1,0.0
M0397,Appreciation,Neutral,0,1,0.0
M0397,Appreciation,Appreciation,1,1,1.0
M0398,Aversion,Aversion,0,2,0.0
M0398,Aversion,Neutral,1,2,0.5
M0398,Aversion,Appreciation,1,2,0.5
M0398,Neutral,Aversion,2,11,0.18181818181818182
M0398,Neutral,Neutral,9,11,0.8181818181818182
M0398,Neutral,Appreciation,0,11,0.0
M0398,Appreciation,Aversion,0,12,0.0
M0398,Appreciation,Neutral,0,12,0.0
M0398,Appreciation,Appreciation,12,12,1.0
M0399,Aversion,Aversion,4,5,0.8
M0399,Aversion,Neutral,1,5,0.2
M0399,Aversion,Appreciation,0,5,0.0
M0399,Neutral,Aversion,2,20,0.1
M0399,Neutral,Neutral,18,20,0.9
M0399,Neutral,Appreciation,0,20,0.0
M0399,Appreciation,Aversion,0,0,
M0399,Appreciation,Neutral,0,0,
M0399,Appreciation,Appreciation,0,0,
M0400,Aversion,Aversion,4,7,0.5714285714285714
M0400,Aversion,Neutral,3,7,0.42857142857142855
M0400,Aversion,Appreciation,0,7,0.0
M0400,Neutral,Aversion,4,18,0.2222222222222222
M0400,Neutral,Neutral,14,18,0.7777777777777778
M0400,Neutral,Appreciation,0,18,0.0
M0400,Appreciation,Aversion,0,0,
M0400,Appreciation,Neutral,0,0,
M0400,Appreciation,Appreciation,0,0,
M0401,Aversion,Aversion,0,0,
M0401,Aversion,Neutral,0,0,
M0401,Aversion,Appreciation,0,0,
M0401,Neutral,Aversion,0,15,0.0
M0401,Neutral,Neutral,13,15,0.8666666666666667
M0401,Neutral,Appreciation,2,15,0.13333333333333333
M0401,Appreciation,Aversion,0,10,0.0
M0401,Appreciation,Neutral,1,10,0.1
M0401,Appreciation,Appreciation,9,10,0.9
M0402,Aversion,Aversion,10,13,0.7692307692307693
M0402,Aversion,Neutral,3,13,0.23076923076923078
M0402,Aversion,Appreciation,0,13,0.0
M0402,Neutral,Aversion,3,11,0.2727272727272727
M0402,Neutral,Neutral,7,11,0.6363636363636364
M0402,Neutral,Appreciation,1,11,0.09090909090909091
M0402,Appreciation,Aversion,0,1,0.0
M0402,Appreciation,Neutral,0,1,0.0
M0402,Appreciation,Appreciation,1,1,1.0
M0403,Aversion,Aversion,5,9,0.5555555555555556
M0403,Aversion,Neutral,4,9,0.4444444444444444
M0403,Aversion,Appreciation,0,9,0.0
M0403,Neutral,Aversion,4,14,0.2857142857142857
M0403,Neutral,Neutral,9,14,0.6428571428571429
M0403,Neutral,Appreciation,1,14,0.07142857142857142
M0403,Appreciation,Aversion,0,2,0.0
M0403,Appreciation,Neutral,1,2,0.5
M0403,Appreciation,Appreciation,1,2,0.5
M0404,Aversion,Aversion,11,15,0.7333333333333333
M0404,Aversion,Neutral,4,15,0.26666666666666666
M0404,Aversion,Appreciation,0,15,0.0
M0404,Neutral,Aversion,4,10,0.4
M0404,Neutral,Neutral,6,10,0.6
M0404,Neutral,Appreciation,0,10,0.0
M0404,Appreciation,Aversion,0,0,
M0404,Appreciation,Neutral,0,0,
M0404,Appreciation,Appreciation,0,0,
M0405,Aversion,Aversion,6,11,0.5454545454545454
M0405,Aversion,Neutral,5,11,0.45454545454545453
M0405,Aversion,Appreciation,0,11,0.0
M0405,Neutral,Aversion,5,14,0.35714285714285715
M0405,Neutral,Neutral,9,14,0.6428571428571429
M0405,Neutral,Appreciation,0,14,0.0
M0405,Appreciation,Aversion,0,0,
M0405,Appreciation,Neutral,0,0,
M0405,Appreciation,Appreciation,0,0,
M0406,Aversion,Aversion,8,12,0.6666666666666666
M0406,Aversion,Neutral,4,12,0.3333333333333333
M0406,Aversion,Appreciation,0,12,0.0
M0406,Neutral,Aversion,4,13,0.3076923076923077
M0406,Neutral,Neutral,9,13,0.6923076923076923
M0406,Neutral,Appreciation,0,13,0.0
M0406,Appreciation,Aversion,0,0,
M0406,Appreciation,Neutral,0,0,
M0406,Appreciation,Appreciation,0,0,
M0407,Aversion,Aversion,10,14,0.7142857142857143
M0407,Aversion,Neutral,4,14,0.2857142857142857
M0407,Aversion,Appreciation,0,14,0.0
M0407,Neutral,Aversion,5,11,0.45454545454545453
M0407,Neutral,Neutral,6,11,0.5454545454545454
M0407,Neutral,Appreciation,0,11,0.0
M0407,Appreciation,Aversion,0,0,
M0407,Appreciation,Neutral,0,0,
M0407,Appreciation,Appreciation,0,0,
M0408,Aversion,Aversion,10,12,0.8333333333333334
M0408,Aversion,Neutral,2,12,0.16666666666666666
M0408,Aversion,Appreciation,0,12,0.0
M0408,Neutral,Aversion,3,11,0.2727272727272727
M0408,Neutral,Neutral,7,11,0.6363636363636364
M0408,Neutral,Appreciation,1,11,0.09090909090909091
M0408,Appreciation,Aversion,0,2,0.0
M0408,Appreciation,Neutral,1,2,0.5
M0408,Appreciation,Appreciation,1,2,0.5
M0409,Aversion,Aversion,13,16,0.8125
M0409,Aversion,Neutral,3,16,0.1875
M0409,Aversion,Appreciation,0,16,0.0
M0409,Neutral,Aversion,4,9,0.4444444444444444
M0409,Neutral,Neutral,5,9,0.5555555555555556
M0409,Neutral,Appreciation,0,9,0.0
M0409,Appreciation,Aversion,0,0,
M0409,Appreciation,Neutral,0,0,
M0409,Appreciation,Appreciation,0,0,
M0410,Aversion,Aversion,6,10,0.6
M0410,Aversion,Neutral,4,10,0.4
M0410,Aversion,Appreciation,0,10,0.0
M0410,Neutral,Aversion,4,10,0.4
M0410,Neutral,Neutral,4,10,0.4
M0410,Neutral,Appreciation,2,10,0.2
M0410,Appreciation,Aversion,0,5,0.0
M0410,Appreciation,Neutral,1,5,0.2
M0410,Appreciation,Appreciation,4,5,0.8
M0411,Aversion,Aversion,0,1,0.0
M0411,Aversion,Neutral,1,1,1.0
M0411,Aversion,Appreciation,0,1,0.0
M0411,Neutral,Aversion,0,14,0.0
M0411,Neutral,Neutral,11,14,0.7857142857142857
M0411,Neutral,Appreciation,3,14,0.21428571428571427
M0411,Appreciation,Aversion,0,10,0.0
M0411,Appreciation,Neutral,3,10,0.3
M0411,Appreciation,Appreciation,7,10,0.7
M0412,Aversion,Aversion,5,7,0.7142857142857143
M0412,Aversion,Neutral,2,7,0.2857142857142857
M0412,Aversion,Appreciation,0,7,0.0
M0412,Neutral,Aversion,3,17,0.17647058823529413
M0412,Neutral,Neutral,13,17,0.7647058823529411
M0412,Neutral,Appreciation,1,17,0.058823529411764705
M0412,Appreciation,Aversion,0,1,0.0
M0412,Appreciation,Neutral,1,1,1.0
M0412,Appreciation,Appreciation,0,1,0.0
M0413,Aversion,Aversion,3,5,0.6
M0413,Aversion,Neutral,2,5,0.4
M0413,Aversion,Appreciation,0,5,0.0
M0413,Neutral,Aversion,2,9,0.2222222222222222
M0413,Neutral,Neutral,6,9,0.6666666666666666
M0413,Neutral,Appreciation,1,9,0.1111111111111111
M0413,Appreciation,Aversion,0,11,0.0
M0413,Appreciation,Neutral,0,11,0.0
M0413,Appreciation,Appreciation,11,11,1.0
M0414,Aversion,Aversion,0,1,0.0
M0414,Aversion,Neutral,1,1,1.0
M0414,Aversion,Appreciation,0,1,0.0
M0414,Neutral,Aversion,1,14,0.07142857142857142
M0414,Neutral,Neutral,12,14,0.8571428571428571
M0414,Neutral,Appreciation,1,14,0.07142857142857142
M0414,Appreciation,Aversion,0,10,0.0
M0414,Appreciation,Neutral,0,10,0.0
M0414,Appreciation,Appreciation,10,10,1.0
M0415,Aversion,Aversion,1,3,0.3333333333333333
M0415,Aversion,Neutral,2,3,0.6666666666666666
M0415,Aversion,Appreciation,0,3,0.0
M0415,Neutral,Aversion,2,20,0.1
M0415,Neutral,Neutral,17,20,0.85
M0415,Neutral,Appreciation,1,20,0.05
M0415,Appreciation,Aversion,0,2,0.0
M0415,Appreciation,Neutral,1,2,0.5
M0415,Appreciation,Appreciation,1,2,0.5
M0416,Aversion,Aversion,5,7,0.7142857142857143
M0416,Aversion,Neutral,2,7,0.2857142857142857
M0416,Aversion,Appreciation,0,7,0.0
M0416,Neutral,Aversion,2,8,0.25
M0416,Neutral,Neutral,5,8,0.625
M0416,Neutral,Appreciation,1,8,0.125
M0416,Appreciation,Aversion,0,10,0.0
M0416,Appreciation,Neutral,0,10,0.0
M0416,Appreciation,Appreciation,10,10,1.0
M0417,Aversion,Aversion,0,1,0.0
M0417,Aversion,Neutral,1,1,1.0
M0417,Aversion,Appreciation,0,1,0.0
M0417,Neutral,Aversion,1,20,0.05
M0417,Neutral,Neutral,18,20,0.9
M0417,Neutral,Appreciation,1,20,0.05
M0417,Appreciation,Aversion,0,4,0.0
M0417,Appreciation,Neutral,0,4,0.0
M0417,Appreciation,Appreciation,4,4,1.0
M0418,Aversion,Aversion,4,8,0.5
M0418,Aversion,Neutral,4,8,0.5
M0418,Aversion,Appreciation,0,8,0.0
M0418,Neutral,Aversion,4,12,0.3333333333333333
M0418,Neutral,Neutral,7,12,0.5833333333333334
M0418,Neutral,Appreciation,1,12,0.08333333333333333
M0418,Appreciation,Aversion,0,5,0.0
M0418,Appreciation,Neutral,0,5,0.0
M0418,Appreciation,Appreciation,5,5,1.0
M0419,Aversion,Aversion,11,15,0.7333333333333333
M0419,Aversion,Neutral,4,15,0.26666666666666666
M0419,Aversion,Appreciation,0,15,0.0
M0419,Neutral,Aversion,5,10,0.5
M0419,Neutral,Neutral,5,10,0.5
M0419,Neutral,Appreciation,0,10,0.0
M0419,Appreciation,Aversion,0,0,
M0419,Appreciation,Neutral,0,0,
M0419,Appreciation,Appreciation,0,0,
M0420,Aversion,Aversion,6,8,0.75
M0420,Aversion,Neutral,2,8,0.25
M0420,Aversion,Appreciation,0,8,0.0
M0420,Neutral,Aversion,2,9,0.2222222222222222
M0420,Neutral,Neutral,5,9,0.5555555555555556
M0420,Neutral,Appreciation,2,9,0.2222222222222222
M0420,Appreciation,Aversion,0,8,0.0
M0420,Appreciation,Neutral,2,8,0.25
M0420,Appreciation,Appreciation,6,8,0.75
M0421,Aversion,Aversion,8,13,0.6153846153846154
M0421,Aversion,Neutral,5,13,0.38461538461538464
M0421,Aversion,Appreciation,0,13,0.0
M0421,Neutral,Aversion,6,12,0.5
M0421,Neutral,Neutral,6,12,0.5
M0421,Neutral,Appreciation,0,12,0.0
M0421,Appreciation,Aversion,0,0,
M0421,Appreciation,Neutral,0,0,
M0421,Appreciation,Appreciation,0,0,
M0422,Aversion,Aversion,12,15,0.8
M0422,Aversion,Neutral,3,15,0.2
M0422,Aversion,Appreciation,0,15,0.0
M0422,Neutral,Aversion,4,10,0.4
M0422,Neutral,Neutral,6,10,0.6
M0422,Neutral,Appreciation,0,10,0.0
M0422,Appreciation,Aversion,0,0,
M0422,Appreciation,Neutral,0,0,
M0422,Appreciation,Appreciation,0,0,
M0423,Aversion,Aversion,6,8,0.75
M0423,Aversion,Neutral,2,8,0.25
M0423,Aversion,Appreciation,0,8,0.0
M0423,Neutral,Aversion,2,11,0.18181818181818182
M0423,Neutral,Neutral,7,11,0.6363636363636364
M0423,Neutral,Appreciation,2,11,0.18181818181818182
M0423,Appreciation,Aversion,1,6,0.16666666666666666
M0423,Appreciation,Neutral,1,6,0.16666666666666666
M0423,Appreciation,Appreciation,4,6,0.6666666666666666
M0424,Aversion,Aversion,5,8,0.625
M0424,Aversion,Neutral,3,8,0.375
M0424,Aversion,Appreciation,0,8,0.0
M0424,Neutral,Aversion,3,17,0.17647058823529413
M0424,Neutral,Neutral,14,17,0.8235294117647058
M0424,Neutral,Appreciation,0,17,0.0
M0424,Appreciation,Aversion,0,0,
M0424,Appreciation,Neutral,0,0,
M0424,Appreciation,Appreciation,0,0,
M0425,Aversion,Aversion,6,7,0.8571428571428571
M0425,Aversion,Neutral,1,7,0.14285714285714285
M0425,Aversion,Appreciation,0,7,0.0
M0425,Neutral,Aversion,1,8,0.125
M0425,Neutral,Neutral,6,8,0.75
M0425,Neutral,Appreciation,1,8,0.125
M0425,Appreciation,Aversion,0,10,0.0
M0425,Appreciation,Neutral,0,10,0.0
M0425,Appreciation,Appreciation,10,10,1.0
M0426,Aversion,Aversion,8,13,0.6153846153846154
M0426,Aversion,Neutral,5,13,0.38461538461538464
M0426,Aversion,Appreciation,0,13,0.0
M0426,Neutral,Aversion,5,12,0.4166666666666667
M0426,Neutral,Neutral,7,12,0.5833333333333334
M0426,Neutral,Appreciation,0,12,0.0
M0426,Appreciation,Aversion,0,0,
M0426,Appreciation,Neutral,0,0,
M0426,Appreciation,Appreciation,0,0,
M0427,Aversion,Aversion,3,5,0.6
M0427,Aversion,Neutral,2,5,0.4
M0427,Aversion,Appreciation,0,5,0.0
M0427,Neutral,Aversion,3,19,0.15789473684210525
M0427,Neutral,Neutral,15,19,0.7894736842105263
M0427,Neutral,Appreciation,1,19,0.05263157894736842
M0427,Appreciation,Aversion,0,1,0.0
M0427,Appreciation,Neutral,1,1,1.0
M0427,Appreciation,Appreciation,0,1,0.0
M0428,Aversion,Aversion,8,10,0.8
M0428,Aversion,Neutral,2,10,0.2
M0428,Aversion,Appreciation,0,10,0.0
M0428,Neutral,Aversion,2,7,0.2857142857142857
M0428,Neutral,Neutral,4,7,0.5714285714285714
M0428,Neutral,Appreciation,1,7,0.14285714285714285
M0428,Appreciation,Aversion,0,8,0.0
M0428,Appreciation,Neutral,0,8,0.0
M0428,Appreciation,Appreciation,8,8,1.0
M0429,Aversion,Aversion,7,9,0.7777777777777778
M0429,Aversion,Neutral,2,9,0.2222222222222222
M0429,Aversion,Appreciation,0,9,0.0
M0429,Neutral,Aversion,2,12,0.16666666666666666
M0429,Neutral,Neutral,8,12,0.6666666666666666
M0429,Neutral,Appreciation,2,12,0.16666666666666666
M0429,Appreciation,Aversion,0,4,0.0
M0429,Appreciation,Neutral,1,4,0.25
M0429,Appreciation,Appreciation,3,4,0.75
M0430,Aversion,Aversion,14,14,1.0
M0430,Aversion,Neutral,0,14,0.0
M0430,Aversion,Appreciation,0,14,0.0
M0430,Neutral,Aversion,1,11,0.09090909090909091
M0430,Neutral,Neutral,10,11,0.9090909090909091
M0430,Neutral,Appreciation,0,11,0.0
M0430,Appreciation,Aversion,0,0,
M0430,Appreciation,Neutral,0,0,
M0430,Appreciation,Appreciation,0,0,
M0431,Aversion,Aversion,0,0,
M0431,Aversion,Neutral,0,0,
M0431,Aversion,Appreciation,0,0,
M0431,Neutral,Aversion,0,16,0.0
M0431,Neutral,Neutral,15,16,0.9375
M0431,Neutral,Appreciation,1,16,0.0625
M0431,Appreciation,Aversion,0,9,0.0
M0431,Appreciation,Neutral,0,9,0.0
M0431,Appreciation,Appreciation,9,9,1.0
M0432,Aversion,Aversion,9,11,0.8181818181818182
M0432,Aversion,Neutral,2,11,0.18181818181818182
M0432,Aversion,Appreciation,0,11,0.0
M0432,Neutral,Aversion,3,14,0.21428571428571427
M0432,Neutral,Neutral,11,14,0.7857142857142857
M0432,Neutral,Appreciation,0,14,0.0
M0432,Appreciation,Aversion,0,0,
M0432,Appreciation,Neutral,0,0,
M0432,Appreciation,Appreciation,0,0,
M0433,Aversion,Aversion,3,6,0.5
M0433,Aversion,Neutral,3,6,0.5
M0433,Aversion,Appreciation,0,6,0.0
M0433,Neutral,Aversion,3,11,0.2727272727272727
M0433,Neutral,Neutral,6,11,0.5454545454545454
M0433,Neutral,Appreciation,2,11,0.18181818181818182
M0433,Appreciation,Aversion,0,8,0.0
M0433,Appreciation,Neutral,1,8,0.125
M0433,Appreciation,Appreciation,7,8,0.875
M0434,Aversion,Aversion,7,12,0.5833333333333334
M0434,Aversion,Neutral,5,12,0.4166666666666667
M0434,Aversion,Appreciation,0,12,0.0
M0434,Neutral,Aversion,5,11,0.45454545454545453
M0434,Neutral,Neutral,5,11,0.45454545454545453
M0434,Neutral,Appreciation,1,11,0.09090909090909091
M0434,Appreciation,Aversion,0,2,0.0
M0434,Appreciation,Neutral,0,2,0.0
M0434,Appreciation,Appreciation,2,2,1.0
M0435,Aversion,Aversion,4,9,0.4444444444444444
M0435,Aversion,Neutral,4,9,0.4444444444444444
M0435,Aversion,Appreciation,1,9,0.1111111111111111
M0435,Neutral,Aversion,5,13,0.38461538461538464
M0435,Neutral,Neutral,8,13,0.6153846153846154
M0435,Neutral,Appreciation,0,13,0.0
M0435,Appreciation,Aversion,0,3,0.0
M0435,Appreciation,Neutral,0,3,0.0
M0435,Appreciation,Appreciation,3,3,1.0
M0436,Aversion,Aversion,2,7,0.2857142857142857
M0436,Aversion,Neutral,5,7,0.7142857142857143
M0436,Aversion,Appreciation,0,7,0.0
M0436,Neutral,Aversion,6,10,0.6
M0436,Neutral,Neutral,3,10,0.3
M0436,Neutral,Appreciation,1,10,0.1
M0436,Appreciation,Aversion,0,8,0.0
M0436,Appreciation,Neutral,1,8,0.125
M0436,Appreciation,Appreciation,7,8,0.875
M0437,Aversion,Aversion,0,0,
M0437,Aversion,Neutral,0,0,
M0437,Aversion,Appreciation,0,0,
M0437,Neutral,Aversion,0,18,0.0
M0437,Neutral,Neutral,17,18,0.9444444444444444
M0437,Neutral,Appreciation,1,18,0.05555555555555555
M0437,Appreciation,Aversion,0,7,0.0
M0437,Appreciation,Neutral,1,7,0.14285714285714285
M0437,Appreciation,Appreciation,6,7,0.8571428571428571
M0438,Aversion,Aversion,5,7,0.7142857142857143
M0438,Aversion,Neutral,2,7,0.2857142857142857
M0438,Aversion,Appreciation,0,7,0.0
M0438,Neutral,Aversion,3,13,0.23076923076923078
M0438,Neutral,Neutral,9,13,0.6923076923076923
M0438,Neutral,Appreciation,1,13,0.07692307692307693
M0438,Appreciation,Aversion,0,5,0.0
M0438,Appreciation,Neutral,1,5,0.2
M0438,Appreciation,Appreciation,4,5,0.8
M0439,Aversion,Aversion,7,9,0.7777777777777778
M0439,Aversion,Neutral,2,9,0.2222222222222222
M0439,Aversion,Appreciation,0,9,0.0
M0439,Neutral,Aversion,3,12,0.25
M0439,Neutral,Neutral,8,12,0.6666666666666666
M0439,Neutral,Appreciation,1,12,0.08333333333333333
M0439,Appreciation,Aversion,0,4,0.0
M0439,Appreciation,Neutral,1,4,0.25
M0439,Appreciation,Appreciation,3,4,0.75
M0440,Aversion,Aversion,2,4,0.5
M0440,Aversion,Neutral,2,4,0.5
M0440,Aversion,Appreciation,0,4,0.0
M0440,Neutral,Aversion,3,15,0.2
M0440,Neutral,Neutral,10,15,0.6666666666666666
M0440,Neutral,Appreciation,2,15,0.13333333333333333
M0440,Appreciation,Aversion,0,6,0.0
M0440,Appreciation,Neutral,2,6,0.3333333333333333
M0440,Appreciation,Appreciation,4,6,0.6666666666666666
M0441,Aversion,Aversion,2,5,0.4
M0441,Aversion,Neutral,3,5,0.6
M0441,Aversion,Appreciation,0,5,0.0
M0441,Neutral,Aversion,3,16,0.1875
M0441,Neutral,Neutral,12,16,0.75
M0441,Neutral,Appreciation,1,16,0.0625
M0441,Appreciation,Aversion,0,4,0.0
M0441,Appreciation,Neutral,1,4,0.25
M0441,Appreciation,Appreciation,3,4,0.75
M0442,Aversion,Aversion,0,0,
M0442,Aversion,Neutral,0,0,
M0442,Aversion,Appreciation,0,0,
M0442,Neutral,Aversion,0,17,0.0
M0442,Neutral,Neutral,15,17,0.8823529411764706
M0442,Neutral,Appreciation,2,17,0.11764705882352941
M0442,Appreciation,Aversion,0,8,0.0
M0442,Appreciation,Neutral,1,8,0.125
M0442,Appreciation,Appreciation,7,8,0.875
M0443,Aversion,Aversion,11,13,0.8461538461538461
M0443,Aversion,Neutral,2,13,0.15384615384615385
M0443,Aversion,Appreciation,0,13,0.0
M0443,Neutral,Aversion,3,12,0.25
M0443,Neutral,Neutral,9,12,0.75
M0443,Neutral,Appreciation,0,12,0.0
M0443,Appreciation,Aversion,0,0,
M0443,Appreciation,Neutral,0,0,
M0443,Appreciation,Appreciation,0,0,
M0444,Aversion,Aversion,1,3,0.3333333333333333
M0444,Aversion,Neutral,2,3,0.6666666666666666
M0444,Aversion,Appreciation,0,3,0.0
M0444,Neutral,Aversion,3,15,0.2
M0444,Neutral,Neutral,10,15,0.6666666666666666
M0444,Neutral,Appreciation,2,15,0.13333333333333333
M0444,Appreciation,Aversion,0,7,0.0
M0444,Appreciation,Neutral,2,7,0.2857142857142857
M0444,Appreciation,Appreciation,5,7,0.7142857142857143
M0445,Aversion,Aversion,3,6,0.5
M0445,Aversion,Neutral,3,6,0.5
M0445,Aversion,Appreciation,0,6,0.0
M0445,Neutral,Aversion,4,16,0.25
M0445,Neutral,Neutral,10,16,0.625
M0445,Neutral,Appreciation,2,16,0.125
M0445,Appreciation,Aversion,0,3,0.0
M0445,Appreciation,Neutral,2,3,0.6666666666666666
M0445,Appreciation,Appreciation,1,3,0.3333333333333333
M0446,Aversion,Aversion,4,7,0.5714285714285714
M0446,Aversion,Neutral,3,7,0.42857142857142855
M0446,Aversion,Appreciation,0,7,0.0
M0446,Neutral,Aversion,4,18,0.2222222222222222
M0446,Neutral,Neutral,14,18,0.7777777777777778
M0446,Neutral,Appreciation,0,18,0.0
M0446,Appreciation,Aversion,0,0,
M0446,Appreciation,Neutral,0,0,
M0446,Appreciation,Appreciation,0,0,
M0447,Aversion,Aversion,10,14,0.7142857142857143
M0447,Aversion,Neutral,4,14,0.2857142857142857
M0447,Aversion,Appreciation,0,14,0.0
M0447,Neutral,Aversion,5,11,0.45454545454545453
M0447,Neutral,Neutral,6,11,0.5454545454545454
M0447,Neutral,Appreciation,0,11,0.0
M0447,Appreciation,Aversion,0,0,
M0447,Appreciation,Neutral,0,0,
M0447,Appreciation,Appreciation,0,0,
M0448,Aversion,Aversion,11,16,0.6875
M0448,Aversion,Neutral,5,16,0.3125
M0448,Aversion,Appreciation,0,16,0.0
M0448,Neutral,Aversion,6,9,0.6666666666666666
M0448,Neutral,Neutral,3,9,0.3333333333333333
M0448,Neutral,Appreciation,0,9,0.0
M0448,Appreciation,Aversion,0,0,
M0448,Appreciation,Neutral,0,0,
M0448,Appreciation,Appreciation,0,0,
M0449,Aversion,Aversion,2,3,0.6666666666666666
M0449,Aversion,Neutral,1,3,0.3333333333333333
M0449,Aversion,Appreciation,0,3,0.0
M0449,Neutral,Aversion,1,16,0.0625
M0449,Neutral,Neutral,13,16,0.8125
M0449,Neutral,Appreciation,2,16,0.125
M0449,Appreciation,Aversion,0,6,0.0
M0449,Appreciation,Neutral,1,6,0.16666666666666666
M0449,Appreciation,Appreciation,5,6,0.8333333333333334
M0450,Aversion,Aversion,5,8,0.625
M0450,Aversion,Neutral,3,8,0.375
M0450,Aversion,Appreciation,0,8,0.0
M0450,Neutral,Aversion,3,15,0.2
M0450,Neutral,Neutral,11,15,0.7333333333333333
M0450,Neutral,Appreciation,1,15,0.06666666666666667
M0450,Appreciation,Aversion,0,2,0.0
M0450,Appreciation,Neutral,0,2,0.0
M0450,Appreciation,Appreciation,2,2,1.0
M0451,Aversion,Aversion,1,3,0.3333333333333333
M0451,Aversion,Neutral,2,3,0.6666666666666666
M0451,Aversion,Appreciation,0,3,0.0
M0451,Neutral,Aversion,2,16,0.125
M0451,Neutral,Neutral,13,16,0.8125
M0451,Neutral,Appreciation,1,16,0.0625
M0451,Appreciation,Aversion,0,6,0.0
M0451,Appreciation,Neutral,0,6,0.0
M0451,Appreciation,Appreciation,6,6,1.0
M0452,Aversion,Aversion,7,11,0.6363636363636364
M0452,Aversion,Neutral,4,11,0.36363636363636365
M0452,Aversion,Appreciation,0,11,0.0
M0452,Neutral,Aversion,4,14,0.2857142857142857
M0452,Neutral,Neutral,10,14,0.7142857142857143
M0452,Neutral,Appreciation,0,14,0.0
M0452,Appreciation,Aversion,0,0,
M0452,Appreciation,Neutral,0,0,
M0452,Appreciation,Appreciation,0,0,
M0453,Aversion,Aversion,10,13,0.7692307692307693
M0453,Aversion,Neutral,3,13,0.23076923076923078
M0453,Aversion,Appreciation,0,13,0.0
M0453,Neutral,Aversion,4,12,0.3333333333333333
M0453,Neutral,Neutral,8,12,0.6666666666666666
M0453,Neutral,Appreciation,0,12,0.0
M0453,Appreciation,Aversion,0,0,
M0453,Appreciation,Neutral,0,0,
M0453,Appreciation,Appreciation,0,0,
M0454,Aversion,Aversion,0,0,
M0454,Aversion,Neutral,0,0,
M0454,Aversion,Appreciation,0,0,
M0454,Neutral,Aversion,0,19,0.0
M0454,Neutral,Neutral,16,19,0.8421052631578947
M0454,Neutral,Appreciation,3,19,0.15789473684210525
M0454,Appreciation,Aversion,0,6,0.0
M0454,Appreciation,Neutral,2,6,0.3333333333333333
M0454,Appreciation,Appreciation,4,6,0.6666666666666666
M0455,Aversion,Aversion,1,2,0.5
M0455,Aversion,Neutral,1,2,0.5
M0455,Aversion,Appreciation,0,2,0.0
M0455,Neutral,Aversion,1,16,0.0625
M0455,Neutral,Neutral,12,16,0.75
M0455,Neutral,Appreciation,3,16,0.1875
M0455,Appreciation,Aversion,0,7,0.0
M0455,Appreciation,Neutral,2,7,0.2857142857142857
M0455,Appreciation,Appreciation,5,7,0.7142857142857143
M0456,Aversion,Aversion,0,4,0.0
M0456,Aversion,Neutral,4,4,1.0
M0456,Aversion,Appreciation,0,4,0.0
M0456,Neutral,Aversion,4,15,0.26666666666666666
M0456,Neutral,Neutral,9,15,0.6
M0456,Neutral,Appreciation,2,15,0.13333333333333333
M0456,Appreciation,Aversion,0,6,0.0
M0456,Appreciation,Neutral,2,6,0.3333333333333333
M0456,Appreciation,Appreciation,4,6,0.6666666666666666
M0457,Aversion,Aversion,13,17,0.7647058823529411
M0457,Aversion,Neutral,4,17,0.23529411764705882
M0457,Aversion,Appreciation,0,17,0.0
M0457,Neutral,Aversion,5,8,0.625
M0457,Neutral,Neutral,3,8,0.375
M0457,Neutral,Appreciation,0,8,0.0
M0457,Appreciation,Aversion,0,0,
M0457,Appreciation,Neutral,0,0,
M0457,Appreciation,Appreciation,0,0,
M0458,Aversion,Aversion,0,1,0.0
M0458,Aversion,Neutral,1,1,1.0
M0458,Aversion,Appreciation,0,1,0.0
M0458,Neutral,Aversion,1,24,0.041666666666666664
M0458,Neutral,Neutral,23,24,0.9583333333333334
M0458,Neutral,Appreciation,0,24,0.0
M0458,Appreciation,Aversion,0,0,
M0458,Appreciation,Neutral,0,0,
M0458,Appreciation,Appreciation,0,0,
M0459,Aversion,Aversion,1,4,0.25
M0459,Aversion,Neutral,3,4,0.75
M0459,Aversion,Appreciation,0,4,0.0
M0459,Neutral,Aversion,3,9,0.3333333333333333
M0459,Neutral,Neutral,5,9,0.5555555555555556
M0459,Neutral,Appreciation,1,9,0.1111111111111111
M0459,Appreciation,Aversion,0,12,0.0
M0459,Appreciation,Neutral,0,12,0.0
M0459,Appreciation,Appreciation,12,12,1.0
M0460,Aversion,Aversion,12,15,0.8
M0460,Aversion,Neutral,3,15,0.2
M0460,Aversion,Appreciation,0,15,0.0
M0460,Neutral,Aversion,4,10,0.4
M0460,Neutral,Neutral,6,10,0.6
M0460,Neutral,Appreciation,0,10,0.0
M0460,Appreciation,Aversion,0,0,
M0460,Appreciation,Neutral,0,0,
M0460,Appreciation,Appreciation,0,0,
M0461,Aversion,Aversion,0,2,0.0
M0461,Aversion,Neutral,2,2,1.0
M0461,Aversion,Appreciation,0,2,0.0
M0461,Neutral,Aversion,2,11,0.18181818181818182
M0461,Neutral,Neutral,8,11,0.7272727272727273
M0461,Neutral,Appreciation,1,11,0.09090909090909091
M0461,Appreciation,Aversion,0,12,0.0
M0461,Appreciation,Neutral,0,12,0.0
M0461,Appreciation,Appreciation,12,12,1.0
M0462,Aversion,Aversion,3,5,0.6
M0462,Aversion,Neutral,2,5,0.4
M0462,Aversion,Appreciation,0,5,0.0
M0462,Neutral,Aversion,2,12,0.16666666666666666
M0462,Neutral,Neutral,8,12,0.6666666666666666
M0462,Neutral,Appreciation,2,12,0.16666666666666666
M0462,Appreciation,Aversion,0,8,0.0
M0462,Appreciation,Neutral,1,8,0.125
M0462,Appreciation,Appreciation,7,8,0.875
M0463,Aversion,Aversion,4,7,0.5714285714285714
M0463,Aversion,Neutral,3,7,0.42857142857142855
M0463,Aversion,Appreciation,0,7,0.0
M0463,Neutral,Aversion,4,18,0.2222222222222222
M0463,Neutral,Neutral,14,18,0.7777777777777778
M0463,Neutral,Appreciation,0,18,0.0
M0463,Appreciation,Aversion,0,0,
M0463,Appreciation,Neutral,0,0,
M0463,Appreciation,Appreciation,0,0,
M0464,Aversion,Aversion,7,9,0.7777777777777778
M0464,Aversion,Neutral,2,9,0.2222222222222222
M0464,Aversion,Appreciation,0,9,0.0
M0464,Neutral,Aversion,2,8,0.25
M0464,Neutral,Neutral,5,8,0.625
M0464,Neutral,Appreciation,1,8,0.125
M0464,Appreciation,Aversion,0,8,0.0
M0464,Appreciation,Neutral,0,8,0.0
M0464,Appreciation,Appreciation,8,8,1.0
M0465,Aversion,Aversion,6,11,0.5454545454545454
M0465,Aversion,Neutral,5,11,0.45454545454545453
M0465,Aversion,Appreciation,0,11,0.0
M0465,Neutral,Aversion,6,14,0.42857142857142855
M0465,Neutral,Neutral,8,14,0.5714285714285714
M0465,Neutral,Appreciation,0,14,0.0
M0465,Appreciation,Aversion,0,0,
M0465,Appreciation,Neutral,0,0,
M0465,Appreciation,Appreciation,0,0,
M0466,Aversion,Aversion,0,0,
M0466,Aversion,Neutral,0,0,
M0466,Aversion,Appreciation,0,0,
M0466,Neutral,Aversion,1,11,0.09090909090909091
M0466,Neutral,Neutral,9,11,0.8181818181818182
M0466,Neutral,Appreciation,1,11,0.09090909090909091
M0466,Appreciation,Aversion,0,14,0.0
M0466,Appreciation,Neutral,1,14,0.07142857142857142
M0466,Appreciation,Appreciation,13,14,0.9285714285714286
M0467,Aversion,Aversion,5,8,0.625
M0467,Aversion,Neutral,3,8,0.375
M0467,Aversion,Appreciation,0,8,0.0
M0467,Neutral,Aversion,3,10,0.3
M0467,Neutral,Neutral,5,10,0.5
M0467,Neutral,Appreciation,2,10,0.2
M0467,Appreciation,Aversion,0,7,0.0
M0467,Appreciation,Neutral,1,7,0.14285714285714285
M0467,Appreciation,Appreciation,6,7,0.8571428571428571
M0468,Aversion,Aversion,2,5,0.4
M0468,Aversion,Neutral,3,5,0.6
M0468,Aversion,Appreciation,0,5,0.0
M0468,Neutral,Aversion,3,20,0.15
M0468,Neutral,Neutral,17,20,0.85
M0468,Neutral,Appreciation,0,20,0.0
M0468,Appreciation,Aversion,0,0,
M0468,Appreciation,Neutral,0,0,
M0468,Appreciation,Appreciation,0,0,
M0469,Aversion,Aversion,0,1,0.0
M0469,Aversion,Neutral,1,1,1.0
M0469,Aversion,Appreciation,0,1,0.0
M0469,Neutral,Aversion,1,10,0.1
M0469,Neutral,Neutral,7,10,0.7
M0469,Neutral,Appreciation,2,10,0.2
M0469,Appreciation,Aversion,0,14,0.0
M0469,Appreciation,Neutral,2,14,0.14285714285714285
M0469,Appreciation,Appreciation,12,14,0.8571428571428571
M0470,Aversion,Aversion,0,0,
M0470,Aversion,Neutral,0,0,
M0470,Aversion,Appreciation,0,0,
M0470,Neutral,Aversion,0,13,0.0
M0470,Neutral,Neutral,11,13,0.8461538461538461
M0470,Neutral,Appreciation,2,13,0.15384615384615385
M0470,Appreciation,Aversion,0,12,0.0
M0470,Appreciation,Neutral,2,12,0.16666666666666666
M0470,Appreciation,Appreciation,10,12,0.8333333333333334
M0471,Aversion,Aversion,12,16,0.75
M0471,Aversion,Neutral,4,16,0.25
M0471,Aversion,Appreciation,0,16,0.0
M0471,Neutral,Aversion,5,9,0.5555555555555556
M0471,Neutral,Neutral,4,9,0.4444444444444444
M0471,Neutral,Appreciation,0,9,0.0
M0471,Appreciation,Aversion,0,0,
M0471,Appreciation,Neutral,0,0,
M0471,Appreciation,Appreciation,0,0,
M0472,Aversion,Aversion,9,13,0.6923076923076923
M0472,Aversion,Neutral,4,13,0.3076923076923077
M0472,Aversion,Appreciation,0,13,0.0
M0472,Neutral,Aversion,5,12,0.4166666666666667
M0472,Neutral,Neutral,7,12,0.5833333333333334
M0472,Neutral,Appreciation,0,12,0.0
M0472,Appreciation,Aversion,0,0,
M0472,Appreciation,Neutral,0,0,
M0472,Appreciation,Appreciation,0,0,
M0473,Aversion,Aversion,3,6,0.5
M0473,Aversion,Neutral,3,6,0.5
M0473,Aversion,Appreciation,0,6,0.0
M0473,Neutral,Aversion,3,12,0.25
M0473,Neutral,Neutral,8,12,0.6666666666666666
M0473,Neutral,Appreciation,1,12,0.08333333333333333
M0473,Appreciation,Aversion,0,7,0.0
M0473,Appreciation,Neutral,0,7,0.0
M0473,Appreciation,Appreciation,7,7,1.0
M0474,Aversion,Aversion,1,3,0.3333333333333333
M0474,Aversion,Neutral,2,3,0.6666666666666666
M0474,Aversion,Appreciation,0,3,0.0
M0474,Neutral,Aversion,2,14,0.14285714285714285
M0474,Neutral,Neutral,11,14,0.7857142857142857
M0474,Neutral,Appreciation,1,14,0.07142857142857142
M0474,Appreciation,Aversion,0,8,0.0
M0474,Appreciation,Neutral,0,8,0.0
M0474,Appreciation,Appreciation,8,8,1.0
M0475,Aversion,Aversion,6,9,0.6666666666666666
M0475,Aversion,Neutral,3,9,0.3333333333333333
M0475,Aversion,Appreciation,0,9,0.0
M0475,Neutral,Aversion,4,16,0.25
M0475,Neutral,Neutral,12,16,0.75
M0475,Neutral,Appreciation,0,16,0.0
M0475,Appreciation,Aversion,0,0,
M0475,Appreciation,Neutral,0,0,
M0475,Appreciation,Appreciation,0,0,
M0476,Aversion,Aversion,1,2,0.5
M0476,Aversion,Neutral,0,2,0.0
M0476,Aversion,Appreciation,1,2,0.5
M0476,Neutral,Aversion,2,20,0.1
M0476,Neutral,Neutral,18,20,0.9
M0476,Neutral,Appreciation,0,20,0.0
M0476,Appreciation,Aversion,0,3,0.0
M0476,Appreciation,Neutral,1,3,0.3333333333333333
M0476,Appreciation,Appreciation,2,3,0.6666666666666666
M0477,Aversion,Aversion,0,1,0.0
M0477,Aversion,Neutral,1,1,1.0
M0477,Aversion,Appreciation,0,1,0.0
M0477,Neutral,Aversion,1,14,0.07142857142857142
M0477,Neutral,Neutral,12,14,0.8571428571428571
M0477,Neutral,Appreciation,1,14,0.07142857142857142
M0477,Appreciation,Aversion,0,10,0.0
M0477,Appreciation,Neutral,0,10,0.0
M0477,Appreciation,Appreciation,10,10,1.0
M0478,Aversion,Aversion,5,7,0.7142857142857143
M0478,Aversion,Neutral,2,7,0.2857142857142857
M0478,Aversion,Appreciation,0,7,0.0
M0478,Neutral,Aversion,2,6,0.3333333333333333
M0478,Neutral,Neutral,2,6,0.3333333333333333
M0478,Neutral,Appreciation,2,6,0.3333333333333333
M0478,Appreciation,Aversion,0,12,0.0
M0478,Appreciation,Neutral,1,12,0.08333333333333333
M0478,Appreciation,Appreciation,11,12,0.9166666666666666
M0479,Aversion,Aversion,0,1,0.0
M0479,Aversion,Neutral,1,1,1.0
M0479,Aversion,Appreciation,0,1,0.0
M0479,Neutral,Aversion,1,13,0.07692307692307693
M0479,Neutral,Neutral,10,13,0.7692307692307693
M0479,Neutral,Appreciation,2,13,0.15384615384615385
M0479,Appreciation,Aversion,0,11,0.0
M0479,Appreciation,Neutral,1,11,0.09090909090909091
M0479,Appreciation,Appreciation,10,11,0.9090909090909091
M0480,Aversion,Aversion,0,0,
M0480,Aversion,Neutral,0,0,
M0480,Aversion,Appreciation,0,0,
M0480,Neutral,Aversion,0,15,0.0
M0480,Neutral,Neutral,13,15,0.8666666666666667
M0480,Neutral,Appreciation,2,15,0.13333333333333333
M0480,Appreciation,Aversion,0,10,0.0
M0480,Appreciation,Neutral,2,10,0.2
M0480,Appreciation,Appreciation,8,10,0.8
M0481,Aversion,Aversion,1,3,0.3333333333333333
M0481,Aversion,Neutral,2,3,0.6666666666666666
M0481,Aversion,Appreciation,0,3,0.0
M0481,Neutral,Aversion,1,15,0.06666666666666667
M0481,Neutral,Neutral,12,15,0.8
M0481,Neutral,Appreciation,2,15,0.13333333333333333
M0481,Appreciation,Aversion,0,7,0.0
M0481,Appreciation,Neutral,1,7,0.14285714285714285
M0481,Appreciation,Appreciation,6,7,0.8571428571428571
M0482,Aversion,Aversion,0,0,
M0482,Aversion,Neutral,0,0,
M0482,Aversion,Appreciation,0,0,
M0482,Neutral,Aversion,0,11,0.0
M0482,Neutral,Neutral,9,11,0.8181818181818182
M0482,Neutral,Appreciation,2,11,0.18181818181818182
M0482,Appreciation,Aversion,0,14,0.0
M0482,Appreciation,Neutral,1,14,0.07142857142857142
M0482,Appreciation,Appreciation,13,14,0.9285714285714286
M0483,Aversion,Aversion,0,2,0.0
M0483,Aversion,Neutral,1,2,0.5
M0483,Aversion,Appreciation,1,2,0.5
M0483,Neutral,Aversion,2,17,0.11764705882352941
M0483,Neutral,Neutral,14,17,0.8235294117647058
M0483,Neutral,Appreciation,1,17,0.058823529411764705
M0483,Appreciation,Aversion,0,6,0.0
M0483,Appreciation,Neutral,1,6,0.16666666666666666
M0483,Appreciation,Appreciation,5,6,0.8333333333333334
M0484,Aversion,Aversion,11,13,0.8461538461538461
M0484,Aversion,Neutral,2,13,0.15384615384615385
M0484,Aversion,Appreciation,0,13,0.0
M0484,Neutral,Aversion,3,12,0.25
M0484,Neutral,Neutral,9,12,0.75
M0484,Neutral,Appreciation,0,12,0.0
M0484,Appreciation,Aversion,0,0,
M0484,Appreciation,Neutral,0,0,
M0484,Appreciation,Appreciation,0,0,
M0485,Aversion,Aversion,7,10,0.7
M0485,Aversion,Neutral,2,10,0.2
M0485,Aversion,Appreciation,1,10,0.1
M0485,Neutral,Aversion,3,13,0.23076923076923078
M0485,Neutral,Neutral,10,13,0.7692307692307693
M0485,Neutral,Appreciation,0,13,0.0
M0485,Appreciation,Aversion,0,2,0.0
M0485,Appreciation,Neutral,0,2,0.0
M0485,Appreciation,Appreciation,2,2,1.0
M0486,Aversion,Aversion,3,6,0.5
M0486,Aversion,Neutral,3,6,0.5
M0486,Aversion,Appreciation,0,6,0.0
M0486,Neutral,Aversion,3,11,0.2727272727272727
M0486,Neutral,Neutral,7,11,0.6363636363636364
M0486,Neutral,Appreciation,1,11,0.09090909090909091
M0486,Appreciation,Aversion,0,8,0.0
M0486,Appreciation,Neutral,0,8,0.0
M0486,Appreciation,Appreciation,8,8,1.0
M0487,Aversion,Aversion,8,14,0.5714285714285714
M0487,Aversion,Neutral,6,14,0.42857142857142855
M0487,Aversion,Appreciation,0,14,0.0
M0487,Neutral,Aversion,7,11,0.6363636363636364
M0487,Neutral,Neutral,4,11,0.36363636363636365
M0487,Neutral,Appreciation,0,11,0.0
M0487,Appreciation,Aversion,0,0,
M0487,Appreciation,Neutral,0,0,
M0487,Appreciation,Appreciation,0,0,
M0488,Aversion,Aversion,1,2,0.5
M0488,Aversion,Neutral,1,2,0.5
M0488,Aversion,Appreciation,0,2,0.0
M0488,Neutral,Aversion,2,19,0.10526315789473684
M0488,Neutral,Neutral,15,19,0.7894736842105263
M0488,Neutral,Appreciation,2,19,0.10526315789473684
M0488,Appreciation,Aversion,0,4,0.0
M0488,Appreciation,Neutral,2,4,0.5
M0488,Appreciation,Appreciation,2,4,0.5
M0489,Aversion,Aversion,17,19,0.8947368421052632
M0489,Aversion,Neutral,1,19,0.05263157894736842
M0489,Aversion,Appreciation,1,19,0.05263157894736842
M0489,Neutral,Aversion,2,5,0.4
M0489,Neutral,Neutral,3,5,0.6
M0489,Neutral,Appreciation,0,5,0.0
M0489,Appreciation,Aversion,0,1,0.0
M0489,Appreciation,Neutral,0,1,0.0
M0489,Appreciation,Appreciation,1,1,1.0
M0490,Aversion,Aversion,11,16,0.6875
M0490,Aversion,Neutral,5,16,0.3125
M0490,Aversion,Appreciation,0,16,0.0
M0490,Neutral,Aversion,5,9,0.5555555555555556
M0490,Neutral,Neutral,4,9,0.4444444444444444
M0490,Neutral,Appreciation,0,9,0.0
M0490,Appreciation,Aversion,0,0,
M0490,Appreciation,Neutral,0,0,
M0490,Appreciation,Appreciation,0,0,
M0491,Aversion,Aversion,4,7,0.5714285714285714
M0491,Aversion,Neutral,3,7,0.42857142857142855
M0491,Aversion,Appreciation,0,7,0.0
M0491,Neutral,Aversion,4,14,0.2857142857142857
M0491,Neutral,Neutral,9,14,0.6428571428571429
M0491,Neutral,Appreciation,1,14,0.07142857142857142
M0491,Appreciation,Aversion,0,4,0.0
M0491,Appreciation,Neutral,1,4,0.25
M0491,Appreciation,Appreciation,3,4,0.75
M0492,Aversion,Aversion,6,10,0.6
M0492,Aversion,Neutral,3,10,0.3
M0492,Aversion,Appreciation,1,10,0.1
M0492,Neutral,Aversion,4,9,0.4444444444444444
M0492,Neutral,Neutral,4,9,0.4444444444444444
M0492,Neutral,Appreciation,1,9,0.1111111111111111
M0492,Appreciation,Aversion,0,6,0.0
M0492,Appreciation,Neutral,1,6,0.16666666666666666
M0492,Appreciation,Appreciation,5,6,0.8333333333333334
M0493,Aversion,Aversion,3,10,0.3
M0493,Aversion,Neutral,7,10,0.7
M0493,Aversion,Appreciation,0,10,0.0
M0493,Neutral,Aversion,8,15,0.5333333333333333
M0493,Neutral,Neutral,7,15,0.4666666666666667
M0493,Neutral,Appreciation,0,15,0.0
M0493,Appreciation,Aversion,0,0,
M0493,Appreciation,Neutral,0,0,
M0493,Appreciation,Appreciation,0,0,
M0494,Aversion,Aversion,3,6,0.5
M0494,Aversion,Neutral,3,6,0.5
M0494,Aversion,Appreciation,0,6,0.0
M0494,Neutral,Aversion,4,19,0.21052631578947367
M0494,Neutral,Neutral,15,19,0.7894736842105263
M0494,Neutral,Appreciation,0,19,0.0
M0494,Appreciation,Aversion,0,0,
M0494,Appreciation,Neutral,0,0,
M0494,Appreciation,Appreciation,0,0,
M0495,Aversion,Aversion,0,0,
M0495,Aversion,Neutral,0,0,
M0495,Aversion,Appreciation,0,0,
M0495,Neutral,Aversion,0,18,0.0
M0495,Neutral,Neutral,17,18,0.9444444444444444
M0495,Neutral,Appreciation,1,18,0.05555555555555555
M0495,Appreciation,Aversion,0,7,0.0
M0495,Appreciation,Neutral,1,7,0.14285714285714285
M0495,Appreciation,Appreciation,6,7,0.8571428571428571
M0496,Aversion,Aversion,0,0,
M0496,Aversion,Neutral,0,0,
M0496,Aversion,Appreciation,0,0,
M0496,Neutral,Aversion,0,15,0.0
M0496,Neutral,Neutral,13,15,0.8666666666666667
M0496,Neutral,Appreciation,2,15,0.13333333333333333
M0496,Appreciation,Aversion,0,10,0.0
M0496,Appreciation,Neutral,2,10,0.2
M0496,Appreciation,Appreciation,8,10,0.8
M0497,Aversion,Aversion,9,13,0.6923076923076923
M0497,Aversion,Neutral,4,13,0.3076923076923077
M0497,Aversion,Appreciation,0,13,0.0
M0497,Neutral,Aversion,5,12,0.4166666666666667
M0497,Neutral,Neutral,7,12,0.5833333333333334
M0497,Neutral,Appreciation,0,12,0.0
M0497,Appreciation,Aversion,0,0,
M0497,Appreciation,Neutral,0,0,
M0497,Appreciation,Appreciation,0,0,
M0498,Aversion,Aversion,2,3,0.6666666666666666
M0498,Aversion,Neutral,1,3,0.3333333333333333
M0498,Aversion,Appreciation,0,3,0.0
M0498,Neutral,Aversion,1,15,0.06666666666666667
M0498,Neutral,Neutral,13,15,0.8666666666666667
M0498,Neutral,Appreciation,1,15,0.06666666666666667
M0498,Appreciation,Aversion,0,7,0.0
M0498,Appreciation,Neutral,1,7,0.14285714285714285
M0498,Appreciation,Appreciation,6,7,0.8571428571428571
M0499,Aversion,Aversion,3,4,0.75
M0499,Aversion,Neutral,1,4,0.25
M0499,Aversion,Appreciation,0,4,0.0
M0499,Neutral,Aversion,1,6,0.16666666666666666
M0499,Neutral,Neutral,4,6,0.6666666666666666
M0499,Neutral,Appreciation,1,6,0.16666666666666666
M0499,Appreciation,Aversion,0,15,0.0
M0499,Appreciation,Neutral,1,15,0.06666666666666667
M0499,Appreciation,Appreciation,14,15,0.9333333333333333
M0500,Aversion,Aversion,8,10,0.8
M0500,Aversion,Neutral,2,10,0.2
M0500,Aversion,Appreciation,0,10,0.0
M0500,Neutral,Aversion,2,14,0.14285714285714285
M0500,Neutral,Neutral,11,14,0.7857142857142857
M0500,Neutral,Appreciation,1,14,0.07142857142857142
M0500,Appreciation,Aversion,0,1,0.0
M0500,Appreciation,Neutral,0,1,0.0
M0500,Appreciation,Appreciation,1,1,1.0
M0501,Aversion,Aversion,6,10,0.6
M0501,Aversion,Neutral,4,10,0.4
M0501,Aversion,Appreciation,0,10,0.0
M0501,Neutral,Aversion,4,12,0.3333333333333333
M0501,Neutral,Neutral,7,12,0.5833333333333334
M0501,Neutral,Appreciation,1,12,0.08333333333333333
M0501,Appreciation,Aversion,0,3,0.0
M0501,Appreciation,Neutral,1,3,0.3333333333333333
M0501,Appreciation,Appreciation,2,3,0.6666666666666666
M0502,Aversion,Aversion,8,11,0.7272727272727273
M0502,Aversion,Neutral,2,11,0.18181818181818182
M0502,Aversion,Appreciation,1,11,0.09090909090909091
M0502,Neutral,Aversion,3,7,0.42857142857142855
M0502,Neutral,Neutral,4,7,0.5714285714285714
M0502,Neutral,Appreciation,0,7,0.0
M0502,Appreciation,Aversion,0,7,0.0
M0502,Appreciation,Neutral,0,7,0.0
M0502,Appreciation,Appreciation,7,7,1.0
M0503,Aversion,Aversion,15,17,0.8823529411764706
M0503,Aversion,Neutral,2,17,0.11764705882352941
M0503,Aversion,Appreciation,0,17,0.0
M0503,Neutral,Aversion,3,8,0.375
M0503,Neutral,Neutral,5,8,0.625
M0503,Neutral,Appreciation,0,8,0.0
M0503,Appreciation,Aversion,0,0,
M0503,Appreciation,Neutral,0,0,
M0503,Appreciation,Appreciation,0,0,
M0504,Aversion,Aversion,6,8,0.75
M0504,Aversion,Neutral,1,8,0.125
M0504,Aversion,Appreciation,1,8,0.125
M0504,Neutral,Aversion,3,14,0.21428571428571427
M0504,Neutral,Neutral,11,14,0.7857142857142857
M0504,Neutral,Appreciation,0,14,0.0
M0504,Appreciation,Aversion,0,3,0.0
M0504,Appreciation,Neutral,1,3,0.3333333333333333
M0504,Appreciation,Appreciation,2,3,0.6666666666666666
M0505,Aversion,Aversion,3,5,0.6
M0505,Aversion,Neutral,2,5,0.4
M0505,Aversion,Appreciation,0,5,0.0
M0505,Neutral,Aversion,2,12,0.16666666666666666
M0505,Neutral,Neutral,9,12,0.75
M0505,Neutral,Appreciation,1,12,0.08333333333333333
M0505,Appreciation,Aversion,0,8,0.0
M0505,Appreciation,Neutral,0,8,0.0
M0505,Appreciation,Appreciation,8,8,1.0
M0506,Aversion,Aversion,13,18,0.7222222222222222
M0506,Aversion,Neutral,5,18,0.2777777777777778
M0506,Aversion,Appreciation,0,18,0.0
M0506,Neutral,Aversion,6,7,0.8571428571428571
M0506,Neutral,Neutral,1,7,0.14285714285714285
M0506,Neutral,Appreciation,0,7,0.0
M0506,Appreciation,Aversion,0,0,
M0506,Appreciation,Neutral,0,0,
M0506,Appreciation,Appreciation,0,0,
M0507,Aversion,Aversion,2,3,0.6666666666666666
M0507,Aversion,Neutral,1,3,0.3333333333333333
M0507,Aversion,Appreciation,0,3,0.0
M0507,Neutral,Aversion,1,18,0.05555555555555555
M0507,Neutral,Neutral,15,18,0.8333333333333334
M0507,Neutral,Appreciation,2,18,0.1111111111111111
M0507,Appreciation,Aversion,0,4,0.0
M0507,Appreciation,Neutral,1,4,0.25
M0507,Appreciation,Appreciation,3,4,0.75
M0508,Aversion,Aversion,0,2,0.0
M0508,Aversion,Neutral,2,2,1.0
M0508,Aversion,Appreciation,0,2,0.0
M0508,Neutral,Aversion,2,21,0.09523809523809523
M0508,Neutral,Neutral,17,21,0.8095238095238095
M0508,Neutral,Appreciation,2,21,0.09523809523809523
M0508,Appreciation,Aversion,0,2,0.0
M0508,Appreciation,Neutral,2,2,1.0
M0508,Appreciation,Appreciation,0,2,0.0
M0509,Aversion,Aversion,9,12,0.75
M0509,Aversion,Neutral,3,12,0.25
M0509,Aversion,Appreciation,0,12,0.0
M0509,Neutral,Aversion,3,6,0.5
M0509,Neutral,Neutral,2,6,0.3333333333333333
M0509,Neutral,Appreciation,1,6,0.16666666666666666
M0509,Appreciation,Aversion,0,7,0.0
M0509,Appreciation,Neutral,1,7,0.14285714285714285
M0509,Appreciation,Appreciation,6,7,0.8571428571428571
M0510,Aversion,Aversion,13,17,0.7647058823529411
M0510,Aversion,Neutral,4,17,0.23529411764705882
M0510,Aversion,Appreciation,0,17,0.0
M0510,Neutral,Aversion,4,7,0.5714285714285714
M0510,Neutral,Neutral,2,7,0.2857142857142857
M0510,Neutral,Appreciation,1,7,0.14285714285714285
M0510,Appreciation,Aversion,0,1,0.0
M0510,Appreciation,Neutral,0,1,0.0
M0510,Appreciation,Appreciation,1,1,1.0
M0511,Aversion,Aversion,1,3,0.3333333333333333
M0511,Aversion,Neutral,2,3,0.6666666666666666
M0511,Aversion,Appreciation,0,3,0.0
M0511,Neutral,Aversion,2,11,0.18181818181818182
M0511,Neutral,Neutral,8,11,0.7272727272727273
M0511,Neutral,Appreciation,1,11,0.09090909090909091
M0511,Appreciation,Aversion,0,11,0.0
M0511,Appreciation,Neutral,1,11,0.09090909090909091
M0511,Appreciation,Appreciation,10,11,0.9090909090909091
M0512,Aversion,Aversion,5,7,0.7142857142857143
M0512,Aversion,Neutral,2,7,0.2857142857142857
M0512,Aversion,Appreciation,0,7,0.0
M0512,Neutral,Aversion,2,15,0.13333333333333333
M0512,Neutral,Neutral,12,15,0.8
M0512,Neutral,Appreciation,1,15,0.06666666666666667
M0512,Appreciation,Aversion,0,3,0.0
M0512,Appreciation,Neutral,1,3,0.3333333333333333
M0512,Appreciation,Appreciation,2,3,0.6666666666666666
M0513,Aversion,Aversion,1,3,0.3333333333333333
M0513,Aversion,Neutral,2,3,0.6666666666666666
M0513,Aversion,Appreciation,0,3,0.0
M0513,Neutral,Aversion,2,11,0.18181818181818182
M0513,Neutral,Neutral,8,11,0.7272727272727273
M0513,Neutral,Appreciation,1,11,0.09090909090909091
M0513,Appreciation,Aversion,0,11,0.0
M0513,Appreciation,Neutral,0,11,0.0
M0513,Appreciation,Appreciation,11,11,1.0
M0514,Aversion,Aversion,13,15,0.8666666666666667
M0514,Aversion,Neutral,2,15,0.13333333333333333
M0514,Aversion,Appreciation,0,15,0.0
M0514,Neutral,Aversion,3,10,0.3
M0514,Neutral,Neutral,7,10,0.7
M0514,Neutral,Appreciation,0,10,0.0
M0514,Appreciation,Aversion,0,0,
M0514,Appreciation,Neutral,0,0,
M0514,Appreciation,Appreciation,0,0,
M0515,Aversion,Aversion,4,8,0.5
M0515,Aversion,Neutral,4,8,0.5
M0515,Aversion,Appreciation,0,8,0.0
M0515,Neutral,Aversion,4,17,0.23529411764705882
M0515,Neutral,Neutral,13,17,0.7647058823529411
M0515,Neutral,Appreciation,0,17,0.0
M0515,Appreciation,Aversion,0,0,
M0515,Appreciation,Neutral,0,0,
M0515,Appreciation,Appreciation,0,0,
M0516,Aversion,Aversion,3,6,0.5
M0516,Aversion,Neutral,3,6,0.5
M0516,Aversion,Appreciation,0,6,0.0
M0516,Neutral,Aversion,4,15,0.26666666666666666
M0516,Neutral,Neutral,10,15,0.6666666666666666
M0516,Neutral,Appreciation,1,15,0.06666666666666667
M0516,Appreciation,Aversion,0,4,0.0
M0516,Appreciation,Neutral,1,4,0.25
M0516,Appreciation,Appreciation,3,4,0.75
M0517,Aversion,Aversion,16,18,0.8888888888888888
M0517,Aversion,Neutral,2,18,0.1111111111111111
M0517,Aversion,Appreciation,0,18,0.0
M0517,Neutral,Aversion,2,7,0.2857142857142857
M0517,Neutral,Neutral,4,7,0.5714285714285714
M0517,Neutral,Appreciation,1,7,0.14285714285714285
M0517,Appreciation,Aversion,0,0,
M0517,Appreciation,Neutral,0,0,
M0517,Appreciation,Appreciation,0,0,
M0518,Aversion,Aversion,1,4,0.25
M0518,Aversion,Neutral,3,4,0.75
M0518,Aversion,Appreciation,0,4,0.0
M0518,Neutral,Aversion,3,20,0.15
M0518,Neutral,Neutral,16,20,0.8
M0518,Neutral,Appreciation,1,20,0.05
M0518,Appreciation,Aversion,0,1,0.0
M0518,Appreciation,Neutral,0,1,0.0
M0518,Appreciation,Appreciation,1,1,1.0
M0519,Aversion,Aversion,3,9,0.3333333333333333
M0519,Aversion,Neutral,6,9,0.6666666666666666
M0519,Aversion,Appreciation,0,9,0.0
M0519,Neutral,Aversion,6,16,0.375
M0519,Neutral,Neutral,10,16,0.625
M0519,Neutral,Appreciation,0,16,0.0
M0519,Appreciation,Aversion,0,0,
M0519,Appreciation,Neutral,0,0,
M0519,Appreciation,Appreciation,0,0,
M0520,Aversion,Aversion,13,17,0.7647058823529411
M0520,Aversion,Neutral,4,17,0.23529411764705882
M0520,Aversion,Appreciation,0,17,0.0
M0520,Neutral,Aversion,5,8,0.625
M0520,Neutral,Neutral,3,8,0.375
M0520,Neutral,Appreciation,0,8,0.0
M0520,Appreciation,Aversion,0,0,
M0520,Appreciation,Neutral,0,0,
M0520,Appreciation,Appreciation,0,0,
M0521,Aversion,Aversion,8,11,0.7272727272727273
M0521,Aversion,Neutral,3,11,0.2727272727272727
M0521,Aversion,Appreciation,0,11,0.0
M0521,Neutral,Aversion,4,13,0.3076923076923077
M0521,Neutral,Neutral,8,13,0.6153846153846154
M0521,Neutral,Appreciation,1,13,0.07692307692307693
M0521,Appreciation,Aversion,0,1,0.0
M0521,Appreciation,Neutral,1,1,1.0
M0521,Appreciation,Appreciation,0,1,0.0
M0522,Aversion,Aversion,4,9,0.4444444444444444
M0522,Aversion,Neutral,5,9,0.5555555555555556
M0522,Aversion,Appreciation,0,9,0.0
M0522,Neutral,Aversion,5,13,0.38461538461538464
M0522,Neutral,Neutral,7,13,0.5384615384615384
M0522,Neutral,Appreciation,1,13,0.07692307692307693
M0522,Appreciation,Aversion,0,3,0.0
M0522,Appreciation,Neutral,0,3,0.0
M0522,Appreciation,Appreciation,3,3,1.0
M0523,Aversion,Aversion,2,4,0.5
M0523,Aversion,Neutral,2,4,0.5
M0523,Aversion,Appreciation,0,4,0.0
M0523,Neutral,Aversion,2,17,0.11764705882352941
M0523,Neutral,Neutral,14,17,0.8235294117647058
M0523,Neutral,Appreciation,1,17,0.058823529411764705
M0523,Appreciation,Aversion,0,4,0.0
M0523,Appreciation,Neutral,0,4,0.0
M0523,Appreciation,Appreciation,4,4,1.0
M0524,Aversion,Aversion,2,4,0.5
M0524,Aversion,Neutral,2,4,0.5
M0524,Aversion,Appreciation,0,4,0.0
M0524,Neutral,Aversion,2,8,0.25
M0524,Neutral,Neutral,5,8,0.625
M0524,Neutral,Appreciation,1,8,0.125
M0524,Appreciation,Aversion,0,13,0.0
M0524,Appreciation,Neutral,0,13,0.0
M0524,Appreciation,Appreciation,13,13,1.0
M0525,Aversion,Aversion,3,5,0.6
M0525,Aversion,Neutral,2,5,0.4
M0525,Aversion,Appreciation,0,5,0.0
M0525,Neutral,Aversion,2,10,0.2
M0525,Neutral,Neutral,7,10,0.7
M0525,Neutral,Appreciation,1,10,0.1
M0525,Appreciation,Aversion,0,10,0.0
M0525,Appreciation,Neutral,0,10,0.0
M0525,Appreciation,Appreciation,10,10,1.0
M0526,Aversion,Aversion,9,11,0.8181818181818182
M0526,Aversion,Neutral,2,11,0.18181818181818182
M0526,Aversion,Appreciation,0,11,0.0
M0526,Neutral,Aversion,2,7,0.2857142857142857
M0526,Neutral,Neutral,4,7,0.5714285714285714
M0526,Neutral,Appreciation,1,7,0.14285714285714285
M0526,Appreciation,Aversion,0,7,0.0
M0526,Appreciation,Neutral,1,7,0.14285714285714285
M0526,Appreciation,Appreciation,6,7,0.8571428571428571
M0527,Aversion,Aversion,4,6,0.6666666666666666
M0527,Aversion,Neutral,2,6,0.3333333333333333
M0527,Aversion,Appreciation,0,6,0.0
M0527,Neutral,Aversion,3,14,0.21428571428571427
M0527,Neutral,Neutral,10,14,0.7142857142857143
M0527,Neutral,Appreciation,1,14,0.07142857142857142
M0527,Appreciation,Aversion,0,5,0.0
M0527,Appreciation,Neutral,1,5,0.2
M0527,Appreciation,Appreciation,4,5,0.8
M0528,Aversion,Aversion,1,3,0.3333333333333333
M0528,Aversion,Neutral,2,3,0.6666666666666666
M0528,Aversion,Appreciation,0,3,0.0
M0528,Neutral,Aversion,2,16,0.125
M0528,Neutral,Neutral,11,16,0.6875
M0528,Neutral,Appreciation,3,16,0.1875
M0528,Appreciation,Aversion,0,6,0.0
M0528,Appreciation,Neutral,2,6,0.3333333333333333
M0528,Appreciation,Appreciation,4,6,0.6666666666666666
M0529,Aversion,Aversion,1,3,0.3333333333333333
M0529,Aversion,Neutral,2,3,0.6666666666666666
M0529,Aversion,Appreciation,0,3,0.0
M0529,Neutral,Aversion,2,13,0.15384615384615385
M0529,Neutral,Neutral,10,13,0.7692307692307693
M0529,Neutral,Appreciation,1,13,0.07692307692307693
M0529,Appreciation,Aversion,0,9,0.0
M0529,Appreciation,Neutral,0,9,0.0
M0529,Appreciation,Appreciation,9,9,1.0
M0530,Aversion,Aversion,10,13,0.7692307692307693
M0530,Aversion,Neutral,3,13,0.23076923076923078
M0530,Aversion,Appreciation,0,13,0.0
M0530,Neutral,Aversion,3,9,0.3333333333333333
M0530,Neutral,Neutral,5,9,0.5555555555555556
M0530,Neutral,Appreciation,1,9,0.1111111111111111
M0530,Appreciation,Aversion,0,3,0.0
M0530,Appreciation,Neutral,1,3,0.3333333333333333
M0530,Appreciation,Appreciation,2,3,0.6666666666666666
M0531,Aversion,Aversion,11,14,0.7857142857142857
M0531,Aversion,Neutral,3,14,0.21428571428571427
M0531,Aversion,Appreciation,0,14,0.0
M0531,Neutral,Aversion,4,11,0.36363636363636365
M0531,Neutral,Neutral,7,11,0.6363636363636364
M0531,Neutral,Appreciation,0,11,0.0
M0531,Appreciation,Aversion,0,0,
M0531,Appreciation,Neutral,0,0,
M0531,Appreciation,Appreciation,0,0,
M0532,Aversion,Aversion,12,15,0.8
M0532,Aversion,Neutral,3,15,0.2
M0532,Aversion,Appreciation,0,15,0.0
M0532,Neutral,Aversion,3,8,0.375
M0532,Neutral,Neutral,4,8,0.5
M0532,Neutral,Appreciation,1,8,0.125
M0532,Appreciation,Aversion,0,2,0.0
M0532,Appreciation,Neutral,0,2,0.0
M0532,Appreciation,Appreciation,2,2,1.0
M0533,Aversion,Aversion,10,14,0.7142857142857143
M0533,Aversion,Neutral,4,14,0.2857142857142857
M0533,Aversion,Appreciation,0,14,0.0
M0533,Neutral,Aversion,5,11,0.45454545454545453
M0533,Neutral,Neutral,6,11,0.5454545454545454
M0533,Neutral,Appreciation,0,11,0.0
M0533,Appreciation,Aversion,0,0,
M0533,Appreciation,Neutral,0,0,
M0533,Appreciation,Appreciation,0,0,
M0534,Aversion,Aversion,11,13,0.8461538461538461
M0534,Aversion,Neutral,2,13,0.15384615384615385
M0534,Aversion,Appreciation,0,13,0.0
M0534,Neutral,Aversion,3,12,0.25
M0534,Neutral,Neutral,9,12,0.75
M0534,Neutral,Appreciation,0,12,0.0
M0534,Appreciation,Aversion,0,0,
M0534,Appreciation,Neutral,0,0,
M0534,Appreciation,Appreciation,0,0,
M0535,Aversion,Aversion,6,9,0.6666666666666666
M0535,Aversion,Neutral,2,9,0.2222222222222222
M0535,Aversion,Appreciation,1,9,0.1111111111111111
M0535,Neutral,Aversion,3,15,0.2
M0535,Neutral,Neutral,12,15,0.8
M0535,Neutral,Appreciation,0,15,0.0
M0535,Appreciation,Aversion,0,1,0.0
M0535,Appreciation,Neutral,1,1,1.0
M0535,Appreciation,Appreciation,0,1,0.0
M0536,Aversion,Aversion,6,8,0.75
M0536,Aversion,Neutral,2,8,0.25
M0536,Aversion,Appreciation,0,8,0.0
M0536,Neutral,Aversion,3,17,0.17647058823529413
M0536,Neutral,Neutral,14,17,0.8235294117647058
M0536,Neutral,Appreciation,0,17,0.0
M0536,Appreciation,Aversion,0,0,
M0536,Appreciation,Neutral,0,0,
M0536,Appreciation,Appreciation,0,0,
M0537,Aversion,Aversion,6,9,0.6666666666666666
M0537,Aversion,Neutral,3,9,0.3333333333333333
M0537,Aversion,Appreciation,0,9,0.0
M0537,Neutral,Aversion,4,16,0.25
M0537,Neutral,Neutral,12,16,0.75
M0537,Neutral,Appreciation,0,16,0.0
M0537,Appreciation,Aversion,0,0,
M0537,Appreciation,Neutral,0,0,
M0537,Appreciation,Appreciation,0,0,
M0538,Aversion,Aversion,8,11,0.7272727272727273
M0538,Aversion,Neutral,3,11,0.2727272727272727
M0538,Aversion,Appreciation,0,11,0.0
M0538,Neutral,Aversion,3,9,0.3333333333333333
M0538,Neutral,Neutral,5,9,0.5555555555555556
M0538,Neutral,Appreciation,1,9,0.1111111111111111
M0538,Appreciation,Aversion,0,5,0.0
M0538,Appreciation,Neutral,0,5,0.0
M0538,Appreciation,Appreciation,5,5,1.0
M0539,Aversion,Aversion,0,0,
M0539,Aversion,Neutral,0,0,
M0539,Aversion,Appreciation,0,0,
M0539,Neutral,Aversion,0,12,0.0
M0539,Neutral,Neutral,10,12,0.8333333333333334
M0539,Neutral,Appreciation,2,12,0.16666666666666666
M0539,Appreciation,Aversion,0,13,0.0
M0539,Appreciation,Neutral,1,13,0.07692307692307693
M0539,Appreciation,Appreciation,12,13,0.9230769230769231
M0540,Aversion,Aversion,7,10,0.7
M0540,Aversion,Neutral,3,10,0.3
M0540,Aversion,Appreciation,0,10,0.0
M0540,Neutral,Aversion,3,15,0.2
M0540,Neutral,Neutral,12,15,0.8
M0540,Neutral,Appreciation,0,15,0.0
M0540,Appreciation,Aversion,0,0,
M0540,Appreciation,Neutral,0,0,
M0540,Appreciation,Appreciation,0,0,
M0541,Aversion,Aversion,14,19,0.7368421052631579
M0541,Aversion,Neutral,5,19,0.2631578947368421
M0541,Aversion,Appreciation,0,19,0.0
M0541,Neutral,Aversion,6,6,1.0
M0541,Neutral,Neutral,0,6,0.0
M0541,Neutral,Appreciation,0,6,0.0
M0541,Appreciation,Aversion,0,0,
M0541,Appreciation,Neutral,0,0,
M0541,Appreciation,Appreciation,0,0,
M0542,Aversion,Aversion,7,10,0.7
M0542,Aversion,Neutral,3,10,0.3
M0542,Aversion,Appreciation,0,10,0.0
M0542,Neutral,Aversion,4,15,0.26666666666666666
M0542,Neutral,Neutral,11,15,0.7333333333333333
M0542,Neutral,Appreciation,0,15,0.0
M0542,Appreciation,Aversion,0,0,
M0542,Appreciation,Neutral,0,0,
M0542,Appreciation,Appreciation,0,0,
M0543,Aversion,Aversion,5,8,0.625
M0543,Aversion,Neutral,3,8,0.375
M0543,Aversion,Appreciation,0,8,0.0
M0543,Neutral,Aversion,3,15,0.2
M0543,Neutral,Neutral,11,15,0.7333333333333333
M0543,Neutral,Appreciation,1,15,0.06666666666666667
M0543,Appreciation,Aversion,0,2,0.0
M0543,Appreciation,Neutral,0,2,0.0
M0543,Appreciation,Appreciation,2,2,1.0
M0544,Aversion,Aversion,10,13,0.7692307692307693
M0544,Aversion,Neutral,3,13,0.23076923076923078
M0544,Aversion,Appreciation,0,13,0.0
M0544,Neutral,Aversion,3,7,0.42857142857142855
M0544,Neutral,Neutral,3,7,0.42857142857142855
M0544,Neutral,Appreciation,1,7,0.14285714285714285
M0544,Appreciation,Aversion,0,5,0.0
M0544,Appreciation,Neutral,0,5,0.0
M0544,Appreciation,Appreciation,5,5,1.0
M0545,Aversion,Aversion,4,8,0.5
M0545,Aversion,Neutral,4,8,0.5
M0545,Aversion,Appreciation,0,8,0.0
M0545,Neutral,Aversion,5,16,0.3125
M0545,Neutral,Neutral,10,16,0.625
M0545,Neutral,Appreciation,1,16,0.0625
M0545,Appreciation,Aversion,0,1,0.0
M0545,Appreciation,Neutral,1,1,1.0
M0545,Appreciation,Appreciation,0,1,0.0
M0546,Aversion,Aversion,2,4,0.5
M0546,Aversion,Neutral,2,4,0.5
M0546,Aversion,Appreciation,0,4,0.0
M0546,Neutral,Aversion,2,10,0.2
M0546,Neutral,Neutral,7,10,0.7
M0546,Neutral,Appreciation,1,10,0.1
M0546,Appreciation,Aversion,0,11,0.0
M0546,Appreciation,Neutral,0,11,0.0
M0546,Appreciation,Appreciation,11,11,1.0
M0547,Aversion,Aversion,4,5,0.8
M0547,Aversion,Neutral,1,5,0.2
M0547,Aversion,Appreciation,0,5,0.0
M0547,Neutral,Aversion,2,20,0.1
M0547,Neutral,Neutral,18,20,0.9
M0547,Neutral,Appreciation,0,20,0.0
M0547,Appreciation,Aversion,0,0,
M0547,Appreciation,Neutral,0,0,
M0547,Appreciation,Appreciation,0,0,
M0548,Aversion,Aversion,7,10,0.7
M0548,Aversion,Neutral,3,10,0.3
M0548,Aversion,Appreciation,0,10,0.0
M0548,Neutral,Aversion,3,15,0.2
M0548,Neutral,Neutral,12,15,0.8
M0548,Neutral,Appreciation,0,15,0.0
M0548,Appreciation,Aversion,0,0,
M0548,Appreciation,Neutral,0,0,
M0548,Appreciation,Appreciation,0,0,
M0549,Aversion,Aversion,0,1,0.0
M0549,Aversion,Neutral,1,1,1.0
M0549,Aversion,Appreciation,0,1,0.0
M0549,Neutral,Aversion,1,14,0.07142857142857142
M0549,Neutral,Neutral,11,14,0.7857142857142857
M0549,Neutral,Appreciation,2,14,0.14285714285714285
M0549,Appreciation,Aversion,0,10,0.0
M0549,Appreciation,Neutral,1,10,0.1
M0549,Appreciation,Appreciation,9,10,0.9
M0550,Aversion,Aversion,9,13,0.6923076923076923
M0550,Aversion,Neutral,4,13,0.3076923076923077
M0550,Aversion,Appreciation,0,13,0.0
M0550,Neutral,Aversion,5,12,0.4166666666666667
M0550,Neutral,Neutral,7,12,0.5833333333333334
M0550,Neutral,Appreciation,0,12,0.0
M0550,Appreciation,Aversion,0,0,
M0550,Appreciation,Neutral,0,0,
M0550,Appreciation,Appreciation,0,0,
M0551,Aversion,Aversion,0,0,
M0551,Aversion,Neutral,0,0,
M0551,Aversion,Appreciation,0,0,
M0551,Neutral,Aversion,0,18,0.0
M0551,Neutral,Neutral,16,18,0.8888888888888888
M0551,Neutral,Appreciation,2,18,0.1111111111111111
M0551,Appreciation,Aversion,0,7,0.0
M0551,Appreciation,Neutral,1,7,0.14285714285714285
M0551,Appreciation,Appreciation,6,7,0.8571428571428571
M0552,Aversion,Aversion,10,15,0.6666666666666666
M0552,Aversion,Neutral,5,15,0.3333333333333333
M0552,Aversion,Appreciation,0,15,0.0
M0552,Neutral,Aversion,5,10,0.5
M0552,Neutral,Neutral,5,10,0.5
M0552,Neutral,Appreciation,0,10,0.0
M0552,Appreciation,Aversion,0,0,
M0552,Appreciation,Neutral,0,0,
M0552,Appreciation,Appreciation,0,0,
M0553,Aversion,Aversion,10,12,0.8333333333333334
M0553,Aversion,Neutral,2,12,0.16666666666666666
M0553,Aversion,Appreciation,0,12,0.0
M0553,Neutral,Aversion,2,12,0.16666666666666666
M0553,Neutral,Neutral,9,12,0.75
M0553,Neutral,Appreciation,1,12,0.08333333333333333
M0553,Appreciation,Aversion,0,1,0.0
M0553,Appreciation,Neutral,0,1,0.0
M0553,Appreciation,Appreciation,1,1,1.0
M0554,Aversion,Aversion,0,0,
M0554,Aversion,Neutral,0,0,
M0554,Aversion,Appreciation,0,0,
M0554,Neutral,Aversion,0,15,0.0
M0554,Neutral,Neutral,14,15,0.9333333333333333
M0554,Neutral,Appreciation,1,15,0.06666666666666667
M0554,Appreciation,Aversion,0,10,0.0
M0554,Appreciation,Neutral,1,10,0.1
M0554,Appreciation,Appreciation,9,10,0.9
M0555,Aversion,Aversion,6,8,0.75
M0555,Aversion,Neutral,2,8,0.25
M0555,Aversion,Appreciation,0,8,0.0
M0555,Neutral,Aversion,3,11,0.2727272727272727
M0555,Neutral,Neutral,7,11,0.6363636363636364
M0555,Neutral,Appreciation,1,11,0.09090909090909091
M0555,Appreciation,Aversion,0,6,0.0
M0555,Appreciation,Neutral,1,6,0.16666666666666666
M0555,Appreciation,Appreciation,5,6,0.8333333333333334
M0556,Aversion,Aversion,5,6,0.8333333333333334
M0556,Aversion,Neutral,1,6,0.16666666666666666
M0556,Aversion,Appreciation,0,6,0.0
M0556,Neutral,Aversion,1,12,0.08333333333333333
M0556,Neutral,Neutral,10,12,0.8333333333333334
M0556,Neutral,Appreciation,1,12,0.08333333333333333
M0556,Appreciation,Aversion,0,7,0.0
M0556,Appreciation,Neutral,0,7,0.0
M0556,Appreciation,Appreciation,7,7,1.0
M0557,Aversion,Aversion,4,5,0.8
M0557,Aversion,Neutral,1,5,0.2
M0557,Aversion,Appreciation,0,5,0.0
M0557,Neutral,Aversion,2,15,0.13333333333333333
M0557,Neutral,Neutral,12,15,0.8
M0557,Neutral,Appreciation,1,15,0.06666666666666667
M0557,Appreciation,Aversion,0,5,0.0
M0557,Appreciation,Neutral,1,5,0.2
M0557,Appreciation,Appreciation,4,5,0.8
M0558,Aversion,Aversion,5,8,0.625
M0558,Aversion,Neutral,3,8,0.375
M0558,Aversion,Appreciation,0,8,0.0
M0558,Neutral,Aversion,3,14,0.21428571428571427
M0558,Neutral,Neutral,10,14,0.7142857142857143
M0558,Neutral,Appreciation,1,14,0.07142857142857142
M0558,Appreciation,Aversion,0,3,0.0
M0558,Appreciation,Neutral,0,3,0.0
M0558,Appreciation,Appreciation,3,3,1.0
M0559,Aversion,Aversion,12,13,0.9230769230769231
M0559,Aversion,Neutral,0,13,0.0
M0559,Aversion,Appreciation,1,13,0.07692307692307693
M0559,Neutral,Aversion,1,6,0.16666666666666666
M0559,Neutral,Neutral,5,6,0.8333333333333334
M0559,Neutral,Appreciation,0,6,0.0
M0559,Appreciation,Aversion,0,6,0.0
M0559,Appreciation,Neutral,0,6,0.0
M0559,Appreciation,Appreciation,6,6,1.0
M0560,Aversion,Aversion,2,3,0.6666666666666666
M0560,Aversion,Neutral,1,3,0.3333333333333333
M0560,Aversion,Appreciation,0,3,0.0
M0560,Neutral,Aversion,1,18,0.05555555555555555
M0560,Neutral,Neutral,15,18,0.8333333333333334
M0560,Neutral,Appreciation,2,18,0.1111111111111111
M0560,Appreciation,Aversion,0,4,0.0
M0560,Appreciation,Neutral,1,4,0.25
M0560,Appreciation,Appreciation,3,4,0.75
M0561,Aversion,Aversion,5,6,0.8333333333333334
M0561,Aversion,Neutral,1,6,0.16666666666666666
M0561,Aversion,Appreciation,0,6,0.0
M0561,Neutral,Aversion,1,17,0.058823529411764705
M0561,Neutral,Neutral,15,17,0.8823529411764706
M0561,Neutral,Appreciation,1,17,0.058823529411764705
M0561,Appreciation,Aversion,0,2,0.0
M0561,Appreciation,Neutral,1,2,0.5
M0561,Appreciation,Appreciation,1,2,0.5
M0562,Aversion,Aversion,5,10,0.5
M0562,Aversion,Neutral,5,10,0.5
M0562,Aversion,Appreciation,0,10,0.0
M0562,Neutral,Aversion,5,10,0.5
M0562,Neutral,Neutral,4,10,0.4
M0562,Neutral,Appreciation,1,10,0.1
M0562,Appreciation,Aversion,0,5,0.0
M0562,Appreciation,Neutral,1,5,0.2
M0562,Appreciation,Appreciation,4,5,0.8
M0563,Aversion,Aversion,14,17,0.8235294117647058
M0563,Aversion,Neutral,3,17,0.17647058823529413
M0563,Aversion,Appreciation,0,17,0.0
M0563,Neutral,Aversion,3,4,0.75
M0563,Neutral,Neutral,0,4,0.0
M0563,Neutral,Appreciation,1,4,0.25
M0563,Appreciation,Aversion,0,4,0.0
M0563,Appreciation,Neutral,0,4,0.0
M0563,Appreciation,Appreciation,4,4,1.0
M0564,Aversion,Aversion,4,8,0.5
M0564,Aversion,Neutral,3,8,0.375
M0564,Aversion,Appreciation,1,8,0.125
M0564,Neutral,Aversion,4,16,0.25
M0564,Neutral,Neutral,12,16,0.75
M0564,Neutral,Appreciation,0,16,0.0
M0564,Appreciation,Aversion,0,1,0.0
M0564,Appreciation,Neutral,1,1,1.0
M0564,Appreciation,Appreciation,0,1,0.0
M0565,Aversion,Aversion,5,7,0.7142857142857143
M0565,Aversion,Neutral,2,7,0.2857142857142857
M0565,Aversion,Appreciation,0,7,0.0
M0565,Neutral,Aversion,2,7,0.2857142857142857
M0565,Neutral,Neutral,4,7,0.5714285714285714
M0565,Neutral,Appreciation,1,7,0.14285714285714285
M0565,Appreciation,Aversion,0,11,0.0
M0565,Appreciation,Neutral,0,11,0.0
M0565,Appreciation,Appreciation,11,11,1.0
M0566,Aversion,Aversion,11,13,0.8461538461538461
M0566,Aversion,Neutral,2,13,0.15384615384615385
M0566,Aversion,Appreciation,0,13,0.0
M0566,Neutral,Aversion,2,7,0.2857142857142857
M0566,Neutral,Neutral,4,7,0.5714285714285714
M0566,Neutral,Appreciation,1,7,0.14285714285714285
M0566,Appreciation,Aversion,0,5,0.0
M0566,Appreciation,Neutral,0,5,0.0
M0566,Appreciation,Appreciation,5,5,1.0
M0567,Aversion,Aversion,13,16,0.8125
M0567,Aversion,Neutral,3,16,0.1875
M0567,Aversion,Appreciation,0,16,0.0
M0567,Neutral,Aversion,4,9,0.4444444444444444
M0567,Neutral,Neutral,5,9,0.5555555555555556
M0567,Neutral,Appreciation,0,9,0.0
M0567,Appreciation,Aversion,0,0,
M0567,Appreciation,Neutral,0,0,
M0567,Appreciation,Appreciation,0,0,
M0568,Aversion,Aversion,6,10,0.6
M0568,Aversion,Neutral,4,10,0.4
M0568,Aversion,Appreciation,0,10,0.0
M0568,Neutral,Aversion,5,11,0.45454545454545453
M0568,Neutral,Neutral,5,11,0.45454545454545453
M0568,Neutral,Appreciation,1,11,0.09090909090909091
M0568,Appreciation,Aversion,0,4,0.0
M0568,Appreciation,Neutral,1,4,0.25
M0568,Appreciation,Appreciation,3,4,0.75
M0569,Aversion,Aversion,0,1,0.0
M0569,Aversion,Neutral,1,1,1.0
M0569,Aversion,Appreciation,0,1,0.0
M0569,Neutral,Aversion,1,21,0.047619047619047616
M0569,Neutral,Neutral,18,21,0.8571428571428571
M0569,Neutral,Appreciation,2,21,0.09523809523809523
M0569,Appreciation,Aversion,0,3,0.0
M0569,Appreciation,Neutral,1,3,0.3333333333333333
M0569,Appreciation,Appreciation,2,3,0.6666666666666666
M0570,Aversion,Aversion,2,3,0.6666666666666666
M0570,Aversion,Neutral,1,3,0.3333333333333333
M0570,Aversion,Appreciation,0,3,0.0
M0570,Neutral,Aversion,2,22,0.09090909090909091
M0570,Neutral,Neutral,20,22,0.9090909090909091
M0570,Neutral,Appreciation,0,22,0.0
M0570,Appreciation,Aversion,0,0,
M0570,Appreciation,Neutral,0,0,
M0570,Appreciation,Appreciation,0,0,
M0571,Aversion,Aversion,4,8,0.5
M0571,Aversion,Neutral,4,8,0.5
M0571,Aversion,Appreciation,0,8,0.0
M0571,Neutral,Aversion,4,8,0.5
M0571,Neutral,Neutral,3,8,0.375
M0571,Neutral,Appreciation,1,8,0.125
M0571,Appreciation,Aversion,0,9,0.0
M0571,Appreciation,Neutral,0,9,0.0
M0571,Appreciation,Appreciation,9,9,1.0
M0572,Aversion,Aversion,11,13,0.8461538461538461
M0572,Aversion,Neutral,2,13,0.15384615384615385
M0572,Aversion,Appreciation,0,13,0.0
M0572,Neutral,Aversion,3,12,0.25
M0572,Neutral,Neutral,9,12,0.75
M0572,Neutral,Appreciation,0,12,0.0
M0572,Appreciation,Aversion,0,0,
M0572,Appreciation,Neutral,0,0,
M0572,Appreciation,Appreciation,0,0,
M0573,Aversion,Aversion,7,14,0.5
M0573,Aversion,Neutral,7,14,0.5
M0573,Aversion,Appreciation,0,14,0.0
M0573,Neutral,Aversion,7,11,0.6363636363636364
M0573,Neutral,Neutral,4,11,0.36363636363636365
M0573,Neutral,Appreciation,0,11,0.0
M0573,Appreciation,Aversion,0,0,
M0573,Appreciation,Neutral,0,0,
M0573,Appreciation,Appreciation,0,0,
M0574,Aversion,Aversion,10,15,0.6666666666666666
M0574,Aversion,Neutral,5,15,0.3333333333333333
M0574,Aversion,Appreciation,0,15,0.0
M0574,Neutral,Aversion,6,10,0.6
M0574,Neutral,Neutral,4,10,0.4
M0574,Neutral,Appreciation,0,10,0.0
M0574,Appreciation,Aversion,0,0,
M0574,Appreciation,Neutral,0,0,
M0574,Appreciation,Appreciation,0,0,
M0575,Aversion,Aversion,10,13,0.7692307692307693
M0575,Aversion,Neutral,3,13,0.23076923076923078
M0575,Aversion,Appreciation,0,13,0.0
M0575,Neutral,Aversion,4,12,0.3333333333333333
M0575,Neutral,Neutral,8,12,0.6666666666666666
M0575,Neutral,Appreciation,0,12,0.0
M0575,Appreciation,Aversion,0,0,
M0575,Appreciation,Neutral,0,0,
M0575,Appreciation,Appreciation,0,0,
M0576,Aversion,Aversion,17,20,0.85
M0576,Aversion,Neutral,3,20,0.15
M0576,Aversion,Appreciation,0,20,0.0
M0576,Neutral,Aversion,4,5,0.8
M0576,Neutral,Neutral,1,5,0.2
M0576,Neutral,Appreciation,0,5,0.0
M0576,Appreciation,Aversion,0,0,
M0576,Appreciation,Neutral,0,0,
M0576,Appreciation,Appreciation,0,0,
M0577,Aversion,Aversion,4,7,0.5714285714285714
M0577,Aversion,Neutral,3,7,0.42857142857142855
M0577,Aversion,Appreciation,0,7,0.0
M0577,Neutral,Aversion,3,18,0.16666666666666666
M0577,Neutral,Neutral,15,18,0.8333333333333334
M0577,Neutral,Appreciation,0,18,0.0
M0577,Appreciation,Aversion,0,0,
M0577,Appreciation,Neutral,0,0,
M0577,Appreciation,Appreciation,0,0,
M0578,Aversion,Aversion,5,8,0.625
M0578,Aversion,Neutral,3,8,0.375
M0578,Aversion,Appreciation,0,8,0.0
M0578,Neutral,Aversion,3,16,0.1875
M0578,Neutral,Neutral,12,16,0.75
M0578,Neutral,Appreciation,1,16,0.0625
M0578,Appreciation,Aversion,0,1,0.0
M0578,Appreciation,Neutral,1,1,1.0
M0578,Appreciation,Appreciation,0,1,0.0
M0579,Aversion,Aversion,10,14,0.7142857142857143
M0579,Aversion,Neutral,4,14,0.2857142857142857
M0579,Aversion,Appreciation,0,14,0.0
M0579,Neutral,Aversion,5,11,0.45454545454545453
M0579,Neutral,Neutral,6,11,0.5454545454545454
M0579,Neutral,Appreciation,0,11,0.0
M0579,Appreciation,Aversion,0,0,
M0579,Appreciation,Neutral,0,0,
M0579,Appreciation,Appreciation,0,0,
M0580,Aversion,Aversion,14,18,0.7777777777777778
M0580,Aversion,Neutral,3,18,0.16666666666666666
M0580,Aversion,Appreciation,1,18,0.05555555555555555
M0580,Neutral,Aversion,4,6,0.6666666666666666
M0580,Neutral,Neutral,2,6,0.3333333333333333
M0580,Neutral,Appreciation,0,6,0.0
M0580,Appreciation,Aversion,0,1,0.0
M0580,Appreciation,Neutral,0,1,0.0
M0580,Appreciation,Appreciation,1,1,1.0
M0581,Aversion,Aversion,10,13,0.7692307692307693
M0581,Aversion,Neutral,3,13,0.23076923076923078
M0581,Aversion,Appreciation,0,13,0.0
M0581,Neutral,Aversion,3,9,0.3333333333333333
M0581,Neutral,Neutral,5,9,0.5555555555555556
M0581,Neutral,Appreciation,1,9,0.1111111111111111
M0581,Appreciation,Aversion,0,3,0.0
M0581,Appreciation,Neutral,0,3,0.0
M0581,Appreciation,Appreciation,3,3,1.0
M0582,Aversion,Aversion,5,11,0.45454545454545453
M0582,Aversion,Neutral,6,11,0.5454545454545454
M0582,Aversion,Appreciation,0,11,0.0
M0582,Neutral,Aversion,6,13,0.46153846153846156
M0582,Neutral,Neutral,6,13,0.46153846153846156
M0582,Neutral,Appreciation,1,13,0.07692307692307693
M0582,Appreciation,Aversion,0,1,0.0
M0582,Appreciation,Neutral,1,1,1.0
M0582,Appreciation,Appreciation,0,1,0.0
M0583,Aversion,Aversion,15,17,0.8823529411764706
M0583,Aversion,Neutral,2,17,0.11764705882352941
M0583,Aversion,Appreciation,0,17,0.0
M0583,Neutral,Aversion,3,8,0.375
M0583,Neutral,Neutral,5,8,0.625
M0583,Neutral,Appreciation,0,8,0.0
M0583,Appreciation,Aversion,0,0,
M0583,Appreciation,Neutral,0,0,
M0583,Appreciation,Appreciation,0,0,
M0584,Aversion,Aversion,9,12,0.75
M0584,Aversion,Neutral,3,12,0.25
M0584,Aversion,Appreciation,0,12,0.0
M0584,Neutral,Aversion,3,11,0.2727272727272727
M0584,Neutral,Neutral,7,11,0.6363636363636364
M0584,Neutral,Appreciation,1,11,0.09090909090909091
M0584,Appreciation,Aversion,0,2,0.0
M0584,Appreciation,Neutral,0,2,0.0
M0584,Appreciation,Appreciation,2,2,1.0
M0585,Aversion,Aversion,5,7,0.7142857142857143
M0585,Aversion,Neutral,2,7,0.2857142857142857
M0585,Aversion,Appreciation,0,7,0.0
M0585,Neutral,Aversion,2,14,0.14285714285714285
M0585,Neutral,Neutral,11,14,0.7857142857142857
M0585,Neutral,Appreciation,1,14,0.07142857142857142
M0585,Appreciation,Aversion,0,4,0.0
M0585,Appreciation,Neutral,0,4,0.0
M0585,Appreciation,Appreciation,4,4,1.0
M0586,Aversion,Aversion,9,13,0.6923076923076923
M0586,Aversion,Neutral,4,13,0.3076923076923077
M0586,Aversion,Appreciation,0,13,0.0
M0586,Neutral,Aversion,5,12,0.4166666666666667
M0586,Neutral,Neutral,7,12,0.5833333333333334
M0586,Neutral,Appreciation,0,12,0.0
M0586,Appreciation,Aversion,0,0,
M0586,Appreciation,Neutral,0,0,
M0586,Appreciation,Appreciation,0,0,
M0587,Aversion,Aversion,4,7,0.5714285714285714
M0587,Aversion,Neutral,2,7,0.2857142857142857
M0587,Aversion,Appreciation,1,7,0.14285714285714285
M0587,Neutral,Aversion,3,16,0.1875
M0587,Neutral,Neutral,13,16,0.8125
M0587,Neutral,Appreciation,0,16,0.0
M0587,Appreciation,Aversion,0,2,0.0
M0587,Appreciation,Neutral,1,2,0.5
M0587,Appreciation,Appreciation,1,2,0.5
M0588,Aversion,Aversion,12,14,0.8571428571428571
M0588,Aversion,Neutral,2,14,0.14285714285714285
M0588,Aversion,Appreciation,0,14,0.0
M0588,Neutral,Aversion,3,11,0.2727272727272727
M0588,Neutral,Neutral,8,11,0.7272727272727273
M0588,Neutral,Appreciation,0,11,0.0
M0588,Appreciation,Aversion,0,0,
M0588,Appreciation,Neutral,0,0,
M0588,Appreciation,Appreciation,0,0,
M0589,Aversion,Aversion,11,15,0.7333333333333333
M0589,Aversion,Neutral,4,15,0.26666666666666666
M0589,Aversion,Appreciation,0,15,0.0
M0589,Neutral,Aversion,4,10,0.4
M0589,Neutral,Neutral,6,10,0.6
M0589,Neutral,Appreciation,0,10,0.0
M0589,Appreciation,Aversion,0,0,
M0589,Appreciation,Neutral,0,0,
M0589,Appreciation,Appreciation,0,0,
M0590,Aversion,Aversion,8,10,0.8
M0590,Aversion,Neutral,2,10,0.2
M0590,Aversion,Appreciation,0,10,0.0
M0590,Neutral,Aversion,3,15,0.2
M0590,Neutral,Neutral,12,15,0.8
M0590,Neutral,Appreciation,0,15,0.0
M0590,Appreciation,Aversion,0,0,
M0590,Appreciation,Neutral,0,0,
M0590,Appreciation,Appreciation,0,0,
M0591,Aversion,Aversion,7,8,0.875
M0591,Aversion,Neutral,1,8,0.125
M0591,Aversion,Appreciation,0,8,0.0
M0591,Neutral,Aversion,2,17,0.11764705882352941
M0591,Neutral,Neutral,15,17,0.8823529411764706
M0591,Neutral,Appreciation,0,17,0.0
M0591,Appreciation,Aversion,0,0,
M0591,Appreciation,Neutral,0,0,
M0591,Appreciation,Appreciation,0,0,
M0592,Aversion,Aversion,2,5,0.4
M0592,Aversion,Neutral,3,5,0.6
M0592,Aversion,Appreciation,0,5,0.0
M0592,Neutral,Aversion,3,12,0.25
M0592,Neutral,Neutral,8,12,0.6666666666666666
M0592,Neutral,Appreciation,1,12,0.08333333333333333
M0592,Appreciation,Aversion,0,8,0.0
M0592,Appreciation,Neutral,0,8,0.0
M0592,Appreciation,Appreciation,8,8,1.0
M0593,Aversion,Aversion,5,8,0.625
M0593,Aversion,Neutral,3,8,0.375
M0593,Aversion,Appreciation,0,8,0.0
M0593,Neutral,Aversion,3,16,0.1875
M0593,Neutral,Neutral,12,16,0.75
M0593,Neutral,Appreciation,1,16,0.0625
M0593,Appreciation,Aversion,0,1,0.0
M0593,Appreciation,Neutral,0,1,0.0
M0593,Appreciation,Appreciation,1,1,1.0
M0594,Aversion,Aversion,2,3,0.6666666666666666
M0594,Aversion,Neutral,0,3,0.0
M0594,Aversion,Appreciation,1,3,0.3333333333333333
M0594,Neutral,Aversion,1,21,0.047619047619047616
M0594,Neutral,Neutral,20,21,0.9523809523809523
M0594,Neutral,Appreciation,0,21,0.0
M0594,Appreciation,Aversion,0,1,0.0
M0594,Appreciation,Neutral,0,1,0.0
M0594,Appreciation,Appreciation,1,1,1.0
M0595,Aversion,Aversion,7,10,0.7
M0595,Aversion,Neutral,3,10,0.3
M0595,Aversion,Appreciation,0,10,0.0
M0595,Neutral,Aversion,3,14,0.21428571428571427
M0595,Neutral,Neutral,10,14,0.7142857142857143
M0595,Neutral,Appreciation,1,14,0.07142857142857142
M0595,Appreciation,Aversion,0,1,0.0
M0595,Appreciation,Neutral,1,1,1.0
M0595,Appreciation,Appreciation,0,1,0.0
M0596,Aversion,Aversion,10,11,0.9090909090909091
M0596,Aversion,Neutral,1,11,0.09090909090909091
M0596,Aversion,Appreciation,0,11,0.0
M0596,Neutral,Aversion,2,14,0.14285714285714285
M0596,Neutral,Neutral,12,14,0.8571428571428571
M0596,Neutral,Appreciation,0,14,0.0
M0596,Appreciation,Aversion,0,0,
M0596,Appreciation,Neutral,0,0,
M0596,Appreciation,Appreciation,0,0,
M0597,Aversion,Aversion,14,18,0.7777777777777778
M0597,Aversion,Neutral,4,18,0.2222222222222222
M0597,Aversion,Appreciation,0,18,0.0
M0597,Neutral,Aversion,5,7,0.7142857142857143
M0597,Neutral,Neutral,2,7,0.2857142857142857
M0597,Neutral,Appreciation,0,7,0.0
M0597,Appreciation,Aversion,0,0,
M0597,Appreciation,Neutral,0,0,
M0597,Appreciation,Appreciation,0,0,
M0598,Aversion,Aversion,2,7,0.2857142857142857
M0598,Aversion,Neutral,4,7,0.5714285714285714
M0598,Aversion,Appreciation,1,7,0.14285714285714285
M0598,Neutral,Aversion,5,13,0.38461538461538464
M0598,Neutral,Neutral,8,13,0.6153846153846154
M0598,Neutral,Appreciation,0,13,0.0
M0598,Appreciation,Aversion,0,5,0.0
M0598,Appreciation,Neutral,0,5,0.0
M0598,Appreciation,Appreciation,5,5,1.0
M0599,Aversion,Aversion,9,13,0.6923076923076923
M0599,Aversion,Neutral,4,13,0.3076923076923077
M0599,Aversion,Appreciation,0,13,0.0
M0599,Neutral,Aversion,5,12,0.4166666666666667
M0599,Neutral,Neutral,7,12,0.5833333333333334
M0599,Neutral,Appreciation,0,12,0.0
M0599,Appreciation,Aversion,0,0,
M0599,Appreciation,Neutral,0,0,
M0599,Appreciation,Appreciation,0,0,
M0600,Aversion,Aversion,9,13,0.6923076923076923
M0600,Aversion,Neutral,4,13,0.3076923076923077
M0600,Aversion,Appreciation,0,13,0.0
M0600,Neutral,Aversion,5,12,0.4166666666666667
M0600,Neutral,Neutral,7,12,0.5833333333333334
M0600,Neutral,Appreciation,0,12,0.0
M0600,Appreciation,Aversion,0,0,
M0600,Appreciation,Neutral,0,0,
M0600,Appreciation,Appreciation,0,0,
M0601,Aversion,Aversion,11,14,0.7857142857142857
M0601,Aversion,Neutral,3,14,0.21428571428571427
M0601,Aversion,Appreciation,0,14,0.0
M0601,Neutral,Aversion,3,11,0.2727272727272727
M0601,Neutral,Neutral,8,11,0.7272727272727273
M0601,Neutral,Appreciation,0,11,0.0
M0601,Appreciation,Aversion,0,0,
M0601,Appreciation,Neutral,0,0,
M0601,Appreciation,Appreciation,0,0,
M0602,Aversion,Aversion,5,8,0.625
M0602,Aversion,Neutral,3,8,0.375
M0602,Aversion,Appreciation,0,8,0.0
M0602,Neutral,Aversion,2,10,0.2
M0602,Neutral,Neutral,7,10,0.7
M0602,Neutral,Appreciation,1,10,0.1
M0602,Appreciation,Aversion,0,7,0.0
M0602,Appreciation,Neutral,1,7,0.14285714285714285
M0602,Appreciation,Appreciation,6,7,0.8571428571428571
M0603,Aversion,Aversion,0,1,0.0
M0603,Aversion,Neutral,1,1,1.0
M0603,Aversion,Appreciation,0,1,0.0
M0603,Neutral,Aversion,2,21,0.09523809523809523
M0603,Neutral,Neutral,18,21,0.8571428571428571
M0603,Neutral,Appreciation,1,21,0.047619047619047616
M0603,Appreciation,Aversion,0,3,0.0
M0603,Appreciation,Neutral,1,3,0.3333333333333333
M0603,Appreciation,Appreciation,2,3,0.6666666666666666
M0604,Aversion,Aversion,4,9,0.4444444444444444
M0604,Aversion,Neutral,5,9,0.5555555555555556
M0604,Aversion,Appreciation,0,9,0.0
M0604,Neutral,Aversion,5,15,0.3333333333333333
M0604,Neutral,Neutral,9,15,0.6
M0604,Neutral,Appreciation,1,15,0.06666666666666667
M0604,Appreciation,Aversion,0,1,0.0
M0604,Appreciation,Neutral,0,1,0.0
M0604,Appreciation,Appreciation,1,1,1.0
M0605,Aversion,Aversion,4,5,0.8
M0605,Aversion,Neutral,1,5,0.2
M0605,Aversion,Appreciation,0,5,0.0
M0605,Neutral,Aversion,2,16,0.125
M0605,Neutral,Neutral,13,16,0.8125
M0605,Neutral,Appreciation,1,16,0.0625
M0605,Appreciation,Aversion,0,4,0.0
M0605,Appreciation,Neutral,1,4,0.25
M0605,Appreciation,Appreciation,3,4,0.75
M0606,Aversion,Aversion,14,18,0.7777777777777778
M0606,Aversion,Neutral,4,18,0.2222222222222222
M0606,Aversion,Appreciation,0,18,0.0
M0606,Neutral,Aversion,5,7,0.7142857142857143
M0606,Neutral,Neutral,2,7,0.2857142857142857
M0606,Neutral,Appreciation,0,7,0.0
M0606,Appreciation,Aversion,0,0,
M0606,Appreciation,Neutral,0,0,
M0606,Appreciation,Appreciation,0,0,
M0607,Aversion,Aversion,1,5,0.2
M0607,Aversion,Neutral,3,5,0.6
M0607,Aversion,Appreciation,1,5,0.2
M0607,Neutral,Aversion,4,11,0.36363636363636365
M0607,Neutral,Neutral,7,11,0.6363636363636364
M0607,Neutral,Appreciation,0,11,0.0
M0607,Appreciation,Aversion,0,9,0.0
M0607,Appreciation,Neutral,0,9,0.0
M0607,Appreciation,Appreciation,9,9,1.0
M0608,Aversion,Aversion,12,14,0.8571428571428571
M0608,Aversion,Neutral,2,14,0.14285714285714285
M0608,Aversion,Appreciation,0,14,0.0
M0608,Neutral,Aversion,2,10,0.2
M0608,Neutral,Neutral,7,10,0.7
M0608,Neutral,Appreciation,1,10,0.1
M0608,Appreciation,Aversion,0,1,0.0
M0608,Appreciation,Neutral,0,1,0.0
M0608,Appreciation,Appreciation,1,1,1.0
M0609,Aversion,Aversion,4,8,0.5
M0609,Aversion,Neutral,4,8,0.5
M0609,Aversion,Appreciation,0,8,0.0
M0609,Neutral,Aversion,4,12,0.3333333333333333
M0609,Neutral,Neutral,6,12,0.5
M0609,Neutral,Appreciation,2,12,0.16666666666666666
M0609,Appreciation,Aversion,0,5,0.0
M0609,Appreciation,Neutral,1,5,0.2
M0609,Appreciation,Appreciation,4,5,0.8
M0610,Aversion,Aversion,5,6,0.8333333333333334
M0610,Aversion,Neutral,1,6,0.16666666666666666
M0610,Aversion,Appreciation,0,6,0.0
M0610,Neutral,Aversion,1,6,0.16666666666666666
M0610,Neutral,Neutral,4,6,0.6666666666666666
M0610,Neutral,Appreciation,1,6,0.16666666666666666
M0610,Appreciation,Aversion,0,13,0.0
M0610,Appreciation,Neutral,0,13,0.0
M0610,Appreciation,Appreciation,13,13,1.0
M0611,Aversion,Aversion,0,2,0.0
M0611,Aversion,Neutral,2,2,1.0
M0611,Aversion,Appreciation,0,2,0.0
M0611,Neutral,Aversion,2,11,0.18181818181818182
M0611,Neutral,Neutral,7,11,0.6363636363636364
M0611,Neutral,Appreciation,2,11,0.18181818181818182
M0611,Appreciation,Aversion,0,12,0.0
M0611,Appreciation,Neutral,1,12,0.08333333333333333
M0611,Appreciation,Appreciation,11,12,0.9166666666666666
M0612,Aversion,Aversion,5,9,0.5555555555555556
M0612,Aversion,Neutral,4,9,0.4444444444444444
M0612,Aversion,Appreciation,0,9,0.0
M0612,Neutral,Aversion,4,16,0.25
M0612,Neutral,Neutral,11,16,0.6875
M0612,Neutral,Appreciation,1,16,0.0625
M0612,Appreciation,Aversion,0,0,
M0612,Appreciation,Neutral,0,0,
M0612,Appreciation,Appreciation,0,0,
M0613,Aversion,Aversion,1,2,0.5
M0613,Aversion,Neutral,1,2,0.5
M0613,Aversion,Appreciation,0,2,0.0
M0613,Neutral,Aversion,1,13,0.07692307692307693
M0613,Neutral,Neutral,10,13,0.7692307692307693
M0613,Neutral,Appreciation,2,13,0.15384615384615385
M0613,Appreciation,Aversion,0,10,0.0
M0613,Appreciation,Neutral,2,10,0.2
M0613,Appreciation,Appreciation,8,10,0.8
M0614,Aversion,Aversion,8,9,0.8888888888888888
M0614,Aversion,Neutral,1,9,0.1111111111111111
M0614,Aversion,Appreciation,0,9,0.0
M0614,Neutral,Aversion,2,13,0.15384615384615385
M0614,Neutral,Neutral,10,13,0.7692307692307693
M0614,Neutral,Appreciation,1,13,0.07692307692307693
M0614,Appreciation,Aversion,0,3,0.0
M0614,Appreciation,Neutral,1,3,0.3333333333333333
M0614,Appreciation,Appreciation,2,3,0.6666666666666666
M0615,Aversion,Aversion,13,17,0.7647058823529411
M0615,Aversion,Neutral,4,17,0.23529411764705882
M0615,Aversion,Appreciation,0,17,0.0
M0615,Neutral,Aversion,4,8,0.5
M0615,Neutral,Neutral,3,8,0.375
M0615,Neutral,Appreciation,1,8,0.125
M0615,Appreciation,Aversion,0,0,
M0615,Appreciation,Neutral,0,0,
M0615,Appreciation,Appreciation,0,0,
M0616,Aversion,Aversion,6,12,0.5
M0616,Aversion,Neutral,6,12,0.5
M0616,Aversion,Appreciation,0,12,0.0
M0616,Neutral,Aversion,6,13,0.46153846153846156
M0616,Neutral,Neutral,7,13,0.5384615384615384
M0616,Neutral,Appreciation,0,13,0.0
M0616,Appreciation,Aversion,0,0,
M0616,Appreciation,Neutral,0,0,
M0616,Appreciation,Appreciation,0,0,
M0617,Aversion,Aversion,7,13,0.5384615384615384
M0617,Aversion,Neutral,6,13,0.46153846153846156
M0617,Aversion,Appreciation,0,13,0.0
M0617,Neutral,Aversion,7,12,0.5833333333333334
M0617,Neutral,Neutral,5,12,0.4166666666666667
M0617,Neutral,Appreciation,0,12,0.0
M0617,Appreciation,Aversion,0,0,
M0617,Appreciation,Neutral,0,0,
M0617,Appreciation,Appreciation,0,0,
M0618,Aversion,Aversion,6,9,0.6666666666666666
M0618,Aversion,Neutral,3,9,0.3333333333333333
M0618,Aversion,Appreciation,0,9,0.0
M0618,Neutral,Aversion,4,6,0.6666666666666666
M0618,Neutral,Neutral,1,6,0.16666666666666666
M0618,Neutral,Appreciation,1,6,0.16666666666666666
M0618,Appreciation,Aversion,0,10,0.0
M0618,Appreciation,Neutral,1,10,0.1
M0618,Appreciation,Appreciation,9,10,0.9
M0619,Aversion,Aversion,7,9,0.7777777777777778
M0619,Aversion,Neutral,2,9,0.2222222222222222
M0619,Aversion,Appreciation,0,9,0.0
M0619,Neutral,Aversion,2,16,0.125
M0619,Neutral,Neutral,13,16,0.8125
M0619,Neutral,Appreciation,1,16,0.0625
M0619,Appreciation,Aversion,0,0,
M0619,Appreciation,Neutral,0,0,
M0619,Appreciation,Appreciation,0,0,
M0620,Aversion,Aversion,4,6,0.6666666666666666
M0620,Aversion,Neutral,2,6,0.3333333333333333
M0620,Aversion,Appreciation,0,6,0.0
M0620,Neutral,Aversion,2,13,0.15384615384615385
M0620,Neutral,Neutral,10,13,0.7692307692307693
M0620,Neutral,Appreciation,1,13,0.07692307692307693
M0620,Appreciation,Aversion,0,6,0.0
M0620,Appreciation,Neutral,0,6,0.0
M0620,Appreciation,Appreciation,6,6,1.0
M0621,Aversion,Aversion,9,12,0.75
M0621,Aversion,Neutral,3,12,0.25
M0621,Aversion,Appreciation,0,12,0.0
M0621,Neutral,Aversion,3,13,0.23076923076923078
M0621,Neutral,Neutral,10,13,0.7692307692307693
M0621,Neutral,Appreciation,0,13,0.0
M0621,Appreciation,Aversion,0,0,
M0621,Appreciation,Neutral,0,0,
M0621,Appreciation,Appreciation,0,0,
M0622,Aversion,Aversion,10,15,0.6666666666666666
M0622,Aversion,Neutral,5,15,0.3333333333333333
M0622,Aversion,Appreciation,0,15,0.0
M0622,Neutral,Aversion,5,9,0.5555555555555556
M0622,Neutral,Neutral,3,9,0.3333333333333333
M0622,Neutral,Appreciation,1,9,0.1111111111111111
M0622,Appreciation,Aversion,0,1,0.0
M0622,Appreciation,Neutral,1,1,1.0
M0622,Appreciation,Appreciation,0,1,0.0
M0623,Aversion,Aversion,0,0,
M0623,Aversion,Neutral,0,0,
M0623,Aversion,Appreciation,0,0,
M0623,Neutral,Aversion,0,13,0.0
M0623,Neutral,Neutral,12,13,0.9230769230769231
M0623,Neutral,Appreciation,1,13,0.07692307692307693
M0623,Appreciation,Aversion,0,12,0.0
M0623,Appreciation,Neutral,0,12,0.0
M0623,Appreciation,Appreciation,12,12,1.0
M0624,Aversion,Aversion,6,10,0.6
M0624,Aversion,Neutral,3,10,0.3
M0624,Aversion,Appreciation,1,10,0.1
M0624,Neutral,Aversion,4,8,0.5
M0624,Neutral,Neutral,3,8,0.375
M0624,Neutral,Appreciation,1,8,0.125
M0624,Appreciation,Aversion,0,7,0.0
M0624,Appreciation,Neutral,1,7,0.14285714285714285
M0624,Appreciation,Appreciation,6,7,0.8571428571428571
M0625,Aversion,Aversion,4,5,0.8
M0625,Aversion,Neutral,1,5,0.2
M0625,Aversion,Appreciation,0,5,0.0
M0625,Neutral,Aversion,2,20,0.1
M0625,Neutral,Neutral,18,20,0.9
M0625,Neutral,Appreciation,0,20,0.0
M0625,Appreciation,Aversion,0,0,
M0625,Appreciation,Neutral,0,0,
M0625,Appreciation,Appreciation,0,0,
M0626,Aversion,Aversion,10,15,0.6666666666666666
M0626,Aversion,Neutral,5,15,0.3333333333333333
M0626,Aversion,Appreciation,0,15,0.0
M0626,Neutral,Aversion,5,10,0.5
M0626,Neutral,Neutral,5,10,0.5
M0626,Neutral,Appreciation,0,10,0.0
M0626,Appreciation,Aversion,0,0,
M0626,Appreciation,Neutral,0,0,
M0626,Appreciation,Appreciation,0,0,
M0627,Aversion,Aversion,0,4,0.0
M0627,Aversion,Neutral,4,4,1.0
M0627,Aversion,Appreciation,0,4,0.0
M0627,Neutral,Aversion,4,14,0.2857142857142857
M0627,Neutral,Neutral,8,14,0.5714285714285714
M0627,Neutral,Appreciation,2,14,0.14285714285714285
M0627,Appreciation,Aversion,0,7,0.0
M0627,Appreciation,Neutral,1,7,0.14285714285714285
M0627,Appreciation,Appreciation,6,7,0.8571428571428571
M0628,Aversion,Aversion,19,20,0.95
M0628,Aversion,Neutral,1,20,0.05
M0628,Aversion,Appreciation,0,20,0.0
M0628,Neutral,Aversion,2,5,0.4
M0628,Neutral,Neutral,3,5,0.6
M0628,Neutral,Appreciation,0,5,0.0
M0628,Appreciation,Aversion,0,0,
M0628,Appreciation,Neutral,0,0,
M0628,Appreciation,Appreciation,0,0,
M0629,Aversion,Aversion,7,10,0.7
M0629,Aversion,Neutral,3,10,0.3
M0629,Aversion,Appreciation,0,10,0.0
M0629,Neutral,Aversion,3,15,0.2
M0629,Neutral,Neutral,12,15,0.8
M0629,Neutral,Appreciation,0,15,0.0
M0629,Appreciation,Aversion,0,0,
M0629,Appreciation,Neutral,0,0,
M0629,Appreciation,Appreciation,0,0,
M0630,Aversion,Aversion,2,6,0.3333333333333333
M0630,Aversion,Neutral,4,6,0.6666666666666666
M0630,Aversion,Appreciation,0,6,0.0
M0630,Neutral,Aversion,4,12,0.3333333333333333
M0630,Neutral,Neutral,7,12,0.5833333333333334
M0630,Neutral,Appreciation,1,12,0.08333333333333333
M0630,Appreciation,Aversion,0,7,0.0
M0630,Appreciation,Neutral,0,7,0.0
M0630,Appreciation,Appreciation,7,7,1.0
M0631,Aversion,Aversion,7,9,0.7777777777777778
M0631,Aversion,Neutral,2,9,0.2222222222222222
M0631,Aversion,Appreciation,0,9,0.0
M0631,Neutral,Aversion,2,11,0.18181818181818182
M0631,Neutral,Neutral,8,11,0.7272727272727273
M0631,Neutral,Appreciation,1,11,0.09090909090909091
M0631,Appreciation,Aversion,0,5,0.0
M0631,Appreciation,Neutral,0,5,0.0
M0631,Appreciation,Appreciation,5,5,1.0
M0632,Aversion,Aversion,8,12,0.6666666666666666
M0632,Aversion,Neutral,4,12,0.3333333333333333
M0632,Aversion,Appreciation,0,12,0.0
M0632,Neutral,Aversion,4,11,0.36363636363636365
M0632,Neutral,Neutral,6,11,0.5454545454545454
M0632,Neutral,Appreciation,1,11,0.09090909090909091
M0632,Appreciation,Aversion,0,2,0.0
M0632,Appreciation,Neutral,0,2,0.0
M0632,Appreciation,Appreciation,2,2,1.0
M0633,Aversion,Aversion,2,4,0.5
M0633,Aversion,Neutral,2,4,0.5
M0633,Aversion,Appreciation,0,4,0.0
M0633,Neutral,Aversion,2,11,0.18181818181818182
M0633,Neutral,Neutral,8,11,0.7272727272727273
M0633,Neutral,Appreciation,1,11,0.09090909090909091
M0633,Appreciation,Aversion,0,10,0.0
M0633,Appreciation,Neutral,0,10,0.0
M0633,Appreciation,Appreciation,10,10,1.0
M0634,Aversion,Aversion,3,8,0.375
M0634,Aversion,Neutral,5,8,0.625
M0634,Aversion,Appreciation,0,8,0.0
M0634,Neutral,Aversion,6,17,0.35294117647058826
M0634,Neutral,Neutral,11,17,0.6470588235294118
M0634,Neutral,Appreciation,0,17,0.0
M0634,Appreciation,Aversion,0,0,
M0634,Appreciation,Neutral,0,0,
M0634,Appreciation,Appreciation,0,0,
M0635,Aversion,Aversion,14,17,0.8235294117647058
M0635,Aversion,Neutral,3,17,0.17647058823529413
M0635,Aversion,Appreciation,0,17,0.0
M0635,Neutral,Aversion,4,8,0.5
M0635,Neutral,Neutral,4,8,0.5
M0635,Neutral,Appreciation,0,8,0.0
M0635,Appreciation,Aversion,0,0,
M0635,Appreciation,Neutral,0,0,
M0635,Appreciation,Appreciation,0,0,
M0636,Aversion,Aversion,2,2,1.0
M0636,Aversion,Neutral,0,2,0.0
M0636,Aversion,Appreciation,0,2,0.0
M0636,Neutral,Aversion,1,16,0.0625
M0636,Neutral,Neutral,14,16,0.875
M0636,Neutral,Appreciation,1,16,0.0625
M0636,Appreciation,Aversion,0,7,0.0
M0636,Appreciation,Neutral,1,7,0.14285714285714285
M0636,Appreciation,Appreciation,6,7,0.8571428571428571
M0637,Aversion,Aversion,7,9,0.7777777777777778
M0637,Aversion,Neutral,2,9,0.2222222222222222
M0637,Aversion,Appreciation,0,9,0.0
M0637,Neutral,Aversion,3,11,0.2727272727272727
M0637,Neutral,Neutral,7,11,0.6363636363636364
M0637,Neutral,Appreciation,1,11,0.09090909090909091
M0637,Appreciation,Aversion,0,5,0.0
M0637,Appreciation,Neutral,1,5,0.2
M0637,Appreciation,Appreciation,4,5,0.8
M0638,Aversion,Aversion,13,16,0.8125
M0638,Aversion,Neutral,3,16,0.1875
M0638,Aversion,Appreciation,0,16,0.0
M0638,Neutral,Aversion,3,8,0.375
M0638,Neutral,Neutral,4,8,0.5
M0638,Neutral,Appreciation,1,8,0.125
M0638,Appreciation,Aversion,0,1,0.0
M0638,Appreciation,Neutral,0,1,0.0
M0638,Appreciation,Appreciation,1,1,1.0
M0639,Aversion,Aversion,1,4,0.25
M0639,Aversion,Neutral,3,4,0.75
M0639,Aversion,Appreciation,0,4,0.0
M0639,Neutral,Aversion,3,13,0.23076923076923078
M0639,Neutral,Neutral,9,13,0.6923076923076923
M0639,Neutral,Appreciation,1,13,0.07692307692307693
M0639,Appreciation,Aversion,0,8,0.0
M0639,Appreciation,Neutral,1,8,0.125
M0639,Appreciation,Appreciation,7,8,0.875
M0640,Aversion,Aversion,0,2,0.0
M0640,Aversion,Neutral,2,2,1.0
M0640,Aversion,Appreciation,0,2,0.0
M0640,Neutral,Aversion,2,13,0.15384615384615385
M0640,Neutral,Neutral,10,13,0.7692307692307693
M0640,Neutral,Appreciation,1,13,0.07692307692307693
M0640,Appreciation,Aversion,0,10,0.0
M0640,Appreciation,Neutral,0,10,0.0
M0640,Appreciation,Appreciation,10,10,1.0
M0641,Aversion,Aversion,5,8,0.625
M0641,Aversion,Neutral,2,8,0.25
M0641,Aversion,Appreciation,1,8,0.125
M0641,Neutral,Aversion,3,9,0.3333333333333333
M0641,Neutral,Neutral,4,9,0.4444444444444444
M0641,Neutral,Appreciation,2,9,0.2222222222222222
M0641,Appreciation,Aversion,0,8,0.0
M0641,Appreciation,Neutral,2,8,0.25
M0641,Appreciation,Appreciation,6,8,0.75
M0642,Aversion,Aversion,0,0,
M0642,Aversion,Neutral,0,0,
M0642,Aversion,Appreciation,0,0,
M0642,Neutral,Aversion,0,13,0.0
M0642,Neutral,Neutral,12,13,0.9230769230769231
M0642,Neutral,Appreciation,1,13,0.07692307692307693
M0642,Appreciation,Aversion,0,12,0.0
M0642,Appreciation,Neutral,1,12,0.08333333333333333
M0642,Appreciation,Appreciation,11,12,0.9166666666666666
M0643,Aversion,Aversion,0,0,
M0643,Aversion,Neutral,0,0,
M0643,Aversion,Appreciation,0,0,
M0643,Neutral,Aversion,1,18,0.05555555555555555
M0643,Neutral,Neutral,16,18,0.8888888888888888
M0643,Neutral,Appreciation,1,18,0.05555555555555555
M0643,Appreciation,Aversion,0,7,0.0
M0643,Appreciation,Neutral,1,7,0.14285714285714285
M0643,Appreciation,Appreciation,6,7,0.8571428571428571
M0644,Aversion,Aversion,3,6,0.5
M0644,Aversion,Neutral,3,6,0.5
M0644,Aversion,Appreciation,0,6,0.0
M0644,Neutral,Aversion,3,10,0.3
M0644,Neutral,Neutral,6,10,0.6
M0644,Neutral,Appreciation,1,10,0.1
M0644,Appreciation,Aversion,0,9,0.0
M0644,Appreciation,Neutral,0,9,0.0
M0644,Appreciation,Appreciation,9,9,1.0
M0645,Aversion,Aversion,1,1,1.0
M0645,Aversion,Neutral,0,1,0.0
M0645,Aversion,Appreciation,0,1,0.0
M0645,Neutral,Aversion,1,14,0.07142857142857142
M0645,Neutral,Neutral,12,14,0.8571428571428571
M0645,Neutral,Appreciation,1,14,0.07142857142857142
M0645,Appreciation,Aversion,0,10,0.0
M0645,Appreciation,Neutral,1,10,0.1
M0645,Appreciation,Appreciation,9,10,0.9
M0646,Aversion,Aversion,5,10,0.5
M0646,Aversion,Neutral,5,10,0.5
M0646,Aversion,Appreciation,0,10,0.0
M0646,Neutral,Aversion,5,13,0.38461538461538464
M0646,Neutral,Neutral,7,13,0.5384615384615384
M0646,Neutral,Appreciation,1,13,0.07692307692307693
M0646,Appreciation,Aversion,0,2,0.0
M0646,Appreciation,Neutral,0,2,0.0
M0646,Appreciation,Appreciation,2,2,1.0
M0647,Aversion,Aversion,4,6,0.6666666666666666
M0647,Aversion,Neutral,2,6,0.3333333333333333
M0647,Aversion,Appreciation,0,6,0.0
M0647,Neutral,Aversion,2,9,0.2222222222222222
M0647,Neutral,Neutral,6,9,0.6666666666666666
M0647,Neutral,Appreciation,1,9,0.1111111111111111
M0647,Appreciation,Aversion,0,10,0.0
M0647,Appreciation,Neutral,1,10,0.1
M0647,Appreciation,Appreciation,9,10,0.9
M0648,Aversion,Aversion,12,15,0.8
M0648,Aversion,Neutral,3,15,0.2
M0648,Aversion,Appreciation,0,15,0.0
M0648,Neutral,Aversion,3,10,0.3
M0648,Neutral,Neutral,6,10,0.6
M0648,Neutral,Appreciation,1,10,0.1
M0648,Appreciation,Aversion,0,0,
M0648,Appreciation,Neutral,0,0,
M0648,Appreciation,Appreciation,0,0,
M0649,Aversion,Aversion,2,4,0.5
M0649,Aversion,Neutral,2,4,0.5
M0649,Aversion,Appreciation,0,4,0.0
M0649,Neutral,Aversion,2,10,0.2
M0649,Neutral,Neutral,7,10,0.7
M0649,Neutral,Appreciation,1,10,0.1
M0649,Appreciation,Aversion,0,11,0.0
M0649,Appreciation,Neutral,1,11,0.09090909090909091
M0649,Appreciation,Appreciation,10,11,0.9090909090909091
M0650,Aversion,Aversion,1,3,0.3333333333333333
M0650,Aversion,Neutral,2,3,0.6666666666666666
M0650,Aversion,Appreciation,0,3,0.0
M0650,Neutral,Aversion,2,20,0.1
M0650,Neutral,Neutral,17,20,0.85
M0650,Neutral,Appreciation,1,20,0.05
M0650,Appreciation,Aversion,0,2,0.0
M0650,Appreciation,Neutral,0,2,0.0
M0650,Appreciation,Appreciation,2,2,1.0
M0651,Aversion,Aversion,12,14,0.8571428571428571
M0651,Aversion,Neutral,2,14,0.14285714285714285
M0651,Aversion,Appreciation,0,14,0.0
M0651,Neutral,Aversion,2,11,0.18181818181818182
M0651,Neutral,Neutral,9,11,0.8181818181818182
M0651,Neutral,Appreciation,0,11,0.0
M0651,Appreciation,Aversion,0,0,
M0651,Appreciation,Neutral,0,0,
M0651,Appreciation,Appreciation,0,0,
M0652,Aversion,Aversion,6,8,0.75
M0652,Aversion,Neutral,2,8,0.25
M0652,Aversion,Appreciation,0,8,0.0
M0652,Neutral,Aversion,3,7,0.42857142857142855
M0652,Neutral,Neutral,3,7,0.42857142857142855
M0652,Neutral,Appreciation,1,7,0.14285714285714285
M0652,Appreciation,Aversion,0,10,0.0
M0652,Appreciation,Neutral,1,10,0.1
M0652,Appreciation,Appreciation,9,10,0.9
M0653,Aversion,Aversion,9,11,0.8181818181818182
M0653,Aversion,Neutral,2,11,0.18181818181818182
M0653,Aversion,Appreciation,0,11,0.0
M0653,Neutral,Aversion,2,14,0.14285714285714285
M0653,Neutral,Neutral,12,14,0.8571428571428571
M0653,Neutral,Appreciation,0,14,0.0
M0653,Appreciation,Aversion,0,0,
M0653,Appreciation,Neutral,0,0,
M0653,Appreciation,Appreciation,0,0,
M0654,Aversion,Aversion,4,7,0.5714285714285714
M0654,Aversion,Neutral,2,7,0.2857142857142857
M0654,Aversion,Appreciation,1,7,0.14285714285714285
M0654,Neutral,Aversion,3,10,0.3
M0654,Neutral,Neutral,7,10,0.7
M0654,Neutral,Appreciation,0,10,0.0
M0654,Appreciation,Aversion,0,8,0.0
M0654,Appreciation,Neutral,1,8,0.125
M0654,Appreciation,Appreciation,7,8,0.875
M0655,Aversion,Aversion,9,11,0.8181818181818182
M0655,Aversion,Neutral,2,11,0.18181818181818182
M0655,Aversion,Appreciation,0,11,0.0
M0655,Neutral,Aversion,3,13,0.23076923076923078
M0655,Neutral,Neutral,9,13,0.6923076923076923
M0655,Neutral,Appreciation,1,13,0.07692307692307693
M0655,Appreciation,Aversion,0,1,0.0
M0655,Appreciation,Neutral,1,1,1.0
M0655,Appreciation,Appreciation,0,1,0.0
M0656,Aversion,Aversion,5,5,1.0
M0656,Aversion,Neutral,0,5,0.0
M0656,Aversion,Appreciation,0,5,0.0
M0656,Neutral,Aversion,1,17,0.058823529411764705
M0656,Neutral,Neutral,15,17,0.8823529411764706
M0656,Neutral,Appreciation,1,17,0.058823529411764705
M0656,Appreciation,Aversion,0,3,0.0
M0656,Appreciation,Neutral,1,3,0.3333333333333333
M0656,Appreciation,Appreciation,2,3,0.6666666666666666
M0657,Aversion,Aversion,13,16,0.8125
M0657,Aversion,Neutral,3,16,0.1875
M0657,Aversion,Appreciation,0,16,0.0
M0657,Neutral,Aversion,3,7,0.42857142857142855
M0657,Neutral,Neutral,3,7,0.42857142857142855
M0657,Neutral,Appreciation,1,7,0.14285714285714285
M0657,Appreciation,Aversion,0,2,0.0
M0657,Appreciation,Neutral,0,2,0.0
M0657,Appreciation,Appreciation,2,2,1.0
M0658,Aversion,Aversion,1,3,0.3333333333333333
M0658,Aversion,Neutral,2,3,0.6666666666666666
M0658,Aversion,Appreciation,0,3,0.0
M0658,Neutral,Aversion,2,14,0.14285714285714285
M0658,Neutral,Neutral,11,14,0.7857142857142857
M0658,Neutral,Appreciation,1,14,0.07142857142857142
M0658,Appreciation,Aversion,0,8,0.0
M0658,Appreciation,Neutral,1,8,0.125
M0658,Appreciation,Appreciation,7,8,0.875
M0659,Aversion,Aversion,3,4,0.75
M0659,Aversion,Neutral,1,4,0.25
M0659,Aversion,Appreciation,0,4,0.0
M0659,Neutral,Aversion,2,13,0.15384615384615385
M0659,Neutral,Neutral,10,13,0.7692307692307693
M0659,Neutral,Appreciation,1,13,0.07692307692307693
M0659,Appreciation,Aversion,0,8,0.0
M0659,Appreciation,Neutral,1,8,0.125
M0659,Appreciation,Appreciation,7,8,0.875
M0660,Aversion,Aversion,3,7,0.42857142857142855
M0660,Aversion,Neutral,4,7,0.5714285714285714
M0660,Aversion,Appreciation,0,7,0.0
M0660,Neutral,Aversion,4,9,0.4444444444444444
M0660,Neutral,Neutral,4,9,0.4444444444444444
M0660,Neutral,Appreciation,1,9,0.1111111111111111
M0660,Appreciation,Aversion,0,9,0.0
M0660,Appreciation,Neutral,0,9,0.0
M0660,Appreciation,Appreciation,9,9,1.0
M0661,Aversion,Aversion,13,14,0.9285714285714286
M0661,Aversion,Neutral,1,14,0.07142857142857142
M0661,Aversion,Appreciation,0,14,0.0
M0661,Neutral,Aversion,2,11,0.18181818181818182
M0661,Neutral,Neutral,9,11,0.8181818181818182
M0661,Neutral,Appreciation,0,11,0.0
M0661,Appreciation,Aversion,0,0,
M0661,Appreciation,Neutral,0,0,
M0661,Appreciation,Appreciation,0,0,
M0662,Aversion,Aversion,7,13,0.5384615384615384
M0662,Aversion,Neutral,5,13,0.38461538461538464
M0662,Aversion,Appreciation,1,13,0.07692307692307693
M0662,Neutral,Aversion,7,10,0.7
M0662,Neutral,Neutral,3,10,0.3
M0662,Neutral,Appreciation,0,10,0.0
M0662,Appreciation,Aversion,0,2,0.0
M0662,Appreciation,Neutral,1,2,0.5
M0662,Appreciation,Appreciation,1,2,0.5
M0663,Aversion,Aversion,0,0,
M0663,Aversion,Neutral,0,0,
M0663,Aversion,Appreciation,0,0,
M0663,Neutral,Aversion,0,11,0.0
M0663,Neutral,Neutral,9,11,0.8181818181818182
M0663,Neutral,Appreciation,2,11,0.18181818181818182
M0663,Appreciation,Aversion,0,14,0.0
M0663,Appreciation,Neutral,2,14,0.14285714285714285
M0663,Appreciation,Appreciation,12,14,0.8571428571428571
M0664,Aversion,Aversion,6,11,0.5454545454545454
M0664,Aversion,Neutral,5,11,0.45454545454545453
M0664,Aversion,Appreciation,0,11,0.0
M0664,Neutral,Aversion,5,8,0.625
M0664,Neutral,Neutral,2,8,0.25
M0664,Neutral,Appreciation,1,8,0.125
M0664,Appreciation,Aversion,0,6,0.0
M0664,Appreciation,Neutral,0,6,0.0
M0664,Appreciation,Appreciation,6,6,1.0
M0665,Aversion,Aversion,11,16,0.6875
M0665,Aversion,Neutral,5,16,0.3125
M0665,Aversion,Appreciation,0,16,0.0
M0665,Neutral,Aversion,6,9,0.6666666666666666
M0665,Neutral,Neutral,3,9,0.3333333333333333
M0665,Neutral,Appreciation,0,9,0.0
M0665,Appreciation,Aversion,0,0,
M0665,Appreciation,Neutral,0,0,
M0665,Appreciation,Appreciation,0,0,
M0666,Aversion,Aversion,4,8,0.5
M0666,Aversion,Neutral,3,8,0.375
M0666,Aversion,Appreciation,1,8,0.125
M0666,Neutral,Aversion,5,10,0.5
M0666,Neutral,Neutral,5,10,0.5
M0666,Neutral,Appreciation,0,10,0.0
M0666,Appreciation,Aversion,0,7,0.0
M0666,Appreciation,Neutral,1,7,0.14285714285714285
M0666,Appreciation,Appreciation,6,7,0.8571428571428571
M0667,Aversion,Aversion,7,10,0.7
M0667,Aversion,Neutral,3,10,0.3
M0667,Aversion,Appreciation,0,10,0.0
M0667,Neutral,Aversion,4,13,0.3076923076923077
M0667,Neutral,Neutral,8,13,0.6153846153846154
M0667,Neutral,Appreciation,1,13,0.07692307692307693
M0667,Appreciation,Aversion,0,2,0.0
M0667,Appreciation,Neutral,1,2,0.5
M0667,Appreciation,Appreciation,1,2,0.5
M0668,Aversion,Aversion,6,8,0.75
M0668,Aversion,Neutral,2,8,0.25
M0668,Aversion,Appreciation,0,8,0.0
M0668,Neutral,Aversion,2,12,0.16666666666666666
M0668,Neutral,Neutral,8,12,0.6666666666666666
M0668,Neutral,Appreciation,2,12,0.16666666666666666
M0668,Appreciation,Aversion,0,5,0.0
M0668,Appreciation,Neutral,1,5,0.2
M0668,Appreciation,Appreciation,4,5,0.8
M0669,Aversion,Aversion,3,5,0.6
M0669,Aversion,Neutral,2,5,0.4
M0669,Aversion,Appreciation,0,5,0.0
M0669,Neutral,Aversion,3,15,0.2
M0669,Neutral,Neutral,11,15,0.7333333333333333
M0669,Neutral,Appreciation,1,15,0.06666666666666667
M0669,Appreciation,Aversion,0,5,0.0
M0669,Appreciation,Neutral,1,5,0.2
M0669,Appreciation,Appreciation,4,5,0.8
M0670,Aversion,Aversion,7,13,0.5384615384615384
M0670,Aversion,Neutral,5,13,0.38461538461538464
M0670,Aversion,Appreciation,1,13,0.07692307692307693
M0670,Neutral,Aversion,6,8,0.75
M0670,Neutral,Neutral,2,8,0.25
M0670,Neutral,Appreciation,0,8,0.0
M0670,Appreciation,Aversion,0,4,0.0
M0670,Appreciation,Neutral,1,4,0.25
M0670,Appreciation,Appreciation,3,4,0.75
M0671,Aversion,Aversion,10,15,0.6666666666666666
M0671,Aversion,Neutral,5,15,0.3333333333333333
M0671,Aversion,Appreciation,0,15,0.0
M0671,Neutral,Aversion,6,10,0.6
M0671,Neutral,Neutral,4,10,0.4
M0671,Neutral,Appreciation,0,10,0.0
M0671,Appreciation,Aversion,0,0,
M0671,Appreciation,Neutral,0,0,
M0671,Appreciation,Appreciation,0,0,
M0672,Aversion,Aversion,5,6,0.8333333333333334
M0672,Aversion,Neutral,1,6,0.16666666666666666
M0672,Aversion,Appreciation,0,6,0.0
M0672,Neutral,Aversion,1,16,0.0625
M0672,Neutral,Neutral,14,16,0.875
M0672,Neutral,Appreciation,1,16,0.0625
M0672,Appreciation,Aversion,0,3,0.0
M0672,Appreciation,Neutral,0,3,0.0
M0672,Appreciation,Appreciation,3,3,1.0
M0673,Aversion,Aversion,10,12,0.8333333333333334
M0673,Aversion,Neutral,2,12,0.16666666666666666
M0673,Aversion,Appreciation,0,12,0.0
M0673,Neutral,Aversion,3,13,0.23076923076923078
M0673,Neutral,Neutral,10,13,0.7692307692307693
M0673,Neutral,Appreciation,0,13,0.0
M0673,Appreciation,Aversion,0,0,
M0673,Appreciation,Neutral,0,0,
M0673,Appreciation,Appreciation,0,0,
M0674,Aversion,Aversion,8,12,0.6666666666666666
M0674,Aversion,Neutral,4,12,0.3333333333333333
M0674,Aversion,Appreciation,0,12,0.0
M0674,Neutral,Aversion,4,13,0.3076923076923077
M0674,Neutral,Neutral,9,13,0.6923076923076923
M0674,Neutral,Appreciation,0,13,0.0
M0674,Appreciation,Aversion,0,0,
M0674,Appreciation,Neutral,0,0,
M0674,Appreciation,Appreciation,0,0,
M0675,Aversion,Aversion,0,1,0.0
M0675,Aversion,Neutral,1,1,1.0
M0675,Aversion,Appreciation,0,1,0.0
M0675,Neutral,Aversion,1,14,0.07142857142857142
M0675,Neutral,Neutral,12,14,0.8571428571428571
M0675,Neutral,Appreciation,1,14,0.07142857142857142
M0675,Appreciation,Aversion,0,10,0.0
M0675,Appreciation,Neutral,1,10,0.1
M0675,Appreciation,Appreciation,9,10,0.9
M0676,Aversion,Aversion,15,18,0.8333333333333334
M0676,Aversion,Neutral,3,18,0.16666666666666666
M0676,Aversion,Appreciation,0,18,0.0
M0676,Neutral,Aversion,4,7,0.5714285714285714
M0676,Neutral,Neutral,3,7,0.42857142857142855
M0676,Neutral,Appreciation,0,7,0.0
M0676,Appreciation,Aversion,0,0,
M0676,Appreciation,Neutral,0,0,
M0676,Appreciation,Appreciation,0,0,
M0677,Aversion,Aversion,1,2,0.5
M0677,Aversion,Neutral,1,2,0.5
M0677,Aversion,Appreciation,0,2,0.0
M0677,Neutral,Aversion,1,14,0.07142857142857142
M0677,Neutral,Neutral,12,14,0.8571428571428571
M0677,Neutral,Appreciation,1,14,0.07142857142857142
M0677,Appreciation,Aversion,0,9,0.0
M0677,Appreciation,Neutral,0,9,0.0
M0677,Appreciation,Appreciation,9,9,1.0
M0678,Aversion,Aversion,10,15,0.6666666666666666
M0678,Aversion,Neutral,5,15,0.3333333333333333
M0678,Aversion,Appreciation,0,15,0.0
M0678,Neutral,Aversion,5,10,0.5
M0678,Neutral,Neutral,5,10,0.5
M0678,Neutral,Appreciation,0,10,0.0
M0678,Appreciation,Aversion,0,0,
M0678,Appreciation,Neutral,0,0,
M0678,Appreciation,Appreciation,0,0,
M0679,Aversion,Aversion,6,10,0.6
M0679,Aversion,Neutral,4,10,0.4
M0679,Aversion,Appreciation,0,10,0.0
M0679,Neutral,Aversion,3,9,0.3333333333333333
M0679,Neutral,Neutral,5,9,0.5555555555555556
M0679,Neutral,Appreciation,1,9,0.1111111111111111
M0679,Appreciation,Aversion,0,6,0.0
M0679,Appreciation,Neutral,1,6,0.16666666666666666
M0679,Appreciation,Appreciation,5,6,0.8333333333333334
M0680,Aversion,Aversion,0,3,0.0
M0680,Aversion,Neutral,3,3,1.0
M0680,Aversion,Appreciation,0,3,0.0
M0680,Neutral,Aversion,3,11,0.2727272727272727
M0680,Neutral,Neutral,7,11,0.6363636363636364
M0680,Neutral,Appreciation,1,11,0.09090909090909091
M0680,Appreciation,Aversion,0,11,0.0
M0680,Appreciation,Neutral,0,11,0.0
M0680,Appreciation,Appreciation,11,11,1.0
M0681,Aversion,Aversion,16,19,0.8421052631578947
M0681,Aversion,Neutral,3,19,0.15789473684210525
M0681,Aversion,Appreciation,0,19,0.0
M0681,Neutral,Aversion,3,6,0.5
M0681,Neutral,Neutral,3,6,0.5
M0681,Neutral,Appreciation,0,6,0.0
M0681,Appreciation,Aversion,0,0,
M0681,Appreciation,Neutral,0,0,
M0681,Appreciation,Appreciation,0,0,
M0682,Aversion,Aversion,3,5,0.6
M0682,Aversion,Neutral,2,5,0.4
M0682,Aversion,Appreciation,0,5,0.0
M0682,Neutral,Aversion,2,8,0.25
M0682,Neutral,Neutral,5,8,0.625
M0682,Neutral,Appreciation,1,8,0.125
M0682,Appreciation,Aversion,0,12,0.0
M0682,Appreciation,Neutral,0,12,0.0
M0682,Appreciation,Appreciation,12,12,1.0
M0683,Aversion,Aversion,12,15,0.8
M0683,Aversion,Neutral,3,15,0.2
M0683,Aversion,Appreciation,0,15,0.0
M0683,Neutral,Aversion,4,10,0.4
M0683,Neutral,Neutral,6,10,0.6
M0683,Neutral,Appreciation,0,10,0.0
M0683,Appreciation,Aversion,0,0,
M0683,Appreciation,Neutral,0,0,
M0683,Appreciation,Appreciation,0,0,
M0684,Aversion,Aversion,2,5,0.4
M0684,Aversion,Neutral,3,5,0.6
M0684,Aversion,Appreciation,0,5,0.0
M0684,Neutral,Aversion,3,14,0.21428571428571427
M0684,Neutral,Neutral,10,14,0.7142857142857143
M0684,Neutral,Appreciation,1,14,0.07142857142857142
M0684,Appreciation,Aversion,0,6,0.0
M0684,Appreciation,Neutral,1,6,0.16666666666666666
M0684,Appreciation,Appreciation,5,6,0.8333333333333334
M0685,Aversion,Aversion,0,0,
M0685,Aversion,Neutral,0,0,
M0685,Aversion,Appreciation,0,0,
M0685,Neutral,Aversion,0,11,0.0
M0685,Neutral,Neutral,10,11,0.9090909090909091
M0685,Neutral,Appreciation,1,11,0.09090909090909091
M0685,Appreciation,Aversion,0,14,0.0
M0685,Appreciation,Neutral,0,14,0.0
M0685,Appreciation,Appreciation,14,14,1.0
M0686,Aversion,Aversion,2,6,0.3333333333333333
M0686,Aversion,Neutral,4,6,0.6666666666666666
M0686,Aversion,Appreciation,0,6,0.0
M0686,Neutral,Aversion,4,11,0.36363636363636365
M0686,Neutral,Neutral,6,11,0.5454545454545454
M0686,Neutral,Appreciation,1,11,0.09090909090909091
M0686,Appreciation,Aversion,0,8,0.0
M0686,Appreciation,Neutral,0,8,0.0
M0686,Appreciation,Appreciation,8,8,1.0
M0687,Aversion,Aversion,11,15,0.7333333333333333
M0687,Aversion,Neutral,4,15,0.26666666666666666
M0687,Aversion,Appreciation,0,15,0.0
M0687,Neutral,Aversion,5,10,0.5
M0687,Neutral,Neutral,5,10,0.5
M0687,Neutral,Appreciation,0,10,0.0
M0687,Appreciation,Aversion,0,0,
M0687,Appreciation,Neutral,0,0,
M0687,Appreciation,Appreciation,0,0,
M0688,Aversion,Aversion,6,11,0.5454545454545454
M0688,Aversion,Neutral,5,11,0.45454545454545453
M0688,Aversion,Appreciation,0,11,0.0
M0688,Neutral,Aversion,5,14,0.35714285714285715
M0688,Neutral,Neutral,9,14,0.6428571428571429
M0688,Neutral,Appreciation,0,14,0.0
M0688,Appreciation,Aversion,0,0,
M0688,Appreciation,Neutral,0,0,
M0688,Appreciation,Appreciation,0,0,
M0689,Aversion,Aversion,6,10,0.6
M0689,Aversion,Neutral,4,10,0.4
M0689,Aversion,Appreciation,0,10,0.0
M0689,Neutral,Aversion,5,10,0.5
M0689,Neutral,Neutral,4,10,0.4
M0689,Neutral,Appreciation,1,10,0.1
M0689,Appreciation,Aversion,0,5,0.0
M0689,Appreciation,Neutral,1,5,0.2
M0689,Appreciation,Appreciation,4,5,0.8
M0690,Aversion,Aversion,12,15,0.8
M0690,Aversion,Neutral,3,15,0.2
M0690,Aversion,Appreciation,0,15,0.0
M0690,Neutral,Aversion,4,8,0.5
M0690,Neutral,Neutral,3,8,0.375
M0690,Neutral,Appreciation,1,8,0.125
M0690,Appreciation,Aversion,0,2,0.0
M0690,Appreciation,Neutral,1,2,0.5
M0690,Appreciation,Appreciation,1,2,0.5
M0691,Aversion,Aversion,4,7,0.5714285714285714
M0691,Aversion,Neutral,3,7,0.42857142857142855
M0691,Aversion,Appreciation,0,7,0.0
M0691,Neutral,Aversion,4,15,0.26666666666666666
M0691,Neutral,Neutral,10,15,0.6666666666666666
M0691,Neutral,Appreciation,1,15,0.06666666666666667
M0691,Appreciation,Aversion,0,3,0.0
M0691,Appreciation,Neutral,1,3,0.3333333333333333
M0691,Appreciation,Appreciation,2,3,0.6666666666666666
M0692,Aversion,Aversion,16,17,0.9411764705882353
M0692,Aversion,Neutral,0,17,0.0
M0692,Aversion,Appreciation,1,17,0.058823529411764705
M0692,Neutral,Aversion,2,7,0.2857142857142857
M0692,Neutral,Neutral,5,7,0.7142857142857143
M0692,Neutral,Appreciation,0,7,0.0
M0692,Appreciation,Aversion,0,1,0.0
M0692,Appreciation,Neutral,1,1,1.0
M0692,Appreciation,Appreciation,0,1,0.0
M0693,Aversion,Aversion,8,10,0.8
M0693,Aversion,Neutral,2,10,0.2
M0693,Aversion,Appreciation,0,10,0.0
M0693,Neutral,Aversion,2,14,0.14285714285714285
M0693,Neutral,Neutral,11,14,0.7857142857142857
M0693,Neutral,Appreciation,1,14,0.07142857142857142
M0693,Appreciation,Aversion,0,1,0.0
M0693,Appreciation,Neutral,1,1,1.0
M0693,Appreciation,Appreciation,0,1,0.0
M0694,Aversion,Aversion,7,8,0.875
M0694,Aversion,Neutral,1,8,0.125
M0694,Aversion,Appreciation,0,8,0.0
M0694,Neutral,Aversion,2,15,0.13333333333333333
M0694,Neutral,Neutral,12,15,0.8
M0694,Neutral,Appreciation,1,15,0.06666666666666667
M0694,Appreciation,Aversion,0,2,0.0
M0694,Appreciation,Neutral,1,2,0.5
M0694,Appreciation,Appreciation,1,2,0.5
M0695,Aversion,Aversion,1,3,0.3333333333333333
M0695,Aversion,Neutral,2,3,0.6666666666666666
M0695,Aversion,Appreciation,0,3,0.0
M0695,Neutral,Aversion,2,12,0.16666666666666666
M0695,Neutral,Neutral,9,12,0.75
M0695,Neutral,Appreciation,1,12,0.08333333333333333
M0695,Appreciation,Aversion,0,10,0.0
M0695,Appreciation,Neutral,0,10,0.0
M0695,Appreciation,Appreciation,10,10,1.0
M0696,Aversion,Aversion,7,11,0.6363636363636364
M0696,Aversion,Neutral,3,11,0.2727272727272727
M0696,Aversion,Appreciation,1,11,0.09090909090909091
M0696,Neutral,Aversion,5,13,0.38461538461538464
M0696,Neutral,Neutral,8,13,0.6153846153846154
M0696,Neutral,Appreciation,0,13,0.0
M0696,Appreciation,Aversion,0,1,0.0
M0696,Appreciation,Neutral,1,1,1.0
M0696,Appreciation,Appreciation,0,1,0.0
M0697,Aversion,Aversion,9,11,0.8181818181818182
M0697,Aversion,Neutral,2,11,0.18181818181818182
M0697,Aversion,Appreciation,0,11,0.0
M0697,Neutral,Aversion,3,12,0.25
M0697,Neutral,Neutral,8,12,0.6666666666666666
M0697,Neutral,Appreciation,1,12,0.08333333333333333
M0697,Appreciation,Aversion,0,2,0.0
M0697,Appreciation,Neutral,1,2,0.5
M0697,Appreciation,Appreciation,1,2,0.5
M0698,Aversion,Aversion,8,9,0.8888888888888888
M0698,Aversion,Neutral,1,9,0.1111111111111111
M0698,Aversion,Appreciation,0,9,0.0
M0698,Neutral,Aversion,2,16,0.125
M0698,Neutral,Neutral,14,16,0.875
M0698,Neutral,Appreciation,0,16,0.0
M0698,Appreciation,Aversion,0,0,
M0698,Appreciation,Neutral,0,0,
M0698,Appreciation,Appreciation,0,0,
M0699,Aversion,Aversion,2,3,0.6666666666666666
M0699,Aversion,Neutral,1,3,0.3333333333333333
M0699,Aversion,Appreciation,0,3,0.0
M0699,Neutral,Aversion,1,11,0.09090909090909091
M0699,Neutral,Neutral,8,11,0.7272727272727273
M0699,Neutral,Appreciation,2,11,0.18181818181818182
M0699,Appreciation,Aversion,0,11,0.0
M0699,Appreciation,Neutral,1,11,0.09090909090909091
M0699,Appreciation,Appreciation,10,11,0.9090909090909091
M0700,Aversion,Aversion,3,6,0.5
M0700,Aversion,Neutral,3,6,0.5
M0700,Aversion,Appreciation,0,6,0.0
M0700,Neutral,Aversion,3,10,0.3
M0700,Neutral,Neutral,6,10,0.6
M0700,Neutral,Appreciation,1,10,0.1
M0700,Appreciation,Aversion,0,9,0.0
M0700,Appreciation,Neutral,0,9,0.0
M0700,Appreciation,Appreciation,9,9,1.0
M0701,Aversion,Aversion,6,10,0.6
M0701,Aversion,Neutral,3,10,0.3
M0701,Aversion,Appreciation,1,10,0.1
M0701,Neutral,Aversion,4,14,0.2857142857142857
M0701,Neutral,Neutral,9,14,0.6428571428571429
M0701,Neutral,Appreciation,1,14,0.07142857142857142
M0701,Appreciation,Aversion,0,1,0.0
M0701,Appreciation,Neutral,1,1,1.0
M0701,Appreciation,Appreciation,0,1,0.0
M0702,Aversion,Aversion,7,9,0.7777777777777778
M0702,Aversion,Neutral,2,9,0.2222222222222222
M0702,Aversion,Appreciation,0,9,0.0
M0702,Neutral,Aversion,3,11,0.2727272727272727
M0702,Neutral,Neutral,7,11,0.6363636363636364
M0702,Neutral,Appreciation,1,11,0.09090909090909091
M0702,Appreciation,Aversion,0,5,0.0
M0702,Appreciation,Neutral,1,5,0.2
M0702,Appreciation,Appreciation,4,5,0.8
M0703,Aversion,Aversion,7,9,0.7777777777777778
M0703,Aversion,Neutral,2,9,0.2222222222222222
M0703,Aversion,Appreciation,0,9,0.0
M0703,Neutral,Aversion,2,11,0.18181818181818182
M0703,Neutral,Neutral,8,11,0.7272727272727273
M0703,Neutral,Appreciation,1,11,0.09090909090909091
M0703,Appreciation,Aversion,0,5,0.0
M0703,Appreciation,Neutral,1,5,0.2
M0703,Appreciation,Appreciation,4,5,0.8
M0704,Aversion,Aversion,5,8,0.625
M0704,Aversion,Neutral,2,8,0.25
M0704,Aversion,Appreciation,1,8,0.125
M0704,Neutral,Aversion,4,15,0.26666666666666666
M0704,Neutral,Neutral,11,15,0.7333333333333333
M0704,Neutral,Appreciation,0,15,0.0
M0704,Appreciation,Aversion,0,2,0.0
M0704,Appreciation,Neutral,1,2,0.5
M0704,Appreciation,Appreciation,1,2,0.5
M0705,Aversion,Aversion,7,8,0.875
M0705,Aversion,Neutral,0,8,0.0
M0705,Aversion,Appreciation,1,8,0.125
M0705,Neutral,Aversion,1,14,0.07142857142857142
M0705,Neutral,Neutral,12,14,0.8571428571428571
M0705,Neutral,Appreciation,1,14,0.07142857142857142
M0705,Appreciation,Aversion,0,3,0.0
M0705,Appreciation,Neutral,1,3,0.3333333333333333
M0705,Appreciation,Appreciation,2,3,0.6666666666666666
M0706,Aversion,Aversion,13,17,0.7647058823529411
M0706,Aversion,Neutral,4,17,0.23529411764705882
M0706,Aversion,Appreciation,0,17,0.0
M0706,Neutral,Aversion,4,6,0.6666666666666666
M0706,Neutral,Neutral,1,6,0.16666666666666666
M0706,Neutral,Appreciation,1,6,0.16666666666666666
M0706,Appreciation,Aversion,0,2,0.0
M0706,Appreciation,Neutral,0,2,0.0
M0706,Appreciation,Appreciation,2,2,1.0
M0707,Aversion,Aversion,10,12,0.8333333333333334
M0707,Aversion,Neutral,2,12,0.16666666666666666
M0707,Aversion,Appreciation,0,12,0.0
M0707,Neutral,Aversion,2,10,0.2
M0707,Neutral,Neutral,7,10,0.7
M0707,Neutral,Appreciation,1,10,0.1
M0707,Appreciation,Aversion,0,3,0.0
M0707,Appreciation,Neutral,0,3,0.0
M0707,Appreciation,Appreciation,3,3,1.0
M0708,Aversion,Aversion,10,14,0.7142857142857143
M0708,Aversion,Neutral,4,14,0.2857142857142857
M0708,Aversion,Appreciation,0,14,0.0
M0708,Neutral,Aversion,4,10,0.4
M0708,Neutral,Neutral,5,10,0.5
M0708,Neutral,Appreciation,1,10,0.1
M0708,Appreciation,Aversion,1,1,1.0
M0708,Appreciation,Neutral,0,1,0.0
M0708,Appreciation,Appreciation,0,1,0.0
M0709,Aversion,Aversion,11,11,1.0
M0709,Aversion,Neutral,0,11,0.0
M0709,Aversion,Appreciation,0,11,0.0
M0709,Neutral,Aversion,1,14,0.07142857142857142
M0709,Neutral,Neutral,13,14,0.9285714285714286
M0709,Neutral,Appreciation,0,14,0.0
M0709,Appreciation,Aversion,0,0,
M0709,Appreciation,Neutral,0,0,
M0709,Appreciation,Appreciation,0,0,
M0710,Aversion,Aversion,14,17,0.8235294117647058
M0710,Aversion,Neutral,3,17,0.17647058823529413
M0710,Aversion,Appreciation,0,17,0.0
M0710,Neutral,Aversion,3,5,0.6
M0710,Neutral,Neutral,1,5,0.2
M0710,Neutral,Appreciation,1,5,0.2
M0710,Appreciation,Aversion,0,3,0.0
M0710,Appreciation,Neutral,0,3,0.0
M0710,Appreciation,Appreciation,3,3,1.0
M0711,Aversion,Aversion,8,11,0.7272727272727273
M0711,Aversion,Neutral,3,11,0.2727272727272727
M0711,Aversion,Appreciation,0,11,0.0
M0711,Neutral,Aversion,3,12,0.25
M0711,Neutral,Neutral,8,12,0.6666666666666666
M0711,Neutral,Appreciation,1,12,0.08333333333333333
M0711,Appreciation,Aversion,0,2,0.0
M0711,Appreciation,Neutral,1,2,0.5
M0711,Appreciation,Appreciation,1,2,0.5
M0712,Aversion,Aversion,3,5,0.6
M0712,Aversion,Neutral,1,5,0.2
M0712,Aversion,Appreciation,1,5,0.2
M0712,Neutral,Aversion,2,11,0.18181818181818182
M0712,Neutral,Neutral,9,11,0.8181818181818182
M0712,Neutral,Appreciation,0,11,0.0
M0712,Appreciation,Aversion,1,9,0.1111111111111111
M0712,Appreciation,Neutral,0,9,0.0
M0712,Appreciation,Appreciation,8,9,0.8888888888888888
M0713,Aversion,Aversion,4,9,0.4444444444444444
M0713,Aversion,Neutral,5,9,0.5555555555555556
M0713,Aversion,Appreciation,0,9,0.0
M0713,Neutral,Aversion,5,16,0.3125
M0713,Neutral,Neutral,11,16,0.6875
M0713,Neutral,Appreciation,0,16,0.0
M0713,Appreciation,Aversion,0,0,
M0713,Appreciation,Neutral,0,0,
M0713,Appreciation,Appreciation,0,0,
M0714,Aversion,Aversion,6,7,0.8571428571428571
M0714,Aversion,Neutral,1,7,0.14285714285714285
M0714,Aversion,Appreciation,0,7,0.0
M0714,Neutral,Aversion,1,10,0.1
M0714,Neutral,Neutral,8,10,0.8
M0714,Neutral,Appreciation,1,10,0.1
M0714,Appreciation,Aversion,0,8,0.0
M0714,Appreciation,Neutral,0,8,0.0
M0714,Appreciation,Appreciation,8,8,1.0
M0715,Aversion,Aversion,1,3,0.3333333333333333
M0715,Aversion,Neutral,2,3,0.6666666666666666
M0715,Aversion,Appreciation,0,3,0.0
M0715,Neutral,Aversion,2,14,0.14285714285714285
M0715,Neutral,Neutral,9,14,0.6428571428571429
M0715,Neutral,Appreciation,3,14,0.21428571428571427
M0715,Appreciation,Aversion,0,8,0.0
M0715,Appreciation,Neutral,2,8,0.25
M0715,Appreciation,Appreciation,6,8,0.75
M0716,Aversion,Aversion,8,9,0.8888888888888888
M0716,Aversion,Neutral,1,9,0.1111111111111111
M0716,Aversion,Appreciation,0,9,0.0
M0716,Neutral,Aversion,2,10,0.2
M0716,Neutral,Neutral,7,10,0.7
M0716,Neutral,Appreciation,1,10,0.1
M0716,Appreciation,Aversion,0,6,0.0
M0716,Appreciation,Neutral,1,6,0.16666666666666666
M0716,Appreciation,Appreciation,5,6,0.8333333333333334
M0717,Aversion,Aversion,0,0,
M0717,Aversion,Neutral,0,0,
M0717,Aversion,Appreciation,0,0,
M0717,Neutral,Aversion,0,18,0.0
M0717,Neutral,Neutral,16,18,0.8888888888888888
M0717,Neutral,Appreciation,2,18,0.1111111111111111
M0717,Appreciation,Aversion,0,7,0.0
M0717,Appreciation,Neutral,1,7,0.14285714285714285
M0717,Appreciation,Appreciation,6,7,0.8571428571428571
M0718,Aversion,Aversion,9,13,0.6923076923076923
M0718,Aversion,Neutral,4,13,0.3076923076923077
M0718,Aversion,Appreciation,0,13,0.0
M0718,Neutral,Aversion,5,12,0.4166666666666667
M0718,Neutral,Neutral,7,12,0.5833333333333334
M0718,Neutral,Appreciation,0,12,0.0
M0718,Appreciation,Aversion,0,0,
M0718,Appreciation,Neutral,0,0,
M0718,Appreciation,Appreciation,0,0,
M0719,Aversion,Aversion,0,0,
M0719,Aversion,Neutral,0,0,
M0719,Aversion,Appreciation,0,0,
M0719,Neutral,Aversion,0,14,0.0
M0719,Neutral,Neutral,12,14,0.8571428571428571
M0719,Neutral,Appreciation,2,14,0.14285714285714285
M0719,Appreciation,Aversion,0,11,0.0
M0719,Appreciation,Neutral,1,11,0.09090909090909091
M0719,Appreciation,Appreciation,10,11,0.9090909090909091
M0720,Aversion,Aversion,2,5,0.4
M0720,Aversion,Neutral,3,5,0.6
M0720,Aversion,Appreciation,0,5,0.0
M0720,Neutral,Aversion,4,17,0.23529411764705882
M0720,Neutral,Neutral,12,17,0.7058823529411765
M0720,Neutral,Appreciation,1,17,0.058823529411764705
M0720,Appreciation,Aversion,0,3,0.0
M0720,Appreciation,Neutral,1,3,0.3333333333333333
M0720,Appreciation,Appreciation,2,3,0.6666666666666666
M0721,Aversion,Aversion,4,9,0.4444444444444444
M0721,Aversion,Neutral,5,9,0.5555555555555556
M0721,Aversion,Appreciation,0,9,0.0
M0721,Neutral,Aversion,5,12,0.4166666666666667
M0721,Neutral,Neutral,6,12,0.5
M0721,Neutral,Appreciation,1,12,0.08333333333333333
M0721,Appreciation,Aversion,0,4,0.0
M0721,Appreciation,Neutral,0,4,0.0
M0721,Appreciation,Appreciation,4,4,1.0
M0722,Aversion,Aversion,6,9,0.6666666666666666
M0722,Aversion,Neutral,3,9,0.3333333333333333
M0722,Aversion,Appreciation,0,9,0.0
M0722,Neutral,Aversion,4,16,0.25
M0722,Neutral,Neutral,12,16,0.75
M0722,Neutral,Appreciation,0,16,0.0
M0722,Appreciation,Aversion,0,0,
M0722,Appreciation,Neutral,0,0,
M0722,Appreciation,Appreciation,0,0,
M0723,Aversion,Aversion,7,9,0.7777777777777778
M0723,Aversion,Neutral,2,9,0.2222222222222222
M0723,Aversion,Appreciation,0,9,0.0
M0723,Neutral,Aversion,2,15,0.13333333333333333
M0723,Neutral,Neutral,12,15,0.8
M0723,Neutral,Appreciation,1,15,0.06666666666666667
M0723,Appreciation,Aversion,0,1,0.0
M0723,Appreciation,Neutral,0,1,0.0
M0723,Appreciation,Appreciation,1,1,1.0
M0724,Aversion,Aversion,9,12,0.75
M0724,Aversion,Neutral,3,12,0.25
M0724,Aversion,Appreciation,0,12,0.0
M0724,Neutral,Aversion,3,11,0.2727272727272727
M0724,Neutral,Neutral,7,11,0.6363636363636364
M0724,Neutral,Appreciation,1,11,0.09090909090909091
M0724,Appreciation,Aversion,0,2,0.0
M0724,Appreciation,Neutral,1,2,0.5
M0724,Appreciation,Appreciation,1,2,0.5
M0725,Aversion,Aversion,3,8,0.375
M0725,Aversion,Neutral,5,8,0.625
M0725,Aversion,Appreciation,0,8,0.0
M0725,Neutral,Aversion,5,9,0.5555555555555556
M0725,Neutral,Neutral,3,9,0.3333333333333333
M0725,Neutral,Appreciation,1,9,0.1111111111111111
M0725,Appreciation,Aversion,0,8,0.0
M0725,Appreciation,Neutral,0,8,0.0
M0725,Appreciation,Appreciation,8,8,1.0
M0726,Aversion,Aversion,1,3,0.3333333333333333
M0726,Aversion,Neutral,2,3,0.6666666666666666
M0726,Aversion,Appreciation,0,3,0.0
M0726,Neutral,Aversion,2,18,0.1111111111111111
M0726,Neutral,Neutral,14,18,0.7777777777777778
M0726,Neutral,Appreciation,2,18,0.1111111111111111
M0726,Appreciation,Aversion,0,4,0.0
M0726,Appreciation,Neutral,1,4,0.25
M0726,Appreciation,Appreciation,3,4,0.75
M0727,Aversion,Aversion,0,1,0.0
M0727,Aversion,Neutral,1,1,1.0
M0727,Aversion,Appreciation,0,1,0.0
M0727,Neutral,Aversion,1,12,0.08333333333333333
M0727,Neutral,Neutral,9,12,0.75
M0727,Neutral,Appreciation,2,12,0.16666666666666666
M0727,Appreciation,Aversion,0,12,0.0
M0727,Appreciation,Neutral,1,12,0.08333333333333333
M0727,Appreciation,Appreciation,11,12,0.9166666666666666
M0728,Aversion,Aversion,0,0,
M0728,Aversion,Neutral,0,0,
M0728,Aversion,Appreciation,0,0,
M0728,Neutral,Aversion,0,15,0.0
M0728,Neutral,Neutral,13,15,0.8666666666666667
M0728,Neutral,Appreciation,2,15,0.13333333333333333
M0728,Appreciation,Aversion,0,10,0.0
M0728,Appreciation,Neutral,1,10,0.1
M0728,Appreciation,Appreciation,9,10,0.9
M0729,Aversion,Aversion,2,2,1.0
M0729,Aversion,Neutral,0,2,0.0
M0729,Aversion,Appreciation,0,2,0.0
M0729,Neutral,Aversion,1,16,0.0625
M0729,Neutral,Neutral,14,16,0.875
M0729,Neutral,Appreciation,1,16,0.0625
M0729,Appreciation,Aversion,0,7,0.0
M0729,Appreciation,Neutral,1,7,0.14285714285714285
M0729,Appreciation,Appreciation,6,7,0.8571428571428571
M0730,Aversion,Aversion,10,15,0.6666666666666666
M0730,Aversion,Neutral,5,15,0.3333333333333333
M0730,Aversion,Appreciation,0,15,0.0
M0730,Neutral,Aversion,5,9,0.5555555555555556
M0730,Neutral,Neutral,3,9,0.3333333333333333
M0730,Neutral,Appreciation,1,9,0.1111111111111111
M0730,Appreciation,Aversion,0,1,0.0
M0730,Appreciation,Neutral,0,1,0.0
M0730,Appreciation,Appreciation,1,1,1.0
M0731,Aversion,Aversion,14,17,0.8235294117647058
M0731,Aversion,Neutral,3,17,0.17647058823529413
M0731,Aversion,Appreciation,0,17,0.0
M0731,Neutral,Aversion,3,8,0.375
M0731,Neutral,Neutral,5,8,0.625
M0731,Neutral,Appreciation,0,8,0.0
M0731,Appreciation,Aversion,0,0,
M0731,Appreciation,Neutral,0,0,
M0731,Appreciation,Appreciation,0,0,
M0732,Aversion,Aversion,13,16,0.8125
M0732,Aversion,Neutral,3,16,0.1875
M0732,Aversion,Appreciation,0,16,0.0
M0732,Neutral,Aversion,4,9,0.4444444444444444
M0732,Neutral,Neutral,5,9,0.5555555555555556
M0732,Neutral,Appreciation,0,9,0.0
M0732,Appreciation,Aversion,0,0,
M0732,Appreciation,Neutral,0,0,
M0732,Appreciation,Appreciation,0,0,
M0733,Aversion,Aversion,4,4,1.0
M0733,Aversion,Neutral,0,4,0.0
M0733,Aversion,Appreciation,0,4,0.0
M0733,Neutral,Aversion,1,17,0.058823529411764705
M0733,Neutral,Neutral,15,17,0.8823529411764706
M0733,Neutral,Appreciation,1,17,0.058823529411764705
M0733,Appreciation,Aversion,0,4,0.0
M0733,Appreciation,Neutral,1,4,0.25
M0733,Appreciation,Appreciation,3,4,0.75
M0734,Aversion,Aversion,11,16,0.6875
M0734,Aversion,Neutral,5,16,0.3125
M0734,Aversion,Appreciation,0,16,0.0
M0734,Neutral,Aversion,6,9,0.6666666666666666
M0734,Neutral,Neutral,3,9,0.3333333333333333
M0734,Neutral,Appreciation,0,9,0.0
M0734,Appreciation,Aversion,0,0,
M0734,Appreciation,Neutral,0,0,
M0734,Appreciation,Appreciation,0,0,
M0735,Aversion,Aversion,0,0,
M0735,Aversion,Neutral,0,0,
M0735,Aversion,Appreciation,0,0,
M0735,Neutral,Aversion,0,14,0.0
M0735,Neutral,Neutral,12,14,0.8571428571428571
M0735,Neutral,Appreciation,2,14,0.14285714285714285
M0735,Appreciation,Aversion,0,11,0.0
M0735,Appreciation,Neutral,1,11,0.09090909090909091
M0735,Appreciation,Appreciation,10,11,0.9090909090909091
M0736,Aversion,Aversion,7,11,0.6363636363636364
M0736,Aversion,Neutral,4,11,0.36363636363636365
M0736,Aversion,Appreciation,0,11,0.0
M0736,Neutral,Aversion,4,13,0.3076923076923077
M0736,Neutral,Neutral,8,13,0.6153846153846154
M0736,Neutral,Appreciation,1,13,0.07692307692307693
M0736,Appreciation,Aversion,0,1,0.0
M0736,Appreciation,Neutral,0,1,0.0
M0736,Appreciation,Appreciation,1,1,1.0
M0737,Aversion,Aversion,1,3,0.3333333333333333
M0737,Aversion,Neutral,2,3,0.6666666666666666
M0737,Aversion,Appreciation,0,3,0.0
M0737,Neutral,Aversion,3,16,0.1875
M0737,Neutral,Neutral,12,16,0.75
M0737,Neutral,Appreciation,1,16,0.0625
M0737,Appreciation,Aversion,0,6,0.0
M0737,Appreciation,Neutral,1,6,0.16666666666666666
M0737,Appreciation,Appreciation,5,6,0.8333333333333334
M0738,Aversion,Aversion,13,16,0.8125
M0738,Aversion,Neutral,3,16,0.1875
M0738,Aversion,Appreciation,0,16,0.0
M0738,Neutral,Aversion,4,9,0.4444444444444444
M0738,Neutral,Neutral,5,9,0.5555555555555556
M0738,Neutral,Appreciation,0,9,0.0
M0738,Appreciation,Aversion,0,0,
M0738,Appreciation,Neutral,0,0,
M0738,Appreciation,Appreciation,0,0,
M0739,Aversion,Aversion,0,2,0.0
M0739,Aversion,Neutral,2,2,1.0
M0739,Aversion,Appreciation,0,2,0.0
M0739,Neutral,Aversion,2,16,0.125
M0739,Neutral,Neutral,12,16,0.75
M0739,Neutral,Appreciation,2,16,0.125
M0739,Appreciation,Aversion,0,7,0.0
M0739,Appreciation,Neutral,2,7,0.2857142857142857
M0739,Appreciation,Appreciation,5,7,0.7142857142857143
M0740,Aversion,Aversion,8,11,0.7272727272727273
M0740,Aversion,Neutral,3,11,0.2727272727272727
M0740,Aversion,Appreciation,0,11,0.0
M0740,Neutral,Aversion,4,14,0.2857142857142857
M0740,Neutral,Neutral,10,14,0.7142857142857143
M0740,Neutral,Appreciation,0,14,0.0
M0740,Appreciation,Aversion,0,0,
M0740,Appreciation,Neutral,0,0,
M0740,Appreciation,Appreciation,0,0,
M0741,Aversion,Aversion,3,5,0.6
M0741,Aversion,Neutral,2,5,0.4
M0741,Aversion,Appreciation,0,5,0.0
M0741,Neutral,Aversion,3,20,0.15
M0741,Neutral,Neutral,17,20,0.85
M0741,Neutral,Appreciation,0,20,0.0
M0741,Appreciation,Aversion,0,0,
M0741,Appreciation,Neutral,0,0,
M0741,Appreciation,Appreciation,0,0,
M0742,Aversion,Aversion,6,6,1.0
M0742,Aversion,Neutral,0,6,0.0
M0742,Aversion,Appreciation,0,6,0.0
M0742,Neutral,Aversion,1,12,0.08333333333333333
M0742,Neutral,Neutral,10,12,0.8333333333333334
M0742,Neutral,Appreciation,1,12,0.08333333333333333
M0742,Appreciation,Aversion,0,7,0.0
M0742,Appreciation,Neutral,1,7,0.14285714285714285
M0742,Appreciation,Appreciation,6,7,0.8571428571428571
M0743,Aversion,Aversion,5,7,0.7142857142857143
M0743,Aversion,Neutral,2,7,0.2857142857142857
M0743,Aversion,Appreciation,0,7,0.0
M0743,Neutral,Aversion,2,18,0.1111111111111111
M0743,Neutral,Neutral,16,18,0.8888888888888888
M0743,Neutral,Appreciation,0,18,0.0
M0743,Appreciation,Aversion,0,0,
M0743,Appreciation,Neutral,0,0,
M0743,Appreciation,Appreciation,0,0,
M0744,Aversion,Aversion,6,10,0.6
M0744,Aversion,Neutral,4,10,0.4
M0744,Aversion,Appreciation,0,10,0.0
M0744,Neutral,Aversion,5,15,0.3333333333333333
M0744,Neutral,Neutral,10,15,0.6666666666666666
M0744,Neutral,Appreciation,0,15,0.0
M0744,Appreciation,Aversion,0,0,
M0744,Appreciation,Neutral,0,0,
M0744,Appreciation,Appreciation,0,0,
M0745,Aversion,Aversion,4,8,0.5
M0745,Aversion,Neutral,3,8,0.375
M0745,Aversion,Appreciation,1,8,0.125
M0745,Neutral,Aversion,4,13,0.3076923076923077
M0745,Neutral,Neutral,8,13,0.6153846153846154
M0745,Neutral,Appreciation,1,13,0.07692307692307693
M0745,Appreciation,Aversion,0,4,0.0
M0745,Appreciation,Neutral,1,4,0.25
M0745,Appreciation,Appreciation,3,4,0.75
M0746,Aversion,Aversion,4,4,1.0
M0746,Aversion,Neutral,0,4,0.0
M0746,Aversion,Appreciation,0,4,0.0
M0746,Neutral,Aversion,1,12,0.08333333333333333
M0746,Neutral,Neutral,9,12,0.75
M0746,Neutral,Appreciation,2,12,0.16666666666666666
M0746,Appreciation,Aversion,0,9,0.0
M0746,Appreciation,Neutral,2,9,0.2222222222222222
M0746,Appreciation,Appreciation,7,9,0.7777777777777778
M0747,Aversion,Aversion,0,0,
M0747,Aversion,Neutral,0,0,
M0747,Aversion,Appreciation,0,0,
M0747,Neutral,Aversion,0,10,0.0
M0747,Neutral,Neutral,8,10,0.8
M0747,Neutral,Appreciation,2,10,0.2
M0747,Appreciation,Aversion,0,15,0.0
M0747,Appreciation,Neutral,1,15,0.06666666666666667
M0747,Appreciation,Appreciation,14,15,0.9333333333333333
M0748,Aversion,Aversion,0,1,0.0
M0748,Aversion,Neutral,1,1,1.0
M0748,Aversion,Appreciation,0,1,0.0
M0748,Neutral,Aversion,1,15,0.06666666666666667
M0748,Neutral,Neutral,12,15,0.8
M0748,Neutral,Appreciation,2,15,0.13333333333333333
M0748,Appreciation,Aversion,0,9,0.0
M0748,Appreciation,Neutral,1,9,0.1111111111111111
M0748,Appreciation,Appreciation,8,9,0.8888888888888888
M0749,Aversion,Aversion,5,10,0.5
M0749,Aversion,Neutral,4,10,0.4
M0749,Aversion,Appreciation,1,10,0.1
M0749,Neutral,Aversion,6,12,0.5
M0749,Neutral,Neutral,6,12,0.5
M0749,Neutral,Appreciation,0,12,0.0
M0749,Appreciation,Aversion,0,3,0.0
M0749,Appreciation,Neutral,1,3,0.3333333333333333
M0749,Appreciation,Appreciation,2,3,0.6666666666666666
M0750,Aversion,Aversion,2,8,0.25
M0750,Aversion,Neutral,6,8,0.75
M0750,Aversion,Appreciation,0,8,0.0
M0750,Neutral,Aversion,6,17,0.35294117647058826
M0750,Neutral,Neutral,11,17,0.6470588235294118
M0750,Neutral,Appreciation,0,17,0.0
M0750,Appreciation,Aversion,0,0,
M0750,Appreciation,Neutral,0,0,
M0750,Appreciation,Appreciation,0,0,
M0751,Aversion,Aversion,2,3,0.6666666666666666
M0751,Aversion,Neutral,1,3,0.3333333333333333
M0751,Aversion,Appreciation,0,3,0.0
M0751,Neutral,Aversion,1,20,0.05
M0751,Neutral,Neutral,18,20,0.9
M0751,Neutral,Appreciation,1,20,0.05
M0751,Appreciation,Aversion,0,2,0.0
M0751,Appreciation,Neutral,1,2,0.5
M0751,Appreciation,Appreciation,1,2,0.5
M0752,Aversion,Aversion,1,4,0.25
M0752,Aversion,Neutral,3,4,0.75
M0752,Aversion,Appreciation,0,4,0.0
M0752,Neutral,Aversion,3,16,0.1875
M0752,Neutral,Neutral,11,16,0.6875
M0752,Neutral,Appreciation,2,16,0.125
M0752,Appreciation,Aversion,0,5,0.0
M0752,Appreciation,Neutral,1,5,0.2
M0752,Appreciation,Appreciation,4,5,0.8
M0753,Aversion,Aversion,1,2,0.5
M0753,Aversion,Neutral,1,2,0.5
M0753,Aversion,Appreciation,0,2,0.0
M0753,Neutral,Aversion,1,9,0.1111111111111111
M0753,Neutral,Neutral,7,9,0.7777777777777778
M0753,Neutral,Appreciation,1,9,0.1111111111111111
M0753,Appreciation,Aversion,0,14,0.0
M0753,Appreciation,Neutral,0,14,0.0
M0753,Appreciation,Appreciation,14,14,1.0
M0754,Aversion,Aversion,4,7,0.5714285714285714
M0754,Aversion,Neutral,3,7,0.42857142857142855
M0754,Aversion,Appreciation,0,7,0.0
M0754,Neutral,Aversion,3,10,0.3
M0754,Neutral,Neutral,6,10,0.6
M0754,Neutral,Appreciation,1,10,0.1
M0754,Appreciation,Aversion,0,8,0.0
M0754,Appreciation,Neutral,0,8,0.0
M0754,Appreciation,Appreciation,8,8,1.0
M0755,Aversion,Aversion,12,16,0.75
M0755,Aversion,Neutral,4,16,0.25
M0755,Aversion,Appreciation,0,16,0.0
M0755,Neutral,Aversion,4,9,0.4444444444444444
M0755,Neutral,Neutral,4,9,0.4444444444444444
M0755,Neutral,Appreciation,1,9,0.1111111111111111
M0755,Appreciation,Aversion,0,0,
M0755,Appreciation,Neutral,0,0,
M0755,Appreciation,Appreciation,0,0,
M0756,Aversion,Aversion,3,7,0.42857142857142855
M0756,Aversion,Neutral,4,7,0.5714285714285714
M0756,Aversion,Appreciation,0,7,0.0
M0756,Neutral,Aversion,5,17,0.29411764705882354
M0756,Neutral,Neutral,11,17,0.6470588235294118
M0756,Neutral,Appreciation,1,17,0.058823529411764705
M0756,Appreciation,Aversion,0,1,0.0
M0756,Appreciation,Neutral,1,1,1.0
M0756,Appreciation,Appreciation,0,1,0.0
M0757,Aversion,Aversion,7,9,0.7777777777777778
M0757,Aversion,Neutral,2,9,0.2222222222222222
M0757,Aversion,Appreciation,0,9,0.0
M0757,Neutral,Aversion,2,9,0.2222222222222222
M0757,Neutral,Neutral,4,9,0.4444444444444444
M0757,Neutral,Appreciation,3,9,0.3333333333333333
M0757,Appreciation,Aversion,0,7,0.0
M0757,Appreciation,Neutral,2,7,0.2857142857142857
M0757,Appreciation,Appreciation,5,7,0.7142857142857143
M0758,Aversion,Aversion,3,6,0.5
M0758,Aversion,Neutral,3,6,0.5
M0758,Aversion,Appreciation,0,6,0.0
M0758,Neutral,Aversion,3,10,0.3
M0758,Neutral,Neutral,6,10,0.6
M0758,Neutral,Appreciation,1,10,0.1
M0758,Appreciation,Aversion,0,9,0.0
M0758,Appreciation,Neutral,0,9,0.0
M0758,Appreciation,Appreciation,9,9,1.0
M0759,Aversion,Aversion,3,6,0.5
M0759,Aversion,Neutral,3,6,0.5
M0759,Aversion,Appreciation,0,6,0.0
M0759,Neutral,Aversion,3,15,0.2
M0759,Neutral,Neutral,10,15,0.6666666666666666
M0759,Neutral,Appreciation,2,15,0.13333333333333333
M0759,Appreciation,Aversion,0,4,0.0
M0759,Appreciation,Neutral,1,4,0.25
M0759,Appreciation,Appreciation,3,4,0.75
M0760,Aversion,Aversion,3,5,0.6
M0760,Aversion,Neutral,2,5,0.4
M0760,Aversion,Appreciation,0,5,0.0
M0760,Neutral,Aversion,2,10,0.2
M0760,Neutral,Neutral,7,10,0.7
M0760,Neutral,Appreciation,1,10,0.1
M0760,Appreciation,Aversion,0,10,0.0
M0760,Appreciation,Neutral,0,10,0.0
M0760,Appreciation,Appreciation,10,10,1.0
M0761,Aversion,Aversion,11,14,0.7857142857142857
M0761,Aversion,Neutral,3,14,0.21428571428571427
M0761,Aversion,Appreciation,0,14,0.0
M0761,Neutral,Aversion,4,11,0.36363636363636365
M0761,Neutral,Neutral,7,11,0.6363636363636364
M0761,Neutral,Appreciation,0,11,0.0
M0761,Appreciation,Aversion,0,0,
M0761,Appreciation,Neutral,0,0,
M0761,Appreciation,Appreciation,0,0,
M0762,Aversion,Aversion,7,11,0.6363636363636364
M0762,Aversion,Neutral,4,11,0.36363636363636365
M0762,Aversion,Appreciation,0,11,0.0
M0762,Neutral,Aversion,4,13,0.3076923076923077
M0762,Neutral,Neutral,8,13,0.6153846153846154
M0762,Neutral,Appreciation,1,13,0.07692307692307693
M0762,Appreciation,Aversion,0,1,0.0
M0762,Appreciation,Neutral,0,1,0.0
M0762,Appreciation,Appreciation,1,1,1.0
M0763,Aversion,Aversion,14,19,0.7368421052631579
M0763,Aversion,Neutral,5,19,0.2631578947368421
M0763,Aversion,Appreciation,0,19,0.0
M0763,Neutral,Aversion,5,6,0.8333333333333334
M0763,Neutral,Neutral,1,6,0.16666666666666666
M0763,Neutral,Appreciation,0,6,0.0
M0763,Appreciation,Aversion,0,0,
M0763,Appreciation,Neutral,0,0,
M0763,Appreciation,Appreciation,0,0,
M0764,Aversion,Aversion,7,12,0.5833333333333334
M0764,Aversion,Neutral,5,12,0.4166666666666667
M0764,Aversion,Appreciation,0,12,0.0
M0764,Neutral,Aversion,5,13,0.38461538461538464
M0764,Neutral,Neutral,8,13,0.6153846153846154
M0764,Neutral,Appreciation,0,13,0.0
M0764,Appreciation,Aversion,0,0,
M0764,Appreciation,Neutral,0,0,
M0764,Appreciation,Appreciation,0,0,
M0765,Aversion,Aversion,0,2,0.0
M0765,Aversion,Neutral,2,2,1.0
M0765,Aversion,Appreciation,0,2,0.0
M0765,Neutral,Aversion,3,15,0.2
M0765,Neutral,Neutral,10,15,0.6666666666666666
M0765,Neutral,Appreciation,2,15,0.13333333333333333
M0765,Appreciation,Aversion,0,8,0.0
M0765,Appreciation,Neutral,2,8,0.25
M0765,Appreciation,Appreciation,6,8,0.75
M0766,Aversion,Aversion,5,8,0.625
M0766,Aversion,Neutral,3,8,0.375
M0766,Aversion,Appreciation,0,8,0.0
M0766,Neutral,Aversion,4,14,0.2857142857142857
M0766,Neutral,Neutral,9,14,0.6428571428571429
M0766,Neutral,Appreciation,1,14,0.07142857142857142
M0766,Appreciation,Aversion,0,3,0.0
M0766,Appreciation,Neutral,1,3,0.3333333333333333
M0766,Appreciation,Appreciation,2,3,0.6666666666666666
M0767,Aversion,Aversion,1,3,0.3333333333333333
M0767,Aversion,Neutral,1,3,0.3333333333333333
M0767,Aversion,Appreciation,1,3,0.3333333333333333
M0767,Neutral,Aversion,3,17,0.17647058823529413
M0767,Neutral,Neutral,13,17,0.7647058823529411
M0767,Neutral,Appreciation,1,17,0.058823529411764705
M0767,Appreciation,Aversion,0,5,0.0
M0767,Appreciation,Neutral,2,5,0.4
M0767,Appreciation,Appreciation,3,5,0.6
M0768,Aversion,Aversion,5,10,0.5
M0768,Aversion,Neutral,5,10,0.5
M0768,Aversion,Appreciation,0,10,0.0
M0768,Neutral,Aversion,6,15,0.4
M0768,Neutral,Neutral,9,15,0.6
M0768,Neutral,Appreciation,0,15,0.0
M0768,Appreciation,Aversion,0,0,
M0768,Appreciation,Neutral,0,0,
M0768,Appreciation,Appreciation,0,0,
M0769,Aversion,Aversion,2,7,0.2857142857142857
M0769,Aversion,Neutral,5,7,0.7142857142857143
M0769,Aversion,Appreciation,0,7,0.0
M0769,Neutral,Aversion,5,15,0.3333333333333333
M0769,Neutral,Neutral,9,15,0.6
M0769,Neutral,Appreciation,1,15,0.06666666666666667
M0769,Appreciation,Aversion,0,3,0.0
M0769,Appreciation,Neutral,0,3,0.0
M0769,Appreciation,Appreciation,3,3,1.0
M0770,Aversion,Aversion,16,19,0.8421052631578947
M0770,Aversion,Neutral,3,19,0.15789473684210525
M0770,Aversion,Appreciation,0,19,0.0
M0770,Neutral,Aversion,4,6,0.6666666666666666
M0770,Neutral,Neutral,2,6,0.3333333333333333
M0770,Neutral,Appreciation,0,6,0.0
M0770,Appreciation,Aversion,0,0,
M0770,Appreciation,Neutral,0,0,
M0770,Appreciation,Appreciation,0,0,
M0771,Aversion,Aversion,9,14,0.6428571428571429
M0771,Aversion,Neutral,5,14,0.35714285714285715
M0771,Aversion,Appreciation,0,14,0.0
M0771,Neutral,Aversion,5,11,0.45454545454545453
M0771,Neutral,Neutral,6,11,0.5454545454545454
M0771,Neutral,Appreciation,0,11,0.0
M0771,Appreciation,Aversion,0,0,
M0771,Appreciation,Neutral,0,0,
M0771,Appreciation,Appreciation,0,0,
M0772,Aversion,Aversion,0,0,
M0772,Aversion,Neutral,0,0,
M0772,Aversion,Appreciation,0,0,
M0772,Neutral,Aversion,0,18,0.0
M0772,Neutral,Neutral,16,18,0.8888888888888888
M0772,Neutral,Appreciation,2,18,0.1111111111111111
M0772,Appreciation,Aversion,0,7,0.0
M0772,Appreciation,Neutral,1,7,0.14285714285714285
M0772,Appreciation,Appreciation,6,7,0.8571428571428571
M0773,Aversion,Aversion,7,10,0.7
M0773,Aversion,Neutral,3,10,0.3
M0773,Aversion,Appreciation,0,10,0.0
M0773,Neutral,Aversion,3,12,0.25
M0773,Neutral,Neutral,8,12,0.6666666666666666
M0773,Neutral,Appreciation,1,12,0.08333333333333333
M0773,Appreciation,Aversion,0,3,0.0
M0773,Appreciation,Neutral,1,3,0.3333333333333333
M0773,Appreciation,Appreciation,2,3,0.6666666666666666
M0774,Aversion,Aversion,0,1,0.0
M0774,Aversion,Neutral,1,1,1.0
M0774,Aversion,Appreciation,0,1,0.0
M0774,Neutral,Aversion,1,18,0.05555555555555555
M0774,Neutral,Neutral,16,18,0.8888888888888888
M0774,Neutral,Appreciation,1,18,0.05555555555555555
M0774,Appreciation,Aversion,0,6,0.0
M0774,Appreciation,Neutral,0,6,0.0
M0774,Appreciation,Appreciation,6,6,1.0
M0775,Aversion,Aversion,9,12,0.75
M0775,Aversion,Neutral,3,12,0.25
M0775,Aversion,Appreciation,0,12,0.0
M0775,Neutral,Aversion,3,13,0.23076923076923078
M0775,Neutral,Neutral,10,13,0.7692307692307693
M0775,Neutral,Appreciation,0,13,0.0
M0775,Appreciation,Aversion,0,0,
M0775,Appreciation,Neutral,0,0,
M0775,Appreciation,Appreciation,0,0,
M0776,Aversion,Aversion,9,10,0.9
M0776,Aversion,Neutral,1,10,0.1
M0776,Aversion,Appreciation,0,10,0.0
M0776,Neutral,Aversion,1,13,0.07692307692307693
M0776,Neutral,Neutral,11,13,0.8461538461538461
M0776,Neutral,Appreciation,1,13,0.07692307692307693
M0776,Appreciation,Aversion,0,2,0.0
M0776,Appreciation,Neutral,0,2,0.0
M0776,Appreciation,Appreciation,2,2,1.0
M0777,Aversion,Aversion,3,6,0.5
M0777,Aversion,Neutral,3,6,0.5
M0777,Aversion,Appreciation,0,6,0.0
M0777,Neutral,Aversion,3,18,0.16666666666666666
M0777,Neutral,Neutral,14,18,0.7777777777777778
M0777,Neutral,Appreciation,1,18,0.05555555555555555
M0777,Appreciation,Aversion,0,1,0.0
M0777,Appreciation,Neutral,0,1,0.0
M0777,Appreciation,Appreciation,1,1,1.0
M0778,Aversion,Aversion,1,2,0.5
M0778,Aversion,Neutral,1,2,0.5
M0778,Aversion,Appreciation,0,2,0.0
M0778,Neutral,Aversion,1,13,0.07692307692307693
M0778,Neutral,Neutral,11,13,0.8461538461538461
M0778,Neutral,Appreciation,1,13,0.07692307692307693
M0778,Appreciation,Aversion,0,10,0.0
M0778,Appreciation,Neutral,1,10,0.1
M0778,Appreciation,Appreciation,9,10,0.9
M0779,Aversion,Aversion,8,11,0.7272727272727273
M0779,Aversion,Neutral,3,11,0.2727272727272727
M0779,Aversion,Appreciation,0,11,0.0
M0779,Neutral,Aversion,3,11,0.2727272727272727
M0779,Neutral,Neutral,7,11,0.6363636363636364
M0779,Neutral,Appreciation,1,11,0.09090909090909091
M0779,Appreciation,Aversion,0,3,0.0
M0779,Appreciation,Neutral,1,3,0.3333333333333333
M0779,Appreciation,Appreciation,2,3,0.6666666666666666
M0780,Aversion,Aversion,4,5,0.8
M0780,Aversion,Neutral,1,5,0.2
M0780,Aversion,Appreciation,0,5,0.0
M0780,Neutral,Aversion,1,17,0.058823529411764705
M0780,Neutral,Neutral,15,17,0.8823529411764706
M0780,Neutral,Appreciation,1,17,0.058823529411764705
M0780,Appreciation,Aversion,0,3,0.0
M0780,Appreciation,Neutral,1,3,0.3333333333333333
M0780,Appreciation,Appreciation,2,3,0.6666666666666666
M0781,Aversion,Aversion,12,12,1.0
M0781,Aversion,Neutral,0,12,0.0
M0781,Aversion,Appreciation,0,12,0.0
M0781,Neutral,Aversion,1,13,0.07692307692307693
M0781,Neutral,Neutral,12,13,0.9230769230769231
M0781,Neutral,Appreciation,0,13,0.0
M0781,Appreciation,Aversion,0,0,
M0781,Appreciation,Neutral,0,0,
M0781,Appreciation,Appreciation,0,0,
M0782,Aversion,Aversion,4,8,0.5
M0782,Aversion,Neutral,4,8,0.5
M0782,Aversion,Appreciation,0,8,0.0
M0782,Neutral,Aversion,4,14,0.2857142857142857
M0782,Neutral,Neutral,9,14,0.6428571428571429
M0782,Neutral,Appreciation,1,14,0.07142857142857142
M0782,Appreciation,Aversion,0,3,0.0
M0782,Appreciation,Neutral,0,3,0.0
M0782,Appreciation,Appreciation,3,3,1.0
M0783,Aversion,Aversion,1,3,0.3333333333333333
M0783,Aversion,Neutral,2,3,0.6666666666666666
M0783,Aversion,Appreciation,0,3,0.0
M0783,Neutral,Aversion,2,13,0.15384615384615385
M0783,Neutral,Neutral,10,13,0.7692307692307693
M0783,Neutral,Appreciation,1,13,0.07692307692307693
M0783,Appreciation,Aversion,0,9,0.0
M0783,Appreciation,Neutral,0,9,0.0
M0783,Appreciation,Appreciation,9,9,1.0
M0784,Aversion,Aversion,6,8,0.75
M0784,Aversion,Neutral,2,8,0.25
M0784,Aversion,Appreciation,0,8,0.0
M0784,Neutral,Aversion,2,6,0.3333333333333333
M0784,Neutral,Neutral,3,6,0.5
M0784,Neutral,Appreciation,1,6,0.16666666666666666
M0784,Appreciation,Aversion,0,11,0.0
M0784,Appreciation,Neutral,0,11,0.0
M0784,Appreciation,Appreciation,11,11,1.0
M0785,Aversion,Aversion,10,14,0.7142857142857143
M0785,Aversion,Neutral,4,14,0.2857142857142857
M0785,Aversion,Appreciation,0,14,0.0
M0785,Neutral,Aversion,5,11,0.45454545454545453
M0785,Neutral,Neutral,6,11,0.5454545454545454
M0785,Neutral,Appreciation,0,11,0.0
M0785,Appreciation,Aversion,0,0,
M0785,Appreciation,Neutral,0,0,
M0785,Appreciation,Appreciation,0,0,
M0786,Aversion,Aversion,0,1,0.0
M0786,Aversion,Neutral,1,1,1.0
M0786,Aversion,Appreciation,0,1,0.0
M0786,Neutral,Aversion,1,17,0.058823529411764705
M0786,Neutral,Neutral,15,17,0.8823529411764706
M0786,Neutral,Appreciation,1,17,0.058823529411764705
M0786,Appreciation,Aversion,0,7,0.0
M0786,Appreciation,Neutral,0,7,0.0
M0786,Appreciation,Appreciation,7,7,1.0
M0787,Aversion,Aversion,8,12,0.6666666666666666
M0787,Aversion,Neutral,3,12,0.25
M0787,Aversion,Appreciation,1,12,0.08333333333333333
M0787,Neutral,Aversion,4,8,0.5
M0787,Neutral,Neutral,4,8,0.5
M0787,Neutral,Appreciation,0,8,0.0
M0787,Appreciation,Aversion,0,5,0.0
M0787,Appreciation,Neutral,1,5,0.2
M0787,Appreciation,Appreciation,4,5,0.8
M0788,Aversion,Aversion,14,18,0.7777777777777778
M0788,Aversion,Neutral,4,18,0.2222222222222222
M0788,Aversion,Appreciation,0,18,0.0
M0788,Neutral,Aversion,5,7,0.7142857142857143
M0788,Neutral,Neutral,2,7,0.2857142857142857
M0788,Neutral,Appreciation,0,7,0.0
M0788,Appreciation,Aversion,0,0,
M0788,Appreciation,Neutral,0,0,
M0788,Appreciation,Appreciation,0,0,
M0789,Aversion,Aversion,14,18,0.7777777777777778
M0789,Aversion,Neutral,4,18,0.2222222222222222
M0789,Aversion,Appreciation,0,18,0.0
M0789,Neutral,Aversion,5,7,0.7142857142857143
M0789,Neutral,Neutral,2,7,0.2857142857142857
M0789,Neutral,Appreciation,0,7,0.0
M0789,Appreciation,Aversion,0,0,
M0789,Appreciation,Neutral,0,0,
M0789,Appreciation,Appreciation,0,0,
M0790,Aversion,Aversion,4,9,0.4444444444444444
M0790,Aversion,Neutral,4,9,0.4444444444444444
M0790,Aversion,Appreciation,1,9,0.1111111111111111
M0790,Neutral,Aversion,6,9,0.6666666666666666
M0790,Neutral,Neutral,1,9,0.1111111111111111
M0790,Neutral,Appreciation,2,9,0.2222222222222222
M0790,Appreciation,Aversion,0,7,0.0
M0790,Appreciation,Neutral,3,7,0.42857142857142855
M0790,Appreciation,Appreciation,4,7,0.5714285714285714
M0791,Aversion,Aversion,5,7,0.7142857142857143
M0791,Aversion,Neutral,2,7,0.2857142857142857
M0791,Aversion,Appreciation,0,7,0.0
M0791,Neutral,Aversion,2,17,0.11764705882352941
M0791,Neutral,Neutral,13,17,0.7647058823529411
M0791,Neutral,Appreciation,2,17,0.11764705882352941
M0791,Appreciation,Aversion,0,1,0.0
M0791,Appreciation,Neutral,1,1,1.0
M0791,Appreciation,Appreciation,0,1,0.0
M0792,Aversion,Aversion,1,2,0.5
M0792,Aversion,Neutral,1,2,0.5
M0792,Aversion,Appreciation,0,2,0.0
M0792,Neutral,Aversion,2,20,0.1
M0792,Neutral,Neutral,17,20,0.85
M0792,Neutral,Appreciation,1,20,0.05
M0792,Appreciation,Aversion,0,3,0.0
M0792,Appreciation,Neutral,1,3,0.3333333333333333
M0792,Appreciation,Appreciation,2,3,0.6666666666666666
M0793,Aversion,Aversion,16,19,0.8421052631578947
M0793,Aversion,Neutral,3,19,0.15789473684210525
M0793,Aversion,Appreciation,0,19,0.0
M0793,Neutral,Aversion,4,6,0.6666666666666666
M0793,Neutral,Neutral,2,6,0.3333333333333333
M0793,Neutral,Appreciation,0,6,0.0
M0793,Appreciation,Aversion,0,0,
M0793,Appreciation,Neutral,0,0,
M0793,Appreciation,Appreciation,0,0,
M0794,Aversion,Aversion,9,12,0.75
M0794,Aversion,Neutral,2,12,0.16666666666666666
M0794,Aversion,Appreciation,1,12,0.08333333333333333
M0794,Neutral,Aversion,4,9,0.4444444444444444
M0794,Neutral,Neutral,5,9,0.5555555555555556
M0794,Neutral,Appreciation,0,9,0.0
M0794,Appreciation,Aversion,0,4,0.0
M0794,Appreciation,Neutral,1,4,0.25
M0794,Appreciation,Appreciation,3,4,0.75
M0795,Aversion,Aversion,6,9,0.6666666666666666
M0795,Aversion,Neutral,2,9,0.2222222222222222
M0795,Aversion,Appreciation,1,9,0.1111111111111111
M0795,Neutral,Aversion,3,8,0.375
M0795,Neutral,Neutral,4,8,0.5
M0795,Neutral,Appreciation,1,8,0.125
M0795,Appreciation,Aversion,0,8,0.0
M0795,Appreciation,Neutral,1,8,0.125
M0795,Appreciation,Appreciation,7,8,0.875
M0796,Aversion,Aversion,15,16,0.9375
M0796,Aversion,Neutral,1,16,0.0625
M0796,Aversion,Appreciation,0,16,0.0
M0796,Neutral,Aversion,2,9,0.2222222222222222
M0796,Neutral,Neutral,7,9,0.7777777777777778
M0796,Neutral,Appreciation,0,9,0.0
M0796,Appreciation,Aversion,0,0,
M0796,Appreciation,Neutral,0,0,
M0796,Appreciation,Appreciation,0,0,
M0797,Aversion,Aversion,8,11,0.7272727272727273
M0797,Aversion,Neutral,3,11,0.2727272727272727
M0797,Aversion,Appreciation,0,11,0.0
M0797,Neutral,Aversion,4,14,0.2857142857142857
M0797,Neutral,Neutral,10,14,0.7142857142857143
M0797,Neutral,Appreciation,0,14,0.0
M0797,Appreciation,Aversion,0,0,
M0797,Appreciation,Neutral,0,0,
M0797,Appreciation,Appreciation,0,0,
M0798,Aversion,Aversion,12,13,0.9230769230769231
M0798,Aversion,Neutral,1,13,0.07692307692307693
M0798,Aversion,Appreciation,0,13,0.0
M0798,Neutral,Aversion,2,7,0.2857142857142857
M0798,Neutral,Neutral,4,7,0.5714285714285714
M0798,Neutral,Appreciation,1,7,0.14285714285714285
M0798,Appreciation,Aversion,0,5,0.0
M0798,Appreciation,Neutral,1,5,0.2
M0798,Appreciation,Appreciation,4,5,0.8
M0799,Aversion,Aversion,6,10,0.6
M0799,Aversion,Neutral,4,10,0.4
M0799,Aversion,Appreciation,0,10,0.0
M0799,Neutral,Aversion,4,7,0.5714285714285714
M0799,Neutral,Neutral,2,7,0.2857142857142857
M0799,Neutral,Appreciation,1,7,0.14285714285714285
M0799,Appreciation,Aversion,0,8,0.0
M0799,Appreciation,Neutral,0,8,0.0
M0799,Appreciation,Appreciation,8,8,1.0
M0800,Aversion,Aversion,7,10,0.7
M0800,Aversion,Neutral,3,10,0.3
M0800,Aversion,Appreciation,0,10,0.0
M0800,Neutral,Aversion,4,12,0.3333333333333333
M0800,Neutral,Neutral,7,12,0.5833333333333334
M0800,Neutral,Appreciation,1,12,0.08333333333333333
M0800,Appreciation,Aversion,0,3,0.0
M0800,Appreciation,Neutral,1,3,0.3333333333333333
M0800,Appreciation,Appreciation,2,3,0.6666666666666666
M0801,Aversion,Aversion,5,6,0.8333333333333334
M0801,Aversion,Neutral,1,6,0.16666666666666666
M0801,Aversion,Appreciation,0,6,0.0
M0801,Neutral,Aversion,2,16,0.125
M0801,Neutral,Neutral,13,16,0.8125
M0801,Neutral,Appreciation,1,16,0.0625
M0801,Appreciation,Aversion,0,3,0.0
M0801,Appreciation,Neutral,1,3,0.3333333333333333
M0801,Appreciation,Appreciation,2,3,0.6666666666666666
M0802,Aversion,Aversion,0,0,
M0802,Aversion,Neutral,0,0,
M0802,Aversion,Appreciation,0,0,
M0802,Neutral,Aversion,0,18,0.0
M0802,Neutral,Neutral,16,18,0.8888888888888888
M0802,Neutral,Appreciation,2,18,0.1111111111111111
M0802,Appreciation,Aversion,0,7,0.0
M0802,Appreciation,Neutral,1,7,0.14285714285714285
M0802,Appreciation,Appreciation,6,7,0.8571428571428571
M0803,Aversion,Aversion,0,1,0.0
M0803,Aversion,Neutral,1,1,1.0
M0803,Aversion,Appreciation,0,1,0.0
M0803,Neutral,Aversion,1,14,0.07142857142857142
M0803,Neutral,Neutral,11,14,0.7857142857142857
M0803,Neutral,Appreciation,2,14,0.14285714285714285
M0803,Appreciation,Aversion,0,10,0.0
M0803,Appreciation,Neutral,1,10,0.1
M0803,Appreciation,Appreciation,9,10,0.9
M0804,Aversion,Aversion,9,12,0.75
M0804,Aversion,Neutral,3,12,0.25
M0804,Aversion,Appreciation,0,12,0.0
M0804,Neutral,Aversion,3,6,0.5
M0804,Neutral,Neutral,1,6,0.16666666666666666
M0804,Neutral,Appreciation,2,6,0.3333333333333333
M0804,Appreciation,Aversion,0,7,0.0
M0804,Appreciation,Neutral,1,7,0.14285714285714285
M0804,Appreciation,Appreciation,6,7,0.8571428571428571
M0805,Aversion,Aversion,9,12,0.75
M0805,Aversion,Neutral,3,12,0.25
M0805,Aversion,Appreciation,0,12,0.0
M0805,Neutral,Aversion,3,10,0.3
M0805,Neutral,Neutral,6,10,0.6
M0805,Neutral,Appreciation,1,10,0.1
M0805,Appreciation,Aversion,0,3,0.0
M0805,Appreciation,Neutral,1,3,0.3333333333333333
M0805,Appreciation,Appreciation,2,3,0.6666666666666666
M0806,Aversion,Aversion,5,10,0.5
M0806,Aversion,Neutral,4,10,0.4
M0806,Aversion,Appreciation,1,10,0.1
M0806,Neutral,Aversion,6,9,0.6666666666666666
M0806,Neutral,Neutral,2,9,0.2222222222222222
M0806,Neutral,Appreciation,1,9,0.1111111111111111
M0806,Appreciation,Aversion,0,6,0.0
M0806,Appreciation,Neutral,2,6,0.3333333333333333
M0806,Appreciation,Appreciation,4,6,0.6666666666666666
M0807,Aversion,Aversion,6,11,0.5454545454545454
M0807,Aversion,Neutral,5,11,0.45454545454545453
M0807,Aversion,Appreciation,0,11,0.0
M0807,Neutral,Aversion,5,14,0.35714285714285715
M0807,Neutral,Neutral,9,14,0.6428571428571429
M0807,Neutral,Appreciation,0,14,0.0
M0807,Appreciation,Aversion,0,0,
M0807,Appreciation,Neutral,0,0,
M0807,Appreciation,Appreciation,0,0,
M0808,Aversion,Aversion,6,7,0.8571428571428571
M0808,Aversion,Neutral,1,7,0.14285714285714285
M0808,Aversion,Appreciation,0,7,0.0
M0808,Neutral,Aversion,1,9,0.1111111111111111
M0808,Neutral,Neutral,7,9,0.7777777777777778
M0808,Neutral,Appreciation,1,9,0.1111111111111111
M0808,Appreciation,Aversion,0,9,0.0
M0808,Appreciation,Neutral,0,9,0.0
M0808,Appreciation,Appreciation,9,9,1.0
M0809,Aversion,Aversion,18,21,0.8571428571428571
M0809,Aversion,Neutral,3,21,0.14285714285714285
M0809,Aversion,Appreciation,0,21,0.0
M0809,Neutral,Aversion,3,4,0.75
M0809,Neutral,Neutral,1,4,0.25
M0809,Neutral,Appreciation,0,4,0.0
M0809,Appreciation,Aversion,0,0,
M0809,Appreciation,Neutral,0,0,
M0809,Appreciation,Appreciation,0,0,
M0810,Aversion,Aversion,4,6,0.6666666666666666
M0810,Aversion,Neutral,2,6,0.3333333333333333
M0810,Aversion,Appreciation,0,6,0.0
M0810,Neutral,Aversion,2,9,0.2222222222222222
M0810,Neutral,Neutral,6,9,0.6666666666666666
M0810,Neutral,Appreciation,1,9,0.1111111111111111
M0810,Appreciation,Aversion,0,10,0.0
M0810,Appreciation,Neutral,0,10,0.0
M0810,Appreciation,Appreciation,10,10,1.0
M0811,Aversion,Aversion,1,2,0.5
M0811,Aversion,Neutral,1,2,0.5
M0811,Aversion,Appreciation,0,2,0.0
M0811,Neutral,Aversion,2,13,0.15384615384615385
M0811,Neutral,Neutral,10,13,0.7692307692307693
M0811,Neutral,Appreciation,1,13,0.07692307692307693
M0811,Appreciation,Aversion,0,10,0.0
M0811,Appreciation,Neutral,1,10,0.1
M0811,Appreciation,Appreciation,9,10,0.9
M0812,Aversion,Aversion,2,5,0.4
M0812,Aversion,Neutral,3,5,0.6
M0812,Aversion,Appreciation,0,5,0.0
M0812,Neutral,Aversion,4,20,0.2
M0812,Neutral,Neutral,16,20,0.8
M0812,Neutral,Appreciation,0,20,0.0
M0812,Appreciation,Aversion,0,0,
M0812,Appreciation,Neutral,0,0,
M0812,Appreciation,Appreciation,0,0,
M0813,Aversion,Aversion,9,13,0.6923076923076923
M0813,Aversion,Neutral,4,13,0.3076923076923077
M0813,Aversion,Appreciation,0,13,0.0
M0813,Neutral,Aversion,5,11,0.45454545454545453
M0813,Neutral,Neutral,5,11,0.45454545454545453
M0813,Neutral,Appreciation,1,11,0.09090909090909091
M0813,Appreciation,Aversion,0,1,0.0
M0813,Appreciation,Neutral,1,1,1.0
M0813,Appreciation,Appreciation,0,1,0.0
M0814,Aversion,Aversion,5,8,0.625
M0814,Aversion,Neutral,3,8,0.375
M0814,Aversion,Appreciation,0,8,0.0
M0814,Neutral,Aversion,3,12,0.25
M0814,Neutral,Neutral,8,12,0.6666666666666666
M0814,Neutral,Appreciation,1,12,0.08333333333333333
M0814,Appreciation,Aversion,0,5,0.0
M0814,Appreciation,Neutral,0,5,0.0
M0814,Appreciation,Appreciation,5,5,1.0
M0815,Aversion,Aversion,5,8,0.625
M0815,Aversion,Neutral,3,8,0.375
M0815,Aversion,Appreciation,0,8,0.0
M0815,Neutral,Aversion,3,17,0.17647058823529413
M0815,Neutral,Neutral,14,17,0.8235294117647058
M0815,Neutral,Appreciation,0,17,0.0
M0815,Appreciation,Aversion,0,0,
M0815,Appreciation,Neutral,0,0,
M0815,Appreciation,Appreciation,0,0,
M0816,Aversion,Aversion,12,16,0.75
M0816,Aversion,Neutral,4,16,0.25
M0816,Aversion,Appreciation,0,16,0.0
M0816,Neutral,Aversion,5,9,0.5555555555555556
M0816,Neutral,Neutral,4,9,0.4444444444444444
M0816,Neutral,Appreciation,0,9,0.0
M0816,Appreciation,Aversion,0,0,
M0816,Appreciation,Neutral,0,0,
M0816,Appreciation,Appreciation,0,0,
M0817,Aversion,Aversion,6,10,0.6
M0817,Aversion,Neutral,4,10,0.4
M0817,Aversion,Appreciation,0,10,0.0
M0817,Neutral,Aversion,5,15,0.3333333333333333
M0817,Neutral,Neutral,10,15,0.6666666666666666
M0817,Neutral,Appreciation,0,15,0.0
M0817,Appreciation,Aversion,0,0,
M0817,Appreciation,Neutral,0,0,
M0817,Appreciation,Appreciation,0,0,
M0818,Aversion,Aversion,2,7,0.2857142857142857
M0818,Aversion,Neutral,5,7,0.7142857142857143
M0818,Aversion,Appreciation,0,7,0.0
M0818,Neutral,Aversion,5,14,0.35714285714285715
M0818,Neutral,Neutral,8,14,0.5714285714285714
M0818,Neutral,Appreciation,1,14,0.07142857142857142
M0818,Appreciation,Aversion,0,4,0.0
M0818,Appreciation,Neutral,1,4,0.25
M0818,Appreciation,Appreciation,3,4,0.75
M0819,Aversion,Aversion,10,12,0.8333333333333334
M0819,Aversion,Neutral,2,12,0.16666666666666666
M0819,Aversion,Appreciation,0,12,0.0
M0819,Neutral,Aversion,3,13,0.23076923076923078
M0819,Neutral,Neutral,10,13,0.7692307692307693
M0819,Neutral,Appreciation,0,13,0.0
M0819,Appreciation,Aversion,0,0,
M0819,Appreciation,Neutral,0,0,
M0819,Appreciation,Appreciation,0,0,
M0820,Aversion,Aversion,10,13,0.7692307692307693
M0820,Aversion,Neutral,3,13,0.23076923076923078
M0820,Aversion,Appreciation,0,13,0.0
M0820,Neutral,Aversion,4,12,0.3333333333333333
M0820,Neutral,Neutral,8,12,0.6666666666666666
M0820,Neutral,Appreciation,0,12,0.0
M0820,Appreciation,Aversion,0,0,
M0820,Appreciation,Neutral,0,0,
M0820,Appreciation,Appreciation,0,0,
M0821,Aversion,Aversion,4,8,0.5
M0821,Aversion,Neutral,4,8,0.5
M0821,Aversion,Appreciation,0,8,0.0
M0821,Neutral,Aversion,5,8,0.625
M0821,Neutral,Neutral,2,8,0.25
M0821,Neutral,Appreciation,1,8,0.125
M0821,Appreciation,Aversion,0,9,0.0
M0821,Appreciation,Neutral,1,9,0.1111111111111111
M0821,Appreciation,Appreciation,8,9,0.8888888888888888
M0822,Aversion,Aversion,4,7,0.5714285714285714
M0822,Aversion,Neutral,2,7,0.2857142857142857
M0822,Aversion,Appreciation,1,7,0.14285714285714285
M0822,Neutral,Aversion,3,13,0.23076923076923078
M0822,Neutral,Neutral,9,13,0.6923076923076923
M0822,Neutral,Appreciation,1,13,0.07692307692307693
M0822,Appreciation,Aversion,0,5,0.0
M0822,Appreciation,Neutral,1,5,0.2
M0822,Appreciation,Appreciation,4,5,0.8
M0823,Aversion,Aversion,12,16,0.75
M0823,Aversion,Neutral,3,16,0.1875
M0823,Aversion,Appreciation,1,16,0.0625
M0823,Neutral,Aversion,5,7,0.7142857142857143
M0823,Neutral,Neutral,2,7,0.2857142857142857
M0823,Neutral,Appreciation,0,7,0.0
M0823,Appreciation,Aversion,0,2,0.0
M0823,Appreciation,Neutral,1,2,0.5
M0823,Appreciation,Appreciation,1,2,0.5
M0824,Aversion,Aversion,4,9,0.4444444444444444
M0824,Aversion,Neutral,5,9,0.5555555555555556
M0824,Aversion,Appreciation,0,9,0.0
M0824,Neutral,Aversion,6,16,0.375
M0824,Neutral,Neutral,10,16,0.625
M0824,Neutral,Appreciation,0,16,0.0
M0824,Appreciation,Aversion,0,0,
M0824,Appreciation,Neutral,0,0,
M0824,Appreciation,Appreciation,0,0,
M0825,Aversion,Aversion,7,10,0.7
M0825,Aversion,Neutral,3,10,0.3
M0825,Aversion,Appreciation,0,10,0.0
M0825,Neutral,Aversion,3,15,0.2
M0825,Neutral,Neutral,11,15,0.7333333333333333
M0825,Neutral,Appreciation,1,15,0.06666666666666667
M0825,Appreciation,Aversion,0,0,
M0825,Appreciation,Neutral,0,0,
M0825,Appreciation,Appreciation,0,0,
M0826,Aversion,Aversion,4,8,0.5
M0826,Aversion,Neutral,4,8,0.5
M0826,Aversion,Appreciation,0,8,0.0
M0826,Neutral,Aversion,4,17,0.23529411764705882
M0826,Neutral,Neutral,13,17,0.7647058823529411
M0826,Neutral,Appreciation,0,17,0.0
M0826,Appreciation,Aversion,0,0,
M0826,Appreciation,Neutral,0,0,
M0826,Appreciation,Appreciation,0,0,
M0827,Aversion,Aversion,4,8,0.5
M0827,Aversion,Neutral,4,8,0.5
M0827,Aversion,Appreciation,0,8,0.0
M0827,Neutral,Aversion,4,6,0.6666666666666666
M0827,Neutral,Neutral,1,6,0.16666666666666666
M0827,Neutral,Appreciation,1,6,0.16666666666666666
M0827,Appreciation,Aversion,0,11,0.0
M0827,Appreciation,Neutral,0,11,0.0
M0827,Appreciation,Appreciation,11,11,1.0
M0828,Aversion,Aversion,3,6,0.5
M0828,Aversion,Neutral,3,6,0.5
M0828,Aversion,Appreciation,0,6,0.0
M0828,Neutral,Aversion,3,9,0.3333333333333333
M0828,Neutral,Neutral,5,9,0.5555555555555556
M0828,Neutral,Appreciation,1,9,0.1111111111111111
M0828,Appreciation,Aversion,0,10,0.0
M0828,Appreciation,Neutral,0,10,0.0
M0828,Appreciation,Appreciation,10,10,1.0
M0829,Aversion,Aversion,0,2,0.0
M0829,Aversion,Neutral,2,2,1.0
M0829,Aversion,Appreciation,0,2,0.0
M0829,Neutral,Aversion,2,12,0.16666666666666666
M0829,Neutral,Neutral,8,12,0.6666666666666666
M0829,Neutral,Appreciation,2,12,0.16666666666666666
M0829,Appreciation,Aversion,0,11,0.0
M0829,Appreciation,Neutral,1,11,0.09090909090909091
M0829,Appreciation,Appreciation,10,11,0.9090909090909091
M0830,Aversion,Aversion,6,9,0.6666666666666666
M0830,Aversion,Neutral,3,9,0.3333333333333333
M0830,Aversion,Appreciation,0,9,0.0
M0830,Neutral,Aversion,3,9,0.3333333333333333
M0830,Neutral,Neutral,5,9,0.5555555555555556
M0830,Neutral,Appreciation,1,9,0.1111111111111111
M0830,Appreciation,Aversion,0,7,0.0
M0830,Appreciation,Neutral,1,7,0.14285714285714285
M0830,Appreciation,Appreciation,6,7,0.8571428571428571
M0831,Aversion,Aversion,6,7,0.8571428571428571
M0831,Aversion,Neutral,1,7,0.14285714285714285
M0831,Aversion,Appreciation,0,7,0.0
M0831,Neutral,Aversion,1,15,0.06666666666666667
M0831,Neutral,Neutral,12,15,0.8
M0831,Neutral,Appreciation,2,15,0.13333333333333333
M0831,Appreciation,Aversion,0,3,0.0
M0831,Appreciation,Neutral,1,3,0.3333333333333333
M0831,Appreciation,Appreciation,2,3,0.6666666666666666
M0832,Aversion,Aversion,13,16,0.8125
M0832,Aversion,Neutral,3,16,0.1875
M0832,Aversion,Appreciation,0,16,0.0
M0832,Neutral,Aversion,3,9,0.3333333333333333
M0832,Neutral,Neutral,6,9,0.6666666666666666
M0832,Neutral,Appreciation,0,9,0.0
M0832,Appreciation,Aversion,0,0,
M0832,Appreciation,Neutral,0,0,
M0832,Appreciation,Appreciation,0,0,
M0833,Aversion,Aversion,2,7,0.2857142857142857
M0833,Aversion,Neutral,5,7,0.7142857142857143
M0833,Aversion,Appreciation,0,7,0.0
M0833,Neutral,Aversion,5,12,0.4166666666666667
M0833,Neutral,Neutral,6,12,0.5
M0833,Neutral,Appreciation,1,12,0.08333333333333333
M0833,Appreciation,Aversion,0,6,0.0
M0833,Appreciation,Neutral,0,6,0.0
M0833,Appreciation,Appreciation,6,6,1.0
M0834,Aversion,Aversion,5,8,0.625
M0834,Aversion,Neutral,3,8,0.375
M0834,Aversion,Appreciation,0,8,0.0
M0834,Neutral,Aversion,3,10,0.3
M0834,Neutral,Neutral,6,10,0.6
M0834,Neutral,Appreciation,1,10,0.1
M0834,Appreciation,Aversion,0,7,0.0
M0834,Appreciation,Neutral,0,7,0.0
M0834,Appreciation,Appreciation,7,7,1.0
M0835,Aversion,Aversion,11,13,0.8461538461538461
M0835,Aversion,Neutral,2,13,0.15384615384615385
M0835,Aversion,Appreciation,0,13,0.0
M0835,Neutral,Aversion,2,7,0.2857142857142857
M0835,Neutral,Neutral,4,7,0.5714285714285714
M0835,Neutral,Appreciation,1,7,0.14285714285714285
M0835,Appreciation,Aversion,0,5,0.0
M0835,Appreciation,Neutral,0,5,0.0
M0835,Appreciation,Appreciation,5,5,1.0
M0836,Aversion,Aversion,7,10,0.7
M0836,Aversion,Neutral,3,10,0.3
M0836,Aversion,Appreciation,0,10,0.0
M0836,Neutral,Aversion,4,15,0.26666666666666666
M0836,Neutral,Neutral,11,15,0.7333333333333333
M0836,Neutral,Appreciation,0,15,0.0
M0836,Appreciation,Aversion,0,0,
M0836,Appreciation,Neutral,0,0,
M0836,Appreciation,Appreciation,0,0,
M0837,Aversion,Aversion,5,8,0.625
M0837,Aversion,Neutral,2,8,0.25
M0837,Aversion,Appreciation,1,8,0.125
M0837,Neutral,Aversion,3,16,0.1875
M0837,Neutral,Neutral,13,16,0.8125
M0837,Neutral,Appreciation,0,16,0.0
M0837,Appreciation,Aversion,0,1,0.0
M0837,Appreciation,Neutral,0,1,0.0
M0837,Appreciation,Appreciation,1,1,1.0
M0838,Aversion,Aversion,5,7,0.7142857142857143
M0838,Aversion,Neutral,2,7,0.2857142857142857
M0838,Aversion,Appreciation,0,7,0.0
M0838,Neutral,Aversion,2,13,0.15384615384615385
M0838,Neutral,Neutral,10,13,0.7692307692307693
M0838,Neutral,Appreciation,1,13,0.07692307692307693
M0838,Appreciation,Aversion,0,5,0.0
M0838,Appreciation,Neutral,1,5,0.2
M0838,Appreciation,Appreciation,4,5,0.8
M0839,Aversion,Aversion,4,7,0.5714285714285714
M0839,Aversion,Neutral,3,7,0.42857142857142855
M0839,Aversion,Appreciation,0,7,0.0
M0839,Neutral,Aversion,3,17,0.17647058823529413
M0839,Neutral,Neutral,13,17,0.7647058823529411
M0839,Neutral,Appreciation,1,17,0.058823529411764705
M0839,Appreciation,Aversion,0,1,0.0
M0839,Appreciation,Neutral,1,1,1.0
M0839,Appreciation,Appreciation,0,1,0.0
M0840,Aversion,Aversion,18,20,0.9
M0840,Aversion,Neutral,2,20,0.1
M0840,Aversion,Appreciation,0,20,0.0
M0840,Neutral,Aversion,3,5,0.6
M0840,Neutral,Neutral,2,5,0.4
M0840,Neutral,Appreciation,0,5,0.0
M0840,Appreciation,Aversion,0,0,
M0840,Appreciation,Neutral,0,0,
M0840,Appreciation,Appreciation,0,0,
M0841,Aversion,Aversion,5,9,0.5555555555555556
M0841,Aversion,Neutral,4,9,0.4444444444444444
M0841,Aversion,Appreciation,0,9,0.0
M0841,Neutral,Aversion,5,12,0.4166666666666667
M0841,Neutral,Neutral,6,12,0.5
M0841,Neutral,Appreciation,1,12,0.08333333333333333
M0841,Appreciation,Aversion,0,4,0.0
M0841,Appreciation,Neutral,1,4,0.25
M0841,Appreciation,Appreciation,3,4,0.75
M0842,Aversion,Aversion,3,7,0.42857142857142855
M0842,Aversion,Neutral,3,7,0.42857142857142855
M0842,Aversion,Appreciation,1,7,0.14285714285714285
M0842,Neutral,Aversion,4,10,0.4
M0842,Neutral,Neutral,6,10,0.6
M0842,Neutral,Appreciation,0,10,0.0
M0842,Appreciation,Aversion,0,8,0.0
M0842,Appreciation,Neutral,0,8,0.0
M0842,Appreciation,Appreciation,8,8,1.0
M0843,Aversion,Aversion,7,9,0.7777777777777778
M0843,Aversion,Neutral,2,9,0.2222222222222222
M0843,Aversion,Appreciation,0,9,0.0
M0843,Neutral,Aversion,3,14,0.21428571428571427
M0843,Neutral,Neutral,10,14,0.7142857142857143
M0843,Neutral,Appreciation,1,14,0.07142857142857142
M0843,Appreciation,Aversion,0,2,0.0
M0843,Appreciation,Neutral,1,2,0.5
M0843,Appreciation,Appreciation,1,2,0.5
M0844,Aversion,Aversion,12,14,0.8571428571428571
M0844,Aversion,Neutral,2,14,0.14285714285714285
M0844,Aversion,Appreciation,0,14,0.0
M0844,Neutral,Aversion,2,6,0.3333333333333333
M0844,Neutral,Neutral,3,6,0.5
M0844,Neutral,Appreciation,1,6,0.16666666666666666
M0844,Appreciation,Aversion,0,5,0.0
M0844,Appreciation,Neutral,0,5,0.0
M0844,Appreciation,Appreciation,5,5,1.0
M0845,Aversion,Aversion,1,3,0.3333333333333333
M0845,Aversion,Neutral,1,3,0.3333333333333333
M0845,Aversion,Appreciation,1,3,0.3333333333333333
M0845,Neutral,Aversion,2,11,0.18181818181818182
M0845,Neutral,Neutral,9,11,0.8181818181818182
M0845,Neutral,Appreciation,0,11,0.0
M0845,Appreciation,Aversion,0,11,0.0
M0845,Appreciation,Neutral,0,11,0.0
M0845,Appreciation,Appreciation,11,11,1.0
M0846,Aversion,Aversion,1,2,0.5
M0846,Aversion,Neutral,1,2,0.5
M0846,Aversion,Appreciation,0,2,0.0
M0846,Neutral,Aversion,1,16,0.0625
M0846,Neutral,Neutral,13,16,0.8125
M0846,Neutral,Appreciation,2,16,0.125
M0846,Appreciation,Aversion,0,7,0.0
M0846,Appreciation,Neutral,1,7,0.14285714285714285
M0846,Appreciation,Appreciation,6,7,0.8571428571428571
M0847,Aversion,Aversion,2,4,0.5
M0847,Aversion,Neutral,1,4,0.25
M0847,Aversion,Appreciation,1,4,0.25
M0847,Neutral,Aversion,2,16,0.125
M0847,Neutral,Neutral,13,16,0.8125
M0847,Neutral,Appreciation,1,16,0.0625
M0847,Appreciation,Aversion,0,5,0.0
M0847,Appreciation,Neutral,1,5,0.2
M0847,Appreciation,Appreciation,4,5,0.8
M0848,Aversion,Aversion,9,15,0.6
M0848,Aversion,Neutral,6,15,0.4
M0848,Aversion,Appreciation,0,15,0.0
M0848,Neutral,Aversion,6,10,0.6
M0848,Neutral,Neutral,4,10,0.4
M0848,Neutral,Appreciation,0,10,0.0
M0848,Appreciation,Aversion,0,0,
M0848,Appreciation,Neutral,0,0,
M0848,Appreciation,Appreciation,0,0,
M0849,Aversion,Aversion,9,15,0.6
M0849,Aversion,Neutral,6,15,0.4
M0849,Aversion,Appreciation,0,15,0.0
M0849,Neutral,Aversion,6,10,0.6
M0849,Neutral,Neutral,4,10,0.4
M0849,Neutral,Appreciation,0,10,0.0
M0849,Appreciation,Aversion,0,0,
M0849,Appreciation,Neutral,0,0,
M0849,Appreciation,Appreciation,0,0,
M0850,Aversion,Aversion,3,5,0.6
M0850,Aversion,Neutral,2,5,0.4
M0850,Aversion,Appreciation,0,5,0.0
M0850,Neutral,Aversion,2,11,0.18181818181818182
M0850,Neutral,Neutral,8,11,0.7272727272727273
M0850,Neutral,Appreciation,1,11,0.09090909090909091
M0850,Appreciation,Aversion,0,9,0.0
M0850,Appreciation,Neutral,0,9,0.0
M0850,Appreciation,Appreciation,9,9,1.0
M0851,Aversion,Aversion,1,2,0.5
M0851,Aversion,Neutral,1,2,0.5
M0851,Aversion,Appreciation,0,2,0.0
M0851,Neutral,Aversion,1,22,0.045454545454545456
M0851,Neutral,Neutral,20,22,0.9090909090909091
M0851,Neutral,Appreciation,1,22,0.045454545454545456
M0851,Appreciation,Aversion,0,1,0.0
M0851,Appreciation,Neutral,1,1,1.0
M0851,Appreciation,Appreciation,0,1,0.0
M0852,Aversion,Aversion,5,10,0.5
M0852,Aversion,Neutral,5,10,0.5
M0852,Aversion,Appreciation,0,10,0.0
M0852,Neutral,Aversion,6,15,0.4
M0852,Neutral,Neutral,9,15,0.6
M0852,Neutral,Appreciation,0,15,0.0
M0852,Appreciation,Aversion,0,0,
M0852,Appreciation,Neutral,0,0,
M0852,Appreciation,Appreciation,0,0,
M0853,Aversion,Aversion,12,15,0.8
M0853,Aversion,Neutral,3,15,0.2
M0853,Aversion,Appreciation,0,15,0.0
M0853,Neutral,Aversion,4,10,0.4
M0853,Neutral,Neutral,6,10,0.6
M0853,Neutral,Appreciation,0,10,0.0
M0853,Appreciation,Aversion,0,0,
M0853,Appreciation,Neutral,0,0,
M0853,Appreciation,Appreciation,0,0,
M0854,Aversion,Aversion,2,2,1.0
M0854,Aversion,Neutral,0,2,0.0
M0854,Aversion,Appreciation,0,2,0.0
M0854,Neutral,Aversion,1,15,0.06666666666666667
M0854,Neutral,Neutral,13,15,0.8666666666666667
M0854,Neutral,Appreciation,1,15,0.06666666666666667
M0854,Appreciation,Aversion,0,8,0.0
M0854,Appreciation,Neutral,1,8,0.125
M0854,Appreciation,Appreciation,7,8,0.875
M0855,Aversion,Aversion,3,6,0.5
M0855,Aversion,Neutral,3,6,0.5
M0855,Aversion,Appreciation,0,6,0.0
M0855,Neutral,Aversion,2,12,0.16666666666666666
M0855,Neutral,Neutral,8,12,0.6666666666666666
M0855,Neutral,Appreciation,2,12,0.16666666666666666
M0855,Appreciation,Aversion,0,7,0.0
M0855,Appreciation,Neutral,1,7,0.14285714285714285
M0855,Appreciation,Appreciation,6,7,0.8571428571428571
M0856,Aversion,Aversion,0,1,0.0
M0856,Aversion,Neutral,1,1,1.0
M0856,Aversion,Appreciation,0,1,0.0
M0856,Neutral,Aversion,1,19,0.05263157894736842
M0856,Neutral,Neutral,16,19,0.8421052631578947
M0856,Neutral,Appreciation,2,19,0.10526315789473684
M0856,Appreciation,Aversion,0,5,0.0
M0856,Appreciation,Neutral,1,5,0.2
M0856,Appreciation,Appreciation,4,5,0.8
M0857,Aversion,Aversion,10,15,0.6666666666666666
M0857,Aversion,Neutral,5,15,0.3333333333333333
M0857,Aversion,Appreciation,0,15,0.0
M0857,Neutral,Aversion,5,8,0.625
M0857,Neutral,Neutral,2,8,0.25
M0857,Neutral,Appreciation,1,8,0.125
M0857,Appreciation,Aversion,0,2,0.0
M0857,Appreciation,Neutral,0,2,0.0
M0857,Appreciation,Appreciation,2,2,1.0
M0858,Aversion,Aversion,3,7,0.42857142857142855
M0858,Aversion,Neutral,3,7,0.42857142857142855
M0858,Aversion,Appreciation,1,7,0.14285714285714285
M0858,Neutral,Aversion,4,11,0.36363636363636365
M0858,Neutral,Neutral,5,11,0.45454545454545453
M0858,Neutral,Appreciation,2,11,0.18181818181818182
M0858,Appreciation,Aversion,0,7,0.0
M0858,Appreciation,Neutral,2,7,0.2857142857142857
M0858,Appreciation,Appreciation,5,7,0.7142857142857143
M0859,Aversion,Aversion,0,2,0.0
M0859,Aversion,Neutral,2,2,1.0
M0859,Aversion,Appreciation,0,2,0.0
M0859,Neutral,Aversion,3,14,0.21428571428571427
M0859,Neutral,Neutral,10,14,0.7142857142857143
M0859,Neutral,Appreciation,1,14,0.07142857142857142
M0859,Appreciation,Aversion,0,9,0.0
M0859,Appreciation,Neutral,1,9,0.1111111111111111
M0859,Appreciation,Appreciation,8,9,0.8888888888888888
M0860,Aversion,Aversion,11,16,0.6875
M0860,Aversion,Neutral,5,16,0.3125
M0860,Aversion,Appreciation,0,16,0.0
M0860,Neutral,Aversion,5,9,0.5555555555555556
M0860,Neutral,Neutral,4,9,0.4444444444444444
M0860,Neutral,Appreciation,0,9,0.0
M0860,Appreciation,Aversion,0,0,
M0860,Appreciation,Neutral,0,0,
M0860,Appreciation,Appreciation,0,0,
M0861,Aversion,Aversion,2,5,0.4
M0861,Aversion,Neutral,3,5,0.6
M0861,Aversion,Appreciation,0,5,0.0
M0861,Neutral,Aversion,3,13,0.23076923076923078
M0861,Neutral,Neutral,8,13,0.6153846153846154
M0861,Neutral,Appreciation,2,13,0.15384615384615385
M0861,Appreciation,Aversion,0,7,0.0
M0861,Appreciation,Neutral,1,7,0.14285714285714285
M0861,Appreciation,Appreciation,6,7,0.8571428571428571
M0862,Aversion,Aversion,3,10,0.3
M0862,Aversion,Neutral,7,10,0.7
M0862,Aversion,Appreciation,0,10,0.0
M0862,Neutral,Aversion,7,13,0.5384615384615384
M0862,Neutral,Neutral,5,13,0.38461538461538464
M0862,Neutral,Appreciation,1,13,0.07692307692307693
M0862,Appreciation,Aversion,0,2,0.0
M0862,Appreciation,Neutral,0,2,0.0
M0862,Appreciation,Appreciation,2,2,1.0
M0863,Aversion,Aversion,4,5,0.8
M0863,Aversion,Neutral,1,5,0.2
M0863,Aversion,Appreciation,0,5,0.0
M0863,Neutral,Aversion,2,9,0.2222222222222222
M0863,Neutral,Neutral,6,9,0.6666666666666666
M0863,Neutral,Appreciation,1,9,0.1111111111111111
M0863,Appreciation,Aversion,0,11,0.0
M0863,Appreciation,Neutral,1,11,0.09090909090909091
M0863,Appreciation,Appreciation,10,11,0.9090909090909091
M0864,Aversion,Aversion,7,12,0.5833333333333334
M0864,Aversion,Neutral,5,12,0.4166666666666667
M0864,Aversion,Appreciation,0,12,0.0
M0864,Neutral,Aversion,5,10,0.5
M0864,Neutral,Neutral,4,10,0.4
M0864,Neutral,Appreciation,1,10,0.1
M0864,Appreciation,Aversion,0,3,0.0
M0864,Appreciation,Neutral,1,3,0.3333333333333333
M0864,Appreciation,Appreciation,2,3,0.6666666666666666
M0865,Aversion,Aversion,6,9,0.6666666666666666
M0865,Aversion,Neutral,3,9,0.3333333333333333
M0865,Aversion,Appreciation,0,9,0.0
M0865,Neutral,Aversion,3,16,0.1875
M0865,Neutral,Neutral,12,16,0.75
M0865,Neutral,Appreciation,1,16,0.0625
M0865,Appreciation,Aversion,0,0,
M0865,Appreciation,Neutral,0,0,
M0865,Appreciation,Appreciation,0,0,
M0866,Aversion,Aversion,0,2,0.0
M0866,Aversion,Neutral,2,2,1.0
M0866,Aversion,Appreciation,0,2,0.0
M0866,Neutral,Aversion,2,12,0.16666666666666666
M0866,Neutral,Neutral,9,12,0.75
M0866,Neutral,Appreciation,1,12,0.08333333333333333
M0866,Appreciation,Aversion,0,11,0.0
M0866,Appreciation,Neutral,0,11,0.0
M0866,Appreciation,Appreciation,11,11,1.0
M0867,Aversion,Aversion,10,12,0.8333333333333334
M0867,Aversion,Neutral,2,12,0.16666666666666666
M0867,Aversion,Appreciation,0,12,0.0
M0867,Neutral,Aversion,2,10,0.2
M0867,Neutral,Neutral,7,10,0.7
M0867,Neutral,Appreciation,1,10,0.1
M0867,Appreciation,Aversion,0,3,0.0
M0867,Appreciation,Neutral,0,3,0.0
M0867,Appreciation,Appreciation,3,3,1.0
M0868,Aversion,Aversion,13,16,0.8125
M0868,Aversion,Neutral,3,16,0.1875
M0868,Aversion,Appreciation,0,16,0.0
M0868,Neutral,Aversion,3,7,0.42857142857142855
M0868,Neutral,Neutral,2,7,0.2857142857142857
M0868,Neutral,Appreciation,2,7,0.2857142857142857
M0868,Appreciation,Aversion,0,2,0.0
M0868,Appreciation,Neutral,1,2,0.5
M0868,Appreciation,Appreciation,1,2,0.5
M0869,Aversion,Aversion,4,6,0.6666666666666666
M0869,Aversion,Neutral,2,6,0.3333333333333333
M0869,Aversion,Appreciation,0,6,0.0
M0869,Neutral,Aversion,2,10,0.2
M0869,Neutral,Neutral,7,10,0.7
M0869,Neutral,Appreciation,1,10,0.1
M0869,Appreciation,Aversion,0,9,0.0
M0869,Appreciation,Neutral,1,9,0.1111111111111111
M0869,Appreciation,Appreciation,8,9,0.8888888888888888
M0870,Aversion,Aversion,0,0,
M0870,Aversion,Neutral,0,0,
M0870,Aversion,Appreciation,0,0,
M0870,Neutral,Aversion,0,13,0.0
M0870,Neutral,Neutral,12,13,0.9230769230769231
M0870,Neutral,Appreciation,1,13,0.07692307692307693
M0870,Appreciation,Aversion,0,12,0.0
M0870,Appreciation,Neutral,0,12,0.0
M0870,Appreciation,Appreciation,12,12,1.0
M0871,Aversion,Aversion,13,18,0.7222222222222222
M0871,Aversion,Neutral,5,18,0.2777777777777778
M0871,Aversion,Appreciation,0,18,0.0
M0871,Neutral,Aversion,6,7,0.8571428571428571
M0871,Neutral,Neutral,1,7,0.14285714285714285
M0871,Neutral,Appreciation,0,7,0.0
M0871,Appreciation,Aversion,0,0,
M0871,Appreciation,Neutral,0,0,
M0871,Appreciation,Appreciation,0,0,
M0872,Aversion,Aversion,12,15,0.8
M0872,Aversion,Neutral,3,15,0.2
M0872,Aversion,Appreciation,0,15,0.0
M0872,Neutral,Aversion,4,10,0.4
M0872,Neutral,Neutral,6,10,0.6
M0872,Neutral,Appreciation,0,10,0.0
M0872,Appreciation,Aversion,0,0,
M0872,Appreciation,Neutral,0,0,
M0872,Appreciation,Appreciation,0,0,
M0873,Aversion,Aversion,5,9,0.5555555555555556
M0873,Aversion,Neutral,4,9,0.4444444444444444
M0873,Aversion,Appreciation,0,9,0.0
M0873,Neutral,Aversion,5,16,0.3125
M0873,Neutral,Neutral,11,16,0.6875
M0873,Neutral,Appreciation,0,16,0.0
M0873,Appreciation,Aversion,0,0,
M0873,Appreciation,Neutral,0,0,
M0873,Appreciation,Appreciation,0,0,
M0874,Aversion,Aversion,8,8,1.0
M0874,Aversion,Neutral,0,8,0.0
M0874,Aversion,Appreciation,0,8,0.0
M0874,Neutral,Aversion,1,17,0.058823529411764705
M0874,Neutral,Neutral,16,17,0.9411764705882353
M0874,Neutral,Appreciation,0,17,0.0
M0874,Appreciation,Aversion,0,0,
M0874,Appreciation,Neutral,0,0,
M0874,Appreciation,Appreciation,0,0,
M0875,Aversion,Aversion,7,11,0.6363636363636364
M0875,Aversion,Neutral,4,11,0.36363636363636365
M0875,Aversion,Appreciation,0,11,0.0
M0875,Neutral,Aversion,4,14,0.2857142857142857
M0875,Neutral,Neutral,9,14,0.6428571428571429
M0875,Neutral,Appreciation,1,14,0.07142857142857142
M0875,Appreciation,Aversion,0,0,
M0875,Appreciation,Neutral,0,0,
M0875,Appreciation,Appreciation,0,0,
