manager_id,n_periods,decoded_state_sequence,dominant_state,aversion_periods,aversion_share,neutral_periods,neutral_share,appreciation_periods,appreciation_share,upward_transitions,downward_transitions,same_state_transitions,net_state_movement
M0001,26,N N N N N N N N A A A N A A A A A A N A A A N N A A,Aversion,14,0.5384615384615384,12,0.46153846153846156,0,0.0,3,4,18,-1
M0002,26,N A A A N A A A N N N A N P P P P P P P P P P P P P,Appreciation,7,0.2692307692307692,6,0.23076923076923078,13,0.5,4,3,18,1
M0003,26,N N N A A A A A N A N A A A A N A N A A N A A A A A,Aversion,18,0.6923076923076923,8,0.3076923076923077,0,0.0,5,6,14,-1
M0004,26,N N N N N N N N A A N A A A A A A A A A A A A A A A,Aversion,17,0.6538461538461539,9,0.34615384615384615,0,0.0,1,2,22,-1
M0005,26,N N N N N N A N A N A A N N N N P P P P P P P P N A,Neutral,5,0.19230769230769232,13,0.5,8,0.3076923076923077,4,5,16,-1
M0006,26,N N N A A A A A N N N N N N N N P P P P P P P P P P,Neutral,5,0.19230769230769232,11,0.4230769230769231,10,0.38461538461538464,2,1,22,1
M0007,26,N N N A N N N N N N N N N A A A N N P P P N N N N P,Neutral,4,0.15384615384615385,18,0.6923076923076923,4,0.15384615384615385,4,3,18,1
M0008,26,N N N N A N N N N N N N N N P P P P P P N P N N A N,Neutral,2,0.07692307692307693,17,0.6538461538461539,7,0.2692307692307692,4,4,17,0
M0009,26,N N A A N A N N A N N N N N N P P N N N N P P P P N,Neutral,4,0.15384615384615385,16,0.6153846153846154,6,0.23076923076923078,5,5,15,0
M0010,26,N A N A A A N N N N N N N N N A N A A N A A A A N A,Neutral,12,0.46153846153846156,14,0.5384615384615384,0,0.0,5,6,14,-1
M0011,26,N N N N N N N N N N N N N N A A A A A N A A N N P N,Neutral,7,0.2692307692307692,18,0.6923076923076923,1,0.038461538461538464,3,3,19,0
M0012,26,N N N N N N N N A A A A A A N N N A A A A N N A A N,Neutral,12,0.46153846153846156,14,0.5384615384615384,0,0.0,3,3,19,0
M0013,26,N N A N N N A N A A N N N N N N N P P N N P P P P P,Neutral,4,0.15384615384615385,15,0.5769230769230769,7,0.2692307692307692,5,4,16,1
M0014,26,A A N N N N A N A N A A A N N N N N N A A A A A A A,Aversion,14,0.5384615384615384,12,0.46153846153846156,0,0.0,4,4,17,0
M0015,26,N N N N N N N N N N N N A N N A A A A A A A A A A A,Neutral,12,0.46153846153846156,14,0.5384615384615384,0,0.0,1,2,22,-1
M0016,26,N A N A A A A A A A A A A A A A N A N P P P P P P P,Aversion,15,0.5769230769230769,4,0.15384615384615385,7,0.2692307692307692,4,3,18,1
M0017,26,N N N N N N N N N N N N A A A N A A A A A N N P P P,Neutral,8,0.3076923076923077,15,0.5769230769230769,3,0.11538461538461539,3,2,20,1
M0018,26,N N N A N N N N N N N N N A A A A A A A A A A N N A,Neutral,12,0.46153846153846156,14,0.5384615384615384,0,0.0,2,3,20,-1
M0019,26,N N N N A A A A A A A A A A A A N N P N N A A A A A,Aversion,17,0.6538461538461539,8,0.3076923076923077,1,0.038461538461538464,2,3,20,-1
M0020,26,N N A A A N N A A A A A N A A A A A A N A A N A A A,Aversion,19,0.7307692307692307,7,0.2692307692307692,0,0.0,4,5,16,-1
M0021,26,N N N N N N N A N N N N N N N P P P P P P P P P N A,Neutral,2,0.07692307692307693,15,0.5769230769230769,9,0.34615384615384615,2,3,20,-1
M0022,26,N N N N N N N N N N N P P P P P P P P P P P P P P P,Appreciation,0,0.0,11,0.4230769230769231,15,0.5769230769230769,1,0,24,1
M0023,26,N N N N N N N N N N A N N N N N N P A P P P P P P P,Neutral,2,0.07692307692307693,16,0.6153846153846154,8,0.3076923076923077,3,2,20,1
M0024,26,N N N A A A A A A N A N N A N N A N N A A N N P N N,Neutral,11,0.4230769230769231,14,0.5384615384615384,1,0.038461538461538464,6,6,13,0
M0025,26,N N N N N A A N N N N N P P P P N A A N P P P P P P,Neutral,4,0.15384615384615385,12,0.46153846153846156,10,0.38461538461538464,4,3,18,1
M0026,26,N A N N N N N N N A A A N N A N A A A P N N N A N P,Neutral,9,0.34615384615384615,15,0.5769230769230769,2,0.07692307692307693,6,6,13,1
M0027,26,A N A N N N N A N A N N N N A A A A A N N A P P P P,Neutral,10,0.38461538461538464,12,0.46153846153846156,4,0.15384615384615385,6,5,14,2
M0028,26,N N N N N N N N N A N A N A N N N N N A A N A A A A,Neutral,9,0.34615384615384615,17,0.6538461538461539,0,0.0,4,5,16,-1
M0029,26,N N N N N N N N N N N N N N A N A A N P N N N P P P,Neutral,3,0.11538461538461539,19,0.7307692307692307,4,0.15384615384615385,4,3,18,1
M0030,26,N N N N N N N N N N N N N N N P P P P P A N A A A A,Neutral,5,0.19230769230769232,16,0.6153846153846154,5,0.19230769230769232,2,2,21,-1
M0031,26,N N A N A A A A A A A N A A A A N A P P P P P P P P,Aversion,13,0.5,5,0.19230769230769232,8,0.3076923076923077,4,4,17,1
M0032,26,N N N A A N N N N N N A A N N A N P P P P P P P P N,Neutral,5,0.19230769230769232,13,0.5,8,0.3076923076923077,4,4,17,0
M0033,26,N A A A A A N N A A N N N A A N N P P P P P P P P P,Aversion,9,0.34615384615384615,8,0.3076923076923077,9,0.34615384615384615,4,3,18,1
M0034,26,N N N N N N N N N N N N N N N N N N N N N A A A A A,Neutral,5,0.19230769230769232,21,0.8076923076923077,0,0.0,0,1,24,-1
M0035,26,N N N N N N N N N A N N N N N A N A A A A A A A A A,Neutral,11,0.4230769230769231,15,0.5769230769230769,0,0.0,2,3,20,-1
M0036,26,N A A N N N N N A N N N A N N N N A A A A A A N A A,Neutral,12,0.46153846153846156,14,0.5384615384615384,0,0.0,4,5,16,-1
M0037,26,N A N A N A A N A N N N P P P P P P P P P P P P P P,Appreciation,5,0.19230769230769232,7,0.2692307692307692,14,0.5384615384615384,5,4,16,1
M0038,26,N N N N N A A A A N N N N N P P P P P P P P N N N A,Neutral,5,0.19230769230769232,13,0.5,8,0.3076923076923077,2,3,20,-1
M0039,26,N N N N N N N N N A N N N N N A A N P N N A N A A A,Neutral,7,0.2692307692307692,18,0.6923076923076923,1,0.038461538461538464,4,5,16,-1
M0040,26,N N N N N N N N N N N N N A A A N A N N N N N N N P,Neutral,4,0.15384615384615385,21,0.8076923076923077,1,0.038461538461538464,3,2,20,1
M0041,26,N N A A N N N N A N A A A A N N N N N N N P P N A N,Neutral,8,0.3076923076923077,16,0.6153846153846154,2,0.07692307692307693,5,5,15,0
M0042,26,N N A A A A A A A A A A A A A A N P P P P P P P P P,Aversion,14,0.5384615384615384,3,0.11538461538461539,9,0.34615384615384615,2,1,22,1
M0043,26,N N N N N A A A A A N A A N N P P P N P P P P P P P,Appreciation,7,0.2692307692307692,9,0.34615384615384615,10,0.38461538461538464,4,3,18,1
M0044,26,N N N N N N A A N N N N N N A N A P P N A A A A N A,Neutral,9,0.34615384615384615,15,0.5769230769230769,2,0.07692307692307693,4,6,15,-1
M0045,26,N N N N A A N N N N N P P N N N N N P N P P P P P P,Neutral,2,0.07692307692307693,15,0.5769230769230769,9,0.34615384615384615,4,3,18,1
M0046,26,N N N N N N N N A N N N N P P P P P P P P P P P P P,Appreciation,1,0.038461538461538464,12,0.46153846153846156,13,0.5,2,1,22,1
M0047,26,N N N A A A A N A A N A N A N A N N A A N N A A A A,Aversion,15,0.5769230769230769,11,0.4230769230769231,0,0.0,6,7,12,-1
M0048,26,N N N N N N N A A N A A N A A A N N A A N A A A A A,Aversion,14,0.5384615384615384,12,0.46153846153846156,0,0.0,4,5,16,-1
M0049,26,N A N A N A A N N N N P P P P P P P N N N A A A N N,Neutral,7,0.2692307692307692,12,0.46153846153846156,7,0.2692307692307692,5,5,15,0
M0050,26,N A A N N N N N A A A N N A A A N A N N P P P P P P,Neutral,9,0.34615384615384615,11,0.4230769230769231,6,0.23076923076923078,5,4,16,1
M0051,26,N N N A A A A N N A A P N A A N N P P P P P P P P P,Appreciation,8,0.3076923076923077,8,0.3076923076923077,10,0.38461538461538464,4,4,17,1
M0052,26,N N N N A A A A A A A N N N N N N N P P P N N P P P,Neutral,7,0.2692307692307692,13,0.5,6,0.23076923076923078,3,2,20,1
M0053,26,N A A N A N N N N N A A A A A A N N P P P P P P P N,Neutral,9,0.34615384615384615,10,0.38461538461538464,7,0.2692307692307692,4,4,17,0
M0054,26,N N N N N A A N A A A A N A A A N A N N N A A N P P,Neutral,12,0.46153846153846156,12,0.46153846153846156,2,0.07692307692307693,6,5,14,1
M0055,26,N N N N N N N N A N N N P P P P N A N A N A A A A A,Neutral,8,0.3076923076923077,14,0.5384615384615384,4,0.15384615384615385,4,5,16,-1
M0056,26,N N A N N N N N N N N N N A A N N A N P P P P P P P,Neutral,4,0.15384615384615385,15,0.5769230769230769,7,0.2692307692307692,4,3,18,1
M0057,26,N N N A N N A N N A A A A A A N N A A N A A A N A N,Aversion,14,0.5384615384615384,12,0.46153846153846156,0,0.0,6,6,13,0
M0058,26,N N A N A A A A A A A A N A A A A A A A A A A A A A,Aversion,22,0.8461538461538461,4,0.15384615384615385,0,0.0,2,3,20,-1
M0059,26,N N N A A A A A A N N N N A N N N A A A A A A A A A,Aversion,16,0.6153846153846154,10,0.38461538461538464,0,0.0,2,3,20,-1
M0060,26,N N N N N N N N N N A A N N N N N N P P N P P P P P,Neutral,2,0.07692307692307693,17,0.6538461538461539,7,0.2692307692307692,3,2,20,1
M0061,26,N N A N A A A A N A A A A A A A A N N A A N P N N N,Aversion,15,0.5769230769230769,10,0.38461538461538464,1,0.038461538461538464,5,5,15,0
M0062,26,N N N N N A N N N N N P P N N N N P P P P P P P P P,Neutral,1,0.038461538461538464,14,0.5384615384615384,11,0.4230769230769231,3,2,20,1
M0063,26,N N N N N N N N N N A A N N N N N P P N N N A N N A,Neutral,4,0.15384615384615385,20,0.7692307692307693,2,0.07692307692307693,3,4,18,-1
M0064,26,N N N N N N N N N N N N N N N P P P N P N N N A A N,Neutral,2,0.07692307692307693,20,0.7692307692307693,4,0.15384615384615385,3,3,19,0
M0065,26,N N N N N N A N N A N N N N N N N N P P P P N N N N,Neutral,2,0.07692307692307693,20,0.7692307692307693,4,0.15384615384615385,3,3,19,0
M0066,26,N N A N N N A N N A N N N P P P P P P P P P P P P P,Appreciation,3,0.11538461538461539,10,0.38461538461538464,13,0.5,4,3,18,1
M0067,26,N A N N A N A A A A A A N A A A N P P P P P N N N N,Aversion,11,0.4230769230769231,10,0.38461538461538464,5,0.19230769230769232,5,5,15,0
M0068,26,N A A N A N N A A A N A A N A A N N N A N A N A N N,Neutral,13,0.5,13,0.5,0,0.0,8,8,9,0
M0069,26,N N A A A A A N N N N N N N N N A A A A A A N A A A,Aversion,14,0.5384615384615384,12,0.46153846153846156,0,0.0,2,3,20,-1
M0070,26,N A N N N A A A A A A A A N A A A A A A A A A A P P,Aversion,19,0.7307692307692307,5,0.19230769230769232,2,0.07692307692307693,3,3,19,1
M0071,26,N N A A A N N N N N A N N N P P P P P P P P P P P P,Appreciation,4,0.15384615384615385,10,0.38461538461538464,12,0.46153846153846156,3,2,20,1
M0072,26,N A N N N N N N N N N N N N A A A A A A A A P P P P,Neutral,9,0.34615384615384615,13,0.5,4,0.15384615384615385,2,2,21,1
M0073,26,N N N N N A A A N A A A N N N A A N A A N N N P P N,Neutral,10,0.38461538461538464,14,0.5384615384615384,2,0.07692307692307693,5,5,15,0
M0074,26,A N N N N A A N A N A A N A A A A A A A A A A A A A,Aversion,19,0.7307692307692307,7,0.2692307692307692,0,0.0,4,4,17,0
M0075,26,A A A A A A A N N N A A A P P N N N A N A A A A A A,Aversion,17,0.6538461538461539,7,0.2692307692307692,2,0.07692307692307693,3,4,18,0
M0076,26,N N A N A A N A A A N A A A A A N A A A A A A N N A,Aversion,18,0.6923076923076923,8,0.3076923076923077,0,0.0,5,6,14,-1
M0077,26,N N N N N A A A A A A A N A N A A A N N A A A A A A,Aversion,17,0.6538461538461539,9,0.34615384615384615,0,0.0,3,4,18,-1
M0078,26,N N N N A A A A A A A A N A A A A A A A A A A A A P,Aversion,20,0.7692307692307693,5,0.19230769230769232,1,0.038461538461538464,2,2,21,1
M0079,26,N N N N N N N N N N N N N N P N P P P P P P P P N A,Neutral,1,0.038461538461538464,16,0.6153846153846154,9,0.34615384615384615,2,3,20,-1
M0080,26,N A A N A N N A A A A A A A N A N N A A A A N A N A,Aversion,17,0.6538461538461539,9,0.34615384615384615,0,0.0,6,7,12,-1
M0081,26,N N N N A N A A N N N P P P P P P N N N A A A N P P,Neutral,6,0.23076923076923078,12,0.46153846153846156,8,0.3076923076923077,5,4,16,1
M0082,26,N N N N N A A A A A A A A N A A A N A A N N A A A A,Aversion,17,0.6538461538461539,9,0.34615384615384615,0,0.0,3,4,18,-1
M0083,26,N N N A N N A A A N A A N N N N A A A A A A A A A N,Aversion,15,0.5769230769230769,11,0.4230769230769231,0,0.0,4,4,17,0
M0084,26,N N N N N N N N N A A A N A A A A N A A P P N N A A,Neutral,11,0.4230769230769231,13,0.5,2,0.07692307692307693,3,5,17,-1
M0085,26,N A N N N N N N N N N N N N P P P P P P P P P P P P,Neutral,1,0.038461538461538464,13,0.5,12,0.46153846153846156,2,1,22,1
M0086,26,N N N N N N N N N N N N N N P P P P P N P P P P P N,Neutral,0,0.0,16,0.6153846153846154,10,0.38461538461538464,2,2,21,0
M0087,26,N N N N N A A N N A A A N N A A A A A P P P P P P P,Aversion,10,0.38461538461538464,9,0.34615384615384615,7,0.2692307692307692,3,3,19,1
M0088,26,N N N N A A A A N N N A N A A A A N N N N A A N A P,Neutral,12,0.46153846153846156,13,0.5,1,0.038461538461538464,5,5,15,1
M0089,26,N N N N N N A A A N A A A N N A N N N A N A N A A P,Neutral,11,0.4230769230769231,14,0.5384615384615384,1,0.038461538461538464,6,6,13,1
M0090,26,N A A N A A A N N N N N P P P N N N P P N N A A A A,Neutral,9,0.34615384615384615,12,0.46153846153846156,5,0.19230769230769232,4,5,16,-1
M0091,26,N N N A N N N N N N N A N N N N N P P P P P P N N N,Neutral,2,0.07692307692307693,18,0.6923076923076923,6,0.23076923076923078,3,3,19,0
M0092,26,N N N N N N N N N P N N N P P P P P P P P P P P P P,Appreciation,0,0.0,12,0.46153846153846156,14,0.5384615384615384,2,1,22,1
M0093,26,N N N N N N N N N N N N N P P P P P P P P N N N A N,Neutral,1,0.038461538461538464,17,0.6538461538461539,8,0.3076923076923077,2,2,21,0
M0094,26,N N N N N A A A A N A A N A A A A A N N A N A A A N,Aversion,15,0.5769230769230769,11,0.4230769230769231,0,0.0,5,5,15,0
M0095,26,N N N N A A A N N N N N N N P P P P P N N N P P P P,Neutral,3,0.11538461538461539,14,0.5384615384615384,9,0.34615384615384615,3,2,20,1
M0096,26,N N N N N N N N N N N N P P P P P P P P P P P N P P,Neutral,0,0.0,13,0.5,13,0.5,2,1,22,1
M0097,26,N N N N N N N N N N N N N N N N A N N A A A A N N P,Neutral,5,0.19230769230769232,20,0.7692307692307693,1,0.038461538461538464,3,2,20,1
M0098,26,N N N N N A N A N A A A A A A N N N N A A A A N P P,Neutral,12,0.46153846153846156,12,0.46153846153846156,2,0.07692307692307693,5,4,16,1
M0099,26,N N N N N N N N N N N N N N N N P P P P P P P P P P,Neutral,0,0.0,16,0.6153846153846154,10,0.38461538461538464,1,0,24,1
M0100,26,N N N N N N N A A N A A A A N A N N N N A A A N A A,Neutral,12,0.46153846153846156,14,0.5384615384615384,0,0.0,4,5,16,-1
M0101,26,N N N N N N N N N N N N P N P P P P P P P P P P P P,Neutral,0,0.0,13,0.5,13,0.5,2,1,22,1
M0102,26,N N N N N A A A A N N A A A A A A N A A A A A N A N,Aversion,16,0.6153846153846154,10,0.38461538461538464,0,0.0,4,4,17,0
M0103,26,N N N N A N N N A A A N A A A N N A A N A A A N N P,Neutral,12,0.46153846153846156,13,0.5,1,0.038461538461538464,6,5,14,1
M0104,26,A N N N N A A A N N N N A A A A A A A A N A A A N N,Aversion,15,0.5769230769230769,11,0.4230769230769231,0,0.0,4,3,18,1
M0105,26,N N N N N A N N N N N N N P P P P P P P P P P P P P,Appreciation,1,0.038461538461538464,12,0.46153846153846156,13,0.5,2,1,22,1
M0106,26,N A A A A A A A A A A A N N A A A N N P P P P P P P,Aversion,14,0.5384615384615384,5,0.19230769230769232,7,0.2692307692307692,3,2,20,1
M0107,26,N A N N A N N N A N N N A A A A A A N A A A A A A A,Aversion,16,0.6153846153846154,10,0.38461538461538464,0,0.0,4,5,16,-1
M0108,26,N N N N A N A A A A A A A N N N P P P P P P P P P P,Appreciation,8,0.3076923076923077,8,0.3076923076923077,10,0.38461538461538464,3,2,20,1
M0109,26,N N N A N A A A A A A A A N N N N A A N P P P P P N,Aversion,11,0.4230769230769231,10,0.38461538461538464,5,0.19230769230769232,4,4,17,0
M0110,26,N A A A A A A A N N N A A A A A A A A A A N P P P P,Aversion,17,0.6538461538461539,5,0.19230769230769232,4,0.15384615384615385,3,2,20,1
M0111,26,N N A N N N A N N N N N N N N P P P P P P P N A A A,Neutral,5,0.19230769230769232,14,0.5384615384615384,7,0.2692307692307692,3,4,18,-1
M0112,26,N N N A N N N N N N N A A N N N A A A A A A A N A N,Neutral,11,0.4230769230769231,15,0.5769230769230769,0,0.0,4,4,17,0
M0113,26,N N N N N A A A N N N N N P P P P P P P P P P P P P,Appreciation,3,0.11538461538461539,10,0.38461538461538464,13,0.5,2,1,22,1
M0114,26,N N N N A A A A A A A A A A A A N A N P P P P P N A,Aversion,14,0.5384615384615384,7,0.2692307692307692,5,0.19230769230769232,3,4,18,-1
M0115,26,N A N N A A A N N N A A A A N A A N A A N N A N N A,Aversion,14,0.5384615384615384,12,0.46153846153846156,0,0.0,6,7,12,-1
M0116,26,N N A N N N N N N N P P N A A A A A A A A A A A A N,Aversion,13,0.5,11,0.4230769230769231,2,0.07692307692307693,3,3,19,0
M0117,26,N N N N N N N N N N N N P P P P P P P P P P P P N N,Neutral,0,0.0,14,0.5384615384615384,12,0.46153846153846156,1,1,23,0
M0118,26,N N A N A N N N N A A N A N N N N A A N A A A A A A,Neutral,13,0.5,13,0.5,0,0.0,5,6,14,-1
M0119,26,N N N N N N N N N P N N A A A N N A N N N A A A A A,Neutral,9,0.34615384615384615,16,0.6153846153846154,1,0.038461538461538464,3,4,18,-1
M0120,26,N N A A N N N N N N N N N N N N N N N N A A A N P N,Neutral,5,0.19230769230769232,20,0.7692307692307693,1,0.038461538461538464,3,3,19,0
M0121,26,N A A N N A A N A A A N N N P P N N N N A N A A A A,Neutral,12,0.46153846153846156,12,0.46153846153846156,2,0.07692307692307693,5,6,14,-1
M0122,26,N N N A A N N N A A N N N N N N P P P P P P P P P P,Neutral,4,0.15384615384615385,12,0.46153846153846156,10,0.38461538461538464,3,2,20,1
M0123,26,N A N N N N N N N N N N N N N N P P P P P P P P P P,Neutral,1,0.038461538461538464,15,0.5769230769230769,10,0.38461538461538464,2,1,22,1
M0124,26,N A N A N N A A N N A A N N P P P P P P P P P P P P,Appreciation,6,0.23076923076923078,8,0.3076923076923077,12,0.46153846153846156,5,4,16,1
M0125,26,N N N N N N N N N N A N N N A P P P N N A A A A A N,Neutral,7,0.2692307692307692,16,0.6153846153846154,3,0.11538461538461539,3,4,18,0
M0126,26,N A N N N N N N A N N N N N N N A A A A A N P P P P,Neutral,7,0.2692307692307692,15,0.5769230769230769,4,0.15384615384615385,4,3,18,1
M0127,26,N A A N N N N N N N N N A A N A A A A A A A A A A N,Aversion,14,0.5384615384615384,12,0.46153846153846156,0,0.0,3,3,19,0
M0128,26,N N N N N N N N P N N N N N P N N N A A N A A A A A,Neutral,7,0.2692307692307692,17,0.6538461538461539,2,0.07692307692307693,3,4,18,-1
M0129,26,N N N N N A A N A N A A N A N A A A N N N N N N A A,Neutral,11,0.4230769230769231,15,0.5769230769230769,0,0.0,5,6,14,-1
M0130,26,N N N A N A N A N N N N A N A N N A A A A A A A P P,Neutral,12,0.46153846153846156,12,0.46153846153846156,2,0.07692307692307693,6,6,13,1
M0131,26,N A N N N N N N N N N N N P P N N P P P P P P P P P,Neutral,1,0.038461538461538464,14,0.5384615384615384,11,0.4230769230769231,3,2,20,1
M0132,26,N N N A N N N A N A N N A N A A N A N A A N N A A A,Neutral,12,0.46153846153846156,14,0.5384615384615384,0,0.0,7,8,10,-1
M0133,26,N N N N N N N N N N N A N N N N P P P P P N N P P N,Neutral,1,0.038461538461538464,18,0.6923076923076923,7,0.2692307692307692,3,3,19,0
M0134,26,N N N N N N N N N N N N N N N A N N A A A N N A A A,Neutral,7,0.2692307692307692,19,0.7307692307692307,0,0.0,2,3,20,-1
M0135,26,N N N A A N N A N N N N N P P P P P P N A A A A N N,Neutral,7,0.2692307692307692,13,0.5,6,0.23076923076923078,4,4,17,0
M0136,26,N A A N N N N N N N N N N P P P N N N N N N N A N A,Neutral,4,0.15384615384615385,19,0.7307692307692307,3,0.11538461538461539,3,4,18,-1
M0137,26,N N N N A A N A A N N N N N P N N N N N A A A A A N,Neutral,9,0.34615384615384615,16,0.6153846153846154,1,0.038461538461538464,4,4,17,0
M0138,26,N N N N N N N N N N N N N N N A A A A N N N N A A A,Neutral,7,0.2692307692307692,19,0.7307692307692307,0,0.0,1,2,22,-1
M0139,26,N A A A N A A A A A N A A A A N N N A A N A N A A P,Aversion,17,0.6538461538461539,8,0.3076923076923077,1,0.038461538461538464,6,6,13,1
M0140,26,N N N N N N N N A A A A A N A A A A A N A A A A A A,Aversion,16,0.6153846153846154,10,0.38461538461538464,0,0.0,2,3,20,-1
M0141,26,N N N N N N N N A N A A A N A P P N N N N P P P P P,Neutral,5,0.19230769230769232,14,0.5384615384615384,7,0.2692307692307692,4,4,17,1
M0142,26,N N N N N N N N N N N N P P P P P P P P P P P P P P,Appreciation,0,0.0,12,0.46153846153846156,14,0.5384615384615384,1,0,24,1
M0143,26,N A A A A A A N N N N A N N N P P P P P P P P P P P,Appreciation,7,0.2692307692307692,8,0.3076923076923077,11,0.4230769230769231,3,2,20,1
M0144,26,N N N N N N N N N P P P P N N N N N N A A A N A A A,Neutral,6,0.23076923076923078,16,0.6153846153846154,4,0.15384615384615385,2,3,20,-1
M0145,26,N N N A A N A A A N N P P N N N A N A A N A A A A A,Aversion,13,0.5,11,0.4230769230769231,2,0.07692307692307693,5,6,14,-1
M0146,26,N N N N N N N A N A A N A A A P P P P P P P P P P P,Appreciation,6,0.23076923076923078,9,0.34615384615384615,11,0.4230769230769231,3,3,19,1
M0147,26,N A N N N N N A A A A A A N N P P P P P P P N N N A,Neutral,8,0.3076923076923077,11,0.4230769230769231,7,0.2692307692307692,3,4,18,-1
M0148,26,N A A A A A N N N N N N N N P P P P N N A A A A A A,Neutral,11,0.4230769230769231,11,0.4230769230769231,4,0.15384615384615385,2,3,20,-1
M0149,26,N N N N N N N N N N N A A A A A N A A A N N P P P P,Neutral,8,0.3076923076923077,14,0.5384615384615384,4,0.15384615384615385,3,2,20,1
M0150,26,N N A A A A A A A A A A A A A N A A A A A A A A A A,Aversion,23,0.8846153846153846,3,0.11538461538461539,0,0.0,1,2,22,-1
M0151,26,N N N N N N N N N N N N N N P P P P P P P P P P P P,Neutral,0,0.0,14,0.5384615384615384,12,0.46153846153846156,1,0,24,1
M0152,26,N N N N A N A N N N N N N P P P P P P P N A N N N P,Neutral,3,0.11538461538461539,15,0.5769230769230769,8,0.3076923076923077,5,4,16,1
M0153,26,N N N N N N N A A A A N A A N P P P P P P P P P P P,Appreciation,6,0.23076923076923078,9,0.34615384615384615,11,0.4230769230769231,3,2,20,1
M0154,26,N N N N N N N N N N N N N N P P P P P P P P P P P P,Neutral,0,0.0,14,0.5384615384615384,12,0.46153846153846156,1,0,24,1
M0155,26,N N N N N A A A A A A A A A N N N P P N P P P N A N,Neutral,10,0.38461538461538464,11,0.4230769230769231,5,0.19230769230769232,4,4,17,0
M0156,26,N A A A A N N A A A N N N N N P P P P P P P P P P N,Appreciation,7,0.2692307692307692,9,0.34615384615384615,10,0.38461538461538464,3,3,19,0
M0157,26,N N A N A N N A A N N N N P P P P P P P P P P P P P,Appreciation,4,0.15384615384615385,9,0.34615384615384615,13,0.5,4,3,18,1
M0158,26,N N N N N N N N N N N N N N N A A A A A A A A A A A,Neutral,11,0.4230769230769231,15,0.5769230769230769,0,0.0,0,1,24,-1
M0159,26,N N N N N A N A A A A A A A A N A A A N N N P P P P,Aversion,12,0.46153846153846156,10,0.38461538461538464,4,0.15384615384615385,4,3,18,1
M0160,26,N A N A A A A N N N N N N N N P P P P P P N N N N A,Neutral,6,0.23076923076923078,14,0.5384615384615384,6,0.23076923076923078,3,4,18,-1
M0161,26,N N N N N A A A A A A A A A A N N N N N N N A P P P,Neutral,11,0.4230769230769231,12,0.46153846153846156,3,0.11538461538461539,2,2,21,1
M0162,26,N N N N N N N N N N N N N N N N N P P N A A A A A A,Neutral,6,0.23076923076923078,18,0.6923076923076923,2,0.07692307692307693,1,2,22,-1
M0163,26,N N N N N N N N N A A A A A A N N A A A A A A A A A,Aversion,15,0.5769230769230769,11,0.4230769230769231,0,0.0,1,2,22,-1
M0164,26,N N N N N N N N N N N N A N N N N A A A A A N P P P,Neutral,6,0.23076923076923078,17,0.6538461538461539,3,0.11538461538461539,3,2,20,1
M0165,26,N N A A A N A N N N N N N N P P P P P P P P P P N A,Neutral,5,0.19230769230769232,11,0.4230769230769231,10,0.38461538461538464,3,4,18,-1
M0166,26,N A N N N N N A N N N N N N N A A N A A A A A A P P,Neutral,10,0.38461538461538464,14,0.5384615384615384,2,0.07692307692307693,4,4,17,1
M0167,26,N N N N N N A A A A N A A N P P P P P P P P P N N N,Neutral,6,0.23076923076923078,11,0.4230769230769231,9,0.34615384615384615,3,3,19,0
M0168,26,N N N A A A A A A A A A N A N N P P P N N A A A A A,Aversion,15,0.5769230769230769,8,0.3076923076923077,3,0.11538461538461539,3,4,18,-1
M0169,26,N N N N A N N N A A A N N N N P P P P P P P P N A A,Neutral,6,0.23076923076923078,12,0.46153846153846156,8,0.3076923076923077,3,4,18,-1
M0170,26,N A N N A N N N N N N N A A A A N N P P P P P N N A,Neutral,7,0.2692307692307692,14,0.5384615384615384,5,0.19230769230769232,4,5,16,-1
M0171,26,N A N N N N N N N N A A A A N N N N P P P P P P P P,Neutral,5,0.19230769230769232,13,0.5,8,0.3076923076923077,3,2,20,1
M0172,26,N N A N N N N A A N N N N N N N N N N P P N A A A A,Neutral,7,0.2692307692307692,17,0.6538461538461539,2,0.07692307692307693,3,4,18,-1
M0173,26,N A A A N N N N N N A A A A A A N N N A A A A N N A,Aversion,14,0.5384615384615384,12,0.46153846153846156,0,0.0,3,4,18,-1
M0174,26,N A N A A A A N A A N A N A N P P P P P P P P P P P,Appreciation,9,0.34615384615384615,6,0.23076923076923078,11,0.4230769230769231,6,5,14,1
M0175,26,N A N A A N A N N N N N N A P N N N N N A A A A N A,Neutral,10,0.38461538461538464,15,0.5769230769230769,1,0.038461538461538464,5,7,13,-1
M0176,26,N N N N N N N N N A N N N N N N N N A N A A P P P P,Neutral,4,0.15384615384615385,18,0.6923076923076923,4,0.15384615384615385,3,3,19,1
M0177,26,N N N N N N N N N N N N N N N A A A A P P P P P P P,Neutral,4,0.15384615384615385,15,0.5769230769230769,7,0.2692307692307692,1,1,23,1
M0178,26,N N A A A A A A N A A A N N A A A A A A A A A A N N,Aversion,19,0.7307692307692307,7,0.2692307692307692,0,0.0,3,3,19,0
M0179,26,N N N N N A A A A A N N A A A A N N A A A A A A A A,Aversion,17,0.6538461538461539,9,0.34615384615384615,0,0.0,2,3,20,-1
M0180,26,N A A N A A N N A A N A A N N A A A A A A A A A A A,Aversion,19,0.7307692307692307,7,0.2692307692307692,0,0.0,4,5,16,-1
M0181,26,N N N N A A A N N A A A A A A A A A A A A A N P P P,Aversion,16,0.6153846153846154,7,0.2692307692307692,3,0.11538461538461539,3,2,20,1
M0182,26,N N N A N N N A A A N N N N N A N P P P P P P P P P,Neutral,5,0.19230769230769232,12,0.46153846153846156,9,0.34615384615384615,4,3,18,1
M0183,26,N N N A N A N N N A A A A A A A N A A A A A A A A A,Aversion,18,0.6923076923076923,8,0.3076923076923077,0,0.0,3,4,18,-1
M0184,26,N N N N N N N N N N N N A N N A A N A N P P P P P P,Neutral,4,0.15384615384615385,16,0.6153846153846154,6,0.23076923076923078,4,3,18,1
M0185,26,N N A N N N N N N N N N N N N N A A N A A N N A N A,Neutral,7,0.2692307692307692,19,0.7307692307692307,0,0.0,4,5,16,-1
M0186,26,N N N N N N A N A N N A A A A A A N P P N A A A A A,Aversion,13,0.5,11,0.4230769230769231,2,0.07692307692307693,4,5,16,-1
M0187,26,N N N N N A N A N A N N N N A A N A A A N N N A A N,Neutral,10,0.38461538461538464,16,0.6153846153846154,0,0.0,6,6,13,0
M0188,26,N N N N A A A A N A A A N A A N N A N A N A P P P P,Aversion,12,0.46153846153846156,10,0.38461538461538464,4,0.15384615384615385,6,6,13,1
M0189,26,N N N N N A A A A N A A A A A N N A N A A N N N P P,Neutral,12,0.46153846153846156,12,0.46153846153846156,2,0.07692307692307693,5,4,16,1
M0190,26,N N N N N A A N N N N N N N N N N N N N A A N A A N,Neutral,6,0.23076923076923078,20,0.7692307692307693,0,0.0,3,3,19,0
M0191,26,N N A A A A A A N N N N N N N A A A A A A A A P N A,Aversion,15,0.5769230769230769,10,0.38461538461538464,1,0.038461538461538464,2,4,19,-1
M0192,26,N N A A N N N N N N N N N N N N N A A A A N P P P N,Neutral,6,0.23076923076923078,17,0.6538461538461539,3,0.11538461538461539,3,3,19,0
M0193,26,N N N A N N N N N N N N N N N A N N P P P P P P N A,Neutral,3,0.11538461538461539,17,0.6538461538461539,6,0.23076923076923078,3,4,18,-1
M0194,26,N N N N N N N N N N N N N N N N P P P P P P P P P P,Neutral,0,0.0,16,0.6153846153846154,10,0.38461538461538464,1,0,24,1
M0195,26,N N N N N N N N N N N N N N N N N N N P P P P N N P,Neutral,0,0.0,21,0.8076923076923077,5,0.19230769230769232,2,1,22,1
M0196,26,N N N N N N N N P N A A A A A N A A N A A A A N N N,Neutral,11,0.4230769230769231,14,0.5384615384615384,1,0.038461538461538464,4,4,17,0
M0197,26,N N N N N N N N N N N N A N A A N N P N N N N A N P,Neutral,4,0.15384615384615385,20,0.7692307692307693,2,0.07692307692307693,5,4,16,1
M0198,26,N A A A N A A A A A A A A A N N N A P P P P P P P P,Aversion,13,0.5,5,0.19230769230769232,8,0.3076923076923077,3,3,19,1
M0199,26,N N N N N N A A A N N A A A N N A A A N N A A P P P,Neutral,11,0.4230769230769231,12,0.46153846153846156,3,0.11538461538461539,4,4,17,1
M0200,26,N A A A A A A A A A A N A N A A A N N P P N A A A A,Aversion,18,0.6923076923076923,6,0.23076923076923078,2,0.07692307692307693,4,5,16,-1
M0201,26,N N N N N N N N N N A N N N N N P P P P P P P P P P,Neutral,1,0.038461538461538464,15,0.5769230769230769,10,0.38461538461538464,2,1,22,1
M0202,26,N N A A A A N A N N N N N P P P P P P P P P P P P P,Appreciation,5,0.19230769230769232,8,0.3076923076923077,13,0.5,3,2,20,1
M0203,26,N N N N N N A A A N N N N N A A A A A A A A A N A A,Aversion,14,0.5384615384615384,12,0.46153846153846156,0,0.0,2,3,20,-1
M0204,26,N A A A N N A A A A N N N N N P P P P P P P P P P P,Appreciation,7,0.2692307692307692,8,0.3076923076923077,11,0.4230769230769231,3,2,20,1
M0205,26,N A N N A A N A A A A A N A N N N N A A A A A A A A,Aversion,17,0.6538461538461539,9,0.34615384615384615,0,0.0,4,5,16,-1
M0206,26,N N N N N N N N A A A A A A A A A N N N A A A A A A,Aversion,15,0.5769230769230769,11,0.4230769230769231,0,0.0,1,2,22,-1
M0207,26,N N N N N N N A N N A A A A A A A N A N P P P P P P,Neutral,9,0.34615384615384615,11,0.4230769230769231,6,0.23076923076923078,4,3,18,1
M0208,26,N N N N N N N N N N N A N A A A A A A P P P P P P P,Neutral,7,0.2692307692307692,12,0.46153846153846156,7,0.2692307692307692,2,2,21,1
M0209,26,N N A N N A A A N N N N N N N N N N N N A N N N N P,Neutral,5,0.19230769230769232,20,0.7692307692307693,1,0.038461538461538464,4,3,18,1
M0210,26,N N N N N A A A A A A A A A N N N N N P P P P P N N,Neutral,9,0.34615384615384615,12,0.46153846153846156,5,0.19230769230769232,2,2,21,0
M0211,26,N A A A A A A A A A A A A A A N P P P N P P N A A A,Aversion,17,0.6538461538461539,4,0.15384615384615385,5,0.19230769230769232,3,4,18,-1
M0212,26,N N N N N N N N N N N N N A A A A A A A A A A A A A,Neutral,13,0.5,13,0.5,0,0.0,0,1,24,-1
M0213,26,N N N N N N N N N A N A N N N N N A A N N N N P N P,Neutral,4,0.15384615384615385,20,0.7692307692307693,2,0.07692307692307693,5,4,16,1
M0214,26,N N N N A A A A A N A N A N N N N N N N N N N A A A,Neutral,10,0.38461538461538464,16,0.6153846153846154,0,0.0,3,4,18,-1
M0215,26,N N N N N N N N N N N N N N N P P P P P N N A A A N,Neutral,3,0.11538461538461539,18,0.6923076923076923,5,0.19230769230769232,2,2,21,0
M0216,26,N A A N A A A A N A A N A A A A A A N A A A A A N P,Aversion,19,0.7307692307692307,6,0.23076923076923078,1,0.038461538461538464,6,5,14,1
M0217,26,N A A A N N N N N N N N P P P N N P P P P P P P P P,Appreciation,3,0.11538461538461539,11,0.4230769230769231,12,0.46153846153846156,3,2,20,1
M0218,26,N N N N A A N A A N N A N A A A N A A A A A A P P P,Aversion,14,0.5384615384615384,9,0.34615384615384615,3,0.11538461538461539,5,5,15,1
M0219,26,N N A A A A N N N N N N N P P P P N P P P P P P P P,Appreciation,4,0.15384615384615385,10,0.38461538461538464,12,0.46153846153846156,3,2,20,1
M0220,26,N N N N N A A A N N N N N N N N N N N A A A A A A N,Neutral,9,0.34615384615384615,17,0.6538461538461539,0,0.0,2,2,21,0
M0221,26,N N A N N N N A A A A A A A A A A A N A A A N N P P,Aversion,15,0.5769230769230769,9,0.34615384615384615,2,0.07692307692307693,4,3,18,1
M0222,26,N N N N N N N N N N P P P P P N N N P P P P P P P P,Neutral,0,0.0,13,0.5,13,0.5,2,1,22,1
M0223,26,N N N N N N N N N N A A A A A A N N N A A N N N A A,Neutral,10,0.38461538461538464,16,0.6153846153846154,0,0.0,2,3,20,-1
M0224,26,N N N N N N N N N N N N N N N N A A N N A N N A A A,Neutral,6,0.23076923076923078,20,0.7692307692307693,0,0.0,2,3,20,-1
M0225,26,A N N A A A N A A A N A A A N N N N N P P P P P P P,Aversion,10,0.38461538461538464,9,0.34615384615384615,7,0.2692307692307692,5,3,17,2
M0226,26,N N N N N A A A A A A N A A A A A A A A A A N N P P,Aversion,16,0.6153846153846154,8,0.3076923076923077,2,0.07692307692307693,3,2,20,1
M0227,26,N N A A A A A N N A A A N N A A A A N A A A A A N A,Aversion,18,0.6923076923076923,8,0.3076923076923077,0,0.0,4,5,16,-1
M0228,26,N N A A N A A A A A A A N N N N N N N P N A A N N N,Neutral,11,0.4230769230769231,14,0.5384615384615384,1,0.038461538461538464,4,4,17,0
M0229,26,N N A N N N N N N A A A A A A A A N A A P P P P A A,Aversion,13,0.5,9,0.34615384615384615,4,0.15384615384615385,3,4,18,-1
M0230,26,N N N N N A A A A A N A A A A N A N A N N A A A N N,Aversion,14,0.5384615384615384,12,0.46153846153846156,0,0.0,5,5,15,0
M0231,26,N N N N N A A P N A N N N A A A A N P P P P N A A A,Neutral,10,0.38461538461538464,11,0.4230769230769231,5,0.19230769230769232,4,6,15,-1
M0232,26,N A N N A A A A A A A A N N P P P P P N A N N N N N,Neutral,10,0.38461538461538464,11,0.4230769230769231,5,0.19230769230769232,4,4,17,0
M0233,26,N N N N N A N N N N N N N N N N P P P P N A A A A A,Neutral,6,0.23076923076923078,16,0.6153846153846154,4,0.15384615384615385,2,3,20,-1
M0234,26,N N N N N N N N N N N N N N N N N N N N N P P P P P,Neutral,0,0.0,21,0.8076923076923077,5,0.19230769230769232,1,0,24,1
M0235,26,N N A N N N N N A A A A A N N N N A A A N P N A A A,Neutral,12,0.46153846153846156,13,0.5,1,0.038461538461538464,4,5,16,-1
M0236,26,N A A N N N N A N A A A A A A N A A A N P P P P P P,Aversion,12,0.46153846153846156,8,0.3076923076923077,6,0.23076923076923078,5,4,16,1
M0237,26,N N N A A A N N N N A A A A N N P P N N N P P P P P,Neutral,7,0.2692307692307692,12,0.46153846153846156,7,0.2692307692307692,4,3,18,1
M0238,26,N N N A N N N N N N N A A A A A N N P P P P N A A A,Neutral,9,0.34615384615384615,13,0.5,4,0.15384615384615385,3,4,18,-1
M0239,26,N A N A N A A N N N N N N N N N N A P N N N N A N A,Neutral,7,0.2692307692307692,18,0.6923076923076923,1,0.038461538461538464,5,7,13,-1
M0240,26,N N N N N N N N N N N N N N A A A N N A N N N N A A,Neutral,6,0.23076923076923078,20,0.7692307692307693,0,0.0,2,3,20,-1
M0241,26,N A N A N N N N A A A N A N A A A A A N P P P N N A,Aversion,12,0.46153846153846156,11,0.4230769230769231,3,0.11538461538461539,6,7,12,-1
M0242,26,N N N N N N N N N N N N N N P P P P P P P P P P P P,Neutral,0,0.0,14,0.5384615384615384,12,0.46153846153846156,1,0,24,1
M0243,26,N N N A N N N N N N N N P P P P P P P P P P P P P P,Appreciation,1,0.038461538461538464,11,0.4230769230769231,14,0.5384615384615384,2,1,22,1
M0244,26,N N N N N N A A A A A A N A A A A A A A A N P N N N,Aversion,14,0.5384615384615384,11,0.4230769230769231,1,0.038461538461538464,3,3,19,0
M0245,26,N N N A A A A A N N N N P P N P P P P P P P P N N N,Neutral,5,0.19230769230769232,11,0.4230769230769231,10,0.38461538461538464,3,3,19,0
M0246,26,N N N N N N N A A N N N N A A A A A N A A A A A N P,Neutral,12,0.46153846153846156,13,0.5,1,0.038461538461538464,4,3,18,1
M0247,26,N N N N N N N N N N N N N N N N N A N N A A A A N N,Neutral,5,0.19230769230769232,21,0.8076923076923077,0,0.0,2,2,21,0
M0248,26,N N A N A A A A A A A A A N A N N P P P P P P P P A,Aversion,12,0.46153846153846156,6,0.23076923076923078,8,0.3076923076923077,4,4,17,-1
M0249,26,N A N A N N A A A N N N N N N N A N A A A P N A A A,Neutral,12,0.46153846153846156,13,0.5,1,0.038461538461538464,5,7,13,-1
M0250,26,N N N N N N N N A N N N N N N N P P P P P P P P P P,Neutral,1,0.038461538461538464,15,0.5769230769230769,10,0.38461538461538464,2,1,22,1
M0251,26,N N N N N N N N A A N A A A A A A N A A A N N N P N,Neutral,11,0.4230769230769231,14,0.5384615384615384,1,0.038461538461538464,4,4,17,0
M0252,26,N N N A A N N N A A A A A N N N N N N N N N N P P P,Neutral,7,0.2692307692307692,16,0.6153846153846154,3,0.11538461538461539,3,2,20,1
M0253,26,N N N A A N N N A A N N A N P P P P N P P P P P N A,Neutral,6,0.23076923076923078,11,0.4230769230769231,9,0.34615384615384615,5,6,14,-1
M0254,26,N A A A A A A A N N A A A A A A N P P P P P P P P P,Aversion,13,0.5,4,0.15384615384615385,9,0.34615384615384615,3,2,20,1
M0255,26,N N A A A A A N A A N A A N A A A A A N A N N A A A,Aversion,18,0.6923076923076923,8,0.3076923076923077,0,0.0,5,6,14,-1
M0256,26,N N N N N N N N N N A A N A A A A A A N A A A A N A,Neutral,13,0.5,13,0.5,0,0.0,3,4,18,-1
M0257,26,N A N N N N N N N N N N N P P P P P N P P P P P P P,Neutral,1,0.038461538461538464,13,0.5,12,0.46153846153846156,3,2,20,1
M0258,26,N N A A N N N N A A A A A A N A N A A N A A A A A A,Aversion,17,0.6538461538461539,9,0.34615384615384615,0,0.0,4,5,16,-1
M0259,26,N N N N A A N N N A A A N A A N A A A A N A A N A A,Aversion,15,0.5769230769230769,11,0.4230769230769231,0,0.0,5,6,14,-1
M0260,26,N N N N N N N N N N A N A A A N A N A A A A A A A A,Neutral,13,0.5,13,0.5,0,0.0,3,4,18,-1
M0261,26,N N N N N N N N N N N N P P P N P P P P P P N N A N,Neutral,1,0.038461538461538464,16,0.6153846153846154,9,0.34615384615384615,3,3,19,0
M0262,26,N N N N N N N N N P P N N A A A A A A A N N N A A A,Neutral,10,0.38461538461538464,14,0.5384615384615384,2,0.07692307692307693,2,3,20,-1
M0263,26,N N N N N N N N A A A P N P P P P N N P P P P N P P,Neutral,3,0.11538461538461539,12,0.46153846153846156,11,0.4230769230769231,4,4,17,1
M0264,26,N N A A A A A N N A A N N N N A A A A A A A A A N N,Aversion,16,0.6153846153846154,10,0.38461538461538464,0,0.0,3,3,19,0
M0265,26,N N N N N N N N N A A A A A A A N N P P P P P P P N,Neutral,7,0.2692307692307692,12,0.46153846153846156,7,0.2692307692307692,2,2,21,0
M0266,26,N N N N N A A A A A A A N N N N N N N N A A N N A N,Neutral,10,0.38461538461538464,16,0.6153846153846154,0,0.0,3,3,19,0
M0267,26,N A A N A A A N N A N N N A A A A P P P P P P P P P,Aversion,10,0.38461538461538464,7,0.2692307692307692,9,0.34615384615384615,4,4,17,1
M0268,26,N A N A A A A A A N A A A A N P P P P P N N N A A N,Aversion,13,0.5,8,0.3076923076923077,5,0.19230769230769232,5,5,15,0
M0269,26,N N A N N N A N N N N N N N A A A N N A A A A A N A,Neutral,11,0.4230769230769231,15,0.5769230769230769,0,0.0,4,5,16,-1
M0270,26,N A A N A A A A N A A A A A N A A A A N A A A A A A,Aversion,21,0.8076923076923077,5,0.19230769230769232,0,0.0,4,5,16,-1
M0271,26,N N N N N N N N N N N A A A N A A A A N N N N A A A,Neutral,10,0.38461538461538464,16,0.6153846153846154,0,0.0,2,3,20,-1
M0272,26,N N N N N N N N N N N N N N N A A A A A A A A A A A,Neutral,11,0.4230769230769231,15,0.5769230769230769,0,0.0,0,1,24,-1
M0273,26,N N N N N A N A N A A A N N A A N A A A A A A N A A,Aversion,15,0.5769230769230769,11,0.4230769230769231,0,0.0,5,6,14,-1
M0274,26,N A A N N N N A N N N N P P P P P P P P P N N A N N,Neutral,4,0.15384615384615385,13,0.5,9,0.34615384615384615,4,4,17,0
M0275,26,N N N N A N N A N N A A N P P P P P P P N P P P P P,Appreciation,4,0.15384615384615385,10,0.38461538461538464,12,0.46153846153846156,5,4,16,1
M0276,26,N A N N N A N A N A A A N A N A A A N P P P P P P P,Aversion,10,0.38461538461538464,9,0.34615384615384615,7,0.2692307692307692,7,6,12,1
M0277,26,N N N N N N N N N N N A A N N N N N N P P P P P P P,Neutral,2,0.07692307692307693,17,0.6538461538461539,7,0.2692307692307692,2,1,22,1
M0278,26,N N N N N N N N N N N N N A N N N N N P P P P P P P,Neutral,1,0.038461538461538464,18,0.6923076923076923,7,0.2692307692307692,2,1,22,1
M0279,26,N N A A A N A N A N N A N N N N N N N P P P P N A A,Neutral,8,0.3076923076923077,14,0.5384615384615384,4,0.15384615384615385,5,6,14,-1
M0280,26,N N A A A A N N A A A A A A A P N P N A A A A N P P,Aversion,15,0.5769230769230769,7,0.2692307692307692,4,0.15384615384615385,5,5,15,1
M0281,26,N A A N N A N A A N N N P P P P P P P P P P N A N N,Neutral,6,0.23076923076923078,10,0.38461538461538464,10,0.38461538461538464,5,5,15,0
M0282,26,N N A N A A A N N P P P P P N N N A N N A A A N P P,Neutral,8,0.3076923076923077,11,0.4230769230769231,7,0.2692307692307692,6,5,14,1
M0283,26,N N N N N N N N N N N N N P P P P N P P P P P P P P,Neutral,0,0.0,14,0.5384615384615384,12,0.46153846153846156,2,1,22,1
M0284,26,N N N N A N N N N N N N N P P P N P P P P P P P N P,Neutral,1,0.038461538461538464,14,0.5384615384615384,11,0.4230769230769231,4,3,18,1
M0285,26,N N N A N N A N A N A A A A A N A A N P P P N N N N,Neutral,10,0.38461538461538464,13,0.5,3,0.11538461538461539,6,6,13,0
M0286,26,N N A A A A A A A N N N A A N N P N N N P P P P P P,Neutral,9,0.34615384615384615,10,0.38461538461538464,7,0.2692307692307692,4,3,18,1
M0287,26,N A A A N N A N N N A N A A A A A N P N N A A P P P,Aversion,12,0.46153846153846156,10,0.38461538461538464,4,0.15384615384615385,6,6,13,1
M0288,26,N N N N N N N N N N P P P P P P N N P P N N A N P P,Neutral,1,0.038461538461538464,15,0.5769230769230769,10,0.38461538461538464,4,3,18,1
M0289,26,N N A A N N N A A N N N N N P P P N N N A N N A A A,Neutral,8,0.3076923076923077,15,0.5769230769230769,3,0.11538461538461539,4,5,16,-1
M0290,26,N A A N N A A N A N A A N N A A A A A A A A N P P P,Aversion,15,0.5769230769230769,8,0.3076923076923077,3,0.11538461538461539,6,5,14,1
M0291,26,N N N N A A N N N N N N N P N N P P P P P P P P P P,Neutral,2,0.07692307692307693,13,0.5,11,0.4230769230769231,3,2,20,1
M0292,26,N N N N N N N A N N N A A A A A N P P P P P P P P P,Neutral,6,0.23076923076923078,11,0.4230769230769231,9,0.34615384615384615,3,2,20,1
M0293,26,N N A N A A N N N N N N N A N N N P P P P P P P P P,Neutral,4,0.15384615384615385,13,0.5,9,0.34615384615384615,4,3,18,1
M0294,26,N N N N N N N A N N A A A A A N P P P P P P P P P N,Neutral,6,0.23076923076923078,11,0.4230769230769231,9,0.34615384615384615,3,3,19,0
M0295,26,N N N N N A A A N A A A N A N A A A A A N A A A A A,Aversion,17,0.6538461538461539,9,0.34615384615384615,0,0.0,4,5,16,-1
M0296,26,N N N N N N N N N N N N A A N A A N N N A N A A A A,Neutral,9,0.34615384615384615,17,0.6538461538461539,0,0.0,3,4,18,-1
M0297,26,N N N N N N N A N N N P N N P P N N N A A A N N N N,Neutral,4,0.15384615384615385,19,0.7307692307692307,3,0.11538461538461539,4,4,17,0
M0298,26,N N N A A A N N A A N N A A N N P N N N A A A A A A,Aversion,13,0.5,12,0.46153846153846156,1,0.038461538461538464,4,5,16,-1
M0299,26,N N N N N N A A A A A N N A N N P P P P P P P P P P,Neutral,6,0.23076923076923078,10,0.38461538461538464,10,0.38461538461538464,3,2,20,1
M0300,26,N N N N N N A A N N N N N N A A A A A N A A A N A A,Neutral,12,0.46153846153846156,14,0.5384615384615384,0,0.0,3,4,18,-1
M0301,26,N A N A N N N N A N N N N N N N A A N A N A P N N A,Neutral,8,0.3076923076923077,17,0.6538461538461539,1,0.038461538461538464,6,8,11,-1
M0302,26,N N N N A A A A A A A N N N N P N N A A N A A A A A,Aversion,14,0.5384615384615384,11,0.4230769230769231,1,0.038461538461538464,3,4,18,-1
M0303,26,N A A N N N N N N N N N N N N P P N N A A N A A A N,Neutral,7,0.2692307692307692,17,0.6538461538461539,2,0.07692307692307693,4,4,17,0
M0304,26,N N N A A A A N A A A A A A A A A A N N N N N A N A,Aversion,16,0.6153846153846154,10,0.38461538461538464,0,0.0,3,4,18,-1
M0305,26,N N N N N N N N N N N N P P P P P P N A N A A A N A,Neutral,5,0.19230769230769232,15,0.5769230769230769,6,0.23076923076923078,3,4,18,-1
M0306,26,N N N A N A A A A A A A A A N A A A A A A N A A A A,Aversion,20,0.7692307692307693,6,0.23076923076923078,0,0.0,3,4,18,-1
M0307,26,N N N N N N N N A A A A A A A A A A N N N N N N N N,Neutral,10,0.38461538461538464,16,0.6153846153846154,0,0.0,1,1,23,0
M0308,26,N N A A N A N N N P P N P P N P P P P P N N N P P N,Neutral,3,0.11538461538461539,12,0.46153846153846156,11,0.4230769230769231,6,6,13,0
M0309,26,N N N N N N N N N N N A A N N N A N P P P P P N N P,Neutral,3,0.11538461538461539,17,0.6538461538461539,6,0.23076923076923078,4,3,18,1
M0310,26,N N N N N N N N N N N N N A A N N N N P P P P P P P,Neutral,2,0.07692307692307693,17,0.6538461538461539,7,0.2692307692307692,2,1,22,1
M0311,26,N N N N N A N N A A A A A A A A A A N A A A A A N A,Aversion,17,0.6538461538461539,9,0.34615384615384615,0,0.0,3,4,18,-1
M0312,26,N N N N N N N N N N N N N N A A A N N P P P P P P N,Neutral,3,0.11538461538461539,17,0.6538461538461539,6,0.23076923076923078,2,2,21,0
M0313,26,N N A A A N A A N A N N N N A A A A A A A A A A A A,Aversion,18,0.6923076923076923,8,0.3076923076923077,0,0.0,3,4,18,-1
M0314,26,N N N N N N N N N N N N N P P P P P P P P P P P N N,Neutral,0,0.0,15,0.5769230769230769,11,0.4230769230769231,1,1,23,0
M0315,26,N N N N N N A A N N A A A N A N N A A A A A A A A A,Aversion,15,0.5769230769230769,11,0.4230769230769231,0,0.0,3,4,18,-1
M0316,26,N A N N N N N A A N N N N N P N A A N N P P P P P P,Neutral,5,0.19230769230769232,14,0.5384615384615384,7,0.2692307692307692,5,4,16,1
M0317,26,N A A N N A N A A N N N N N N N A A N N N P N N N N,Neutral,7,0.2692307692307692,18,0.6923076923076923,1,0.038461538461538464,5,5,15,0
M0318,26,N N N N N N N N N N N N P P P P P P N N P P N P P P,Neutral,0,0.0,15,0.5769230769230769,11,0.4230769230769231,3,2,20,1
M0319,26,N N N N A N A A A A A A A N A A A A A N N A A N A A,Aversion,17,0.6538461538461539,9,0.34615384615384615,0,0.0,4,5,16,-1
M0320,26,N N N N A N N A A A A N A A A A A A P P P P P P P N,Aversion,11,0.4230769230769231,8,0.3076923076923077,7,0.2692307692307692,3,4,18,0
M0321,26,N N N A A A A N N N A A A A A A A N A A A A A A N N,Aversion,17,0.6538461538461539,9,0.34615384615384615,0,0.0,3,3,19,0
M0322,26,N N A N N N N N N N N N N A N N N A A A A A A A A A,Neutral,11,0.4230769230769231,15,0.5769230769230769,0,0.0,2,3,20,-1
M0323,26,N A A N N A N A A A N N N N N N N A A A A A A A A A,Aversion,15,0.5769230769230769,11,0.4230769230769231,0,0.0,3,4,18,-1
M0324,26,N N N A N N N N N N N N A A N A A A N A A A A N A A,Neutral,12,0.46153846153846156,14,0.5384615384615384,0,0.0,4,5,16,-1
M0325,26,N A N N N N N N N N N N N N N N P P N N P P P P P P,Neutral,1,0.038461538461538464,17,0.6538461538461539,8,0.3076923076923077,3,2,20,1
M0326,26,N A N N N A A A A N N A N A A A N N N N A A N A A A,Aversion,14,0.5384615384615384,12,0.46153846153846156,0,0.0,5,6,14,-1
M0327,26,N A A N N N N N N N N N A A A A A A A A A A A P P N,Aversion,13,0.5,11,0.4230769230769231,2,0.07692307692307693,2,3,20,0
M0328,26,N N N A A A A A N A A A N N N P P P P P P P N N P P,Neutral,8,0.3076923076923077,9,0.34615384615384615,9,0.34615384615384615,4,3,18,1
M0329,26,N N N N N N A A N A A A N N P P N N A A A P P P N P,Neutral,8,0.3076923076923077,12,0.46153846153846156,6,0.23076923076923078,5,5,15,1
M0330,26,N N N N N N N N N N N N N A N N P P P P N N N A A N,Neutral,3,0.11538461538461539,19,0.7307692307692307,4,0.15384615384615385,3,3,19,0
M0331,26,N N N N A A A A N N N N N P P P P P P P P P N A A A,Neutral,7,0.2692307692307692,10,0.38461538461538464,9,0.34615384615384615,2,3,20,-1
M0332,26,N N A A A A N N A A A A A A A A A N N N A A A A A A,Aversion,19,0.7307692307692307,7,0.2692307692307692,0,0.0,2,3,20,-1
M0333,26,N N N N N N N N N N N N N A N N P N A N A N A A A N,Neutral,6,0.23076923076923078,19,0.7307692307692307,1,0.038461538461538464,5,5,15,0
M0334,26,N N N N N N N N N N N A N N N N N P P P P N A A A A,Neutral,5,0.19230769230769232,17,0.6538461538461539,4,0.15384615384615385,2,3,20,-1
M0335,26,N N N N N N A A A N N A A A N N N N A A A A N A A A,Neutral,13,0.5,13,0.5,0,0.0,3,4,18,-1
M0336,26,N N A A A A A A N N N A A A A N N N P P P P P N N A,Aversion,11,0.4230769230769231,10,0.38461538461538464,5,0.19230769230769232,3,4,18,-1
M0337,26,N N A A A A A N N N N A N N N A A A N A A A A N A A,Aversion,15,0.5769230769230769,11,0.4230769230769231,0,0.0,4,5,16,-1
M0338,26,N N N N A N A A A N N N A A N A N N N A A N A A A A,Neutral,13,0.5,13,0.5,0,0.0,5,6,14,-1
M0339,26,N N A A N N N N N N N N N A A N N N N N N N A A A A,Neutral,8,0.3076923076923077,18,0.6923076923076923,0,0.0,2,3,20,-1
M0340,26,N N N N A N A N N N N N N P P P P P P P P P P P P P,Appreciation,2,0.07692307692307693,11,0.4230769230769231,13,0.5,3,2,20,1
M0341,26,N N N A A N A A N N N N N A N N N N N N N N N N N P,Neutral,5,0.19230769230769232,20,0.7692307692307693,1,0.038461538461538464,4,3,18,1
M0342,26,N N N N N N N A A A A N N A A N A A A N N A A A A A,Aversion,14,0.5384615384615384,12,0.46153846153846156,0,0.0,3,4,18,-1
M0343,26,N N N N A A N A A A A N N A A N A A A A A A A P P P,Aversion,15,0.5769230769230769,8,0.3076923076923077,3,0.11538461538461539,4,4,17,1
M0344,26,N N N A A N N N N N P P N N N N N N N N N A A A N A,Neutral,6,0.23076923076923078,18,0.6923076923076923,2,0.07692307692307693,3,4,18,-1
M0345,26,N N N N N N N N N A N N N P P P P P P P P P P P P P,Appreciation,1,0.038461538461538464,12,0.46153846153846156,13,0.5,2,1,22,1
M0346,26,N N N N N N N N N N N N N N N P P N P P P P P P P P,Neutral,0,0.0,16,0.6153846153846154,10,0.38461538461538464,2,1,22,1
M0347,26,N A A A N N N N N N A N N N N A A N N P P P P P P N,Neutral,6,0.23076923076923078,14,0.5384615384615384,6,0.23076923076923078,4,4,17,0
M0348,26,N N N N N N N A N A N A A N N A A N P P P P P P P P,Neutral,6,0.23076923076923078,12,0.46153846153846156,8,0.3076923076923077,5,4,16,1
M0349,26,N N N N N N A A N A N N A A N P P P P P P P P P N A,Neutral,6,0.23076923076923078,11,0.4230769230769231,9,0.34615384615384615,4,5,16,-1
M0350,26,N N N N N A A A N N A A A N N N P P P P N N A A N A,Neutral,9,0.34615384615384615,13,0.5,4,0.15384615384615385,4,5,16,-1
M0351,26,N N N N N N N N N N A N N N P P P P P P P P P N N A,Neutral,2,0.07692307692307693,15,0.5769230769230769,9,0.34615384615384615,2,3,20,-1
M0352,26,N N N N N A A A A A A N A N A N A A N N A A N A A N,Aversion,14,0.5384615384615384,12,0.46153846153846156,0,0.0,6,6,13,0
M0353,26,N N A N N A A A A A A N P P P P N N P P P P P P P P,Appreciation,7,0.2692307692307692,7,0.2692307692307692,12,0.46153846153846156,4,3,18,1
M0354,26,N N N N N N A N N N N N N A A A A A A A A A N N A A,Neutral,12,0.46153846153846156,14,0.5384615384615384,0,0.0,2,3,20,-1
M0355,26,N N N N A N N N A A A A N A N A A A A N A A A P P P,Aversion,13,0.5,10,0.38461538461538464,3,0.11538461538461539,5,5,15,1
M0356,26,N N N N N N N N A N A A A N N N N A N N P P P P P P,Neutral,5,0.19230769230769232,15,0.5769230769230769,6,0.23076923076923078,4,3,18,1
M0357,26,N N N N N N N N N N N A A A A A N N A N N P N N N A,Neutral,7,0.2692307692307692,18,0.6923076923076923,1,0.038461538461538464,3,4,18,-1
M0358,26,N A N N N N N N N N N N N N N N A A N A A A A A A A,Neutral,10,0.38461538461538464,16,0.6153846153846154,0,0.0,2,3,20,-1
M0359,26,N N N N N N A A N N A A N A A A A A N P P P P P P P,Neutral,9,0.34615384615384615,10,0.38461538461538464,7,0.2692307692307692,4,3,18,1
M0360,26,N N A A A A A N N N N P P P P P P N N N P P P P P P,Appreciation,5,0.19230769230769232,9,0.34615384615384615,12,0.46153846153846156,3,2,20,1
M0361,26,N N N N N N N A A A N A A A A A A P P P P N N N N A,Neutral,10,0.38461538461538464,12,0.46153846153846156,4,0.15384615384615385,2,4,19,-1
M0362,26,N N N A N A N N N N N A A N N N N A N N N N N A A N,Neutral,7,0.2692307692307692,19,0.7307692307692307,0,0.0,5,5,15,0
M0363,26,N N N N N N N N N N P P P P P P P P P N P P P P P P,Appreciation,0,0.0,11,0.4230769230769231,15,0.5769230769230769,2,1,22,1
M0364,26,N N A A N A A A A N A A A A A A A A A A A N A A A A,Aversion,21,0.8076923076923077,5,0.19230769230769232,0,0.0,3,4,18,-1
M0365,26,N N A A A N A A A N A A A N A A A A A N A A A A A A,Aversion,20,0.7692307692307693,6,0.23076923076923078,0,0.0,4,5,16,-1
M0366,26,N N N N A A N N N N A N A A N A N N N N N P P P P P,Neutral,6,0.23076923076923078,15,0.5769230769230769,5,0.19230769230769232,5,4,16,1
M0367,26,N N N N N N N N N N N N A N P P P P P P P P P P P P,Neutral,1,0.038461538461538464,13,0.5,12,0.46153846153846156,2,1,22,1
M0368,26,N N N N A N A A A A N N P N N N N A A A A N A A A A,Aversion,13,0.5,12,0.46153846153846156,1,0.038461538461538464,4,5,16,-1
M0369,26,N N N A A A N N A A A A A A A A N N N A A A N A A N,Aversion,16,0.6153846153846154,10,0.38461538461538464,0,0.0,4,4,17,0
M0370,26,N N N N N N N A N A N N N N A A A A A N A N A A A P,Neutral,11,0.4230769230769231,14,0.5384615384615384,1,0.038461538461538464,5,5,15,1
M0371,26,N A N N A N A A A N N A N A A A A N P P P P P P P P,Aversion,10,0.38461538461538464,8,0.3076923076923077,8,0.3076923076923077,6,5,14,1
M0372,26,N N N N N A N N N N P P P P N A A N N P P P P P P P,Neutral,3,0.11538461538461539,12,0.46153846153846156,11,0.4230769230769231,4,3,18,1
M0373,26,N N N N A A A N A A N A N A N N N A N P P P P P N N,Neutral,8,0.3076923076923077,13,0.5,5,0.19230769230769232,6,6,13,0
M0374,26,N N N N N N N A N A A A N N N N A A A N P P N N A A,Neutral,9,0.34615384615384615,15,0.5769230769230769,2,0.07692307692307693,4,5,16,-1
M0375,26,N N A A A A N N A N A A A A A A N A A N A A A A A N,Aversion,18,0.6923076923076923,8,0.3076923076923077,0,0.0,5,5,15,0
M0376,26,N N A A N N N A A N A A A N N N N P P P P P N P P P,Neutral,7,0.2692307692307692,11,0.4230769230769231,8,0.3076923076923077,5,4,16,1
M0377,26,N A A N A N A N N A A P N A A A A A A N N N A P P P,Aversion,13,0.5,9,0.34615384615384615,4,0.15384615384615385,6,7,12,1
M0378,26,N N N N N N N N A N N N N A A A A N N N N P P N P P,Neutral,5,0.19230769230769232,17,0.6538461538461539,4,0.15384615384615385,4,3,18,1
M0379,26,N A N N N N N N N N P P P P P P P P P P P P P N A A,Appreciation,3,0.11538461538461539,10,0.38461538461538464,13,0.5,2,3,20,-1
M0380,26,N N N N A A N A N A A A A A N P P P P P P P P P N A,Aversion,9,0.34615384615384615,8,0.3076923076923077,9,0.34615384615384615,4,5,16,-1
M0381,26,N N N N N N N N N N N A N N N P N P N N N N A A A A,Neutral,5,0.19230769230769232,19,0.7307692307692307,2,0.07692307692307693,3,4,18,-1
M0382,26,N N N N A A A A A A A A N N N N A A A N A A A N P P,Aversion,14,0.5384615384615384,10,0.38461538461538464,2,0.07692307692307693,4,3,18,1
M0383,26,N A A A N N A N N N A A N A N A A A A N A A A A A A,Aversion,17,0.6538461538461539,9,0.34615384615384615,0,0.0,5,6,14,-1
M0384,26,N N N A N N N N N N A A A A N N P P P P P P N N N N,Neutral,5,0.19230769230769232,15,0.5769230769230769,6,0.23076923076923078,3,3,19,0
M0385,26,N N N N N N N N N N N N N N N N P P N N P P N P N A,Neutral,1,0.038461538461538464,20,0.7692307692307693,5,0.19230769230769232,3,4,18,-1
M0386,26,N N N N N N N N N N N A N N N N N N N A A P P P P P,Neutral,3,0.11538461538461539,18,0.6923076923076923,5,0.19230769230769232,2,2,21,1
M0387,26,N N N N N A N N A A A N A N A N A A A N A A A A A A,Aversion,15,0.5769230769230769,11,0.4230769230769231,0,0.0,5,6,14,-1
M0388,26,N N N N A A N N N N A A A A A A A A N N A A A N N A,Aversion,14,0.5384615384615384,12,0.46153846153846156,0,0.0,3,4,18,-1
M0389,26,N N N N N N N N N N N N N A A N A A A N N P P P P P,Neutral,5,0.19230769230769232,16,0.6153846153846154,5,0.19230769230769232,3,2,20,1
M0390,26,N N N N N N N N N N N N N P P N A A A A A A A A N N,Neutral,8,0.3076923076923077,16,0.6153846153846154,2,0.07692307692307693,2,2,21,0
M0391,26,N N N N N N N N N N N N N N A N A A A A A A A A A N,Neutral,10,0.38461538461538464,16,0.6153846153846154,0,0.0,2,2,21,0
M0392,26,N N A A A A A N N N N N A A A N N A N A N A A A N N,Neutral,13,0.5,13,0.5,0,0.0,5,5,15,0
M0393,26,N N N N N N N N N N N N A A A N N P P P P P P P P P,Neutral,3,0.11538461538461539,14,0.5384615384615384,9,0.34615384615384615,2,1,22,1
M0394,26,N N N N N N N N N N N N N A A N N N N N A N A A A A,Neutral,7,0.2692307692307692,19,0.7307692307692307,0,0.0,2,3,20,-1
M0395,26,N N N N N N N N N N A N N P P P P P P P P P N A N N,Neutral,2,0.07692307692307693,15,0.5769230769230769,9,0.34615384615384615,3,3,19,0
M0396,26,N A N N A A A A N N N N N N A A N P P N N A N P P P,Neutral,8,0.3076923076923077,13,0.5,5,0.19230769230769232,6,5,14,1
M0397,26,N N A N A N A A N N A N N N N N A N N N N N A A P P,Neutral,8,0.3076923076923077,16,0.6153846153846154,2,0.07692307692307693,6,6,13,1
M0398,26,N N N N A N N N N N N N A P P P P P P P P P P P P P,Appreciation,2,0.07692307692307693,11,0.4230769230769231,13,0.5,2,2,21,1
M0399,26,N A N N N N N N N N N N N N N N N N N N N A A A A A,Neutral,6,0.23076923076923078,20,0.7692307692307693,0,0.0,1,2,22,-1
M0400,26,N N N N N N N N A N A A N N A N N N N N N N A A A A,Neutral,8,0.3076923076923077,18,0.6923076923076923,0,0.0,3,4,18,-1
M0401,26,N N N N N N N N N N N N N N P N P P P P P P P P P P,Neutral,0,0.0,15,0.5769230769230769,11,0.4230769230769231,2,1,22,1
M0402,26,N N N N A A A A A A A A N N A N N N N A A A A N P P,Aversion,13,0.5,11,0.4230769230769231,2,0.07692307692307693,4,3,18,1
M0403,26,N N N N A N N A N N N N A A N N P P N N A A A A A N,Neutral,9,0.34615384615384615,15,0.5769230769230769,2,0.07692307692307693,5,5,15,0
M0404,26,N N N N N N N A A A A N A A N A A A A N A A A A A N,Aversion,15,0.5769230769230769,11,0.4230769230769231,0,0.0,4,4,17,0
M0405,26,N N A N N A N N A A A N N N N N N A N N A A A A A N,Neutral,11,0.4230769230769231,15,0.5769230769230769,0,0.0,5,5,15,0
M0406,26,N N A A A N N N N N A N A A A A A N N N N N A A A N,Neutral,12,0.46153846153846156,14,0.5384615384615384,0,0.0,4,4,17,0
M0407,26,N N A A A A A A N N N A A A N A N N N A A A N N A A,Aversion,15,0.5769230769230769,11,0.4230769230769231,0,0.0,4,5,16,-1
M0408,26,N A A A N A A A A N N N N N N P P N N N A A A A A A,Aversion,13,0.5,11,0.4230769230769231,2,0.07692307692307693,3,4,18,-1
M0409,26,N N N N A N A N N A A A A A N N A A A A A A A A A A,Aversion,17,0.6538461538461539,9,0.34615384615384615,0,0.0,3,4,18,-1
M0410,26,N N A N A A N A A A A A N A A N N P N N N P P P P P,Neutral,10,0.38461538461538464,10,0.38461538461538464,6,0.23076923076923078,6,5,14,1
M0411,26,A N N N N N N N N N N N N P N P P P P P N P P P P N,Neutral,1,0.038461538461538464,15,0.5769230769230769,10,0.38461538461538464,4,3,18,1
M0412,26,N N N N N N N N N A A A N N N N N N P N A A A A N A,Neutral,8,0.3076923076923077,17,0.6538461538461539,1,0.038461538461538464,3,4,18,-1
M0413,26,N A A N N N N N N A A A N N P P P P P P P P P P P P,Appreciation,5,0.19230769230769232,9,0.34615384615384615,12,0.46153846153846156,3,2,20,1
M0414,26,N N A N N N N N N N N N N N N P P P P P P P P P P P,Neutral,1,0.038461538461538464,14,0.5384615384615384,11,0.4230769230769231,2,1,22,1
M0415,26,N N N N N N N N N N N N N P P N N N N A A N N A N N,Neutral,3,0.11538461538461539,21,0.8076923076923077,2,0.07692307692307693,3,3,19,0
M0416,26,N N N A A A N A A A A N N N N P P P P P P P P P P P,Appreciation,7,0.2692307692307692,8,0.3076923076923077,11,0.4230769230769231,3,2,20,1
M0417,26,N N A N N N N N N N N N N N N N N N N N N P P P P P,Neutral,1,0.038461538461538464,20,0.7692307692307693,5,0.19230769230769232,2,1,22,1
M0418,26,N A N N A A A A N A A N N N N N N A N N P P P P P P,Neutral,8,0.3076923076923077,12,0.46153846153846156,6,0.23076923076923078,5,4,16,1
M0419,26,N A N N A A A N A A N N N N N A A A A A A A A A N A,Aversion,16,0.6153846153846154,10,0.38461538461538464,0,0.0,4,5,16,-1
M0420,26,N A A A A N A A A A N N P P P P P P N P P N N N N N,Neutral,8,0.3076923076923077,10,0.38461538461538464,8,0.3076923076923077,4,4,17,0
M0421,26,N N N N N A A N A A A N N N A N A A N A A A A A N A,Aversion,14,0.5384615384615384,12,0.46153846153846156,0,0.0,5,6,14,-1
M0422,26,N N N N N N N A N A A A A A A A A A A A A N A N A A,Aversion,16,0.6153846153846154,10,0.38461538461538464,0,0.0,3,4,18,-1
M0423,26,N A N N N A A A N N N N P N N N P P P P P A A A A A,Neutral,9,0.34615384615384615,11,0.4230769230769231,6,0.23076923076923078,4,4,17,-1
M0424,26,N N A A A N N N N N N N N N N N N A N A A A A N N N,Neutral,8,0.3076923076923077,18,0.6923076923076923,0,0.0,3,3,19,0
M0425,26,N A A A A A A A N N N N N N N P P P P P P P P P P P,Appreciation,7,0.2692307692307692,8,0.3076923076923077,11,0.4230769230769231,2,1,22,1
M0426,26,N N N A A A N A A A A A N N N A N N N A A N A A N N,Neutral,13,0.5,13,0.5,0,0.0,5,5,15,0
M0427,26,N N N N N N N N N N N N N N N N A N P N A N A A A A,Neutral,6,0.23076923076923078,19,0.7307692307692307,1,0.038461538461538464,3,4,18,-1
M0428,26,N A A A A A A A A N N N N A A N N P P P P P P P P P,Aversion,10,0.38461538461538464,7,0.2692307692307692,9,0.34615384615384615,3,2,20,1
M0429,26,N N N N N A A A A N N A A A A A N P P N N N N P P P,Neutral,9,0.34615384615384615,12,0.46153846153846156,5,0.19230769230769232,4,3,18,1
M0430,26,N N N N N N N N N N N A A A A A A A A A A A A A A A,Aversion,15,0.5769230769230769,11,0.4230769230769231,0,0.0,0,1,24,-1
M0431,26,N N N N N N N N N N N N N N N N P P P P P P P P P P,Neutral,0,0.0,16,0.6153846153846154,10,0.38461538461538464,1,0,24,1
M0432,26,N N N N N N N N N A N N A A A A A A A A A A N N N A,Neutral,12,0.46153846153846156,14,0.5384615384615384,0,0.0,2,3,20,-1
M0433,26,N N A A N N A N N N N N A A A N P P P P P P N P P P,Neutral,6,0.23076923076923078,11,0.4230769230769231,9,0.34615384615384615,5,4,16,1
M0434,26,N N A A N N A N N A A N A N A A A A A A N N N P P P,Aversion,12,0.46153846153846156,11,0.4230769230769231,3,0.11538461538461539,6,5,14,1
M0435,26,N N N A N N N N A A A A A N A N N A N N N A P P P P,Neutral,9,0.34615384615384615,13,0.5,4,0.15384615384615385,5,5,15,1
M0436,26,N N A A N N A N A N A N A A N N P P P P P P P P N A,Neutral,8,0.3076923076923077,10,0.38461538461538464,8,0.3076923076923077,6,7,12,-1
M0437,26,N N N N N N N N N N N N N N N N N P P P P P P P N N,Neutral,0,0.0,19,0.7307692307692307,7,0.2692307692307692,1,1,23,0
M0438,26,N N N N N A A N A A N N N N N P P P P P N N A A A A,Neutral,8,0.3076923076923077,13,0.5,5,0.19230769230769232,3,4,18,-1
M0439,26,N N N N A A N N N N N N P P P P N A A N A A A A A A,Neutral,10,0.38461538461538464,12,0.46153846153846156,4,0.15384615384615385,3,4,18,-1
M0440,26,N A N A A A N N N N N N N N N P N N N P P P P P N A,Neutral,5,0.19230769230769232,15,0.5769230769230769,6,0.23076923076923078,4,5,16,-1
M0441,26,N N N A A N A A N N N N N N A N N N P P P P N N N N,Neutral,5,0.19230769230769232,17,0.6538461538461539,4,0.15384615384615385,4,4,17,0
M0442,26,N N N N N N N N N N N N P P P P P N N N N N P P P P,Neutral,0,0.0,17,0.6538461538461539,9,0.34615384615384615,2,1,22,1
M0443,26,N N N A N A A A A A N N N N N N N N A A A A A A A A,Aversion,14,0.5384615384615384,12,0.46153846153846156,0,0.0,2,3,20,-1
M0444,26,N A A N N N N N N N N N A N N N P N P P P P P P N A,Neutral,4,0.15384615384615385,15,0.5769230769230769,7,0.2692307692307692,4,5,16,-1
M0445,26,N N A N N A A A N P N N N A N N N P P N N N N N A A,Neutral,7,0.2692307692307692,16,0.6153846153846154,3,0.11538461538461539,5,6,14,-1
M0446,26,N N N N N N N N A A N A N N N N N N N N A A A A N A,Neutral,8,0.3076923076923077,18,0.6923076923076923,0,0.0,3,4,18,-1
M0447,26,N A A A N A N N N N N A A A A N N N A N A A A A A A,Aversion,15,0.5769230769230769,11,0.4230769230769231,0,0.0,4,5,16,-1
M0448,26,N N N A A A N N A N A A A A A N A A N A A A A A N A,Aversion,17,0.6538461538461539,9,0.34615384615384615,0,0.0,5,6,14,-1
M0449,26,N N N N N N N N N N N N N P P P P P N A A A N N P P,Neutral,3,0.11538461538461539,16,0.6153846153846154,7,0.2692307692307692,3,2,20,1
M0450,26,N N N N N N N N N A A N N A A N N N A A A A N P P P,Neutral,8,0.3076923076923077,15,0.5769230769230769,3,0.11538461538461539,4,3,18,1
M0451,26,N N N N A A N N N N N N N N N A N N N P P P P P P P,Neutral,3,0.11538461538461539,16,0.6153846153846154,7,0.2692307692307692,3,2,20,1
M0452,26,N N A A A A N N N N N A A N A N N N N N A A A A N N,Neutral,11,0.4230769230769231,15,0.5769230769230769,0,0.0,4,4,17,0
M0453,26,N N N N N N N N A A A A N A A A A A N N A A A N A A,Aversion,14,0.5384615384615384,12,0.46153846153846156,0,0.0,3,4,18,-1
M0454,26,N N N N N N N N N N N N P N N N N P P P P N N N P P,Neutral,0,0.0,19,0.7307692307692307,7,0.2692307692307692,3,2,20,1
M0455,26,N N N N N N N N N P N A A N N P P P P P P N N N N P,Neutral,2,0.07692307692307693,16,0.6153846153846154,8,0.3076923076923077,4,3,18,1
M0456,26,N N N A N A N N N A N N N P P N N N A N N P P P P N,Neutral,4,0.15384615384615385,16,0.6153846153846154,6,0.23076923076923078,6,6,13,0
M0457,26,N A A N A A N N A A A N N A A A N N A A A A A A A A,Aversion,18,0.6923076923076923,8,0.3076923076923077,0,0.0,4,5,16,-1
M0458,26,N N N N N N N N N N N N N N N N N N N N N N N A N N,Neutral,1,0.038461538461538464,25,0.9615384615384616,0,0.0,1,1,23,0
M0459,26,N A N N N N N N A A N A N P P P P P P P P P P P P P,Appreciation,4,0.15384615384615385,9,0.34615384615384615,13,0.5,4,3,18,1
M0460,26,N N N N N N N A A A A N A A A N A N A A A A A A A A,Aversion,16,0.6153846153846154,10,0.38461538461538464,0,0.0,3,4,18,-1
M0461,26,N N N A N A N N N N N N N P P P P P P P P P P P P P,Appreciation,2,0.07692307692307693,11,0.4230769230769231,13,0.5,3,2,20,1
M0462,26,N N N N N A N A A A A N N N P P P P P N N N P P P P,Neutral,5,0.19230769230769232,12,0.46153846153846156,9,0.34615384615384615,4,3,18,1
M0463,26,N N A A N N N N N N N N N N N N A N N N A N A A A A,Neutral,8,0.3076923076923077,18,0.6923076923076923,0,0.0,3,4,18,-1
M0464,26,N N N N N A N N A A A A A A A A N P P P P P P P P P,Aversion,9,0.34615384615384615,8,0.3076923076923077,9,0.34615384615384615,3,2,20,1
M0465,26,N N A N A A N A N N N N N N N N A A N A A A A A N A,Neutral,12,0.46153846153846156,14,0.5384615384615384,0,0.0,5,6,14,-1
M0466,26,N N N N N N N N N N P P P P P P P P P P P P P P N A,Appreciation,1,0.038461538461538464,11,0.4230769230769231,14,0.5384615384615384,1,2,22,-1
M0467,26,N N A N N N A A A A A N N A A N P N N P P P P P P P,Neutral,8,0.3076923076923077,10,0.38461538461538464,8,0.3076923076923077,5,4,16,1
M0468,26,N N N N N N N N A N N A N N N N N N N N N A A A N N,Neutral,5,0.19230769230769232,21,0.8076923076923077,0,0.0,3,3,19,0
M0469,26,N N N A N N N N N N P N P P P P P P P P P P P P P N,Appreciation,1,0.038461538461538464,11,0.4230769230769231,14,0.5384615384615384,3,3,19,0
M0470,26,N N N N N N N N N N P P P P P P P P P N N N P P P N,Neutral,0,0.0,14,0.5384615384615384,12,0.46153846153846156,2,2,21,0
M0471,26,N A N A A A A A A A A A A N N A A N N N A N N A A A,Aversion,17,0.6538461538461539,9,0.34615384615384615,0,0.0,4,5,16,-1
M0472,26,N A N N A N N A N N N A N N N N A A A A A A A A A A,Aversion,14,0.5384615384615384,12,0.46153846153846156,0,0.0,4,5,16,-1
M0473,26,N N N N N N N N N A A A N A A N A N P P P P P P P P,Neutral,6,0.23076923076923078,12,0.46153846153846156,8,0.3076923076923077,4,3,18,1
M0474,26,N N N N N N N N N N N A N A A N N P P P P P P P P P,Neutral,3,0.11538461538461539,14,0.5384615384615384,9,0.34615384615384615,3,2,20,1
M0475,26,N N N N N N N N N A A A A N N N N N A N A A N A A A,Neutral,10,0.38461538461538464,16,0.6153846153846154,0,0.0,3,4,18,-1
M0476,26,N N N N N N N N N N N N N N N N N A A P P P N N N A,Neutral,3,0.11538461538461539,20,0.7692307692307693,3,0.11538461538461539,1,3,21,-1
M0477,26,N N N N N N N N N N N A N N N P P P P P P P P P P P,Neutral,1,0.038461538461538464,14,0.5384615384615384,11,0.4230769230769231,2,1,22,1
M0478,26,N N A A A A A A N A N N P P P P P P N P P P P P P P,Appreciation,7,0.2692307692307692,6,0.23076923076923078,13,0.5,4,3,18,1
M0479,26,N N N N A N N N N N N N N P P P P P P P P P P N P P,Neutral,1,0.038461538461538464,13,0.5,12,0.46153846153846156,3,2,20,1
M0480,26,N N N N N N N N N N N N P P P P P P P N P P P N N N,Neutral,0,0.0,16,0.6153846153846154,10,0.38461538461538464,2,2,21,0
M0481,26,A A N N N N N N N N N N N N P N N A N P P P P P P P,Neutral,3,0.11538461538461539,15,0.5769230769230769,8,0.3076923076923077,4,2,19,2
M0482,26,N N N N N N N N N N P P P N P P P P P P P P P P P P,Appreciation,0,0.0,11,0.4230769230769231,15,0.5769230769230769,2,1,22,1
M0483,26,N N N N N A N N N N N N N N N P P P P N N N A P P P,Neutral,2,0.07692307692307693,17,0.6538461538461539,7,0.2692307692307692,3,3,19,1
M0484,26,N N N N N N N N N N A A N A A A A A N A A A A A A A,Aversion,14,0.5384615384615384,12,0.46153846153846156,0,0.0,2,3,20,-1
M0485,26,N N N N N N N N N A A A N A A A A A A N N N A P P P,Neutral,10,0.38461538461538464,13,0.5,3,0.11538461538461539,3,3,19,1
M0486,26,N N N N N A A N N N N A A N A A N P P P P P P P P P,Neutral,6,0.23076923076923078,11,0.4230769230769231,9,0.34615384615384615,4,3,18,1
M0487,26,N N A A N A N A N N A N N N A A A N A N A A A A A A,Aversion,15,0.5769230769230769,11,0.4230769230769231,0,0.0,6,7,12,-1
M0488,26,N N N N N N A N N N N N N N N P N N P P P N N N A A,Neutral,3,0.11538461538461539,19,0.7307692307692307,4,0.15384615384615385,3,4,18,-1
M0489,26,N N N N A A A A N A A A A A A A A A A A A A A A P P,Aversion,19,0.7307692307692307,5,0.19230769230769232,2,0.07692307692307693,2,2,21,1
M0490,26,N A N A N A N N N A A A A A N A A A A A A A A N N N,Aversion,16,0.6153846153846154,10,0.38461538461538464,0,0.0,5,5,15,0
M0491,26,N N A A N N A A A N N N N N N P P P P N N A N N A A,Neutral,8,0.3076923076923077,14,0.5384615384615384,4,0.15384615384615385,4,5,16,-1
M0492,26,N N A N A A A A A P N N N A N N A A A N P P P P P P,Aversion,10,0.38461538461538464,9,0.34615384615384615,7,0.2692307692307692,5,5,15,1
M0493,26,N A N N A A N A N A N A A A N N N A N N N A N N N A,Neutral,11,0.4230769230769231,15,0.5769230769230769,0,0.0,7,8,10,-1
M0494,26,N A N A A N N N N N N N N N N N N A N N N N N A A A,Neutral,7,0.2692307692307692,19,0.7307692307692307,0,0.0,3,4,18,-1
M0495,26,N N N N N N N N N N N N N N N N N P P P P P P P N N,Neutral,0,0.0,19,0.7307692307692307,7,0.2692307692307692,1,1,23,0
M0496,26,N N N N N N N N N N N N P N N P P P P P P P P P N N,Neutral,0,0.0,16,0.6153846153846154,10,0.38461538461538464,2,2,21,0
M0497,26,N N N N N A A A N N N A A N A A N N A N A A A A A A,Aversion,14,0.5384615384615384,12,0.46153846153846156,0,0.0,4,5,16,-1
M0498,26,N N N N N N N N N P P P P P P P N A A A N N N N N N,Neutral,3,0.11538461538461539,16,0.6153846153846154,7,0.2692307692307692,2,2,21,0
M0499,26,N N A A A A N N N P P P P P P P P P P P P P P P N N,Appreciation,4,0.15384615384615385,7,0.2692307692307692,15,0.5769230769230769,2,2,21,0
M0500,26,N N N N N A A A A N N N N N N N N A A A A A A N P P,Neutral,10,0.38461538461538464,14,0.5384615384615384,2,0.07692307692307693,3,2,20,1
M0501,26,N N N N A A A N A N N N N P P P N N A N A A A A A N,Neutral,10,0.38461538461538464,13,0.5,3,0.11538461538461539,5,5,15,0
M0502,26,N A N N N N A A A A A A A A A N N A P P P P P P P P,Aversion,11,0.4230769230769231,7,0.2692307692307692,8,0.3076923076923077,3,3,19,1
M0503,26,N N N N N A A A A N N A A A A A A A N A A A A A A A,Aversion,18,0.6923076923076923,8,0.3076923076923077,0,0.0,2,3,20,-1
M0504,26,N N N N A N N N N N N N N N A P P P N A A A A A A A,Neutral,9,0.34615384615384615,14,0.5384615384615384,3,0.11538461538461539,2,4,19,-1
M0505,26,N N N N N N N N A A A A N A N N N P P P P P P P P P,Neutral,5,0.19230769230769232,12,0.46153846153846156,9,0.34615384615384615,3,2,20,1
M0506,26,N A A A N A N A A A A A A A A A A N A A N N A N A A,Aversion,19,0.7307692307692307,7,0.2692307692307692,0,0.0,5,6,14,-1
M0507,26,N A A A N N N N N N N N N N N N N N P P P N N N P P,Neutral,3,0.11538461538461539,18,0.6923076923076923,5,0.19230769230769232,3,2,20,1
M0508,26,N N N N N N N N N N N A N N N N N P N N A N P N N N,Neutral,2,0.07692307692307693,22,0.8461538461538461,2,0.07692307692307693,4,4,17,0
M0509,26,N A N A N A A A A A A A A A A N N P P P P P P P N N,Aversion,12,0.46153846153846156,7,0.2692307692307692,7,0.2692307692307692,4,4,17,0
M0510,26,N A A A A N N N A A A A N A A N A A A A A A A N P P,Aversion,17,0.6538461538461539,7,0.2692307692307692,2,0.07692307692307693,5,4,16,1
M0511,26,N A N N N N N N N N N P P P P P P P P P P P N A A N,Neutral,3,0.11538461538461539,12,0.46153846153846156,11,0.4230769230769231,3,3,19,0
M0512,26,N A A A A N N N N N N N N N N N A A A N N N P P P N,Neutral,7,0.2692307692307692,16,0.6153846153846154,3,0.11538461538461539,3,3,19,0
M0513,26,N N A A N N N N A N N N N N P P P P P P P P P P P P,Appreciation,3,0.11538461538461539,11,0.4230769230769231,12,0.46153846153846156,3,2,20,1
M0514,26,N N N N N N A N N N A A N A A A A A A A A A A A A A,Aversion,16,0.6153846153846154,10,0.38461538461538464,0,0.0,2,3,20,-1
M0515,26,N N N N N N N N N A A N A N N N N N A A A A N N A N,Neutral,8,0.3076923076923077,18,0.6923076923076923,0,0.0,4,4,17,0
M0516,26,N A N N N N N N N A A A N N N P P P P N N N A A N A,Neutral,7,0.2692307692307692,15,0.5769230769230769,4,0.15384615384615385,4,5,16,-1
M0517,26,N N N A A N N N A A A A A A A A A A A A A A A A N P,Aversion,18,0.6923076923076923,7,0.2692307692307692,1,0.038461538461538464,3,2,20,1
M0518,26,N N N N A N N N N N N N N A N A A N N N N N N N P P,Neutral,4,0.15384615384615385,20,0.7692307692307693,2,0.07692307692307693,4,3,18,1
M0519,26,N N A N N N A N N N N N N A N N N A A N A A A N A N,Neutral,9,0.34615384615384615,17,0.6538461538461539,0,0.0,6,6,13,0
M0520,26,N N N N A A N A N A A N A A A A A A N A A A A A A A,Aversion,18,0.6923076923076923,8,0.3076923076923077,0,0.0,4,5,16,-1
M0521,26,N N A A A A N N N N N N P N A N N N A A N A A A A A,Neutral,12,0.46153846153846156,13,0.5,1,0.038461538461538464,4,5,16,-1
M0522,26,N N N N N N N A N A N A A N A A A A N N A N P P P P,Neutral,9,0.34615384615384615,13,0.5,4,0.15384615384615385,6,5,14,1
M0523,26,N N N N N N N N N N A A N A A N N N N N N P P P P P,Neutral,4,0.15384615384615385,17,0.6538461538461539,5,0.19230769230769232,3,2,20,1
M0524,26,N A A A N N N N A N N N P P P P P P P P P P P P P P,Appreciation,4,0.15384615384615385,8,0.3076923076923077,14,0.5384615384615384,3,2,20,1
M0525,26,N N N N N A A A N A A N N N N P P P P P P P P P P P,Appreciation,5,0.19230769230769232,10,0.38461538461538464,11,0.4230769230769231,3,2,20,1
M0526,26,N N N N A A A A A A A A N A A A N P P P P P P P N N,Aversion,11,0.4230769230769231,8,0.3076923076923077,7,0.2692307692307692,3,3,19,0
M0527,26,N N N N N N N N N P P P P P N N N A A N A A A A N A,Neutral,7,0.2692307692307692,14,0.5384615384615384,5,0.19230769230769232,3,4,18,-1
M0528,26,N N N N N A A N N N N N N N P P P N N P P P N A N P,Neutral,3,0.11538461538461539,16,0.6153846153846154,7,0.2692307692307692,5,4,16,1
M0529,26,N N N N A N A A N N N N N N N N P P P P P P P P P P,Neutral,3,0.11538461538461539,13,0.5,10,0.38461538461538464,3,2,20,1
M0530,26,N N A A A A N N A N N A A A A A A A A N N N P P P N,Aversion,13,0.5,10,0.38461538461538464,3,0.11538461538461539,4,4,17,0
M0531,26,N N A A N N A N N N N A A A A A A A A A A A N N N A,Aversion,15,0.5769230769230769,11,0.4230769230769231,0,0.0,3,4,18,-1
M0532,26,N A N N A A A A A A A A A N N N N A A A A A N P P P,Aversion,15,0.5769230769230769,8,0.3076923076923077,3,0.11538461538461539,4,3,18,1
M0533,26,N N N N N N A A A A N N A A A N A A N A A A N A A A,Aversion,15,0.5769230769230769,11,0.4230769230769231,0,0.0,4,5,16,-1
M0534,26,N N N N N N N N A A N N N A A A A A A A A A N A A A,Aversion,14,0.5384615384615384,12,0.46153846153846156,0,0.0,2,3,20,-1
M0535,26,N N N N N A N N N N N A A A A A P N A A A N N N N N,Neutral,9,0.34615384615384615,16,0.6153846153846154,1,0.038461538461538464,3,4,18,0
M0536,26,N N A N N N N N N N N N N N N N A N N A A A A A A A,Neutral,9,0.34615384615384615,17,0.6538461538461539,0,0.0,2,3,20,-1
M0537,26,N N N N N N A A A N N A A A A N N N N N N A A N N A,Neutral,10,0.38461538461538464,16,0.6153846153846154,0,0.0,3,4,18,-1
M0538,26,N N N A A A N A A A A N N N N A A A A N P P P P P P,Aversion,11,0.4230769230769231,9,0.34615384615384615,6,0.23076923076923078,4,3,18,1
M0539,26,N N N N N N N N N N N P P P P N P P P P P P P P P P,Appreciation,0,0.0,12,0.46153846153846156,14,0.5384615384615384,2,1,22,1
M0540,26,N N N N N N N A A A A N N N N N A A A A N N A A N N,Neutral,10,0.38461538461538464,16,0.6153846153846154,0,0.0,3,3,19,0
M0541,26,N A N A N A A A A A A A A N A N A A A A N A A A A A,Aversion,20,0.7692307692307693,6,0.23076923076923078,0,0.0,5,6,14,-1
M0542,26,N N A N N A A A A N N N N A N N N N N N N A A A A A,Neutral,11,0.4230769230769231,15,0.5769230769230769,0,0.0,3,4,18,-1
M0543,26,N A A A N N N A A N N N N N N N N N A A A N N P P P,Neutral,8,0.3076923076923077,15,0.5769230769230769,3,0.11538461538461539,4,3,18,1
M0544,26,N N A A A A N A A A A A N A A A A N N N P P P P P P,Aversion,13,0.5,7,0.2692307692307692,6,0.23076923076923078,4,3,18,1
M0545,26,N N N N N N A N A N A N N N N A N N N P N A A A A A,Neutral,9,0.34615384615384615,16,0.6153846153846154,1,0.038461538461538464,5,6,14,-1
M0546,26,N N N N N N N A A A N A N N P P P P P P P P P P P P,Appreciation,4,0.15384615384615385,10,0.38461538461538464,12,0.46153846153846156,3,2,20,1
M0547,26,N N N N N N N N N N N N N N N N A A N N N N A A A A,Neutral,6,0.23076923076923078,20,0.7692307692307693,0,0.0,1,2,22,-1
M0548,26,N N N N A N N N N N N A N N N N N A A A A A A A A N,Neutral,10,0.38461538461538464,16,0.6153846153846154,0,0.0,3,3,19,0
M0549,26,N N N N N A N N N N N P P P P P P P N N N N P P P P,Neutral,1,0.038461538461538464,14,0.5384615384615384,11,0.4230769230769231,3,2,20,1
M0550,26,N N A A A A N N N N N A N A A A A A A A N N A N N A,Aversion,14,0.5384615384615384,12,0.46153846153846156,0,0.0,4,5,16,-1
M0551,26,N N N N N N N N N N N N N N N N N P P P N P P P P P,Neutral,0,0.0,18,0.6923076923076923,8,0.3076923076923077,2,1,22,1
M0552,26,N A N A A A A A A A A N N N A N A A A A N N N N A N,Aversion,15,0.5769230769230769,11,0.4230769230769231,0,0.0,5,5,15,0
M0553,26,N N N N N N A N N N A A A A A A A A A A A N N N P P,Neutral,12,0.46153846153846156,12,0.46153846153846156,2,0.07692307692307693,3,2,20,1
M0554,26,N N N N N N N N N N N N N N P P P P P P P P P P N N,Neutral,0,0.0,16,0.6153846153846154,10,0.38461538461538464,1,1,23,0
M0555,26,N N A A N N N N N N N A A A A A N P P P P P P N A A,Neutral,9,0.34615384615384615,11,0.4230769230769231,6,0.23076923076923078,3,4,18,-1
M0556,26,N N N N N N N N N N N A A A A A A N P P P P P P P P,Neutral,6,0.23076923076923078,12,0.46153846153846156,8,0.3076923076923077,2,1,22,1
M0557,26,N N N N N N N N N N A A A A N P P P P P N N N N A A,Neutral,6,0.23076923076923078,15,0.5769230769230769,5,0.19230769230769232,2,3,20,-1
M0558,26,N A A A N N N N N N N N N N A A A N N A A N P P P P,Neutral,8,0.3076923076923077,14,0.5384615384615384,4,0.15384615384615385,4,3,18,1
M0559,26,N N N N N N A A A A A A A A A A A A A P P P P P P P,Aversion,13,0.5,6,0.23076923076923078,7,0.2692307692307692,1,1,23,1
M0560,26,N N N N N N N N N N N P N N N N N A A A N N P P P P,Neutral,3,0.11538461538461539,18,0.6923076923076923,5,0.19230769230769232,3,2,20,1
M0561,26,N N N N N N N N N N N N N N N N P P N A A A A A A N,Neutral,6,0.23076923076923078,18,0.6923076923076923,2,0.07692307692307693,2,2,21,0
M0562,26,N N A N A A N N A N A A A N N P P P P P N N A A A N,Neutral,10,0.38461538461538464,11,0.4230769230769231,5,0.19230769230769232,6,6,13,0
M0563,26,N A N A A A A A N A A A A A A A A A A A N P P P P P,Aversion,17,0.6538461538461539,4,0.15384615384615385,5,0.19230769230769232,4,3,18,1
M0564,26,N A A A N N A P N N N N N N N N N N N A N N A A A N,Neutral,8,0.3076923076923077,17,0.6538461538461539,1,0.038461538461538464,4,5,16,0
M0565,26,N A A A A A N A A N N N N N P P P P P P P P P P P P,Appreciation,7,0.2692307692307692,7,0.2692307692307692,12,0.46153846153846156,3,2,20,1
M0566,26,N N N A A A A A N N N A A A A A A A A N P P P P P P,Aversion,13,0.5,7,0.2692307692307692,6,0.23076923076923078,3,2,20,1
M0567,26,N N N A A A A N A A A A A A N A A A N N N N A A A A,Aversion,17,0.6538461538461539,9,0.34615384615384615,0,0.0,3,4,18,-1
M0568,26,N N N N A A N A A A N N P P P P N N A N A A N A A A,Neutral,11,0.4230769230769231,11,0.4230769230769231,4,0.15384615384615385,5,6,14,-1
M0569,26,N N N N N N N N N N N N N N N P P P N N N N A N N P,Neutral,1,0.038461538461538464,21,0.8076923076923077,4,0.15384615384615385,3,2,20,1
M0570,26,N N N N N N N N N N N N N N N N N N N N N A N A A A,Neutral,4,0.15384615384615385,22,0.8461538461538461,0,0.0,1,2,22,-1
M0571,26,N A N A A A N N N N A A N A A N P P P P P P P P P P,Appreciation,8,0.3076923076923077,8,0.3076923076923077,10,0.38461538461538464,5,4,16,1
M0572,26,N N N N A A A N N N N N N N A N A A A A A A A A A A,Aversion,14,0.5384615384615384,12,0.46153846153846156,0,0.0,2,3,20,-1
M0573,26,N A N A A N A N N N N A N A A A A N A N A A A A N N,Aversion,14,0.5384615384615384,12,0.46153846153846156,0,0.0,7,7,11,0
M0574,26,N N A A N A N N N N A A A A A N A A A N A A A A N A,Aversion,16,0.6153846153846154,10,0.38461538461538464,0,0.0,5,6,14,-1
M0575,26,N A A N N N N N N N N A A A N A A A A N N A A A A A,Aversion,14,0.5384615384615384,12,0.46153846153846156,0,0.0,3,4,18,-1
M0576,26,N A A N A N A A A A A A A A A A N N A A A A A A A A,Aversion,21,0.8076923076923077,5,0.19230769230769232,0,0.0,3,4,18,-1
M0577,26,N N N N N N N N N N N N N N A A A N A A A N N N A N,Neutral,7,0.2692307692307692,19,0.7307692307692307,0,0.0,3,3,19,0
M0578,26,N N N N N N N N N N N N A A N A N A A A A A N P N N,Neutral,8,0.3076923076923077,17,0.6538461538461539,1,0.038461538461538464,4,4,17,0
M0579,26,N N N N A A A N N A N A A N N A N N A A A A A A A A,Aversion,15,0.5769230769230769,11,0.4230769230769231,0,0.0,4,5,16,-1
M0580,26,N A A A A N A A N N A A A A A A A A A N N A A A P P,Aversion,18,0.6923076923076923,6,0.23076923076923078,2,0.07692307692307693,4,4,17,1
M0581,26,N A A N A N N N N N A A A A A A A A A A N N P P P P,Aversion,13,0.5,9,0.34615384615384615,4,0.15384615384615385,4,3,18,1
M0582,26,N N N A A N N N N A N A N A A A A N N A N P N A A N,Neutral,11,0.4230769230769231,14,0.5384615384615384,1,0.038461538461538464,7,7,11,0
M0583,26,N N N N N N A A A A A N A A A A A A A A A N A A A A,Aversion,18,0.6923076923076923,8,0.3076923076923077,0,0.0,2,3,20,-1
M0584,26,N A A A N A A N N N N N N N N A A A A A A A N P P P,Aversion,12,0.46153846153846156,11,0.4230769230769231,3,0.11538461538461539,4,3,18,1
M0585,26,N N N N A A A N N N N N N A A A A N N N N P P P P P,Neutral,7,0.2692307692307692,14,0.5384615384615384,5,0.19230769230769232,3,2,20,1
M0586,26,N N N N N N N A N N A N A N A N A A A A A A A A A A,Aversion,14,0.5384615384615384,12,0.46153846153846156,0,0.0,4,5,16,-1
M0587,26,N N N N N N N N N A A A A N A A N N N A P P N N N N,Neutral,7,0.2692307692307692,17,0.6538461538461539,2,0.07692307692307693,3,4,18,0
M0588,26,N N N N N N A A A A A N N N N A A A A A N A A A A A,Aversion,15,0.5769230769230769,11,0.4230769230769231,0,0.0,2,3,20,-1
M0589,26,N A N N N A A A A N N N N A A N N A A A A A A A A N,Aversion,15,0.5769230769230769,11,0.4230769230769231,0,0.0,4,4,17,0
M0590,26,N N N N N N N N N N N N A A N N A A A A A A A N A A,Neutral,11,0.4230769230769231,15,0.5769230769230769,0,0.0,2,3,20,-1
M0591,26,N N N N N N N N N N N N N N N A A A N N A A A A A A,Neutral,9,0.34615384615384615,17,0.6538461538461539,0,0.0,1,2,22,-1
M0592,26,N N N N A N A A A N N N N N A N N P P P P P P P P P,Neutral,5,0.19230769230769232,12,0.46153846153846156,9,0.34615384615384615,4,3,18,1
M0593,26,N N A A A N N N N N N N N N A A A A N A N N N N P P,Neutral,8,0.3076923076923077,16,0.6153846153846154,2,0.07692307692307693,4,3,18,1
M0594,26,N N N N N N N N N N N N N N N N N N N N N A A A P P,Neutral,3,0.11538461538461539,21,0.8076923076923077,2,0.07692307692307693,1,1,23,1
M0595,26,N A A N N A A N N N N N N P N N A A A A A A N N N N,Neutral,10,0.38461538461538464,15,0.5769230769230769,1,0.038461538461538464,4,4,17,0
M0596,26,N N N N N N N N A A A A A A A A N N N N N N A A A A,Neutral,12,0.46153846153846156,14,0.5384615384615384,0,0.0,1,2,22,-1
M0597,26,N A A N N N A A A A N A N A A A A A A A A A N A A A,Aversion,19,0.7307692307692307,7,0.2692307692307692,0,0.0,4,5,16,-1
M0598,26,N A A N N N N A N A N N N N A A N N N A P P P P P P,Neutral,7,0.2692307692307692,13,0.5,6,0.23076923076923078,5,5,15,1
M0599,26,N N A N N N N A A A A A A A A A A N N N A N N A N A,Aversion,14,0.5384615384615384,12,0.46153846153846156,0,0.0,4,5,16,-1
M0600,26,N N N N N A A N A A N N N A N N A A N A A A A A A A,Aversion,14,0.5384615384615384,12,0.46153846153846156,0,0.0,4,5,16,-1
M0601,26,N N N N N N N N A A A A A A A N A A A A A N A A N N,Aversion,14,0.5384615384615384,12,0.46153846153846156,0,0.0,3,3,19,0
M0602,26,A A A N N N A A A A N N N N N N A N P P P P P P P N,Neutral,8,0.3076923076923077,11,0.4230769230769231,7,0.2692307692307692,4,3,18,1
M0603,26,N N N N N N N N N N N N N N P P P N N N N N N A N A,Neutral,2,0.07692307692307693,21,0.8076923076923077,3,0.11538461538461539,2,3,20,-1
M0604,26,N N N N N N N A N N N A A A A N A N A A N A N N P P,Neutral,9,0.34615384615384615,15,0.5769230769230769,2,0.07692307692307693,6,5,14,1
M0605,26,N N N N N N N N N N N N N N P P P P N A N A A A A A,Neutral,6,0.23076923076923078,16,0.6153846153846154,4,0.15384615384615385,2,3,20,-1
M0606,26,N A N A A N A N N N A A A A A N A A A A A A A A A A,Aversion,19,0.7307692307692307,7,0.2692307692307692,0,0.0,4,5,16,-1
M0607,26,N N N A N A A N N A N N N N N A P P P P P P P P P P,Neutral,5,0.19230769230769232,11,0.4230769230769231,10,0.38461538461538464,4,4,17,1
M0608,26,N N N N N N A A A A A N A A A A A A A A A N N N P P,Aversion,14,0.5384615384615384,10,0.38461538461538464,2,0.07692307692307693,3,2,20,1
M0609,26,N N N A A N N N N A A N A N N A A A N P P P P N P P,Neutral,8,0.3076923076923077,12,0.46153846153846156,6,0.23076923076923078,6,5,14,1
M0610,26,N N N N A A A A A A N N P P P P P P P P P P P P P P,Appreciation,6,0.23076923076923078,6,0.23076923076923078,14,0.5384615384615384,2,1,22,1
M0611,26,N N A N N N N N N P P P P P P N N A N P P P P P P P,Appreciation,2,0.07692307692307693,11,0.4230769230769231,13,0.5,4,3,18,1
M0612,26,N N N N N N N N N N A N A A N A A A A A N N N A N P,Neutral,9,0.34615384615384615,16,0.6153846153846154,1,0.038461538461538464,5,4,16,1
M0613,26,N N N A A N N N N N N N N P P P N P P P P P P P N N,Neutral,2,0.07692307692307693,14,0.5384615384615384,10,0.38461538461538464,3,3,19,0
M0614,26,N N N N A A A N N N N N N N N P P P N A A A A A A A,Neutral,10,0.38461538461538464,13,0.5,3,0.11538461538461539,2,3,20,-1
M0615,26,N N A N A N N N A A A A A A N A A A A A A A A A N P,Aversion,17,0.6538461538461539,8,0.3076923076923077,1,0.038461538461538464,5,4,16,1
M0616,26,N A N N N N A A N A A N A N A A A A N N N N A A N N,Neutral,12,0.46153846153846156,14,0.5384615384615384,0,0.0,6,6,13,0
M0617,26,N A A N N N N A N N A A N A A A N A A A N A N N A A,Aversion,14,0.5384615384615384,12,0.46153846153846156,0,0.0,6,7,12,-1
M0618,26,N N A A N A A N A A A A N P P P P P P P P P P N A A,Aversion,10,0.38461538461538464,6,0.23076923076923078,10,0.38461538461538464,4,5,16,-1
M0619,26,N N N A N N N N N N N N N N A A A A A A A A N N N P,Neutral,9,0.34615384615384615,16,0.6153846153846154,1,0.038461538461538464,3,2,20,1
M0620,26,N N N N A A N N N N N N A A A A N N N P P P P P P P,Neutral,6,0.23076923076923078,13,0.5,7,0.2692307692307692,3,2,20,1
M0621,26,A A A N N A A N N N N N N N N N A N N A A A A A A A,Aversion,13,0.5,13,0.5,0,0.0,3,3,19,0
M0622,26,N N A A A N A A N A A A A A A N A N N N P N A A A N,Aversion,15,0.5769230769230769,10,0.38461538461538464,1,0.038461538461538464,6,6,13,0
M0623,26,N N N N N N N N N N N N N P P P P P P P P P P P P P,Neutral,0,0.0,13,0.5,13,0.5,1,0,24,1
M0624,26,N A A N A A N N N A A N N A A A A P P P P P N P P P,Aversion,10,0.38461538461538464,8,0.3076923076923077,8,0.3076923076923077,5,5,15,1
M0625,26,N N N N N N N N N N N N N N N N N A N N N A A A A A,Neutral,6,0.23076923076923078,20,0.7692307692307693,0,0.0,1,2,22,-1
M0626,26,N N A N N N N A A A A A N A N N A N A A A A A A A N,Aversion,15,0.5769230769230769,11,0.4230769230769231,0,0.0,5,5,15,0
M0627,26,N A N A N A N N N N N N N N P P P P P P N A N N P P,Neutral,4,0.15384615384615385,14,0.5384615384615384,8,0.3076923076923077,6,5,14,1
M0628,26,N N N N A A A A A A A A A A A A A A A A A N A A A A,Aversion,21,0.8076923076923077,5,0.19230769230769232,0,0.0,1,2,22,-1
M0629,26,N N A N N N N N N N N N N N N A A N A A A A A A A N,Neutral,10,0.38461538461538464,16,0.6153846153846154,0,0.0,3,3,19,0
M0630,26,N N N N N N N A A N A N N A N A A N P P P P P P P P,Neutral,6,0.23076923076923078,12,0.46153846153846156,8,0.3076923076923077,5,4,16,1
M0631,26,N A A A A N N N N N N N N N A A A A A N P P P P P P,Neutral,9,0.34615384615384615,11,0.4230769230769231,6,0.23076923076923078,3,2,20,1
M0632,26,N N N A A A N N N N A A N A A A A A N A A N N P P P,Aversion,12,0.46153846153846156,11,0.4230769230769231,3,0.11538461538461539,5,4,16,1
M0633,26,N N A A N N N N N N N A A N N P P P P P P P P P P P,Neutral,4,0.15384615384615385,11,0.4230769230769231,11,0.4230769230769231,3,2,20,1
M0634,26,N A N A N N N A A N N N N N N N N N A A N N A N A A,Neutral,9,0.34615384615384615,17,0.6538461538461539,0,0.0,5,6,14,-1
M0635,26,N N A N A A A N N A A A A N N N A A A A A A A A A A,Aversion,18,0.6923076923076923,8,0.3076923076923077,0,0.0,3,4,18,-1
M0636,26,N N N N N N N N N N N N N N P P P P P P P N N A A A,Neutral,3,0.11538461538461539,16,0.6153846153846154,7,0.2692307692307692,1,2,22,-1
M0637,26,N N A N N N A A N N N N N P P P P P N A A A A A A A,Neutral,10,0.38461538461538464,11,0.4230769230769231,5,0.19230769230769232,3,4,18,-1
M0638,26,N N N N A A A A A A N A A A A A A N N A A A A N P P,Aversion,16,0.6153846153846154,8,0.3076923076923077,2,0.07692307692307693,4,3,18,1
M0639,26,N N A N N A A N N A N N N N N N P P P P P P P P N N,Neutral,4,0.15384615384615385,14,0.5384615384615384,8,0.3076923076923077,4,4,17,0
M0640,26,N N A N N N N N A N N N N N N P P P P P P P P P P P,Neutral,2,0.07692307692307693,13,0.5,11,0.4230769230769231,3,2,20,1
M0641,26,N A N A A A A A N N N N N A A P P N P P P P P P N P,Neutral,8,0.3076923076923077,9,0.34615384615384615,9,0.34615384615384615,5,5,15,1
M0642,26,N N N N N N N N N N N P P P P P P P P P P P P N N N,Neutral,0,0.0,14,0.5384615384615384,12,0.46153846153846156,1,1,23,0
M0643,26,N N N N N N N N N N N N N N P P P P P P P N N N N A,Neutral,1,0.038461538461538464,18,0.6923076923076923,7,0.2692307692307692,1,2,22,-1
M0644,26,N N N N N N A A A N N A N A A N P P P P P P P P P P,Neutral,6,0.23076923076923078,10,0.38461538461538464,10,0.38461538461538464,4,3,18,1
M0645,26,N N N N N N N N N N N P P P P P P P P P P N N N A A,Neutral,2,0.07692307692307693,14,0.5384615384615384,10,0.38461538461538464,1,2,22,-1
M0646,26,N A N A A N A A A A N A A N N N A N N N N N N P P P,Neutral,10,0.38461538461538464,13,0.5,3,0.11538461538461539,6,5,14,1
M0647,26,N N N N A A A A N N N A A N P P P P P P P P P P N N,Neutral,6,0.23076923076923078,10,0.38461538461538464,10,0.38461538461538464,3,3,19,0
M0648,26,N A N A N A A A A A A A A A A A A A N N N N N N N P,Aversion,15,0.5769230769230769,10,0.38461538461538464,1,0.038461538461538464,4,3,18,1
M0649,26,N A A N A A N N N N N N N N P P P P P P P P P P P N,Neutral,4,0.15384615384615385,11,0.4230769230769231,11,0.4230769230769231,3,3,19,0
M0650,26,N N N N N N N N N N N N N N N N A A N N N A N P P P,Neutral,3,0.11538461538461539,20,0.7692307692307693,3,0.11538461538461539,3,2,20,1
M0651,26,N N N N N N N N A A A A A A N N N A A A A A A A A N,Aversion,14,0.5384615384615384,12,0.46153846153846156,0,0.0,2,2,21,0
M0652,26,N N A N A A A A A A A N N P P P P P P P P P P N N A,Appreciation,9,0.34615384615384615,7,0.2692307692307692,10,0.38461538461538464,3,4,18,-1
M0653,26,N N N N N N N N N N N N A A A A A A N N A A A A A N,Neutral,11,0.4230769230769231,15,0.5769230769230769,0,0.0,2,2,21,0
M0654,26,N N N N N A A A A N A N N N N A A P P P P P P P P N,Neutral,7,0.2692307692307692,11,0.4230769230769231,8,0.3076923076923077,3,4,18,0
M0655,26,N N N N N N N N A A N A A A A A A A A A N N N P N A,Neutral,12,0.46153846153846156,13,0.5,1,0.038461538461538464,3,4,18,-1
M0656,26,N N N N N N N N N N N N N P P P N N N N A A A A A A,Neutral,6,0.23076923076923078,17,0.6538461538461539,3,0.11538461538461539,1,2,22,-1
M0657,26,N N A A N A A A A A A A N N A A A A A A A N N P P P,Aversion,16,0.6153846153846154,7,0.2692307692307692,3,0.11538461538461539,4,3,18,1
M0658,26,N N N N N N N N N N N N A A N P P P P P P P P N A N,Neutral,3,0.11538461538461539,15,0.5769230769230769,8,0.3076923076923077,3,3,19,0
M0659,26,N N N N N A N N N N N N N P P P P P P P P N A A A A,Neutral,5,0.19230769230769232,13,0.5,8,0.3076923076923077,2,3,20,-1
M0660,26,N N A N A N N N A N N A A A A N P P P P P P P P P P,Appreciation,7,0.2692307692307692,9,0.34615384615384615,10,0.38461538461538464,5,4,16,1
M0661,26,N N A N N N N N N N N N A A A A A A A A A A A A A A,Aversion,15,0.5769230769230769,11,0.4230769230769231,0,0.0,1,2,22,-1
M0662,26,N N A N A N A N A A N A A A P P N N N A A A A N A A,Aversion,14,0.5384615384615384,10,0.38461538461538464,2,0.07692307692307693,6,8,11,-1
M0663,26,N N N N N N N N P N N N P P P P P P P P P P P P P N,Appreciation,0,0.0,12,0.46153846153846156,14,0.5384615384615384,2,2,21,0
M0664,26,N A A N A A N N A A A A N A N N A A N P P P P P P P,Aversion,11,0.4230769230769231,8,0.3076923076923077,7,0.2692307692307692,6,5,14,1
M0665,26,N A N N A A A N A A A A A A N A N A N N N A A A A A,Aversion,17,0.6538461538461539,9,0.34615384615384615,0,0.0,5,6,14,-1
M0666,26,N A A A N A A N N N A A N N A P P P P P P P N N N A,Neutral,9,0.34615384615384615,10,0.38461538461538464,7,0.2692307692307692,4,6,15,-1
M0667,26,N N A A N N N N N A N N A A A A N N P P N N A A A A,Neutral,11,0.4230769230769231,13,0.5,2,0.07692307692307693,4,5,16,-1
M0668,26,N N N N N N A A A A N A A A A N P N N N N P P P P P,Neutral,8,0.3076923076923077,12,0.46153846153846156,6,0.23076923076923078,4,3,18,1
M0669,26,N N N N N N N N N N A A N N N P P P P P N A N A A A,Neutral,6,0.23076923076923078,15,0.5769230769230769,5,0.19230769230769232,3,4,18,-1
M0670,26,N A A N N N A N A N A N A A A N A A A A A P P P P N,Aversion,13,0.5,9,0.34615384615384615,4,0.15384615384615385,6,7,12,0
M0671,26,N N N A N A A A A N A A N N N A N A A A A N A A A A,Aversion,16,0.6153846153846154,10,0.38461538461538464,0,0.0,5,6,14,-1
M0672,26,N N N N N N N N N N N N N N N A A A A A A N P P P P,Neutral,6,0.23076923076923078,16,0.6153846153846154,4,0.15384615384615385,2,1,22,1
M0673,26,N N N N N N N N N N N A A A A N A A A N A A A A A A,Neutral,13,0.5,13,0.5,0,0.0,2,3,20,-1
M0674,26,N N A N N N N N N N N N A A N A A A A A A A N A A N,Neutral,12,0.46153846153846156,14,0.5384615384615384,0,0.0,4,4,17,0
M0675,26,N N N N A N N N N N N N N N P P P P P P P P P P N N,Neutral,1,0.038461538461538464,15,0.5769230769230769,10,0.38461538461538464,2,2,21,0
M0676,26,N N N A A A A A A A A N A A A N A N N A A A A A A A,Aversion,19,0.7307692307692307,7,0.2692307692307692,0,0.0,3,4,18,-1
M0677,26,N N N N N N N N N N N N A A N N P P P P P P P P P P,Neutral,2,0.07692307692307693,14,0.5384615384615384,10,0.38461538461538464,2,1,22,1
M0678,26,N N N N A A A A N N N A A A N A A A A N A A N A A N,Aversion,15,0.5769230769230769,11,0.4230769230769231,0,0.0,5,5,15,0
M0679,26,A N A A A N N A A A A N A A N N N N N P P P P P P N,Aversion,10,0.38461538461538464,10,0.38461538461538464,6,0.23076923076923078,5,4,16,1
M0680,26,N N N A N N A N N N N A N N P P P P P P P P P P P P,Appreciation,3,0.11538461538461539,11,0.4230769230769231,12,0.46153846153846156,4,3,18,1
M0681,26,N N N A N N A A A A A A A A A A A A A N A A A A A N,Aversion,19,0.7307692307692307,7,0.2692307692307692,0,0.0,3,3,19,0
M0682,26,N N N N N A A A A N A N N P P P P P P P P P P P P P,Appreciation,5,0.19230769230769232,8,0.3076923076923077,13,0.5,3,2,20,1
M0683,26,N A N A A A N A A A A A N N N N N N N A A A A A A A,Aversion,16,0.6153846153846154,10,0.38461538461538464,0,0.0,3,4,18,-1
M0684,26,N N A N N N A A A N N N N N P P P P P P N N N N A N,Neutral,5,0.19230769230769232,15,0.5769230769230769,6,0.23076923076923078,4,4,17,0
M0685,26,N N N N N N N N N N N P P P P P P P P P P P P P P P,Appreciation,0,0.0,11,0.4230769230769231,15,0.5769230769230769,1,0,24,1
M0686,26,N N N N A N A A A N A N A N N N N P P P P P P P P P,Neutral,6,0.23076923076923078,11,0.4230769230769231,9,0.34615384615384615,5,4,16,1
M0687,26,N N A A N N N N A N A N A A A A A A A A A A A N N A,Aversion,16,0.6153846153846154,10,0.38461538461538464,0,0.0,4,5,16,-1
M0688,26,N A N N A A N A A N N N N N N N N A A A N A A A N N,Neutral,11,0.4230769230769231,15,0.5769230769230769,0,0.0,5,5,15,0
M0689,26,N N A A N A N A A N N P P P P P N N N A A A A N A A,Aversion,11,0.4230769230769231,10,0.38461538461538464,5,0.19230769230769232,5,6,14,-1
M0690,26,N A A A A A N A A N N N A A A A A A N P P N N A A A,Aversion,16,0.6153846153846154,8,0.3076923076923077,2,0.07692307692307693,4,5,16,-1
M0691,26,N N A A N A N N N N N N N N N N A A N P P P N A A A,Neutral,8,0.3076923076923077,15,0.5769230769230769,3,0.11538461538461539,4,5,16,-1
M0692,26,N N N N N N A A A A A A A A A A A A A P N A A A A A,Aversion,18,0.6923076923076923,7,0.2692307692307692,1,0.038461538461538464,1,3,21,-1
M0693,26,N N A A A A A A A A N N N N P N N N N N N N N A A N,Neutral,10,0.38461538461538464,15,0.5769230769230769,1,0.038461538461538464,3,3,19,0
M0694,26,N A N N N N N N N N N N N N P P N N A A A A A A A A,Neutral,9,0.34615384615384615,15,0.5769230769230769,2,0.07692307692307693,2,3,20,-1
M0695,26,N N N N N N A A N N N N A N N P P P P P P P P P P P,Neutral,3,0.11538461538461539,12,0.46153846153846156,11,0.4230769230769231,3,2,20,1
M0696,26,N N N N A A A A A N A N N N N A N A P N N N A A A A,Neutral,12,0.46153846153846156,13,0.5,1,0.038461538461538464,4,6,15,-1
M0697,26,N N N N N N N N N A A A A N A A N P P N A A A A A A,Neutral,12,0.46153846153846156,12,0.46153846153846156,2,0.07692307692307693,3,4,18,-1
M0698,26,N N N N N N N N N N N N N N N A A A A A A A A A N A,Neutral,10,0.38461538461538464,16,0.6153846153846154,0,0.0,1,2,22,-1
M0699,26,N N N N N A A A N N N N P P P P P P P P N N P P P P,Appreciation,3,0.11538461538461539,11,0.4230769230769231,12,0.46153846153846156,3,2,20,1
M0700,26,N N N A A A A N A N N N A N N N P P P P P P P P P P,Neutral,6,0.23076923076923078,10,0.38461538461538464,10,0.38461538461538464,4,3,18,1
M0701,26,N A N N N N N N N N N N A A A N A N A A A A A P N P,Neutral,10,0.38461538461538464,14,0.5384615384615384,2,0.07692307692307693,5,5,15,1
M0702,26,N N A N N N N A A A A N N N N P P P P P N A A A A A,Neutral,10,0.38461538461538464,11,0.4230769230769231,5,0.19230769230769232,3,4,18,-1
M0703,26,N N A N N N N N N N N A A A A A A A A N P P P P P N,Neutral,9,0.34615384615384615,12,0.46153846153846156,5,0.19230769230769232,3,3,19,0
M0704,26,N N N N N N N N A N N A N N N N A A A A A A P P N A,Neutral,9,0.34615384615384615,15,0.5769230769230769,2,0.07692307692307693,3,5,17,-1
M0705,26,N N N N N N N N N N N N P P N N A A A A A A A A P P,Neutral,8,0.3076923076923077,14,0.5384615384615384,4,0.15384615384615385,2,2,21,1
M0706,26,N N A A N A A A N A A A A A A A A A N A A A N P P P,Aversion,17,0.6538461538461539,6,0.23076923076923078,3,0.11538461538461539,5,4,16,1
M0707,26,N N N N N N N A A A N N A A A A A A A A A N P P P P,Aversion,12,0.46153846153846156,10,0.38461538461538464,4,0.15384615384615385,3,2,20,1
M0708,26,N N A A A N N A N N N N A A A A N A A A N P A A A A,Aversion,15,0.5769230769230769,10,0.38461538461538464,1,0.038461538461538464,5,5,15,-1
M0709,26,N N N N N N N N N N N N N N A A A A A A A A A A A A,Neutral,12,0.46153846153846156,14,0.5384615384615384,0,0.0,0,1,24,-1
M0710,26,N N A A N A A A N A A A A A A A A A A A A N P P P P,Aversion,17,0.6538461538461539,5,0.19230769230769232,4,0.15384615384615385,4,3,18,1
M0711,26,N N N N A A A A N A A N N N N P P N N N A A A A A N,Neutral,11,0.4230769230769231,13,0.5,2,0.07692307692307693,4,4,17,0
M0712,26,N N N N A N N N N N N N A P P P P P P P P P A A A A,Neutral,6,0.23076923076923078,11,0.4230769230769231,9,0.34615384615384615,2,3,20,-1
M0713,26,N N N A A N A N N A A N N A N N N N N N N A A A N N,Neutral,9,0.34615384615384615,17,0.6538461538461539,0,0.0,5,5,15,0
M0714,26,N N N N N N N N N A A A A A A A N P P P P P P P P P,Neutral,7,0.2692307692307692,10,0.38461538461538464,9,0.34615384615384615,2,1,22,1
M0715,26,N A N N N N N N N N N N P P P P P N P P N A A N P P,Neutral,3,0.11538461538461539,14,0.5384615384615384,9,0.34615384615384615,5,4,16,1
M0716,26,N N N N N A A A A N N N N P P P P P P N A A A A A A,Neutral,10,0.38461538461538464,10,0.38461538461538464,6,0.23076923076923078,2,3,20,-1
M0717,26,N N N N N N N N N N N N N N N P N N N P P P P P P P,Neutral,0,0.0,18,0.6923076923076923,8,0.3076923076923077,2,1,22,1
M0718,26,N N N A N N A A A A N N A A A A A N N N A N N A A A,Aversion,14,0.5384615384615384,12,0.46153846153846156,0,0.0,4,5,16,-1
M0719,26,N N N N N N N N N N N N N P P P N P P P P P P P P P,Neutral,0,0.0,14,0.5384615384615384,12,0.46153846153846156,2,1,22,1
M0720,26,N N A N N N N A A A N N N N N N N N A N P P P N N A,Neutral,6,0.23076923076923078,17,0.6538461538461539,3,0.11538461538461539,4,5,16,-1
M0721,26,N A A A A N N A A N A N N A N N N N A N N P P P P P,Neutral,9,0.34615384615384615,12,0.46153846153846156,5,0.19230769230769232,6,5,14,1
M0722,26,N N N N N N N N N N N N N A A A A N A A N A A N A A,Neutral,10,0.38461538461538464,16,0.6153846153846154,0,0.0,3,4,18,-1
M0723,26,N N N N N N N N N N N A A A A A N N N A A A A N P P,Neutral,9,0.34615384615384615,15,0.5769230769230769,2,0.07692307692307693,3,2,20,1
M0724,26,N N N N A N N A A A A A A A A A A N N N N P P N A N,Neutral,12,0.46153846153846156,12,0.46153846153846156,2,0.07692307692307693,4,4,17,0
M0725,26,N A N A N N A A A A N A N N N A N P P P P P P P P P,Neutral,8,0.3076923076923077,9,0.34615384615384615,9,0.34615384615384615,6,5,14,1
M0726,26,N N N N A A N N N A N N N N N N N N N P P P N N P P,Neutral,3,0.11538461538461539,18,0.6923076923076923,5,0.19230769230769232,4,3,18,1
M0727,26,N N N N N N N A N N P P P N N N P P P P P P P P P P,Appreciation,1,0.038461538461538464,12,0.46153846153846156,13,0.5,3,2,20,1
M0728,26,N N N N N N N N N N N N N P P P N N P P P P P P P P,Neutral,0,0.0,15,0.5769230769230769,11,0.4230769230769231,2,1,22,1
M0729,26,N N N N N N N N N N N N N P P P P P P P N N N A A A,Neutral,3,0.11538461538461539,16,0.6153846153846154,7,0.2692307692307692,1,2,22,-1
M0730,26,N A A A N A A A N A A A A A A N N N A N A A N N P P,Aversion,15,0.5769230769230769,9,0.34615384615384615,2,0.07692307692307693,6,5,14,1
M0731,26,N N A A N A N N N N N A A A A A A A A A A A A A A N,Aversion,17,0.6538461538461539,9,0.34615384615384615,0,0.0,3,3,19,0
M0732,26,N N N A A A A N A N N N N A N A A A A A A A A A A A,Aversion,17,0.6538461538461539,9,0.34615384615384615,0,0.0,3,4,18,-1
M0733,26,N N N N N N N N N N N N N P P P P N N N N A A A A A,Neutral,5,0.19230769230769232,17,0.6538461538461539,4,0.15384615384615385,1,2,22,-1
M0734,26,N A A A A N A A N N N A A A A N A A A A A N N A N A,Aversion,17,0.6538461538461539,9,0.34615384615384615,0,0.0,5,6,14,-1
M0735,26,N N N N N N N N N N N N P P P P P P P P P P P N N P,Neutral,0,0.0,14,0.5384615384615384,12,0.46153846153846156,2,1,22,1
M0736,26,N N N N N N N N A N A N A A A A A A N N A A A N P P,Neutral,11,0.4230769230769231,13,0.5,2,0.07692307692307693,5,4,16,1
M0737,26,N N N N N A N A N N N N N N P P P P P P N N N N A A,Neutral,4,0.15384615384615385,16,0.6153846153846154,6,0.23076923076923078,3,4,18,-1
M0738,26,N N N N N N A N A A N A N A A A A A A A A A A A A A,Aversion,17,0.6538461538461539,9,0.34615384615384615,0,0.0,3,4,18,-1
M0739,26,N N N A N N A N N N N N N N P P P P P N N N P P N N,Neutral,2,0.07692307692307693,17,0.6538461538461539,7,0.2692307692307692,4,4,17,0
M0740,26,N N A A N A A A A N N A A A A N N N N N N N N N A A,Neutral,12,0.46153846153846156,14,0.5384615384615384,0,0.0,3,4,18,-1
M0741,26,N N N N N N N N N N A A N N N N N A A N N N N N A A,Neutral,6,0.23076923076923078,20,0.7692307692307693,0,0.0,2,3,20,-1
M0742,26,N N N N N N N N N P P P P P P P N N N A A A A A A A,Neutral,7,0.2692307692307692,12,0.46153846153846156,7,0.2692307692307692,1,2,22,-1
M0743,26,N N N N A N N N N N N N N A A A A A A N N N N N N N,Neutral,7,0.2692307692307692,19,0.7307692307692307,0,0.0,2,2,21,0
M0744,26,N N N N N N A N A N A A A A N N N N N N A A N A A A,Neutral,11,0.4230769230769231,15,0.5769230769230769,0,0.0,4,5,16,-1
M0745,26,N N N N N A N N N N A A N A A N N P P P P N A A A P,Neutral,8,0.3076923076923077,13,0.5,5,0.19230769230769232,5,5,15,1
M0746,26,N N N N N N N P P P P P N N N N P P P P N A A A A A,Neutral,5,0.19230769230769232,12,0.46153846153846156,9,0.34615384615384615,2,3,20,-1
M0747,26,N N N N N N N N N P P N P P P P P P P P P P P P P P,Appreciation,0,0.0,10,0.38461538461538464,16,0.6153846153846154,2,1,22,1
M0748,26,N N N N N N N N N A N N N N N P P P N P P P P P P P,Neutral,1,0.038461538461538464,15,0.5769230769230769,10,0.38461538461538464,3,2,20,1
M0749,26,N N A N N N N A N A A N A N A A P P P N N N A A A A,Neutral,11,0.4230769230769231,12,0.46153846153846156,3,0.11538461538461539,5,7,13,-1
M0750,26,N N N N N N N A A N N A N N A A N N N A N N A N A N,Neutral,8,0.3076923076923077,18,0.6923076923076923,0,0.0,6,6,13,0
M0751,26,N N N N N N N N N N N A A A N N N N N N N P P N N N,Neutral,3,0.11538461538461539,21,0.8076923076923077,2,0.07692307692307693,2,2,21,0
M0752,26,N A A N N A N N A N N N N N N N N P P P P P N N N P,Neutral,4,0.15384615384615385,16,0.6153846153846154,6,0.23076923076923078,5,4,16,1
M0753,26,N A A N N N N N N N N P P P P P P P P P P P P P P P,Appreciation,2,0.07692307692307693,9,0.34615384615384615,15,0.5769230769230769,2,1,22,1
M0754,26,N N N N N A N A A A A A N A N N N P P P P P P P P P,Neutral,7,0.2692307692307692,10,0.38461538461538464,9,0.34615384615384615,4,3,18,1
M0755,26,N N A A N N N A N A A A N A A A A A A A A A A N N P,Aversion,16,0.6153846153846154,9,0.34615384615384615,1,0.038461538461538464,5,4,16,1
M0756,26,N A N A A N N N N N N N P N N N N N A N N A A A N A,Neutral,8,0.3076923076923077,17,0.6538461538461539,1,0.038461538461538464,5,6,14,-1
M0757,26,N A A N A A A A A A A N N P N N P P P P P N N N P P,Neutral,9,0.34615384615384615,9,0.34615384615384615,8,0.3076923076923077,5,4,16,1
M0758,26,N N N N N A A A N A A N A N N N P P P P P P P P P P,Neutral,6,0.23076923076923078,10,0.38461538461538464,10,0.38461538461538464,4,3,18,1
M0759,26,N N N N N N N A N N N N N A A A A N A N P P P N P P,Neutral,6,0.23076923076923078,15,0.5769230769230769,5,0.19230769230769232,5,4,16,1
M0760,26,N N N N A A A N A A N N N N N P P P P P P P P P P P,Appreciation,5,0.19230769230769232,10,0.38461538461538464,11,0.4230769230769231,3,2,20,1
M0761,26,N N N N N N A A N A A A A A A N N N A N A A A A A A,Aversion,15,0.5769230769230769,11,0.4230769230769231,0,0.0,3,4,18,-1
M0762,26,N N N N N N A N A A A N N N A N N A A A A A A N P P,Neutral,11,0.4230769230769231,13,0.5,2,0.07692307692307693,5,4,16,1
M0763,26,N A A N A N A A N N A A A N A A A A A A A A A A A N,Aversion,19,0.7307692307692307,7,0.2692307692307692,0,0.0,5,5,15,0
M0764,26,N A A N A A N N N N N N A A A N A A A N A A N N N N,Neutral,12,0.46153846153846156,14,0.5384615384615384,0,0.0,5,5,15,0
M0765,26,N A N N N N A N N N N N N N P N N P P P P P P P N A,Neutral,3,0.11538461538461539,15,0.5769230769230769,8,0.3076923076923077,4,5,16,-1
M0766,26,N N N N N N N A A N A N N N P P P N N A A N A A A A,Neutral,9,0.34615384615384615,14,0.5384615384615384,3,0.11538461538461539,4,5,16,-1
M0767,26,N N N N N N N N N N N N N A A N A P N N P P P P N A,Neutral,4,0.15384615384615385,17,0.6538461538461539,5,0.19230769230769232,3,5,17,-1
M0768,26,N N A N N N A N A A A N N A N N N N A N N N A A A A,Neutral,11,0.4230769230769231,15,0.5769230769230769,0,0.0,5,6,14,-1
M0769,26,N N N N A N N N N A N A N N N A A A N N A N P P P P,Neutral,7,0.2692307692307692,15,0.5769230769230769,4,0.15384615384615385,6,5,14,1
M0770,26,N A A N N N A A A A A N A A A A A A A A A A A N A A,Aversion,20,0.7692307692307693,6,0.23076923076923078,0,0.0,3,4,18,-1
M0771,26,N A N N A A A A A A N N N N A A N A A A A N A N N N,Aversion,14,0.5384615384615384,12,0.46153846153846156,0,0.0,5,5,15,0
M0772,26,N N N N N N N N N N N N N N N P N N N P P P P P P P,Neutral,0,0.0,18,0.6923076923076923,8,0.3076923076923077,2,1,22,1
M0773,26,N N N N N N A N A A A N N N P P P N N A A A A A A N,Neutral,10,0.38461538461538464,13,0.5,3,0.11538461538461539,4,4,17,0
M0774,26,N N N N N N N N N N N N N N A N N N N P P P P P P P,Neutral,1,0.038461538461538464,18,0.6923076923076923,7,0.2692307692307692,2,1,22,1
M0775,26,N N N N N N N N N N A A A A A A A A A N N A A N A N,Neutral,12,0.46153846153846156,14,0.5384615384615384,0,0.0,3,3,19,0
M0776,26,N N N N N N N N N N N N A A A A A A A A A A N P P P,Neutral,10,0.38461538461538464,13,0.5,3,0.11538461538461539,2,1,22,1
M0777,26,N N N N N A N N N N N A A N A A A N N N N N N N P P,Neutral,6,0.23076923076923078,18,0.6923076923076923,2,0.07692307692307693,4,3,18,1
M0778,26,N N N N N N N N N N N P P P P P P P P P P N N A A N,Neutral,2,0.07692307692307693,14,0.5384615384615384,10,0.38461538461538464,2,2,21,0
M0779,26,N A A N N N A A A A A A A A N N A N N N N N P P P N,Neutral,11,0.4230769230769231,12,0.46153846153846156,3,0.11538461538461539,4,4,17,0
M0780,26,N N N N N N N N N N N P P P N N N A A A A A N N N N,Neutral,5,0.19230769230769232,18,0.6923076923076923,3,0.11538461538461539,2,2,21,0
M0781,26,N N N N N N N N N N N N N A A A A A A A A A A A A A,Neutral,13,0.5,13,0.5,0,0.0,0,1,24,-1
M0782,26,N N N N N A A N N N N A A A N A N A A N N N P P P P,Neutral,8,0.3076923076923077,14,0.5384615384615384,4,0.15384615384615385,5,4,16,1
M0783,26,N N N A N N N N N N N A A N N N P P P P P P P P P P,Neutral,3,0.11538461538461539,13,0.5,10,0.38461538461538464,3,2,20,1
M0784,26,N A A A A A A N N A A N N N P P P P P P P P P P P P,Appreciation,8,0.3076923076923077,6,0.23076923076923078,12,0.46153846153846156,3,2,20,1
M0785,26,N A A A A A A N A N N A N N N N N A A A N N A A A A,Aversion,15,0.5769230769230769,11,0.4230769230769231,0,0.0,4,5,16,-1
M0786,26,N A N N N N N N N N N N N N N N N N P P P P P P P P,Neutral,1,0.038461538461538464,17,0.6538461538461539,8,0.3076923076923077,2,1,22,1
M0787,26,N N N N A N A A N A A N N A A A A A A A P P P P P N,Aversion,12,0.46153846153846156,9,0.34615384615384615,5,0.19230769230769232,4,5,16,0
M0788,26,N A A A N N A A N A A A A A A A N A A A N N A A A A,Aversion,19,0.7307692307692307,7,0.2692307692307692,0,0.0,4,5,16,-1
M0789,26,N A A A A N A A N A N N N A A A A A A A N A A A A A,Aversion,19,0.7307692307692307,7,0.2692307692307692,0,0.0,4,5,16,-1
M0790,26,N A N N A N A N A A N A A A A P N P N P P P P P N A,Aversion,10,0.38461538461538464,9,0.34615384615384615,7,0.2692307692307692,7,9,9,-1
M0791,26,N N N N N N N N N N N N P N A A A A A A N A N N N P,Neutral,7,0.2692307692307692,17,0.6538461538461539,2,0.07692307692307693,4,3,18,1
M0792,26,N N N N N N N N N N N N N N P P P N N N A N N N A A,Neutral,3,0.11538461538461539,20,0.7692307692307693,3,0.11538461538461539,2,3,20,-1
M0793,26,N N A A A N A A N A N N A A A A A A A A A A A A A A,Aversion,20,0.7692307692307693,6,0.23076923076923078,0,0.0,3,4,18,-1
M0794,26,N N N N N A N A A A A A A A A A P P P P N A N N A A,Aversion,13,0.5,9,0.34615384615384615,4,0.15384615384615385,3,5,17,-1
M0795,26,N A A A A A N N A N N N N P P P P P N A A A P P P P,Aversion,9,0.34615384615384615,8,0.3076923076923077,9,0.34615384615384615,4,4,17,1
M0796,26,N N N N A A A A A N N N N N A A A A A A A A A A A A,Aversion,17,0.6538461538461539,9,0.34615384615384615,0,0.0,1,2,22,-1
M0797,26,N A A A A N N N N N N N N N N N A N A N A A A A A A,Neutral,12,0.46153846153846156,14,0.5384615384615384,0,0.0,3,4,18,-1
M0798,26,N N N A A A A A A A A A A A A N P P P P P N N N A A,Aversion,14,0.5384615384615384,7,0.2692307692307692,5,0.19230769230769232,2,3,20,-1
M0799,26,N N N A A A N A A N A N A A A A N P P P P P P P P P,Aversion,10,0.38461538461538464,7,0.2692307692307692,9,0.34615384615384615,5,4,16,1
M0800,26,N A A A A N A A N N N N A A N P P P N N N N N A A A,Neutral,11,0.4230769230769231,12,0.46153846153846156,3,0.11538461538461539,4,5,16,-1
M0801,26,N N N N N N N N N N N N N N P P P N A A A A A N A A,Neutral,7,0.2692307692307692,16,0.6153846153846154,3,0.11538461538461539,2,3,20,-1
M0802,26,N N N N N N N N N N N N N P P P P N N N N N P P P P,Neutral,0,0.0,18,0.6923076923076923,8,0.3076923076923077,2,1,22,1
M0803,26,N N N N N N A N N P P P N N N N N N P P P P P P P P,Neutral,1,0.038461538461538464,14,0.5384615384615384,11,0.4230769230769231,3,2,20,1
M0804,26,N N A N A A A A N A A A A A A A N P P P P P P P N P,Aversion,12,0.46153846153846156,6,0.23076923076923078,8,0.3076923076923077,5,4,16,1
M0805,26,N N N A A A A A A A A N A N N N A A A N N P P P N N,Aversion,12,0.46153846153846156,11,0.4230769230769231,3,0.11538461538461539,4,4,17,0
M0806,26,N N A N A N A N N A A A N A A A A P P P P P N P N A,Aversion,11,0.4230769230769231,9,0.34615384615384615,6,0.23076923076923078,6,8,11,-1
M0807,26,N N N N A A N A A N N A N A A A N A A A N N N N N N,Neutral,11,0.4230769230769231,15,0.5769230769230769,0,0.0,5,5,15,0
M0808,26,N N N A A A A A A A N N N N N N P P P P P P P P P P,Appreciation,7,0.2692307692307692,9,0.34615384615384615,10,0.38461538461538464,2,1,22,1
M0809,26,N A A A A A A A A N N A A A A A A A A N A A A A A N,Aversion,21,0.8076923076923077,5,0.19230769230769232,0,0.0,3,3,19,0
M0810,26,N N N A A N A A A A N N N N N P P P P P P P P P P P,Appreciation,6,0.23076923076923078,9,0.34615384615384615,11,0.4230769230769231,3,2,20,1
M0811,26,N A N N N N N N N N P P P P P P P P P P N N N N A A,Neutral,3,0.11538461538461539,13,0.5,10,0.38461538461538464,2,3,20,-1
M0812,26,N N N N N N N A N A A A N N A N N N N N N N N N N A,Neutral,6,0.23076923076923078,20,0.7692307692307693,0,0.0,3,4,18,-1
M0813,26,N N N N A N A A N A A A A N N P N N A A N A A A A A,Aversion,14,0.5384615384615384,11,0.4230769230769231,1,0.038461538461538464,5,6,14,-1
M0814,26,N N N A A A N N N N N A A A N A A N N N P P P P P P,Neutral,8,0.3076923076923077,12,0.46153846153846156,6,0.23076923076923078,4,3,18,1
M0815,26,N N N N N N N N N N N N N A N N A A A N A A A A N N,Neutral,8,0.3076923076923077,18,0.6923076923076923,0,0.0,3,3,19,0
M0816,26,N N A A A A A A N N N A N A A A A A A N A A N N A A,Aversion,17,0.6538461538461539,9,0.34615384615384615,0,0.0,4,5,16,-1
M0817,26,N N N N N N N N A A N N A N A N N A A A N N A A A A,Neutral,11,0.4230769230769231,15,0.5769230769230769,0,0.0,4,5,16,-1
M0818,26,N N A N N N N A N A A N N N A A N N N A N P P P P N,Neutral,7,0.2692307692307692,15,0.5769230769230769,4,0.15384615384615385,6,6,13,0
M0819,26,N N N N N N N N N N N A N A A A A A A A A N A A A A,Neutral,13,0.5,13,0.5,0,0.0,2,3,20,-1
M0820,26,N N N A A N N N N N N A N N A A A A A A A A A N A A,Aversion,14,0.5384615384615384,12,0.46153846153846156,0,0.0,3,4,18,-1
M0821,26,N A A A N A N A N A A A N N N P P P P P P P P P N A,Aversion,9,0.34615384615384615,8,0.3076923076923077,9,0.34615384615384615,5,6,14,-1
M0822,26,N A N N N N N N N A A A N P P P P P N N N N A A A P,Neutral,7,0.2692307692307692,13,0.5,6,0.23076923076923078,4,4,17,1
M0823,26,N A A A A N A A N N A A A A A A A A P P N N A N A A,Aversion,17,0.6538461538461539,7,0.2692307692307692,2,0.07692307692307693,4,6,15,-1
M0824,26,N A A N A N N A A A N N N N A N N N N N N N A A N A,Neutral,10,0.38461538461538464,16,0.6153846153846154,0,0.0,5,6,14,-1
M0825,26,N N N N A A A A N N N N N N N N A N N A A A A A N P,Neutral,10,0.38461538461538464,15,0.5769230769230769,1,0.038461538461538464,4,3,18,1
M0826,26,N N A A N A A N A A N N N N A A N N N N N N N N N N,Neutral,8,0.3076923076923077,18,0.6923076923076923,0,0.0,4,4,17,0
M0827,26,N N A N A A N A N A A A A N P P P P P P P P P P P P,Appreciation,8,0.3076923076923077,6,0.23076923076923078,12,0.46153846153846156,5,4,16,1
M0828,26,N A A N A N N N A A A N N N N P P P P P P P P P P P,Appreciation,6,0.23076923076923078,9,0.34615384615384615,11,0.4230769230769231,4,3,18,1
M0829,26,N N N A N A N N N N N N N P P P P N P P P P P P P P,Neutral,2,0.07692307692307693,12,0.46153846153846156,12,0.46153846153846156,4,3,18,1
M0830,26,N N N N N A A A N A A A N P P P P P P P N N A A A N,Neutral,9,0.34615384615384615,10,0.38461538461538464,7,0.2692307692307692,4,4,17,0
M0831,26,N N N N N N N N N N N P N A A A A A A A N N N P P P,Neutral,7,0.2692307692307692,15,0.5769230769230769,4,0.15384615384615385,3,2,20,1
M0832,26,N N N N A A A A A A A A N N A A A N A A A A A N N N,Aversion,16,0.6153846153846154,10,0.38461538461538464,0,0.0,3,3,19,0
M0833,26,N N N N A A N A N N N A N A N N A A N P P P P P P P,Neutral,7,0.2692307692307692,12,0.46153846153846156,7,0.2692307692307692,6,5,14,1
M0834,26,N N N A A A A A A N A N N A N N N N P P P P P P P P,Neutral,8,0.3076923076923077,10,0.38461538461538464,8,0.3076923076923077,4,3,18,1
M0835,26,N N N N N A A A A A A A A A A N A A A N P P P P P P,Aversion,13,0.5,7,0.2692307692307692,6,0.23076923076923078,3,2,20,1
M0836,26,N N N N N A A N N N N A N N N N A A A A A A A N N A,Neutral,11,0.4230769230769231,15,0.5769230769230769,0,0.0,3,4,18,-1
M0837,26,N N N N N N N N N A N N N N A A A A N N N A A A P P,Neutral,8,0.3076923076923077,16,0.6153846153846154,2,0.07692307692307693,3,3,19,1
M0838,26,N A N N N N N N N N N A A A A A A N N N P P P P P N,Neutral,7,0.2692307692307692,14,0.5384615384615384,5,0.19230769230769232,3,3,19,0
M0839,26,N A A A N N N N A N N N N N N N N P N N N N A A A N,Neutral,7,0.2692307692307692,18,0.6923076923076923,1,0.038461538461538464,4,4,17,0
M0840,26,N N N A A A A A A N A A A A A A A A A A A A A N A A,Aversion,21,0.8076923076923077,5,0.19230769230769232,0,0.0,2,3,20,-1
M0841,26,N N A N N N A N N A A A A N P P P P N A N N N A A A,Neutral,10,0.38461538461538464,12,0.46153846153846156,4,0.15384615384615385,5,6,14,-1
M0842,26,N A A A N A N N N N N N N A A N A P P P P P P P P P,Neutral,7,0.2692307692307692,10,0.38461538461538464,9,0.34615384615384615,4,4,17,1
M0843,26,N N N N N N A N A A N N N N P P N N N A A A A A A A,Neutral,10,0.38461538461538464,14,0.5384615384615384,2,0.07692307692307693,3,4,18,-1
M0844,26,N A A A A A A A N A A A A A A A N N N N P P P P P P,Aversion,14,0.5384615384615384,6,0.23076923076923078,6,0.23076923076923078,3,2,20,1
M0845,26,N N N N N N N N N A N N A A P P P P P P P P P P P P,Appreciation,3,0.11538461538461539,11,0.4230769230769231,12,0.46153846153846156,2,2,21,1
M0846,26,N A A N N N N N N N N N N N N N N P N P P P P P P P,Neutral,2,0.07692307692307693,16,0.6153846153846154,8,0.3076923076923077,3,2,20,1
M0847,26,N N A N N N N N N N N N N N N N A A A P P P P N P P,Neutral,4,0.15384615384615385,16,0.6153846153846154,6,0.23076923076923078,3,3,19,1
M0848,26,N N N A A N A N A A N A N N N A A A A A A N A A A N,Aversion,15,0.5769230769230769,11,0.4230769230769231,0,0.0,6,6,13,0
M0849,26,A A N A A A N A N A N N N A N N N A A A A N A A A A,Aversion,16,0.6153846153846154,10,0.38461538461538464,0,0.0,6,6,13,0
M0850,26,N N A N N N N N N N N A A A A N P P P P P P P P P P,Neutral,5,0.19230769230769232,11,0.4230769230769231,10,0.38461538461538464,3,2,20,1
M0851,26,N N N N N N N N N N N N N N N N P N N N N N A A N N,Neutral,2,0.07692307692307693,23,0.8846153846153846,1,0.038461538461538464,2,2,21,0
M0852,26,N N N A N A N N A N N A A N N N N N A A A N N A A A,Neutral,11,0.4230769230769231,15,0.5769230769230769,0,0.0,5,6,14,-1
M0853,26,N N N N N N N A N A A A A A A A N A A A N A A A A A,Aversion,16,0.6153846153846154,10,0.38461538461538464,0,0.0,3,4,18,-1
M0854,26,N N N N N N N N N N N N N P P P P P P P P N N A A A,Neutral,3,0.11538461538461539,15,0.5769230769230769,8,0.3076923076923077,1,2,22,-1
M0855,26,A N N A N N A A A A N N N N N N P P N N P P P P P P,Neutral,6,0.23076923076923078,12,0.46153846153846156,8,0.3076923076923077,5,3,17,2
M0856,26,N N N N N N A N N N N N N N N N N N P N N P P P P P,Neutral,1,0.038461538461538464,19,0.7307692307692307,6,0.23076923076923078,3,2,20,1
M0857,26,N A N A A A A A N A A A N A A A A N A A N N N P P P,Aversion,15,0.5769230769230769,8,0.3076923076923077,3,0.11538461538461539,6,5,14,1
M0858,26,N A N N N N N N A A N A N A A A P P N P N P P P P P,Neutral,7,0.2692307692307692,11,0.4230769230769231,8,0.3076923076923077,6,6,13,1
M0859,26,N N A N A N N N N N N N N N N P P P P P P P P P N A,Neutral,3,0.11538461538461539,14,0.5384615384615384,9,0.34615384615384615,3,4,18,-1
M0860,26,N N A A N N A A N A A A A A N N A A N A A A A A N N,Aversion,16,0.6153846153846154,10,0.38461538461538464,0,0.0,5,5,15,0
M0861,26,N N N N N N N P N A A N A N A A N N N P P P P P P P,Neutral,5,0.19230769230769232,13,0.5,8,0.3076923076923077,5,4,16,1
M0862,26,N N N N A N A A N N A N A A N A A N N A N A N P P P,Neutral,10,0.38461538461538464,13,0.5,3,0.11538461538461539,8,7,10,1
M0863,26,N N A A A A N N N N N N P P P P P P P P P P P N A A,Appreciation,6,0.23076923076923078,9,0.34615384615384615,11,0.4230769230769231,2,3,20,-1
M0864,26,A N A A A A N N A N N A A N A A N N N P P P N A A A,Aversion,13,0.5,10,0.38461538461538464,3,0.11538461538461539,6,6,13,0
M0865,26,N N N N N N N A N N N N N N N A A A A A A N A A N P,Neutral,9,0.34615384615384615,16,0.6153846153846154,1,0.038461538461538464,4,3,18,1
M0866,26,N N N N N N N N N N A N A N P P P P P P P P P P P P,Neutral,2,0.07692307692307693,12,0.46153846153846156,12,0.46153846153846156,3,2,20,1
M0867,26,N N N N N N N A A A N A A A A A A A A A N N P P P P,Aversion,12,0.46153846153846156,10,0.38461538461538464,4,0.15384615384615385,3,2,20,1
M0868,26,N N A A A A A A A N A A N N A A A A A A A N P N P P,Aversion,16,0.6153846153846154,7,0.2692307692307692,3,0.11538461538461539,5,4,16,1
M0869,26,N N N N N N N A A A A N A A N N P P P P P P P P P N,Neutral,6,0.23076923076923078,11,0.4230769230769231,9,0.34615384615384615,3,3,19,0
M0870,26,N N N N N N N N N N N N N P P P P P P P P P P P P P,Neutral,0,0.0,13,0.5,13,0.5,1,0,24,1
M0871,26,N A N A A A N A A A A N N A A A A A A A A N A N A A,Aversion,19,0.7307692307692307,7,0.2692307692307692,0,0.0,5,6,14,-1
M0872,26,N N N N N A A A A N N A A A A A N N A N A A A A A A,Aversion,16,0.6153846153846154,10,0.38461538461538464,0,0.0,3,4,18,-1
M0873,26,N N N N N N N N N A A A A A N N A N A A N N A N N A,Neutral,10,0.38461538461538464,16,0.6153846153846154,0,0.0,4,5,16,-1
M0874,26,N N N N N N N N N N N N N N N N N A A A A A A A A A,Neutral,9,0.34615384615384615,17,0.6538461538461539,0,0.0,0,1,24,-1
M0875,26,N N N N N N A A A N N A A A A A A N A N A N N N N P,Neutral,11,0.4230769230769231,14,0.5384615384615384,1,0.038461538461538464,5,4,16,1
