covariate,covariate_label,covariate_value_original,covariate_value_standardized,from_state_order,from_state,to_state_order,to_state,transition_probability
team_t_minus_1_vs_team_t,Team (t-1) vs. Team (t),-0.18440774607765303,-1.6174532876303385,1,Aversion,1,Aversion,0.40625033269840516
team_t_minus_1_vs_team_t,Team (t-1) vs. Team (t),-0.18440774607765303,-1.6174532876303385,1,Aversion,2,Neutral,0.5923683852961658
team_t_minus_1_vs_team_t,Team (t-1) vs. Team (t),-0.18440774607765303,-1.6174532876303385,1,Aversion,3,Appreciation,0.0013812820054291178
team_t_minus_1_vs_team_t,Team (t-1) vs. Team (t),-0.17981770379385364,-1.5766011457082802,1,Aversion,1,Aversion,0.40427372743272166
team_t_minus_1_vs_team_t,Team (t-1) vs. Team (t),-0.17981770379385364,-1.5766011457082802,1,Aversion,2,Neutral,0.5943150331568233
team_t_minus_1_vs_team_t,Team (t-1) vs. Team (t),-0.17981770379385364,-1.5766011457082802,1,Aversion,3,Appreciation,0.0014112394104551452
team_t_minus_1_vs_team_t,Team (t-1) vs. Team (t),-0.17522766151005426,-1.5357490037862223,1,Aversion,1,Aversion,0.4023000353997769
team_t_minus_1_vs_team_t,Team (t-1) vs. Team (t),-0.17522766151005426,-1.5357490037862223,1,Aversion,2,Neutral,0.5962581420915272
team_t_minus_1_vs_team_t,Team (t-1) vs. Team (t),-0.17522766151005426,-1.5357490037862223,1,Aversion,3,Appreciation,0.0014418225086960147
team_t_minus_1_vs_team_t,Team (t-1) vs. Team (t),-0.17063761922625487,-1.494896861864164,1,Aversion,1,Aversion,0.4003293130029293
team_t_minus_1_vs_team_t,Team (t-1) vs. Team (t),-0.17063761922625487,-1.494896861864164,1,Aversion,2,Neutral,0.5981976431493331
team_t_minus_1_vs_team_t,Team (t-1) vs. Team (t),-0.17063761922625487,-1.494896861864164,1,Aversion,3,Appreciation,0.001473043847737657
team_t_minus_1_vs_team_t,Team (t-1) vs. Team (t),-0.16604757694245548,-1.4540447199421058,1,Aversion,1,Aversion,0.39836161623881117
team_t_minus_1_vs_team_t,Team (t-1) vs. Team (t),-0.16604757694245548,-1.4540447199421058,1,Aversion,2,Neutral,0.6001334675449213
team_t_minus_1_vs_team_t,Team (t-1) vs. Team (t),-0.16604757694245548,-1.4540447199421058,1,Aversion,3,Appreciation,0.0015049162162675315
team_t_minus_1_vs_team_t,Team (t-1) vs. Team (t),-0.1614575346586561,-1.4131925780200478,1,Aversion,1,Aversion,0.39639700069095796
team_t_minus_1_vs_team_t,Team (t-1) vs. Team (t),-0.1614575346586561,-1.4131925780200478,1,Aversion,2,Neutral,0.6020655466605407
team_t_minus_1_vs_team_t,Team (t-1) vs. Team (t),-0.1614575346586561,-1.4131925780200478,1,Aversion,3,Appreciation,0.0015374526485014723
team_t_minus_1_vs_team_t,Team (t-1) vs. Team (t),-0.1568674923748567,-1.3723404360979896,1,Aversion,1,Aversion,0.3944355215235389
team_t_minus_1_vs_team_t,Team (t-1) vs. Team (t),-0.1568674923748567,-1.3723404360979896,1,Aversion,2,Neutral,0.6039938120477738
team_t_minus_1_vs_team_t,Team (t-1) vs. Team (t),-0.1568674923748567,-1.3723404360979896,1,Aversion,3,Appreciation,0.0015706664286873897
team_t_minus_1_vs_team_t,Team (t-1) vs. Team (t),-0.15227745009105734,-1.3314882941759318,1,Aversion,1,Aversion,0.3924772334751943
team_t_minus_1_vs_team_t,Team (t-1) vs. Team (t),-0.15227745009105734,-1.3314882941759318,1,Aversion,2,Neutral,0.6059181954291187
team_t_minus_1_vs_team_t,Team (t-1) vs. Team (t),-0.15227745009105734,-1.3314882941759318,1,Aversion,3,Appreciation,0.0016045710956870355
team_t_minus_1_vs_team_t,Team (t-1) vs. Team (t),-0.14768740780725795,-1.2906361522538736,1,Aversion,1,Aversion,0.39052219085297696
team_t_minus_1_vs_team_t,Team (t-1) vs. Team (t),-0.14768740780725795,-1.2906361522538736,1,Aversion,2,Neutral,0.6078386286993859
team_t_minus_1_vs_team_t,Team (t-1) vs. Team (t),-0.14768740780725795,-1.2906361522538736,1,Aversion,3,Appreciation,0.0016391804476370588
team_t_minus_1_vs_team_t,Team (t-1) vs. Team (t),-0.14309736552345856,-1.2497840103318156,1,Aversion,1,Aversion,0.38857044752640174
team_t_minus_1_vs_team_t,Team (t-1) vs. Team (t),-0.14309736552345856,-1.2497840103318156,1,Aversion,2,Neutral,0.6097550439269077
team_t_minus_1_vs_team_t,Team (t-1) vs. Team (t),-0.14309736552345856,-1.2497840103318156,1,Aversion,3,Appreciation,0.0016745085466905866
team_t_minus_1_vs_team_t,Team (t-1) vs. Team (t),-0.13850732323965917,-1.2089318684097574,1,Aversion,1,Aversion,0.38662205692160195
team_t_minus_1_vs_team_t,Team (t-1) vs. Team (t),-0.13850732323965917,-1.2089318684097574,1,Aversion,2,Neutral,0.6116673733545576
team_t_minus_1_vs_team_t,Team (t-1) vs. Team (t),-0.13850732323965917,-1.2089318684097574,1,Aversion,3,Appreciation,0.001710569723840581
team_t_minus_1_vs_team_t,Team (t-1) vs. Team (t),-0.13391728095585978,-1.1680797264876992,1,Aversion,1,Aversion,0.384677072015596
team_t_minus_1_vs_team_t,Team (t-1) vs. Team (t),-0.13391728095585978,-1.1680797264876992,1,Aversion,2,Neutral,0.6135755494005778
team_t_minus_1_vs_team_t,Team (t-1) vs. Team (t),-0.13391728095585978,-1.1680797264876992,1,Aversion,3,Appreciation,0.0017473785838262412
team_t_minus_1_vs_team_t,Team (t-1) vs. Team (t),-0.1293272386720604,-1.1272275845656412,1,Aversion,1,Aversion,0.38273554533066323
team_t_minus_1_vs_team_t,Team (t-1) vs. Team (t),-0.1293272386720604,-1.1272275845656412,1,Aversion,2,Neutral,0.615479504659213
team_t_minus_1_vs_team_t,Team (t-1) vs. Team (t),-0.1293272386720604,-1.1272275845656412,1,Aversion,3,Appreciation,0.0017849500101237365
team_t_minus_1_vs_team_t,Team (t-1) vs. Team (t),-0.124737196388261,-1.086375442643583,1,Aversion,1,Aversion,0.38079752892883223
team_t_minus_1_vs_team_t,Team (t-1) vs. Team (t),-0.124737196388261,-1.086375442643583,1,Aversion,2,Neutral,0.6173791719011452
team_t_minus_1_vs_team_t,Team (t-1) vs. Team (t),-0.124737196388261,-1.086375442643583,1,Aversion,3,Appreciation,0.001823299170022556
team_t_minus_1_vs_team_t,Team (t-1) vs. Team (t),-0.12014715410446163,-1.045523300721525,1,Aversion,1,Aversion,0.37886307440647954
team_t_minus_1_vs_team_t,Team (t-1) vs. Team (t),-0.12014715410446163,-1.045523300721525,1,Aversion,2,Neutral,0.6192744840737316
team_t_minus_1_vs_team_t,Team (t-1) vs. Team (t),-0.12014715410446163,-1.045523300721525,1,Aversion,3,Appreciation,0.0018624415197887759
team_t_minus_1_vs_team_t,Team (t-1) vs. Team (t),-0.11555711182066224,-1.0046711587994668,1,Aversion,1,Aversion,0.37693223288904215
team_t_minus_1_vs_team_t,Team (t-1) vs. Team (t),-0.11555711182066224,-1.0046711587994668,1,Aversion,2,Neutral,0.6211653743010414
team_t_minus_1_vs_team_t,Team (t-1) vs. Team (t),-0.11555711182066224,-1.0046711587994668,1,Aversion,3,Appreciation,0.0019023928099165962
team_t_minus_1_vs_team_t,Team (t-1) vs. Team (t),-0.11096706953686285,-0.9638190168774087,1,Aversion,1,Aversion,0.3750050550258446
team_t_minus_1_vs_team_t,Team (t-1) vs. Team (t),-0.11096706953686285,-0.9638190168774087,1,Aversion,2,Neutral,0.6230517758836859
team_t_minus_1_vs_team_t,Team (t-1) vs. Team (t),-0.11096706953686285,-0.9638190168774087,1,Aversion,3,Appreciation,0.0019431690904694497
team_t_minus_1_vs_team_t,Team (t-1) vs. Team (t),-0.10637702725306346,-0.9229668749553505,1,Aversion,1,Aversion,0.37308159098503985
team_t_minus_1_vs_team_t,Team (t-1) vs. Team (t),-0.10637702725306346,-0.9229668749553505,1,Aversion,2,Neutral,0.6249336222984481
team_t_minus_1_vs_team_t,Team (t-1) vs. Team (t),-0.10637702725306346,-0.9229668749553505,1,Aversion,3,Appreciation,0.0019847867165120577
team_t_minus_1_vs_team_t,Team (t-1) vs. Team (t),-0.10178698496926407,-0.8821147330332924,1,Aversion,1,Aversion,0.37116189044866527
team_t_minus_1_vs_team_t,Team (t-1) vs. Team (t),-0.10178698496926407,-0.8821147330332924,1,Aversion,2,Neutral,0.6268108471976999
team_t_minus_1_vs_team_t,Team (t-1) vs. Team (t),-0.10178698496926407,-0.8821147330332924,1,Aversion,3,Appreciation,0.002027262353634783
team_t_minus_1_vs_team_t,Team (t-1) vs. Team (t),-0.0971969426854647,-0.8412625911112344,1,Aversion,1,Aversion,0.36924600260781587
team_t_minus_1_vs_team_t,Team (t-1) vs. Team (t),-0.0971969426854647,-0.8412625911112344,1,Aversion,2,Neutral,0.6286833844086124
team_t_minus_1_vs_team_t,Team (t-1) vs. Team (t),-0.0971969426854647,-0.8412625911112344,1,Aversion,3,Appreciation,0.0020706129835716533
team_t_minus_1_vs_team_t,Team (t-1) vs. Team (t),-0.0926069004016653,-0.8004104491891763,1,Aversion,1,Aversion,0.36733397615793334
team_t_minus_1_vs_team_t,Team (t-1) vs. Team (t),-0.0926069004016653,-0.8004104491891763,1,Aversion,2,Neutral,0.6305511679321532
team_t_minus_1_vs_team_t,Team (t-1) vs. Team (t),-0.0926069004016653,-0.8004104491891763,1,Aversion,3,Appreciation,0.0021148559099134693
team_t_minus_1_vs_team_t,Team (t-1) vs. Team (t),-0.08801685811786591,-0.7595583072671181,1,Aversion,1,Aversion,0.365425859294213
team_t_minus_1_vs_team_t,Team (t-1) vs. Team (t),-0.08801685811786591,-0.7595583072671181,1,Aversion,2,Neutral,0.6324141319418696
team_t_minus_1_vs_team_t,Team (t-1) vs. Team (t),-0.08801685811786591,-0.7595583072671181,1,Aversion,3,Appreciation,0.0021600087639173675
team_t_minus_1_vs_team_t,Team (t-1) vs. Team (t),-0.08342681583406653,-0.7187061653450599,1,Aversion,1,Aversion,0.3635216997071289
team_t_minus_1_vs_team_t,Team (t-1) vs. Team (t),-0.08342681583406653,-0.7187061653450599,1,Aversion,2,Neutral,0.6342722107824568
team_t_minus_1_vs_team_t,Team (t-1) vs. Team (t),-0.08342681583406653,-0.7187061653450599,1,Aversion,3,Appreciation,0.0022060895104142773
team_t_minus_1_vs_team_t,Team (t-1) vs. Team (t),-0.07883677355026714,-0.6778540234230018,1,Aversion,1,Aversion,0.36162154457807716
team_t_minus_1_vs_team_t,Team (t-1) vs. Team (t),-0.07883677355026714,-0.6778540234230018,1,Aversion,2,Neutral,0.6361253389681072
team_t_minus_1_vs_team_t,Team (t-1) vs. Team (t),-0.07883677355026714,-0.6778540234230018,1,Aversion,3,Appreciation,0.002253116453815688
team_t_minus_1_vs_team_t,Team (t-1) vs. Team (t),-0.07424673126646775,-0.6370018815009437,1,Aversion,1,Aversion,0.35972544057513806
team_t_minus_1_vs_team_t,Team (t-1) vs. Team (t),-0.07424673126646775,-0.6370018815009437,1,Aversion,2,Neutral,0.6379734511806409
team_t_minus_1_vs_team_t,Team (t-1) vs. Team (t),-0.07424673126646775,-0.6370018815009437,1,Aversion,3,Appreciation,0.002301108244221176
team_t_minus_1_vs_team_t,Team (t-1) vs. Team (t),-0.06965668898266837,-0.5961497395788857,1,Aversion,1,Aversion,0.35783343384895877
team_t_minus_1_vs_team_t,Team (t-1) vs. Team (t),-0.06965668898266837,-0.5961497395788857,1,Aversion,2,Neutral,0.6398164822674131
team_t_minus_1_vs_team_t,Team (t-1) vs. Team (t),-0.06965668898266837,-0.5961497395788857,1,Aversion,3,Appreciation,0.002350083883628134
team_t_minus_1_vs_team_t,Team (t-1) vs. Team (t),-0.06506664669886898,-0.5552975976568276,1,Aversion,1,Aversion,0.355945570028755
team_t_minus_1_vs_team_t,Team (t-1) vs. Team (t),-0.06506664669886898,-0.5552975976568276,1,Aversion,2,Neutral,0.6416543672389999
team_t_minus_1_vs_team_t,Team (t-1) vs. Team (t),-0.06506664669886898,-0.5552975976568276,1,Aversion,3,Appreciation,0.0024000627322451748
team_t_minus_1_vs_team_t,Team (t-1) vs. Team (t),-0.06047660441506959,-0.5144454557347694,1,Aversion,1,Aversion,0.35406189421843287
team_t_minus_1_vs_team_t,Team (t-1) vs. Team (t),-0.06047660441506959,-0.5144454557347694,1,Aversion,2,Neutral,0.6434870412666566
team_t_minus_1_vs_team_t,Team (t-1) vs. Team (t),-0.06047660441506959,-0.5144454557347694,1,Aversion,3,Appreciation,0.002451064514910679
team_t_minus_1_vs_team_t,Team (t-1) vs. Team (t),-0.05588656213127022,-0.47359331381271147,1,Aversion,1,Aversion,0.3521824509928319
team_t_minus_1_vs_team_t,Team (t-1) vs. Team (t),-0.05588656213127022,-0.47359331381271147,1,Aversion,2,Neutral,0.6453144396795499
team_t_minus_1_vs_team_t,Team (t-1) vs. Team (t),-0.05588656213127022,-0.47359331381271147,1,Aversion,3,Appreciation,0.0025031093276179756
team_t_minus_1_vs_team_t,Team (t-1) vs. Team (t),-0.05129651984747083,-0.4327411718906533,1,Aversion,1,Aversion,0.3503072843940891
team_t_minus_1_vs_team_t,Team (t-1) vs. Team (t),-0.05129651984747083,-0.4327411718906533,1,Aversion,2,Neutral,0.6471364979617623
team_t_minus_1_vs_team_t,Team (t-1) vs. Team (t),-0.05129651984747083,-0.4327411718906533,1,Aversion,3,Appreciation,0.002556217644148655
team_t_minus_1_vs_team_t,Team (t-1) vs. Team (t),-0.04670647756367144,-0.3918890299685952,1,Aversion,1,Aversion,0.3484364379281227
team_t_minus_1_vs_team_t,Team (t-1) vs. Team (t),-0.04670647756367144,-0.3918890299685952,1,Aversion,2,Neutral,0.6489531517490618
team_t_minus_1_vs_team_t,Team (t-1) vs. Team (t),-0.04670647756367144,-0.3918890299685952,1,Aversion,3,Appreciation,0.002610410322815509
team_t_minus_1_vs_team_t,Team (t-1) vs. Team (t),-0.04211643527987205,-0.35103688804653704,1,Aversion,1,Aversion,0.34656995456123896
team_t_minus_1_vs_team_t,Team (t-1) vs. Team (t),-0.04211643527987205,-0.35103688804653704,1,Aversion,2,Neutral,0.6507643368254445
team_t_minus_1_vs_team_t,Team (t-1) vs. Team (t),-0.04211643527987205,-0.35103688804653704,1,Aversion,3,Appreciation,0.002665708613316636
team_t_minus_1_vs_team_t,Team (t-1) vs. Team (t),-0.03752639299607266,-0.31018474612447894,1,Aversion,1,Aversion,0.344707876716859
team_t_minus_1_vs_team_t,Team (t-1) vs. Team (t),-0.03752639299607266,-0.31018474612447894,1,Aversion,2,Neutral,0.6525699891194388
team_t_minus_1_vs_team_t,Team (t-1) vs. Team (t),-0.03752639299607266,-0.31018474612447894,1,Aversion,3,Appreciation,0.002722134163702208
team_t_minus_1_vs_team_t,Team (t-1) vs. Team (t),-0.03293635071227327,-0.26933260420242083,1,Aversion,1,Aversion,0.34285024627236843
team_t_minus_1_vs_team_t,Team (t-1) vs. Team (t),-0.03293635071227327,-0.26933260420242083,1,Aversion,2,Neutral,0.654370044700176
team_t_minus_1_vs_team_t,Team (t-1) vs. Team (t),-0.03293635071227327,-0.26933260420242083,1,Aversion,3,Appreciation,0.0027797090274554667
team_t_minus_1_vs_team_t,Team (t-1) vs. Team (t),-0.028346308428473882,-0.2284804622803627,1,Aversion,1,Aversion,0.3409971045560874
team_t_minus_1_vs_team_t,Team (t-1) vs. Team (t),-0.028346308428473882,-0.2284804622803627,1,Aversion,2,Neutral,0.6561644397732233
team_t_minus_1_vs_team_t,Team (t-1) vs. Team (t),-0.028346308428473882,-0.2284804622803627,1,Aversion,3,Appreciation,0.0028384556706894616
team_t_minus_1_vs_team_t,Team (t-1) vs. Team (t),-0.023756266144674493,-0.18762832035830457,1,Aversion,1,Aversion,0.33914849234436234
team_t_minus_1_vs_team_t,Team (t-1) vs. Team (t),-0.023756266144674493,-0.18762832035830457,1,Aversion,2,Neutral,0.6579531106761766
team_t_minus_1_vs_team_t,Team (t-1) vs. Team (t),-0.023756266144674493,-0.18762832035830457,1,Aversion,3,Appreciation,0.002898396979461097
team_t_minus_1_vs_team_t,Team (t-1) vs. Team (t),-0.019166223860875103,-0.14677617843624644,1,Aversion,1,Aversion,0.3373044498587807
team_t_minus_1_vs_team_t,Team (t-1) vs. Team (t),-0.019166223860875103,-0.14677617843624644,1,Aversion,2,Neutral,0.6597359938740153
team_t_minus_1_vs_team_t,Team (t-1) vs. Team (t),-0.019166223860875103,-0.14677617843624644,1,Aversion,3,Appreciation,0.0029595562672040422
team_t_minus_1_vs_team_t,Team (t-1) vs. Team (t),-0.014576181577075714,-0.1059240365141883,1,Aversion,1,Aversion,0.33546501676350543
team_t_minus_1_vs_team_t,Team (t-1) vs. Team (t),-0.014576181577075714,-0.1059240365141883,1,Aversion,2,Neutral,0.6615130259542126
team_t_minus_1_vs_team_t,Team (t-1) vs. Team (t),-0.014576181577075714,-0.1059240365141883,1,Aversion,3,Appreciation,0.003021957282282064
team_t_minus_1_vs_team_t,Team (t-1) vs. Team (t),-0.009986139293276353,-0.06507189459213042,1,Aversion,1,Aversion,0.3336302321627317
team_t_minus_1_vs_team_t,Team (t-1) vs. Team (t),-0.009986139293276353,-0.06507189459213042,1,Aversion,2,Neutral,0.6632841436216039
team_t_minus_1_vs_team_t,Team (t-1) vs. Team (t),-0.009986139293276353,-0.06507189459213042,1,Aversion,3,Appreciation,0.00308562421566436
team_t_minus_1_vs_team_t,Team (t-1) vs. Team (t),-0.005396097009476963,-0.024219752670072293,1,Aversion,1,Aversion,0.33180013459826535
team_t_minus_1_vs_team_t,Team (t-1) vs. Team (t),-0.005396097009476963,-0.024219752670072293,1,Aversion,2,Neutral,0.6650492836930103
team_t_minus_1_vs_team_t,Team (t-1) vs. Team (t),-0.005396097009476963,-0.024219752670072293,1,Aversion,3,Appreciation,0.0031505817087244484
team_t_minus_1_vs_team_t,Team (t-1) vs. Team (t),-0.0008060547256775741,0.016632389251985836,1,Aversion,1,Aversion,0.32997476204722154
team_t_minus_1_vs_team_t,Team (t-1) vs. Team (t),-0.0008060547256775741,0.016632389251985836,1,Aversion,2,Neutral,0.6668083830916143
team_t_minus_1_vs_team_t,Team (t-1) vs. Team (t),-0.0008060547256775741,0.016632389251985836,1,Aversion,3,Appreciation,0.0032168548611642145
team_t_minus_1_vs_team_t,Team (t-1) vs. Team (t),0.003783987558121815,0.057484531174043965,1,Aversion,1,Aversion,0.3281541519198449
team_t_minus_1_vs_team_t,Team (t-1) vs. Team (t),0.003783987558121815,0.057484531174043965,1,Aversion,2,Neutral,0.6685613788410903
team_t_minus_1_vs_team_t,Team (t-1) vs. Team (t),0.003783987558121815,0.057484531174043965,1,Aversion,3,Appreciation,0.003284469239064685
team_t_minus_1_vs_team_t,Team (t-1) vs. Team (t),0.008374029841921204,0.0983366730961021,1,Aversion,1,Aversion,0.3263383410574505
team_t_minus_1_vs_team_t,Team (t-1) vs. Team (t),0.008374029841921204,0.0983366730961021,1,Aversion,2,Neutral,0.6703082080594843
team_t_minus_1_vs_team_t,Team (t-1) vs. Team (t),0.008374029841921204,0.0983366730961021,1,Aversion,3,Appreciation,0.0033534508830651076
team_t_minus_1_vs_team_t,Team (t-1) vs. Team (t),0.012964072125720594,0.13918881501816022,1,Aversion,1,Aversion,0.3245273657304844
team_t_minus_1_vs_team_t,Team (t-1) vs. Team (t),0.012964072125720594,0.13918881501816022,1,Aversion,2,Neutral,0.6720488079528438
team_t_minus_1_vs_team_t,Team (t-1) vs. Team (t),0.012964072125720594,0.13918881501816022,1,Aversion,3,Appreciation,0.003423826316671934
team_t_minus_1_vs_team_t,Team (t-1) vs. Team (t),0.017554114409519983,0.18004095694021835,1,Aversion,1,Aversion,0.32272126163670484
team_t_minus_1_vs_team_t,Team (t-1) vs. Team (t),0.017554114409519983,0.18004095694021835,1,Aversion,2,Neutral,0.6737831158085958
team_t_minus_1_vs_team_t,Team (t-1) vs. Team (t),0.017554114409519983,0.18004095694021835,1,Aversion,3,Appreciation,0.0034956225546992855
team_t_minus_1_vs_team_t,Team (t-1) vs. Team (t),0.022144156693319372,0.22089309886227645,1,Aversion,1,Aversion,0.32092006389948363
team_t_minus_1_vs_team_t,Team (t-1) vs. Team (t),0.022144156693319372,0.22089309886227645,1,Aversion,2,Neutral,0.6755110689886739
team_t_minus_1_vs_team_t,Team (t-1) vs. Team (t),0.022144156693319372,0.22089309886227645,1,Aversion,3,Appreciation,0.0035688671118424956
team_t_minus_1_vs_team_t,Team (t-1) vs. Team (t),0.02673419897711876,0.2617452407843346,1,Aversion,1,Aversion,0.3191238070662253
team_t_minus_1_vs_team_t,Team (t-1) vs. Team (t),0.02673419897711876,0.2617452407843346,1,Aversion,2,Neutral,0.6772326049223883
team_t_minus_1_vs_team_t,Team (t-1) vs. Team (t),0.02673419897711876,0.2617452407843346,1,Aversion,3,Appreciation,0.003643588011386296
team_t_minus_1_vs_team_t,Team (t-1) vs. Team (t),0.03132424126091815,0.30259738270639275,1,Aversion,1,Aversion,0.3173325251069068
team_t_minus_1_vs_team_t,Team (t-1) vs. Team (t),0.03132424126091815,0.30259738270639275,1,Aversion,2,Neutral,0.678947661099044
team_t_minus_1_vs_team_t,Team (t-1) vs. Team (t),0.03132424126091815,0.30259738270639275,1,Aversion,3,Appreciation,0.003719813794049252
team_t_minus_1_vs_team_t,Team (t-1) vs. Team (t),0.03591428354471754,0.3434495246284509,1,Aversion,1,Aversion,0.3155462514127345
team_t_minus_1_vs_team_t,Team (t-1) vs. Team (t),0.03591428354471754,0.3434495246284509,1,Aversion,2,Neutral,0.6806561750602993
team_t_minus_1_vs_team_t,Team (t-1) vs. Team (t),0.03591428354471754,0.3434495246284509,1,Aversion,3,Appreciation,0.0037975735269660093
team_t_minus_1_vs_team_t,Team (t-1) vs. Team (t),0.0405043258285169,0.3843016665505088,1,Aversion,1,Aversion,0.3137650187949201
team_t_minus_1_vs_team_t,Team (t-1) vs. Team (t),0.0405043258285169,0.3843016665505088,1,Aversion,2,Neutral,0.682358084392271
team_t_minus_1_vs_team_t,Team (t-1) vs. Team (t),0.0405043258285169,0.3843016665505088,1,Aversion,3,Appreciation,0.0038768968128089372
team_t_minus_1_vs_team_t,Team (t-1) vs. Team (t),0.04509436811231629,0.4251538084725669,1,Aversion,1,Aversion,0.31198885948357213
team_t_minus_1_vs_team_t,Team (t-1) vs. Team (t),0.04509436811231629,0.4251538084725669,1,Aversion,2,Neutral,0.6840533267173772
team_t_minus_1_vs_team_t,Team (t-1) vs. Team (t),0.04509436811231629,0.4251538084725669,1,Aversion,3,Appreciation,0.003957813799050725
team_t_minus_1_vs_team_t,Team (t-1) vs. Team (t),0.04968441039611568,0.466005950394625,1,Aversion,1,Aversion,0.31021780512670694
team_t_minus_1_vs_team_t,Team (t-1) vs. Team (t),0.04968441039611568,0.466005950394625,1,Aversion,2,Neutral,0.6857418396859236
team_t_minus_1_vs_team_t,Team (t-1) vs. Team (t),0.04968441039611568,0.466005950394625,1,Aversion,3,Appreciation,0.004040355187369498
team_t_minus_1_vs_team_t,Team (t-1) vs. Team (t),0.05427445267991507,0.5068580923166831,1,Aversion,1,Aversion,0.3084518867893735
team_t_minus_1_vs_team_t,Team (t-1) vs. Team (t),0.05427445267991507,0.5068580923166831,1,Aversion,2,Neutral,0.6874235609674284
team_t_minus_1_vs_team_t,Team (t-1) vs. Team (t),0.05427445267991507,0.5068580923166831,1,Aversion,3,Appreciation,0.004124552243198022
team_t_minus_1_vs_team_t,Team (t-1) vs. Team (t),0.05886449496371446,0.5477102342387413,1,Aversion,1,Aversion,0.30669113495289574
team_t_minus_1_vs_team_t,Team (t-1) vs. Team (t),0.05886449496371446,0.5477102342387413,1,Aversion,2,Neutral,0.6890984282416858
team_t_minus_1_vs_team_t,Team (t-1) vs. Team (t),0.05886449496371446,0.5477102342387413,1,Aversion,3,Appreciation,0.0042104368054184955
team_t_minus_1_vs_team_t,Team (t-1) vs. Team (t),0.06345453724751385,0.5885623761607994,1,Aversion,1,Aversion,0.304935579514228
team_t_minus_1_vs_team_t,Team (t-1) vs. Team (t),0.06345453724751385,0.5885623761607994,1,Aversion,2,Neutral,0.6907663791895674
team_t_minus_1_vs_team_t,Team (t-1) vs. Team (t),0.06345453724751385,0.5885623761607994,1,Aversion,3,Appreciation,0.004298041296204513
team_t_minus_1_vs_team_t,Team (t-1) vs. Team (t),0.06804457953131321,0.6294145180828573,1,Aversion,1,Aversion,0.30318524978542705
team_t_minus_1_vs_team_t,Team (t-1) vs. Team (t),0.06804457953131321,0.6294145180828573,1,Aversion,2,Neutral,0.6924273514835614
team_t_minus_1_vs_team_t,Team (t-1) vs. Team (t),0.06804457953131321,0.6294145180828573,1,Aversion,3,Appreciation,0.004387398731011655
team_t_minus_1_vs_team_t,Team (t-1) vs. Team (t),0.0726346218151126,0.6702666600049154,1,Aversion,1,Aversion,0.30144017449323585
team_t_minus_1_vs_team_t,Team (t-1) vs. Team (t),0.0726346218151126,0.6702666600049154,1,Aversion,2,Neutral,0.6940812827780458
team_t_minus_1_vs_team_t,Team (t-1) vs. Team (t),0.0726346218151126,0.6702666600049154,1,Aversion,3,Appreciation,0.004478542728718301
team_t_minus_1_vs_team_t,Team (t-1) vs. Team (t),0.07722466409891199,0.7111188019269735,1,Aversion,1,Aversion,0.29970038177878133
team_t_minus_1_vs_team_t,Team (t-1) vs. Team (t),0.07722466409891199,0.7111188019269735,1,Aversion,2,Neutral,0.6957281106993005
team_t_minus_1_vs_team_t,Team (t-1) vs. Team (t),0.07722466409891199,0.7111188019269735,1,Aversion,3,Appreciation,0.004571507521918001
team_t_minus_1_vs_team_t,Team (t-1) vs. Team (t),0.08181470638271138,0.7519709438490317,1,Aversion,1,Aversion,0.2979658991973842
team_t_minus_1_vs_team_t,Team (t-1) vs. Team (t),0.08181470638271138,0.7519709438490317,1,Aversion,2,Neutral,0.6973677728352508
team_t_minus_1_vs_team_t,Team (t-1) vs. Team (t),0.08181470638271138,0.7519709438490317,1,Aversion,3,Appreciation,0.004666327967365053
team_t_minus_1_vs_team_t,Team (t-1) vs. Team (t),0.08640474866651077,0.7928230857710898,1,Aversion,1,Aversion,0.2962367537184793
team_t_minus_1_vs_team_t,Team (t-1) vs. Team (t),0.08640474866651077,0.7928230857710898,1,Aversion,2,Neutral,0.6990002067249462
team_t_minus_1_vs_team_t,Team (t-1) vs. Team (t),0.08640474866651077,0.7928230857710898,1,Aversion,3,Appreciation,0.00476303955657458
team_t_minus_1_vs_team_t,Team (t-1) vs. Team (t),0.09099479095031016,0.833675227693148,1,Aversion,1,Aversion,0.29451297172564805
team_t_minus_1_vs_team_t,Team (t-1) vs. Team (t),0.09099479095031016,0.833675227693148,1,Aversion,2,Neutral,0.7006253498477732
team_t_minus_1_vs_team_t,Team (t-1) vs. Team (t),0.09099479095031016,0.833675227693148,1,Aversion,3,Appreciation,0.00486167842657861
team_t_minus_1_vs_team_t,Team (t-1) vs. Team (t),0.09558483323410955,0.874527369615206,1,Aversion,1,Aversion,0.2927945790167599
team_t_minus_1_vs_team_t,Team (t-1) vs. Team (t),0.09558483323410955,0.874527369615206,1,Aversion,2,Neutral,0.7022431396124005
team_t_minus_1_vs_team_t,Team (t-1) vs. Team (t),0.09558483323410955,0.874527369615206,1,Aversion,3,Appreciation,0.004962281370839543
team_t_minus_1_vs_team_t,Team (t-1) vs. Team (t),0.10017487551790893,0.9153795115372642,1,Aversion,1,Aversion,0.2910816008042224
team_t_minus_1_vs_team_t,Team (t-1) vs. Team (t),0.10017487551790893,0.9153795115372642,1,Aversion,2,Neutral,0.7038535133454552
team_t_minus_1_vs_team_t,Team (t-1) vs. Team (t),0.10017487551790893,0.9153795115372642,1,Aversion,3,Appreciation,0.005064885850322362
team_t_minus_1_vs_team_t,Team (t-1) vs. Team (t),0.10476491780170832,0.9562316534593224,1,Aversion,1,Aversion,0.28937406171534
team_t_minus_1_vs_team_t,Team (t-1) vs. Team (t),0.10476491780170832,0.9562316534593224,1,Aversion,2,Neutral,0.7054564082799331
team_t_minus_1_vs_team_t,Team (t-1) vs. Team (t),0.10476491780170832,0.9562316534593224,1,Aversion,3,Appreciation,0.005169530004726958
team_t_minus_1_vs_team_t,Team (t-1) vs. Team (t),0.10935496008550771,0.9970837953813805,1,Aversion,1,Aversion,0.28767198579277986
team_t_minus_1_vs_team_t,Team (t-1) vs. Team (t),0.10935496008550771,0.9970837953813805,1,Aversion,2,Neutral,0.7070517615433384
team_t_minus_1_vs_team_t,Team (t-1) vs. Team (t),0.10935496008550771,0.9970837953813805,1,Aversion,3,Appreciation,0.005276252663881824
team_t_minus_1_vs_team_t,Team (t-1) vs. Team (t),0.1139450023693071,1.0379359373034387,1,Aversion,1,Aversion,0.2859753964951443
team_t_minus_1_vs_team_t,Team (t-1) vs. Team (t),0.1139450023693071,1.0379359373034387,1,Aversion,2,Neutral,0.7086395101455552
team_t_minus_1_vs_team_t,Team (t-1) vs. Team (t),0.1139450023693071,1.0379359373034387,1,Aversion,3,Appreciation,0.005385093359300515
team_t_minus_1_vs_team_t,Team (t-1) vs. Team (t),0.11853504465310649,1.0787880792254967,1,Aversion,1,Aversion,0.28428431669764803
team_t_minus_1_vs_team_t,Team (t-1) vs. Team (t),0.11853504465310649,1.0787880792254967,1,Aversion,2,Neutral,0.71021959096645
team_t_minus_1_vs_team_t,Team (t-1) vs. Team (t),0.11853504465310649,1.0787880792254967,1,Aversion,3,Appreciation,0.005496092335901948
team_t_minus_1_vs_team_t,Team (t-1) vs. Team (t),0.12312508693690588,1.1196402211475547,1,Aversion,1,Aversion,0.28259876869290035
team_t_minus_1_vs_team_t,Team (t-1) vs. Team (t),0.12312508693690588,1.1196402211475547,1,Aversion,2,Neutral,0.7117919407432038
team_t_minus_1_vs_team_t,Team (t-1) vs. Team (t),0.12312508693690588,1.1196402211475547,1,Aversion,3,Appreciation,0.005609290563895892
team_t_minus_1_vs_team_t,Team (t-1) vs. Team (t),0.12771512922070527,1.160492363069613,1,Aversion,1,Aversion,0.2809187741917909
team_t_minus_1_vs_team_t,Team (t-1) vs. Team (t),0.12771512922070527,1.160492363069613,1,Aversion,2,Neutral,0.7133564960573744
team_t_minus_1_vs_team_t,Team (t-1) vs. Team (t),0.12771512922070527,1.160492363069613,1,Aversion,3,Appreciation,0.005724729750834734
team_t_minus_1_vs_team_t,Team (t-1) vs. Team (t),0.13230517150450466,1.201344504991671,1,Aversion,1,Aversion,0.2792443543244778
team_t_minus_1_vs_team_t,Team (t-1) vs. Team (t),0.13230517150450466,1.201344504991671,1,Aversion,2,Neutral,0.7149131933216896
team_t_minus_1_vs_team_t,Team (t-1) vs. Team (t),0.13230517150450466,1.201344504991671,1,Aversion,3,Appreciation,0.005842452353832654
team_t_minus_1_vs_team_t,Team (t-1) vs. Team (t),0.13689521378830405,1.242196646913729,1,Aversion,1,Aversion,0.2775755296414776
team_t_minus_1_vs_team_t,Team (t-1) vs. Team (t),0.13689521378830405,1.242196646913729,1,Aversion,2,Neutral,0.7164619687665692
team_t_minus_1_vs_team_t,Team (t-1) vs. Team (t),0.13689521378830405,1.242196646913729,1,Aversion,3,Appreciation,0.0059625015919532775
team_t_minus_1_vs_team_t,Team (t-1) vs. Team (t),0.14148525607210344,1.2830487888357873,1,Aversion,1,Aversion,0.2759123201148554
team_t_minus_1_vs_team_t,Team (t-1) vs. Team (t),0.14148525607210344,1.2830487888357873,1,Aversion,2,Neutral,0.7180027584263777
team_t_minus_1_vs_team_t,Team (t-1) vs. Team (t),0.14148525607210344,1.2830487888357873,1,Aversion,3,Appreciation,0.0060849214587668276
team_t_minus_1_vs_team_t,Team (t-1) vs. Team (t),0.14607529835590283,1.3239009307578453,1,Aversion,1,Aversion,0.27425474513951564
team_t_minus_1_vs_team_t,Team (t-1) vs. Team (t),0.14607529835590283,1.3239009307578453,1,Aversion,2,Neutral,0.7195354981254066
team_t_minus_1_vs_team_t,Team (t-1) vs. Team (t),0.14607529835590283,1.3239009307578453,1,Aversion,3,Appreciation,0.0062097567350777386
team_t_minus_1_vs_team_t,Team (t-1) vs. Team (t),0.15066534063970222,1.3647530726799035,1,Aversion,1,Aversion,0.2726028235345897
team_t_minus_1_vs_team_t,Team (t-1) vs. Team (t),0.15066534063970222,1.3647530726799035,1,Aversion,2,Neutral,0.7210601234635866
team_t_minus_1_vs_team_t,Team (t-1) vs. Team (t),0.15066534063970222,1.3647530726799035,1,Aversion,3,Appreciation,0.006337053001823628
team_t_minus_1_vs_team_t,Team (t-1) vs. Team (t),0.1552553829235016,1.4056052146019615,1,Aversion,1,Aversion,0.27095657354492325
team_t_minus_1_vs_team_t,Team (t-1) vs. Team (t),0.1552553829235016,1.4056052146019615,1,Aversion,2,Neutral,0.7225765698019303
team_t_minus_1_vs_team_t,Team (t-1) vs. Team (t),0.1552553829235016,1.4056052146019615,1,Aversion,3,Appreciation,0.0064668566531464675
team_t_minus_1_vs_team_t,Team (t-1) vs. Team (t),0.15984542520730094,1.4464573565240193,1,Aversion,1,Aversion,0.26931601284265794
team_t_minus_1_vs_team_t,Team (t-1) vs. Team (t),0.15984542520730094,1.4464573565240193,1,Aversion,2,Neutral,0.7240847722477052
team_t_minus_1_vs_team_t,Team (t-1) vs. Team (t),0.15984542520730094,1.4464573565240193,1,Aversion,3,Appreciation,0.00659921490963679
team_t_minus_1_vs_team_t,Team (t-1) vs. Team (t),0.16443546749110033,1.4873094984460773,1,Aversion,1,Aversion,0.26768115852891056
team_t_minus_1_vs_team_t,Team (t-1) vs. Team (t),0.16443546749110033,1.4873094984460773,1,Aversion,2,Neutral,0.7255846656393379
team_t_minus_1_vs_team_t,Team (t-1) vs. Team (t),0.16443546749110033,1.4873094984460773,1,Aversion,3,Appreciation,0.0067341758317515715
team_t_minus_1_vs_team_t,Team (t-1) vs. Team (t),0.16902550977489972,1.5281616403681355,1,Aversion,1,Aversion,0.2660520271355451
team_t_minus_1_vs_team_t,Team (t-1) vs. Team (t),0.16902550977489972,1.5281616403681355,1,Aversion,2,Neutral,0.7270761845310485
team_t_minus_1_vs_team_t,Team (t-1) vs. Team (t),0.16902550977489972,1.5281616403681355,1,Aversion,3,Appreciation,0.006871788333406441
team_t_minus_1_vs_team_t,Team (t-1) vs. Team (t),0.1736155520586991,1.5690137822901937,1,Aversion,1,Aversion,0.26442863462703925
team_t_minus_1_vs_team_t,Team (t-1) vs. Team (t),0.1736155520586991,1.5690137822901937,1,Aversion,2,Neutral,0.728559263177218
team_t_minus_1_vs_team_t,Team (t-1) vs. Team (t),0.1736155520586991,1.5690137822901937,1,Aversion,3,Appreciation,0.00701210219574281
team_t_minus_1_vs_team_t,Team (t-1) vs. Team (t),0.1782055943424985,1.6098659242122517,1,Aversion,1,Aversion,0.2628109964024423
team_t_minus_1_vs_team_t,Team (t-1) vs. Team (t),0.1782055943424985,1.6098659242122517,1,Aversion,2,Neutral,0.7300338355164873
team_t_minus_1_vs_team_t,Team (t-1) vs. Team (t),0.1782055943424985,1.6098659242122517,1,Aversion,3,Appreciation,0.007155168081070445
team_t_minus_1_vs_team_t,Team (t-1) vs. Team (t),0.18279563662629786,1.6507180661343097,1,Aversion,1,Aversion,0.26119912729742534
team_t_minus_1_vs_team_t,Team (t-1) vs. Team (t),0.18279563662629786,1.6507180661343097,1,Aversion,2,Neutral,0.731499835155589
team_t_minus_1_vs_team_t,Team (t-1) vs. Team (t),0.18279563662629786,1.6507180661343097,1,Aversion,3,Appreciation,0.007301037546985745
team_t_minus_1_vs_team_t,Team (t-1) vs. Team (t),-0.18440774607765303,-1.6174532876303385,2,Neutral,1,Aversion,0.02815399401330453
team_t_minus_1_vs_team_t,Team (t-1) vs. Team (t),-0.18440774607765303,-1.6174532876303385,2,Neutral,2,Neutral,0.9656575091756902
team_t_minus_1_vs_team_t,Team (t-1) vs. Team (t),-0.18440774607765303,-1.6174532876303385,2,Neutral,3,Appreciation,0.006188496811005359
team_t_minus_1_vs_team_t,Team (t-1) vs. Team (t),-0.17981770379385364,-1.5766011457082802,2,Neutral,1,Aversion,0.02881426015763634
team_t_minus_1_vs_team_t,Team (t-1) vs. Team (t),-0.17981770379385364,-1.5766011457082802,2,Neutral,2,Neutral,0.9647665189368924
team_t_minus_1_vs_team_t,Team (t-1) vs. Team (t),-0.17981770379385364,-1.5766011457082802,2,Neutral,3,Appreciation,0.006419220905471312
team_t_minus_1_vs_team_t,Team (t-1) vs. Team (t),-0.17522766151005426,-1.5357490037862223,2,Neutral,1,Aversion,0.02948927629441338
team_t_minus_1_vs_team_t,Team (t-1) vs. Team (t),-0.17522766151005426,-1.5357490037862223,2,Neutral,2,Neutral,0.9638523425313894
team_t_minus_1_vs_team_t,Team (t-1) vs. Team (t),-0.17522766151005426,-1.5357490037862223,2,Neutral,3,Appreciation,0.006658381174197139
team_t_minus_1_vs_team_t,Team (t-1) vs. Team (t),-0.17063761922625487,-1.494896861864164,2,Neutral,1,Aversion,0.030179333385710914
team_t_minus_1_vs_team_t,Team (t-1) vs. Team (t),-0.17063761922625487,-1.494896861864164,2,Neutral,2,Neutral,0.9629143915317799
team_t_minus_1_vs_team_t,Team (t-1) vs. Team (t),-0.17063761922625487,-1.494896861864164,2,Neutral,3,Appreciation,0.006906275082509142
team_t_minus_1_vs_team_t,Team (t-1) vs. Team (t),-0.16604757694245548,-1.4540447199421058,2,Neutral,1,Aversion,0.030884726058351113
team_t_minus_1_vs_team_t,Team (t-1) vs. Team (t),-0.16604757694245548,-1.4540447199421058,2,Neutral,2,Neutral,0.9619520640889516
team_t_minus_1_vs_team_t,Team (t-1) vs. Team (t),-0.16604757694245548,-1.4540447199421058,2,Neutral,3,Appreciation,0.007163209852697443
team_t_minus_1_vs_team_t,Team (t-1) vs. Team (t),-0.1614575346586561,-1.4131925780200478,2,Neutral,1,Aversion,0.03160575252834167
team_t_minus_1_vs_team_t,Team (t-1) vs. Team (t),-0.1614575346586561,-1.4131925780200478,2,Neutral,2,Neutral,0.960964744736862
team_t_minus_1_vs_team_t,Team (t-1) vs. Team (t),-0.1614575346586561,-1.4131925780200478,2,Neutral,3,Appreciation,0.007429502734796305
team_t_minus_1_vs_team_t,Team (t-1) vs. Team (t),-0.1568674923748567,-1.3723404360979896,2,Neutral,1,Aversion,0.03234271451612957
team_t_minus_1_vs_team_t,Team (t-1) vs. Team (t),-0.1568674923748567,-1.3723404360979896,2,Neutral,2,Neutral,0.9599518042024179
team_t_minus_1_vs_team_t,Team (t-1) vs. Team (t),-0.1568674923748567,-1.3723404360979896,2,Neutral,3,Appreciation,0.007705481281452567
team_t_minus_1_vs_team_t,Team (t-1) vs. Team (t),-0.15227745009105734,-1.3314882941759318,2,Neutral,1,Aversion,0.0330959171521726
team_t_minus_1_vs_team_t,Team (t-1) vs. Team (t),-0.15227745009105734,-1.3314882941759318,2,Neutral,2,Neutral,0.958912599221151
team_t_minus_1_vs_team_t,Team (t-1) vs. Team (t),-0.15227745009105734,-1.3314882941759318,2,Neutral,3,Appreciation,0.007991483626676364
team_t_minus_1_vs_team_t,Team (t-1) vs. Team (t),-0.14768740780725795,-1.2906361522538736,2,Neutral,1,Aversion,0.0338656688723137
team_t_minus_1_vs_team_t,Team (t-1) vs. Team (t),-0.14768740780725795,-1.2906361522538736,2,Neutral,2,Neutral,0.9578464723594444
team_t_minus_1_vs_team_t,Team (t-1) vs. Team (t),-0.14768740780725795,-1.2906361522538736,2,Neutral,3,Appreciation,0.008287858768241776
team_t_minus_1_vs_team_t,Team (t-1) vs. Team (t),-0.14309736552345856,-1.2497840103318156,2,Neutral,1,Aversion,0.03465228130242548
team_t_minus_1_vs_team_t,Team (t-1) vs. Team (t),-0.14309736552345856,-1.2497840103318156,2,Neutral,2,Neutral,0.9567527518440977
team_t_minus_1_vs_team_t,Team (t-1) vs. Team (t),-0.14309736552345856,-1.2497840103318156,2,Neutral,3,Appreciation,0.008594966853476705
team_t_minus_1_vs_team_t,Team (t-1) vs. Team (t),-0.13850732323965917,-1.2089318684097574,2,Neutral,1,Aversion,0.035456069131775375
team_t_minus_1_vs_team_t,Team (t-1) vs. Team (t),-0.13850732323965917,-1.2089318684097574,2,Neutral,2,Neutral,0.9556307514000736
team_t_minus_1_vs_team_t,Team (t-1) vs. Team (t),-0.13850732323965917,-1.2089318684097574,2,Neutral,3,Appreciation,0.008913179468151199
team_t_minus_1_vs_team_t,Team (t-1) vs. Team (t),-0.13391728095585978,-1.1680797264876992,2,Neutral,1,Aversion,0.0362773499745438
team_t_minus_1_vs_team_t,Team (t-1) vs. Team (t),-0.13391728095585978,-1.1680797264876992,2,Neutral,2,Neutral,0.9544797700973149
team_t_minus_1_vs_team_t,Team (t-1) vs. Team (t),-0.13391728095585978,-1.1680797264876992,2,Neutral,3,Appreciation,0.00924287992814131
team_t_minus_1_vs_team_t,Team (t-1) vs. Team (t),-0.1293272386720604,-1.1272275845656412,2,Neutral,1,Aversion,0.03711644421891187
team_t_minus_1_vs_team_t,Team (t-1) vs. Team (t),-0.1293272386720604,-1.1272275845656412,2,Neutral,2,Neutral,0.9532990922075765
team_t_minus_1_vs_team_t,Team (t-1) vs. Team (t),-0.1293272386720604,-1.1272275845656412,2,Neutral,3,Appreciation,0.009584463573511793
team_t_minus_1_vs_team_t,Team (t-1) vs. Team (t),-0.124737196388261,-1.086375442643583,2,Neutral,1,Aversion,0.037973674863116647
team_t_minus_1_vs_team_t,Team (t-1) vs. Team (t),-0.124737196388261,-1.086375442643583,2,Neutral,2,Neutral,0.9520879870722586
team_t_minus_1_vs_team_t,Team (t-1) vs. Team (t),-0.124737196388261,-1.086375442643583,2,Neutral,3,Appreciation,0.009938338064624746
team_t_minus_1_vs_team_t,Team (t-1) vs. Team (t),-0.12014715410446163,-1.045523300721525,2,Neutral,1,Aversion,0.03884936733785719
team_t_minus_1_vs_team_t,Team (t-1) vs. Team (t),-0.12014715410446163,-1.045523300721525,2,Neutral,2,Neutral,0.9508457089822996
team_t_minus_1_vs_team_t,Team (t-1) vs. Team (t),-0.12014715410446163,-1.045523300721525,2,Neutral,3,Appreciation,0.01030492367984332
team_t_minus_1_vs_team_t,Team (t-1) vs. Team (t),-0.11555711182066224,-1.0046711587994668,2,Neutral,1,Aversion,0.03974384931441765
team_t_minus_1_vs_team_t,Team (t-1) vs. Team (t),-0.11555711182066224,-1.0046711587994668,2,Neutral,2,Neutral,0.949571497071223
team_t_minus_1_vs_team_t,Team (t-1) vs. Team (t),-0.11555711182066224,-1.0046711587994668,2,Neutral,3,Appreciation,0.01068465361435935
team_t_minus_1_vs_team_t,Team (t-1) vs. Team (t),-0.11096706953686285,-0.9638190168774087,2,Neutral,1,Aversion,0.04065745049785861
team_t_minus_1_vs_team_t,Team (t-1) vs. Team (t),-0.11096706953686285,-0.9638190168774087,2,Neutral,2,Neutral,0.9482645752225098
team_t_minus_1_vs_team_t,Team (t-1) vs. Team (t),-0.11096706953686285,-0.9638190168774087,2,Neutral,3,Appreciation,0.011077974279631399
team_t_minus_1_vs_team_t,Team (t-1) vs. Team (t),-0.10637702725306346,-0.9229668749553505,2,Neutral,1,Aversion,0.04159050240461365
team_t_minus_1_vs_team_t,Team (t-1) vs. Team (t),-0.10637702725306346,-0.9229668749553505,2,Neutral,2,Neutral,0.9469241519925115
team_t_minus_1_vs_team_t,Team (t-1) vs. Team (t),-0.10637702725306346,-0.9229668749553505,2,Neutral,3,Appreciation,0.011485345602874843
team_t_minus_1_vs_team_t,Team (t-1) vs. Team (t),-0.10178698496926407,-0.8821147330332924,2,Neutral,1,Aversion,0.042543338123813425
team_t_minus_1_vs_team_t,Team (t-1) vs. Team (t),-0.10178698496926407,-0.8821147330332924,2,Neutral,2,Neutral,0.945549420550188
team_t_minus_1_vs_team_t,Team (t-1) vs. Team (t),-0.10178698496926407,-0.8821147330332924,2,Neutral,3,Appreciation,0.011907241325998739
team_t_minus_1_vs_team_t,Team (t-1) vs. Team (t),-0.0971969426854647,-0.8412625911112344,2,Neutral,1,Aversion,0.04351629206164802
team_t_minus_1_vs_team_t,Team (t-1) vs. Team (t),-0.0971969426854647,-0.8412625911112344,2,Neutral,2,Neutral,0.944139558635017
team_t_minus_1_vs_team_t,Team (t-1) vs. Team (t),-0.0971969426854647,-0.8412625911112344,2,Neutral,3,Appreciation,0.012344149303334887
team_t_minus_1_vs_team_t,Team (t-1) vs. Team (t),-0.0926069004016653,-0.8004104491891763,2,Neutral,1,Aversion,0.044509699668066074
team_t_minus_1_vs_team_t,Team (t-1) vs. Team (t),-0.0926069004016653,-0.8004104491891763,2,Neutral,2,Neutral,0.9426937285344814
team_t_minus_1_vs_team_t,Team (t-1) vs. Team (t),-0.0926069004016653,-0.8004104491891763,2,Neutral,3,Appreciation,0.012796571797452564
team_t_minus_1_vs_team_t,Team (t-1) vs. Team (t),-0.08801685811786591,-0.7595583072671181,2,Neutral,1,Aversion,0.04552389714509871
team_t_minus_1_vs_team_t,Team (t-1) vs. Team (t),-0.08801685811786591,-0.7595583072671181,2,Neutral,2,Neutral,0.9412110770826028
team_t_minus_1_vs_team_t,Team (t-1) vs. Team (t),-0.08801685811786591,-0.7595583072671181,2,Neutral,3,Appreciation,0.013265025772298588
team_t_minus_1_vs_team_t,Team (t-1) vs. Team (t),-0.08342681583406653,-0.7187061653450599,2,Neutral,1,Aversion,0.046559221136088895
team_t_minus_1_vs_team_t,Team (t-1) vs. Team (t),-0.08342681583406653,-0.7187061653450599,2,Neutral,2,Neutral,0.9396907356810655
team_t_minus_1_vs_team_t,Team (t-1) vs. Team (t),-0.08342681583406653,-0.7187061653450599,2,Neutral,3,Appreciation,0.013750043182845473
team_t_minus_1_vs_team_t,Team (t-1) vs. Team (t),-0.07883677355026714,-0.6778540234230018,2,Neutral,1,Aversion,0.047616008395098205
team_t_minus_1_vs_team_t,Team (t-1) vs. Team (t),-0.07883677355026714,-0.6778540234230018,2,Neutral,2,Neutral,0.9381318203445301
team_t_minus_1_vs_team_t,Team (t-1) vs. Team (t),-0.07883677355026714,-0.6778540234230018,2,Neutral,3,Appreciation,0.01425217126037161
team_t_minus_1_vs_team_t,Team (t-1) vs. Team (t),-0.07424673126646775,-0.6370018815009437,2,Neutral,1,Aversion,0.04869459543576009
team_t_minus_1_vs_team_t,Team (t-1) vs. Team (t),-0.07424673126646775,-0.6370018815009437,2,Neutral,2,Neutral,0.9365334317718037
team_t_minus_1_vs_team_t,Team (t-1) vs. Team (t),-0.07424673126646775,-0.6370018815009437,2,Neutral,3,Appreciation,0.014771972792436203
team_t_minus_1_vs_team_t,Team (t-1) vs. Team (t),-0.06965668898266837,-0.5961497395788857,2,Neutral,1,Aversion,0.049795318158843624
team_t_minus_1_vs_team_t,Team (t-1) vs. Team (t),-0.06965668898266837,-0.5961497395788857,2,Neutral,2,Neutral,0.9348946554446089
team_t_minus_1_vs_team_t,Team (t-1) vs. Team (t),-0.06965668898266837,-0.5961497395788857,2,Neutral,3,Appreciation,0.015310026396547468
team_t_minus_1_vs_team_t,Team (t-1) vs. Team (t),-0.06506664669886898,-0.5552975976568276,2,Neutral,1,Aversion,0.050918511457793615
team_t_minus_1_vs_team_t,Team (t-1) vs. Team (t),-0.06506664669886898,-0.5552975976568276,2,Neutral,2,Neutral,0.9332145617557495
team_t_minus_1_vs_team_t,Team (t-1) vs. Team (t),-0.06506664669886898,-0.5552975976568276,2,Neutral,3,Appreciation,0.015866926786456955
team_t_minus_1_vs_team_t,Team (t-1) vs. Team (t),-0.06047660441506959,-0.5144454557347694,2,Neutral,1,Aversion,0.05206450880151368
team_t_minus_1_vs_team_t,Team (t-1) vs. Team (t),-0.06047660441506959,-0.5144454557347694,2,Neutral,2,Neutral,0.9314922061685423
team_t_minus_1_vs_team_t,Team (t-1) vs. Team (t),-0.06047660441506959,-0.5144454557347694,2,Neutral,3,Appreciation,0.016443285029944136
team_t_minus_1_vs_team_t,Team (t-1) vs. Team (t),-0.05588656213127022,-0.47359331381271147,2,Neutral,1,Aversion,0.053233641793664924
team_t_minus_1_vs_team_t,Team (t-1) vs. Team (t),-0.05588656213127022,-0.47359331381271147,2,Neutral,2,Neutral,0.9297266294094501
team_t_minus_1_vs_team_t,Team (t-1) vs. Team (t),-0.05588656213127022,-0.47359331381271147,2,Neutral,3,Appreciation,0.017039728796884947
team_t_minus_1_vs_team_t,Team (t-1) vs. Team (t),-0.05129651984747083,-0.4327411718906533,2,Neutral,1,Aversion,0.054426239707761406
team_t_minus_1_vs_team_t,Team (t-1) vs. Team (t),-0.05129651984747083,-0.4327411718906533,2,Neutral,2,Neutral,0.9279168576959134
team_t_minus_1_vs_team_t,Team (t-1) vs. Team (t),-0.05129651984747083,-0.4327411718906533,2,Neutral,3,Appreciation,0.01765690259632523
team_t_minus_1_vs_team_t,Team (t-1) vs. Team (t),-0.04670647756367144,-0.3918890299685952,2,Neutral,1,Aversion,0.055642628997354907
team_t_minus_1_vs_team_t,Team (t-1) vs. Team (t),-0.04670647756367144,-0.3918890299685952,2,Neutral,2,Neutral,0.9260619030014399
team_t_minus_1_vs_team_t,Team (t-1) vs. Team (t),-0.04670647756367144,-0.3918890299685952,2,Neutral,3,Appreciation,0.01829546800120528
team_t_minus_1_vs_team_t,Team (t-1) vs. Team (t),-0.04211643527987205,-0.35103688804653704,2,Neutral,1,Aversion,0.05688313278061847
team_t_minus_1_vs_team_t,Team (t-1) vs. Team (t),-0.04211643527987205,-0.35103688804653704,2,Neutral,2,Neutral,0.924160763360076
team_t_minus_1_vs_team_t,Team (t-1) vs. Team (t),-0.04211643527987205,-0.35103688804653704,2,Neutral,3,Appreciation,0.018956103859305302
team_t_minus_1_vs_team_t,Team (t-1) vs. Team (t),-0.03752639299607266,-0.31018474612447894,2,Neutral,1,Aversion,0.05814807029865734
team_t_minus_1_vs_team_t,Team (t-1) vs. Team (t),-0.03752639299607266,-0.31018474612447894,2,Neutral,2,Neutral,0.9222124232124393
team_t_minus_1_vs_team_t,Team (t-1) vs. Team (t),-0.03752639299607266,-0.31018474612447894,2,Neutral,3,Appreciation,0.019639506488903388
team_t_minus_1_vs_team_t,Team (t-1) vs. Team (t),-0.03293635071227327,-0.26933260420242083,2,Neutral,1,Aversion,0.05943775634690078
team_t_minus_1_vs_team_t,Team (t-1) vs. Team (t),-0.03293635071227327,-0.26933260420242083,2,Neutral,2,Neutral,0.9202158537955414
team_t_minus_1_vs_team_t,Team (t-1) vs. Team (t),-0.03293635071227327,-0.26933260420242083,2,Neutral,3,Appreciation,0.02034638985755787
team_t_minus_1_vs_team_t,Team (t-1) vs. Team (t),-0.028346308428473882,-0.2284804622803627,2,Neutral,1,Aversion,0.06075250067895805
team_t_minus_1_vs_team_t,Team (t-1) vs. Team (t),-0.028346308428473882,-0.2284804622803627,2,Neutral,2,Neutral,0.9181700135786965
team_t_minus_1_vs_team_t,Team (t-1) vs. Team (t),-0.028346308428473882,-0.2284804622803627,2,Neutral,3,Appreciation,0.021077485742345508
team_t_minus_1_vs_team_t,Team (t-1) vs. Team (t),-0.023756266144674493,-0.18762832035830457,2,Neutral,1,Aversion,0.062092607382355655
team_t_minus_1_vs_team_t,Team (t-1) vs. Team (t),-0.023756266144674493,-0.18762832035830457,2,Neutral,2,Neutral,0.9160738487478396
team_t_minus_1_vs_team_t,Team (t-1) vs. Team (t),-0.023756266144674493,-0.18762832035830457,2,Neutral,3,Appreciation,0.02183354386980481
team_t_minus_1_vs_team_t,Team (t-1) vs. Team (t),-0.019166223860875103,-0.14677617843624644,2,Neutral,1,Aversion,0.06345837422561412
team_t_minus_1_vs_team_t,Team (t-1) vs. Team (t),-0.019166223860875103,-0.14677617843624644,2,Neutral,2,Neutral,0.9139262937406339
team_t_minus_1_vs_team_t,Team (t-1) vs. Team (t),-0.019166223860875103,-0.14677617843624644,2,Neutral,3,Appreciation,0.022615332033751864
team_t_minus_1_vs_team_t,Team (t-1) vs. Team (t),-0.014576181577075714,-0.1059240365141883,2,Neutral,1,Aversion,0.06485009197616827
team_t_minus_1_vs_team_t,Team (t-1) vs. Team (t),-0.014576181577075714,-0.1059240365141883,2,Neutral,2,Neutral,0.9117262718347783
team_t_minus_1_vs_team_t,Team (t-1) vs. Team (t),-0.014576181577075714,-0.1059240365141883,2,Neutral,3,Appreciation,0.023423636189053524
team_t_minus_1_vs_team_t,Team (t-1) vs. Team (t),-0.009986139293276353,-0.06507189459213042,2,Neutral,1,Aversion,0.06626804368868747
team_t_minus_1_vs_team_t,Team (t-1) vs. Team (t),-0.009986139293276353,-0.06507189459213042,2,Neutral,2,Neutral,0.9094726957919524
team_t_minus_1_vs_team_t,Team (t-1) vs. Team (t),-0.009986139293276353,-0.06507189459213042,2,Neutral,3,Appreciation,0.024259260519360056
team_t_minus_1_vs_team_t,Team (t-1) vs. Team (t),-0.005396097009476963,-0.024219752670072293,2,Neutral,1,Aversion,0.06771250396341205
team_t_minus_1_vs_team_t,Team (t-1) vs. Team (t),-0.005396097009476963,-0.024219752670072293,2,Neutral,2,Neutral,0.9071644685598699
team_t_minus_1_vs_team_t,Team (t-1) vs. Team (t),-0.005396097009476963,-0.024219752670072293,2,Neutral,3,Appreciation,0.025123027476718227
team_t_minus_1_vs_team_t,Team (t-1) vs. Team (t),-0.0008060547256775741,0.016632389251985836,2,Neutral,1,Aversion,0.06918373817418821
team_t_minus_1_vs_team_t,Team (t-1) vs. Team (t),-0.0008060547256775741,0.016632389251985836,2,Neutral,2,Neutral,0.9048004840349072
team_t_minus_1_vs_team_t,Team (t-1) vs. Team (t),-0.0008060547256775741,0.016632389251985836,2,Neutral,3,Appreciation,0.026015777790904644
team_t_minus_1_vs_team_t,Team (t-1) vs. Team (t),0.003783987558121815,0.057484531174043965,2,Neutral,1,Aversion,0.07068200166595837
team_t_minus_1_vs_team_t,Team (t-1) vs. Team (t),0.003783987558121815,0.057484531174043965,2,Neutral,2,Neutral,0.902379627887801
team_t_minus_1_vs_team_t,Team (t-1) vs. Team (t),0.003783987558121815,0.057484531174043965,2,Neutral,3,Appreciation,0.026938370446240662
team_t_minus_1_vs_team_t,Team (t-1) vs. Team (t),0.008374029841921204,0.0983366730961021,2,Neutral,1,Aversion,0.07220753892154486
team_t_minus_1_vs_team_t,Team (t-1) vs. Team (t),0.008374029841921204,0.0983366730961021,2,Neutral,2,Neutral,0.899900778454882
team_t_minus_1_vs_team_t,Team (t-1) vs. Team (t),0.008374029841921204,0.0983366730961021,2,Neutral,3,Appreciation,0.027891682623573017
team_t_minus_1_vs_team_t,Team (t-1) vs. Team (t),0.012964072125720594,0.13918881501816022,2,Neutral,1,Aversion,0.07376058269765633
team_t_minus_1_vs_team_t,Team (t-1) vs. Team (t),0.012964072125720594,0.13918881501816022,2,Neutral,2,Neutral,0.8973628076973129
team_t_minus_1_vs_team_t,Team (t-1) vs. Team (t),0.012964072125720594,0.13918881501816022,2,Neutral,3,Appreciation,0.02887660960503082
team_t_minus_1_vs_team_t,Team (t-1) vs. Team (t),0.017554114409519983,0.18004095694021835,2,Neutral,1,Aversion,0.07534135313014452
team_t_minus_1_vs_team_t,Team (t-1) vs. Team (t),0.017554114409519983,0.18004095694021835,2,Neutral,2,Neutral,0.894764582230756
team_t_minus_1_vs_team_t,Team (t-1) vs. Team (t),0.017554114409519983,0.18004095694021835,2,Neutral,3,Appreciation,0.02989406463909951
team_t_minus_1_vs_team_t,Team (t-1) vs. Team (t),0.022144156693319372,0.22089309886227645,2,Neutral,1,Aversion,0.07695005680864699
team_t_minus_1_vs_team_t,Team (t-1) vs. Team (t),0.022144156693319372,0.22089309886227645,2,Neutral,2,Neutral,0.8921049644278669
team_t_minus_1_vs_team_t,Team (t-1) vs. Team (t),0.022144156693319372,0.22089309886227645,2,Neutral,3,Appreciation,0.030944978763485984
team_t_minus_1_vs_team_t,Team (t-1) vs. Team (t),0.02673419897711876,0.2617452407843346,2,Neutral,1,Aversion,0.07858688582086915
team_t_minus_1_vs_team_t,Team (t-1) vs. Team (t),0.02673419897711876,0.2617452407843346,2,Neutral,2,Neutral,0.889382813595942
team_t_minus_1_vs_team_t,Team (t-1) vs. Team (t),0.02673419897711876,0.2617452407843346,2,Neutral,3,Appreciation,0.032030300583189
team_t_minus_1_vs_team_t,Team (t-1) vs. Team (t),0.03132424126091815,0.30259738270639275,2,Neutral,1,Aversion,0.08025201676688597
team_t_minus_1_vs_team_t,Team (t-1) vs. Team (t),0.03132424126091815,0.30259738270639275,2,Neutral,2,Neutral,0.8865969872319798
team_t_minus_1_vs_team_t,Team (t-1) vs. Team (t),0.03132424126091815,0.30259738270639275,2,Neutral,3,Appreciation,0.03315099600113425
team_t_minus_1_vs_team_t,Team (t-1) vs. Team (t),0.03591428354471754,0.3434495246284509,2,Neutral,1,Aversion,0.08194560974398063
team_t_minus_1_vs_team_t,Team (t-1) vs. Team (t),0.03591428354471754,0.3434495246284509,2,Neutral,2,Neutral,0.8837463423573336
team_t_minus_1_vs_team_t,Team (t-1) vs. Team (t),0.03591428354471754,0.3434495246284509,2,Neutral,3,Appreciation,0.03430804789868578
team_t_minus_1_vs_team_t,Team (t-1) vs. Team (t),0.0405043258285169,0.3843016665505088,2,Neutral,1,Aversion,0.08366780730268399
team_t_minus_1_vs_team_t,Team (t-1) vs. Team (t),0.0405043258285169,0.3843016665505088,2,Neutral,2,Neutral,0.8808297369340099
team_t_minus_1_vs_team_t,Team (t-1) vs. Team (t),0.0405043258285169,0.3843016665505088,2,Neutral,3,Appreciation,0.0355024557633062
team_t_minus_1_vs_team_t,Team (t-1) vs. Team (t),0.04509436811231629,0.4251538084725669,2,Neutral,1,Aversion,0.08541873337483802
team_t_minus_1_vs_team_t,Team (t-1) vs. Team (t),0.04509436811231629,0.4251538084725669,2,Neutral,2,Neutral,0.8778460313645549
team_t_minus_1_vs_team_t,Team (t-1) vs. Team (t),0.04509436811231629,0.4251538084725669,2,Neutral,3,Appreciation,0.0367352352606073
team_t_minus_1_vs_team_t,Team (t-1) vs. Team (t),0.04968441039611568,0.466005950394625,2,Neutral,1,Aversion,0.08719849217467214
team_t_minus_1_vs_team_t,Team (t-1) vs. Team (t),0.04968441039611568,0.466005950394625,2,Neutral,2,Neutral,0.8747940900773153
team_t_minus_1_vs_team_t,Team (t-1) vs. Team (t),0.04968441039611568,0.466005950394625,2,Neutral,3,Appreciation,0.03800741774801243
team_t_minus_1_vs_team_t,Team (t-1) vs. Team (t),0.05427445267991507,0.5068580923166831,2,Neutral,1,Aversion,0.0890071670740621
team_t_minus_1_vs_team_t,Team (t-1) vs. Team (t),0.05427445267991507,0.5068580923166831,2,Neutral,2,Neutral,0.8716727831986945
team_t_minus_1_vs_team_t,Team (t-1) vs. Team (t),0.05427445267991507,0.5068580923166831,2,Neutral,3,Appreciation,0.03932004972724337
team_t_minus_1_vs_team_t,Team (t-1) vs. Team (t),0.05886449496371446,0.5477102342387413,2,Neutral,1,Aversion,0.09084481945332881
team_t_minus_1_vs_team_t,Team (t-1) vs. Team (t),0.05886449496371446,0.5477102342387413,2,Neutral,2,Neutral,0.8684809883138241
team_t_minus_1_vs_team_t,Team (t-1) vs. Team (t),0.05886449496371446,0.5477102342387413,2,Neutral,3,Appreciation,0.04067419223284698
team_t_minus_1_vs_team_t,Team (t-1) vs. Team (t),0.06345453724751385,0.5885623761607994,2,Neutral,1,Aversion,0.09271148752913544
team_t_minus_1_vs_team_t,Team (t-1) vs. Team (t),0.06345453724751385,0.5885623761607994,2,Neutral,2,Neutral,0.8652175923168695
team_t_minus_1_vs_team_t,Team (t-1) vs. Team (t),0.06345453724751385,0.5885623761607994,2,Neutral,3,Appreciation,0.042070920153995196
team_t_minus_1_vs_team_t,Team (t-1) vs. Team (t),0.06804457953131321,0.6294145180828573,2,Neutral,1,Aversion,0.09460718516125037
team_t_minus_1_vs_team_t,Team (t-1) vs. Team (t),0.06804457953131321,0.6294145180828573,2,Neutral,2,Neutral,0.861881493351926
team_t_minus_1_vs_team_t,Team (t-1) vs. Team (t),0.06804457953131321,0.6294145180828573,2,Neutral,3,Appreciation,0.043511321486823594
team_t_minus_1_vs_team_t,Team (t-1) vs. Team (t),0.0726346218151126,0.6702666600049154,2,Neutral,1,Aversion,0.09653190064016466
team_t_minus_1_vs_team_t,Team (t-1) vs. Team (t),0.0726346218151126,0.6702666600049154,2,Neutral,2,Neutral,0.8584716028452131
team_t_minus_1_vs_team_t,Team (t-1) vs. Team (t),0.0726346218151126,0.6702666600049154,2,Neutral,3,Appreciation,0.04499649651462233
team_t_minus_1_vs_team_t,Team (t-1) vs. Team (t),0.07722466409891199,0.7111188019269735,2,Neutral,1,Aversion,0.09848559545778175
team_t_minus_1_vs_team_t,Team (t-1) vs. Team (t),0.07722466409891199,0.7111188019269735,2,Neutral,2,Neutral,0.8549868476289585
team_t_minus_1_vs_team_t,Team (t-1) vs. Team (t),0.07722466409891199,0.7111188019269735,2,Neutral,3,Appreciation,0.046527556913259736
team_t_minus_1_vs_team_t,Team (t-1) vs. Team (t),0.08181470638271138,0.7519709438490317,2,Neutral,1,Aversion,0.10046820306363763
team_t_minus_1_vs_team_t,Team (t-1) vs. Team (t),0.08181470638271138,0.7519709438490317,2,Neutral,2,Neutral,0.851426172157058
team_t_minus_1_vs_team_t,Team (t-1) vs. Team (t),0.08181470638271138,0.7519709438490317,2,Neutral,3,Appreciation,0.04810562477930431
team_t_minus_1_vs_team_t,Team (t-1) vs. Team (t),0.08640474866651077,0.7928230857710898,2,Neutral,1,Aversion,0.10247962760935697
team_t_minus_1_vs_team_t,Team (t-1) vs. Team (t),0.08640474866651077,0.7928230857710898,2,Neutral,2,Neutral,0.8477885408122269
team_t_minus_1_vs_team_t,Team (t-1) vs. Team (t),0.08640474866651077,0.7928230857710898,2,Neutral,3,Appreciation,0.049731831578416034
team_t_minus_1_vs_team_t,Team (t-1) vs. Team (t),0.09099479095031016,0.833675227693148,2,Neutral,1,Aversion,0.10451974268430675
team_t_minus_1_vs_team_t,Team (t-1) vs. Team (t),0.09099479095031016,0.833675227693148,2,Neutral,2,Neutral,0.8440729403039875
team_t_minus_1_vs_team_t,Team (t-1) vs. Team (t),0.09099479095031016,0.833675227693148,2,Neutral,3,Appreciation,0.05140731701170587
team_t_minus_1_vs_team_t,Team (t-1) vs. Team (t),0.09558483323410955,0.874527369615206,2,Neutral,1,Aversion,0.10658839004567242
team_t_minus_1_vs_team_t,Team (t-1) vs. Team (t),0.09558483323410955,0.874527369615206,2,Neutral,2,Neutral,0.8402783821564155
team_t_minus_1_vs_team_t,Team (t-1) vs. Team (t),0.09558483323410955,0.874527369615206,2,Neutral,3,Appreciation,0.053133227797912054
team_t_minus_1_vs_team_t,Team (t-1) vs. Team (t),0.10017487551790893,0.9153795115372642,2,Neutral,1,Aversion,0.10868537834645127
team_t_minus_1_vs_team_t,Team (t-1) vs. Team (t),0.10017487551790893,0.9153795115372642,2,Neutral,2,Neutral,0.8364039052841317
team_t_minus_1_vs_team_t,Team (t-1) vs. Team (t),0.10017487551790893,0.9153795115372642,2,Neutral,3,Appreciation,0.05491071636941708
team_t_minus_1_vs_team_t,Team (t-1) vs. Team (t),0.10476491780170832,0.9562316534593224,2,Neutral,1,Aversion,0.11081048186513037
team_t_minus_1_vs_team_t,Team (t-1) vs. Team (t),0.10476491780170832,0.9562316534593224,2,Neutral,2,Neutral,0.8324485786545408
team_t_minus_1_vs_team_t,Team (t-1) vs. Team (t),0.10476491780170832,0.9562316534593224,2,Neutral,3,Appreciation,0.0567409394803287
team_t_minus_1_vs_team_t,Team (t-1) vs. Team (t),0.10935496008550771,0.9970837953813805,2,Neutral,1,Aversion,0.11296343924109681
team_t_minus_1_vs_team_t,Team (t-1) vs. Team (t),0.10935496008550771,0.9970837953813805,2,Neutral,2,Neutral,0.8284115040338276
team_t_minus_1_vs_team_t,Team (t-1) vs. Team (t),0.10935496008550771,0.9970837953813805,2,Neutral,3,Appreciation,0.058625056725075536
team_t_minus_1_vs_team_t,Team (t-1) vs. Team (t),0.1139450023693071,1.0379359373034387,2,Neutral,1,Aversion,0.11514395222010478
team_t_minus_1_vs_team_t,Team (t-1) vs. Team (t),0.1139450023693071,1.0379359373034387,2,Neutral,2,Neutral,0.8242918188136734
team_t_minus_1_vs_team_t,Team (t-1) vs. Team (t),0.1139450023693071,1.0379359373034387,2,Neutral,3,Appreciation,0.06056422896622191
team_t_minus_1_vs_team_t,Team (t-1) vs. Team (t),0.11853504465310649,1.0787880792254967,2,Neutral,1,Aversion,0.11735168441440777
team_t_minus_1_vs_team_t,Team (t-1) vs. Team (t),0.11853504465310649,1.0787880792254967,2,Neutral,2,Neutral,0.8200886989151032
team_t_minus_1_vs_team_t,Team (t-1) vs. Team (t),0.11853504465310649,1.0787880792254967,2,Neutral,3,Appreciation,0.06255961667048905
team_t_minus_1_vs_team_t,Team (t-1) vs. Team (t),0.12312508693690588,1.1196402211475547,2,Neutral,1,Aversion,0.11958626008244023
team_t_minus_1_vs_team_t,Team (t-1) vs. Team (t),0.12312508693690588,1.1196402211475547,2,Neutral,2,Neutral,0.8158013617652766
team_t_minus_1_vs_team_t,Team (t-1) vs. Team (t),0.12312508693690588,1.1196402211475547,2,Neutral,3,Appreciation,0.06461237815228306
team_t_minus_1_vs_team_t,Team (t-1) vs. Team (t),0.12771512922070527,1.160492363069613,2,Neutral,1,Aversion,0.12184726293321047
team_t_minus_1_vs_team_t,Team (t-1) vs. Team (t),0.12771512922070527,1.160492363069613,2,Neutral,2,Neutral,0.8114290693424191
team_t_minus_1_vs_team_t,Team (t-1) vs. Team (t),0.12771512922070527,1.160492363069613,2,Neutral,3,Appreciation,0.06672366772437052
team_t_minus_1_vs_team_t,Team (t-1) vs. Team (t),0.13230517150450466,1.201344504991671,2,Neutral,1,Aversion,0.12413423496083453
team_t_minus_1_vs_team_t,Team (t-1) vs. Team (t),0.13230517150450466,1.201344504991671,2,Neutral,2,Neutral,0.8069711312834488
team_t_minus_1_vs_team_t,Team (t-1) vs. Team (t),0.13230517150450466,1.201344504991671,2,Neutral,3,Appreciation,0.06889463375571668
team_t_minus_1_vs_team_t,Team (t-1) vs. Team (t),0.13689521378830405,1.242196646913729,2,Neutral,1,Aversion,0.12644667531490597
team_t_minus_1_vs_team_t,Team (t-1) vs. Team (t),0.13689521378830405,1.242196646913729,2,Neutral,2,Neutral,0.802426908048191
team_t_minus_1_vs_team_t,Team (t-1) vs. Team (t),0.13689521378830405,1.242196646913729,2,Neutral,3,Appreciation,0.07112641663690313
team_t_minus_1_vs_team_t,Team (t-1) vs. Team (t),0.14148525607210344,1.2830487888357873,2,Neutral,1,Aversion,0.12878403921264203
team_t_minus_1_vs_team_t,Team (t-1) vs. Team (t),0.14148525607210344,1.2830487888357873,2,Neutral,2,Neutral,0.7977958141333825
team_t_minus_1_vs_team_t,Team (t-1) vs. Team (t),0.14148525607210344,1.2830487888357873,2,Neutral,3,Appreciation,0.07342014665397542
team_t_minus_1_vs_team_t,Team (t-1) vs. Team (t),0.14607529835590283,1.3239009307578453,2,Neutral,1,Aversion,0.1311457368989902
team_t_minus_1_vs_team_t,Team (t-1) vs. Team (t),0.14607529835590283,1.3239009307578453,2,Neutral,2,Neutral,0.7930773213289746
team_t_minus_1_vs_team_t,Team (t-1) vs. Team (t),0.14607529835590283,1.3239009307578453,2,Neutral,3,Appreciation,0.07577694177203514
team_t_minus_1_vs_team_t,Team (t-1) vs. Team (t),0.15066534063970222,1.3647530726799035,2,Neutral,1,Aversion,0.1335311326610966
team_t_minus_1_vs_team_t,Team (t-1) vs. Team (t),0.15066534063970222,1.3647530726799035,2,Neutral,2,Neutral,0.7882709620085192
team_t_minus_1_vs_team_t,Team (t-1) vs. Team (t),0.15066534063970222,1.3647530726799035,2,Neutral,3,Appreciation,0.0781979053303842
team_t_minus_1_vs_team_t,Team (t-1) vs. Team (t),0.1552553829235016,1.4056052146019615,2,Neutral,1,Aversion,0.13593954390374105
team_t_minus_1_vs_team_t,Team (t-1) vs. Team (t),0.1552553829235016,1.4056052146019615,2,Neutral,2,Neutral,0.7833763324447084
team_t_minus_1_vs_team_t,Team (t-1) vs. Team (t),0.1552553829235016,1.4056052146019615,2,Neutral,3,Appreciation,0.08068412365155066
team_t_minus_1_vs_team_t,Team (t-1) vs. Team (t),0.15984542520730094,1.4464573565240193,2,Neutral,1,Aversion,0.13837024029252437
team_t_minus_1_vs_team_t,Team (t-1) vs. Team (t),0.15984542520730094,1.4464573565240193,2,Neutral,2,Neutral,0.7783930961404009
team_t_minus_1_vs_team_t,Team (t-1) vs. Team (t),0.15984542520730094,1.4464573565240193,2,Neutral,3,Appreciation,0.08323666356707486
team_t_minus_1_vs_team_t,Team (t-1) vs. Team (t),0.16443546749110033,1.4873094984460773,2,Neutral,1,Aversion,0.1408224429717452
team_t_minus_1_vs_team_t,Team (t-1) vs. Team (t),0.16443546749110033,1.4873094984460773,2,Neutral,2,Neutral,0.7733209871647435
team_t_minus_1_vs_team_t,Team (t-1) vs. Team (t),0.16443546749110033,1.4873094984460773,2,Neutral,3,Appreciation,0.08585656986351121
team_t_minus_1_vs_team_t,Team (t-1) vs. Team (t),0.16902550977489972,1.5281616403681355,2,Neutral,1,Aversion,0.14329532386403046
team_t_minus_1_vs_team_t,Team (t-1) vs. Team (t),0.16902550977489972,1.5281616403681355,2,Neutral,2,Neutral,0.7681598134832724
team_t_minus_1_vs_team_t,Team (t-1) vs. Team (t),0.16902550977489972,1.5281616403681355,2,Neutral,3,Appreciation,0.08854486265269702
team_t_minus_1_vs_team_t,Team (t-1) vs. Team (t),0.1736155520586991,1.5690137822901937,2,Neutral,1,Aversion,0.14578800505887485
team_t_minus_1_vs_team_t,Team (t-1) vs. Team (t),0.1736155520586991,1.5690137822901937,2,Neutral,2,Neutral,0.7629094602701617
team_t_minus_1_vs_team_t,Team (t-1) vs. Team (t),0.1736155520586991,1.5690137822901937,2,Neutral,3,Appreciation,0.09130253467096344
team_t_minus_1_vs_team_t,Team (t-1) vs. Team (t),0.1782055943424985,1.6098659242122517,2,Neutral,1,Aversion,0.1482995582973027
team_t_minus_1_vs_team_t,Team (t-1) vs. Team (t),0.1782055943424985,1.6098659242122517,2,Neutral,2,Neutral,0.757569893190097
team_t_minus_1_vs_team_t,Team (t-1) vs. Team (t),0.1782055943424985,1.6098659242122517,2,Neutral,3,Appreciation,0.09413054851260028
team_t_minus_1_vs_team_t,Team (t-1) vs. Team (t),0.18279563662629786,1.6507180661343097,2,Neutral,1,Aversion,0.15082900455988077
team_t_minus_1_vs_team_t,Team (t-1) vs. Team (t),0.18279563662629786,1.6507180661343097,2,Neutral,2,Neutral,0.7521411616365775
team_t_minus_1_vs_team_t,Team (t-1) vs. Team (t),0.18279563662629786,1.6507180661343097,2,Neutral,3,Appreciation,0.0970298338035418
team_t_minus_1_vs_team_t,Team (t-1) vs. Team (t),-0.18440774607765303,-1.6174532876303385,3,Appreciation,1,Aversion,0.0003432832979676384
team_t_minus_1_vs_team_t,Team (t-1) vs. Team (t),-0.18440774607765303,-1.6174532876303385,3,Appreciation,2,Neutral,0.28112428178586224
team_t_minus_1_vs_team_t,Team (t-1) vs. Team (t),-0.18440774607765303,-1.6174532876303385,3,Appreciation,3,Appreciation,0.7185324349161701
team_t_minus_1_vs_team_t,Team (t-1) vs. Team (t),-0.17981770379385364,-1.5766011457082802,3,Appreciation,1,Aversion,0.00035428655040598076
team_t_minus_1_vs_team_t,Team (t-1) vs. Team (t),-0.17981770379385364,-1.5766011457082802,3,Appreciation,2,Neutral,0.2800600452682443
team_t_minus_1_vs_team_t,Team (t-1) vs. Team (t),-0.17981770379385364,-1.5766011457082802,3,Appreciation,3,Appreciation,0.7195856681813497
team_t_minus_1_vs_team_t,Team (t-1) vs. Team (t),-0.17522766151005426,-1.5357490037862223,3,Appreciation,1,Aversion,0.0003656403233200693
team_t_minus_1_vs_team_t,Team (t-1) vs. Team (t),-0.17522766151005426,-1.5357490037862223,3,Appreciation,2,Neutral,0.27899818440970703
team_t_minus_1_vs_team_t,Team (t-1) vs. Team (t),-0.17522766151005426,-1.5357490037862223,3,Appreciation,3,Appreciation,0.7206361752669729
team_t_minus_1_vs_team_t,Team (t-1) vs. Team (t),-0.17063761922625487,-1.494896861864164,3,Appreciation,1,Aversion,0.00037735571376185854
team_t_minus_1_vs_team_t,Team (t-1) vs. Team (t),-0.17063761922625487,-1.494896861864164,3,Appreciation,2,Neutral,0.27793870326001385
team_t_minus_1_vs_team_t,Team (t-1) vs. Team (t),-0.17063761922625487,-1.494896861864164,3,Appreciation,3,Appreciation,0.7216839410262244
team_t_minus_1_vs_team_t,Team (t-1) vs. Team (t),-0.16604757694245548,-1.4540447199421058,3,Appreciation,1,Aversion,0.0003894441677849952
team_t_minus_1_vs_team_t,Team (t-1) vs. Team (t),-0.16604757694245548,-1.4540447199421058,3,Appreciation,2,Neutral,0.2768816057175702
team_t_minus_1_vs_team_t,Team (t-1) vs. Team (t),-0.16604757694245548,-1.4540447199421058,3,Appreciation,3,Appreciation,0.7227289501146449
team_t_minus_1_vs_team_t,Team (t-1) vs. Team (t),-0.1614575346586561,-1.4131925780200478,3,Appreciation,1,Aversion,0.0004019174913351109
team_t_minus_1_vs_team_t,Team (t-1) vs. Team (t),-0.1614575346586561,-1.4131925780200478,3,Appreciation,2,Neutral,0.2758268955281116
team_t_minus_1_vs_team_t,Team (t-1) vs. Team (t),-0.1614575346586561,-1.4131925780200478,3,Appreciation,3,Appreciation,0.7237711869805533
team_t_minus_1_vs_team_t,Team (t-1) vs. Team (t),-0.1568674923748567,-1.3723404360979896,3,Appreciation,1,Aversion,0.00041478786147626203
team_t_minus_1_vs_team_t,Team (t-1) vs. Team (t),-0.1568674923748567,-1.3723404360979896,3,Appreciation,2,Neutral,0.27477457628336016
team_t_minus_1_vs_team_t,Team (t-1) vs. Team (t),-0.1568674923748567,-1.3723404360979896,3,Appreciation,3,Appreciation,0.7248106358551637
team_t_minus_1_vs_team_t,Team (t-1) vs. Team (t),-0.15227745009105734,-1.3314882941759318,3,Appreciation,1,Aversion,0.0004280678379636937
team_t_minus_1_vs_team_t,Team (t-1) vs. Team (t),-0.15227745009105734,-1.3314882941759318,3,Appreciation,2,Neutral,0.2737246514196494
team_t_minus_1_vs_team_t,Team (t-1) vs. Team (t),-0.15227745009105734,-1.3314882941759318,3,Appreciation,3,Appreciation,0.7258472807423869
team_t_minus_1_vs_team_t,Team (t-1) vs. Team (t),-0.14768740780725795,-1.2906361522538736,3,Appreciation,1,Aversion,0.00044177037517343927
team_t_minus_1_vs_team_t,Team (t-1) vs. Team (t),-0.14768740780725795,-1.2906361522538736,3,Appreciation,2,Neutral,0.27267712421651624
team_t_minus_1_vs_team_t,Team (t-1) vs. Team (t),-0.14768740780725795,-1.2906361522538736,3,Appreciation,3,Appreciation,0.7268811054083104
team_t_minus_1_vs_team_t,Team (t-1) vs. Team (t),-0.14309736552345856,-1.2497840103318156,3,Appreciation,1,Aversion,0.000455908834399526
team_t_minus_1_vs_team_t,Team (t-1) vs. Team (t),-0.14309736552345856,-1.2497840103318156,3,Appreciation,2,Neutral,0.27163199779525804
team_t_minus_1_vs_team_t,Team (t-1) vs. Team (t),-0.14309736552345856,-1.2497840103318156,3,Appreciation,3,Appreciation,0.7279120933703424
team_t_minus_1_vs_team_t,Team (t-1) vs. Team (t),-0.13850732323965917,-1.2089318684097574,3,Appreciation,1,Aversion,0.0004704969965299246
team_t_minus_1_vs_team_t,Team (t-1) vs. Team (t),-0.13850732323965917,-1.2089318684097574,3,Appreciation,2,Neutral,0.2705892751174557
team_t_minus_1_vs_team_t,Team (t-1) vs. Team (t),-0.13850732323965917,-1.2089318684097574,3,Appreciation,3,Appreciation,0.7289402278860144
team_t_minus_1_vs_team_t,Team (t-1) vs. Team (t),-0.13391728095585978,-1.1680797264876992,3,Appreciation,1,Aversion,0.0004855490751126511
team_t_minus_1_vs_team_t,Team (t-1) vs. Team (t),-0.13391728095585978,-1.1680797264876992,3,Appreciation,2,Neutral,0.2695489589834588
team_t_minus_1_vs_team_t,Team (t-1) vs. Team (t),-0.13391728095585978,-1.1680797264876992,3,Appreciation,3,Appreciation,0.7299654919414286
team_t_minus_1_vs_team_t,Team (t-1) vs. Team (t),-0.1293272386720604,-1.1272275845656412,3,Appreciation,1,Aversion,0.0005010797298238116
team_t_minus_1_vs_team_t,Team (t-1) vs. Team (t),-0.1293272386720604,-1.1272275845656412,3,Appreciation,2,Neutral,0.2685110520308356
team_t_minus_1_vs_team_t,Team (t-1) vs. Team (t),-0.1293272386720604,-1.1272275845656412,3,Appreciation,3,Appreciation,0.7309878682393406
team_t_minus_1_vs_team_t,Team (t-1) vs. Team (t),-0.124737196388261,-1.086375442643583,3,Appreciation,1,Aversion,0.0005171040803496798
team_t_minus_1_vs_team_t,Team (t-1) vs. Team (t),-0.124737196388261,-1.086375442643583,3,Appreciation,2,Neutral,0.2674755567327821
team_t_minus_1_vs_team_t,Team (t-1) vs. Team (t),-0.124737196388261,-1.086375442643583,3,Appreciation,3,Appreciation,0.7320073391868682
team_t_minus_1_vs_team_t,Team (t-1) vs. Team (t),-0.12014715410446163,-1.045523300721525,3,Appreciation,1,Aversion,0.0005336377206952708
team_t_minus_1_vs_team_t,Team (t-1) vs. Team (t),-0.12014715410446163,-1.045523300721525,3,Appreciation,2,Neutral,0.26644247539649407
team_t_minus_1_vs_team_t,Team (t-1) vs. Team (t),-0.12014715410446163,-1.045523300721525,3,Appreciation,3,Appreciation,0.7330238868828107
team_t_minus_1_vs_team_t,Team (t-1) vs. Team (t),-0.11555711182066224,-1.0046711587994668,3,Appreciation,1,Aversion,0.0005506967339322354
team_t_minus_1_vs_team_t,Team (t-1) vs. Team (t),-0.11555711182066224,-1.0046711587994668,3,Appreciation,2,Neutral,0.26541181016149556
team_t_minus_1_vs_team_t,Team (t-1) vs. Team (t),-0.11555711182066224,-1.0046711587994668,3,Appreciation,3,Appreciation,0.7340374931045722
team_t_minus_1_vs_team_t,Team (t-1) vs. Team (t),-0.11096706953686285,-0.9638190168774087,3,Appreciation,1,Aversion,0.0005682977073992405
team_t_minus_1_vs_team_t,Team (t-1) vs. Team (t),-0.11096706953686285,-0.9638190168774087,3,Appreciation,2,Neutral,0.26438356299792815
team_t_minus_1_vs_team_t,Team (t-1) vs. Team (t),-0.11096706953686285,-0.9638190168774087,3,Appreciation,3,Appreciation,0.7350481392946726
team_t_minus_1_vs_team_t,Team (t-1) vs. Team (t),-0.10637702725306346,-0.9229668749553505,3,Appreciation,1,Aversion,0.0005864577483684222
team_t_minus_1_vs_team_t,Team (t-1) vs. Team (t),-0.10637702725306346,-0.9229668749553505,3,Appreciation,2,Neutral,0.26335773570479476
team_t_minus_1_vs_team_t,Team (t-1) vs. Team (t),-0.10637702725306346,-0.9229668749553505,3,Appreciation,3,Appreciation,0.7360558065468369
team_t_minus_1_vs_team_t,Team (t-1) vs. Team (t),-0.10178698496926407,-0.8821147330332924,3,Appreciation,1,Aversion,0.0006051945001918434
team_t_minus_1_vs_team_t,Team (t-1) vs. Team (t),-0.10178698496926407,-0.8821147330332924,3,Appreciation,2,Neutral,0.2623343299081607
team_t_minus_1_vs_team_t,Team (t-1) vs. Team (t),-0.10178698496926407,-0.8821147330332924,3,Appreciation,3,Appreciation,0.7370604755916476
team_t_minus_1_vs_team_t,Team (t-1) vs. Team (t),-0.0971969426854647,-0.8412625911112344,3,Appreciation,1,Aversion,0.0006245261589423106
team_t_minus_1_vs_team_t,Team (t-1) vs. Team (t),-0.0971969426854647,-0.8412625911112344,3,Appreciation,2,Neutral,0.2613133470593075
team_t_minus_1_vs_team_t,Team (t-1) vs. Team (t),-0.0971969426854647,-0.8412625911112344,3,Appreciation,3,Appreciation,0.7380621267817502
team_t_minus_1_vs_team_t,Team (t-1) vs. Team (t),-0.0926069004016653,-0.8004104491891763,3,Appreciation,1,Aversion,0.0006444714905633149
team_t_minus_1_vs_team_t,Team (t-1) vs. Team (t),-0.0926069004016653,-0.8004104491891763,3,Appreciation,2,Neutral,0.2602947884328414
team_t_minus_1_vs_team_t,Team (t-1) vs. Team (t),-0.0926069004016653,-0.8004104491891763,3,Appreciation,3,Appreciation,0.7390607400765953
team_t_minus_1_vs_team_t,Team (t-1) vs. Team (t),-0.08801685811786591,-0.7595583072671181,3,Appreciation,1,Aversion,0.0006650498485432487
team_t_minus_1_vs_team_t,Team (t-1) vs. Team (t),-0.08801685811786591,-0.7595583072671181,3,Appreciation,2,Neutral,0.2592786551247518
team_t_minus_1_vs_team_t,Team (t-1) vs. Team (t),-0.08801685811786591,-0.7595583072671181,3,Appreciation,3,Appreciation,0.740056295026705
team_t_minus_1_vs_team_t,Team (t-1) vs. Team (t),-0.08342681583406653,-0.7187061653450599,3,Appreciation,1,Aversion,0.000686281192129531
team_t_minus_1_vs_team_t,Team (t-1) vs. Team (t),-0.08342681583406653,-0.7187061653450599,3,Appreciation,2,Neutral,0.25826494805042155
team_t_minus_1_vs_team_t,Team (t-1) vs. Team (t),-0.08342681583406653,-0.7187061653450599,3,Appreciation,3,Appreciation,0.741048770757449
team_t_minus_1_vs_team_t,Team (t-1) vs. Team (t),-0.07883677355026714,-0.6778540234230018,3,Appreciation,1,Aversion,0.0007081861050986487
team_t_minus_1_vs_team_t,Team (t-1) vs. Team (t),-0.07883677355026714,-0.6778540234230018,3,Appreciation,2,Neutral,0.25725366794258503
team_t_minus_1_vs_team_t,Team (t-1) vs. Team (t),-0.07883677355026714,-0.6778540234230018,3,Appreciation,3,Appreciation,0.7420381459523163
team_t_minus_1_vs_team_t,Team (t-1) vs. Team (t),-0.07424673126646775,-0.6370018815009437,3,Appreciation,1,Aversion,0.0007307858150986381
team_t_minus_1_vs_team_t,Team (t-1) vs. Team (t),-0.07424673126646775,-0.6370018815009437,3,Appreciation,2,Neutral,0.2562448153492348
team_t_minus_1_vs_team_t,Team (t-1) vs. Team (t),-0.07424673126646775,-0.6370018815009437,3,Appreciation,3,Appreciation,0.7430243988356665
team_t_minus_1_vs_team_t,Team (t-1) vs. Team (t),-0.06965668898266837,-0.5961497395788857,3,Appreciation,1,Aversion,0.0007541022135809322
team_t_minus_1_vs_team_t,Team (t-1) vs. Team (t),-0.06965668898266837,-0.5961497395788857,3,Appreciation,2,Neutral,0.2552383906314736
team_t_minus_1_vs_team_t,Team (t-1) vs. Team (t),-0.06965668898266837,-0.5961497395788857,3,Appreciation,3,Appreciation,0.7440075071549456
team_t_minus_1_vs_team_t,Team (t-1) vs. Team (t),-0.06506664669886898,-0.5552975976568276,3,Appreciation,1,Aversion,0.0007781578763390114
team_t_minus_1_vs_team_t,Team (t-1) vs. Team (t),-0.06506664669886898,-0.5552975976568276,3,Appreciation,2,Neutral,0.2542343939613113
team_t_minus_1_vs_team_t,Team (t-1) vs. Team (t),-0.06506664669886898,-0.5552975976568276,3,Appreciation,3,Appreciation,0.7449874481623497
team_t_minus_1_vs_team_t,Team (t-1) vs. Team (t),-0.06047660441506959,-0.5144454557347694,3,Appreciation,1,Aversion,0.00080297608467176
team_t_minus_1_vs_team_t,Team (t-1) vs. Team (t),-0.06047660441506959,-0.5144454557347694,3,Appreciation,2,Neutral,0.2532328253194055
team_t_minus_1_vs_team_t,Team (t-1) vs. Team (t),-0.06047660441506959,-0.5144454557347694,3,Appreciation,3,Appreciation,0.7459641985959228
team_t_minus_1_vs_team_t,Team (t-1) vs. Team (t),-0.05588656213127022,-0.47359331381271147,3,Appreciation,1,Aversion,0.0008285808471899257
team_t_minus_1_vs_team_t,Team (t-1) vs. Team (t),-0.05588656213127022,-0.47359331381271147,3,Appreciation,2,Neutral,0.252233684492743
team_t_minus_1_vs_team_t,Team (t-1) vs. Team (t),-0.05588656213127022,-0.47359331381271147,3,Appreciation,3,Appreciation,0.746937734660067
team_t_minus_1_vs_team_t,Team (t-1) vs. Team (t),-0.05129651984747083,-0.4327411718906533,3,Appreciation,1,Aversion,0.0008549969222846011
team_t_minus_1_vs_team_t,Team (t-1) vs. Team (t),-0.05129651984747083,-0.4327411718906533,3,Appreciation,2,Neutral,0.2512369710722626
team_t_minus_1_vs_team_t,Team (t-1) vs. Team (t),-0.05129651984747083,-0.4327411718906533,3,Appreciation,3,Appreciation,0.7479080320054527
team_t_minus_1_vs_team_t,Team (t-1) vs. Team (t),-0.04670647756367144,-0.3918890299685952,3,Appreciation,1,Aversion,0.0008822498412771259
team_t_minus_1_vs_team_t,Team (t-1) vs. Team (t),-0.04670647756367144,-0.3918890299685952,3,Appreciation,2,Neutral,0.25024268445041487
team_t_minus_1_vs_team_t,Team (t-1) vs. Team (t),-0.04670647756367144,-0.3918890299685952,3,Appreciation,3,Appreciation,0.7488750657083079
team_t_minus_1_vs_team_t,Team (t-1) vs. Team (t),-0.04211643527987205,-0.35103688804653704,3,Appreciation,1,Aversion,0.0009103659322703874
team_t_minus_1_vs_team_t,Team (t-1) vs. Team (t),-0.04211643527987205,-0.35103688804653704,3,Appreciation,2,Neutral,0.24925082381866112
team_t_minus_1_vs_team_t,Team (t-1) vs. Team (t),-0.04211643527987205,-0.35103688804653704,3,Appreciation,3,Appreciation,0.7498388102490685
team_t_minus_1_vs_team_t,Team (t-1) vs. Team (t),-0.03752639299607266,-0.31018474612447894,3,Appreciation,1,Aversion,0.0009393723447220083
team_t_minus_1_vs_team_t,Team (t-1) vs. Team (t),-0.03752639299607266,-0.31018474612447894,3,Appreciation,2,Neutral,0.2482613881649056
team_t_minus_1_vs_team_t,Team (t-1) vs. Team (t),-0.03752639299607266,-0.31018474612447894,3,Appreciation,3,Appreciation,0.7507992394903724
team_t_minus_1_vs_team_t,Team (t-1) vs. Team (t),-0.03293635071227327,-0.26933260420242083,3,Appreciation,1,Aversion,0.0009692970747604378
team_t_minus_1_vs_team_t,Team (t-1) vs. Team (t),-0.03293635071227327,-0.26933260420242083,3,Appreciation,2,Neutral,0.24727437627086327
team_t_minus_1_vs_team_t,Team (t-1) vs. Team (t),-0.03293635071227327,-0.26933260420242083,3,Appreciation,3,Appreciation,0.7517563266543762
team_t_minus_1_vs_team_t,Team (t-1) vs. Team (t),-0.028346308428473882,-0.2284804622803627,3,Appreciation,1,Aversion,0.001000168991265611
team_t_minus_1_vs_team_t,Team (t-1) vs. Team (t),-0.028346308428473882,-0.2284804622803627,3,Appreciation,2,Neutral,0.24628978670935847
team_t_minus_1_vs_team_t,Team (t-1) vs. Team (t),-0.028346308428473882,-0.2284804622803627,3,Appreciation,3,Appreciation,0.7527100442993758
team_t_minus_1_vs_team_t,Team (t-1) vs. Team (t),-0.023756266144674493,-0.18762832035830457,3,Appreciation,1,Aversion,0.0010320178627362979
team_t_minus_1_vs_team_t,Team (t-1) vs. Team (t),-0.023756266144674493,-0.18762832035830457,3,Appreciation,2,Neutral,0.24530761784155491
team_t_minus_1_vs_team_t,Team (t-1) vs. Team (t),-0.023756266144674493,-0.18762832035830457,3,Appreciation,3,Appreciation,0.7536603642957087
team_t_minus_1_vs_team_t,Team (t-1) vs. Team (t),-0.019166223860875103,-0.14677617843624644,3,Appreciation,1,Aversion,0.0010648743849669764
team_t_minus_1_vs_team_t,Team (t-1) vs. Team (t),-0.019166223860875103,-0.14677617843624644,3,Appreciation,2,Neutral,0.24432786781411345
team_t_minus_1_vs_team_t,Team (t-1) vs. Team (t),-0.019166223860875103,-0.14677617843624644,3,Appreciation,3,Appreciation,0.7546072578009195
team_t_minus_1_vs_team_t,Team (t-1) vs. Team (t),-0.014576181577075714,-0.1059240365141883,3,Appreciation,1,Aversion,0.0010987702095575638
team_t_minus_1_vs_team_t,Team (t-1) vs. Team (t),-0.014576181577075714,-0.1059240365141883,3,Appreciation,2,Neutral,0.24335053455627795
team_t_minus_1_vs_team_t,Team (t-1) vs. Team (t),-0.014576181577075714,-0.1059240365141883,3,Appreciation,3,Appreciation,0.7555506952341645
team_t_minus_1_vs_team_t,Team (t-1) vs. Team (t),-0.009986139293276353,-0.06507189459213042,3,Appreciation,1,Aversion,0.0011337379732800088
team_t_minus_1_vs_team_t,Team (t-1) vs. Team (t),-0.009986139293276353,-0.06507189459213042,3,Appreciation,2,Neutral,0.24237561577688502
team_t_minus_1_vs_team_t,Team (t-1) vs. Team (t),-0.009986139293276353,-0.06507189459213042,3,Appreciation,3,Appreciation,0.7564906462498351
team_t_minus_1_vs_team_t,Team (t-1) vs. Team (t),-0.005396097009476963,-0.024219752670072293,3,Appreciation,1,Aversion,0.001169811328326359
team_t_minus_1_vs_team_t,Team (t-1) vs. Team (t),-0.005396097009476963,-0.024219752670072293,3,Appreciation,2,Neutral,0.24140310896129855
team_t_minus_1_vs_team_t,Team (t-1) vs. Team (t),-0.005396097009476963,-0.024219752670072293,3,Appreciation,3,Appreciation,0.757427079710375
team_t_minus_1_vs_team_t,Team (t-1) vs. Team (t),-0.0008060547256775741,0.016632389251985836,3,Appreciation,1,Aversion,0.0012070249734635388
team_t_minus_1_vs_team_t,Team (t-1) vs. Team (t),-0.0008060547256775741,0.016632389251985836,3,Appreciation,2,Neutral,0.24043301136826456
team_t_minus_1_vs_team_t,Team (t-1) vs. Team (t),-0.0008060547256775741,0.016632389251985836,3,Appreciation,3,Appreciation,0.7583599636582719
team_t_minus_1_vs_team_t,Team (t-1) vs. Team (t),0.003783987558121815,0.057484531174043965,3,Appreciation,1,Aversion,0.0012454146861207588
team_t_minus_1_vs_team_t,Team (t-1) vs. Team (t),0.003783987558121815,0.057484531174043965,3,Appreciation,2,Neutral,0.2394653200266865
team_t_minus_1_vs_team_t,Team (t-1) vs. Team (t),0.003783987558121815,0.057484531174043965,3,Appreciation,3,Appreciation,0.7592892652871928
team_t_minus_1_vs_team_t,Team (t-1) vs. Team (t),0.008374029841921204,0.0983366730961021,3,Appreciation,1,Aversion,0.0012850173554360654
team_t_minus_1_vs_team_t,Team (t-1) vs. Team (t),0.008374029841921204,0.0983366730961021,3,Appreciation,2,Neutral,0.23850003173231835
team_t_minus_1_vs_team_t,Team (t-1) vs. Team (t),0.008374029841921204,0.0983366730961021,3,Appreciation,3,Appreciation,0.7602149509122456
team_t_minus_1_vs_team_t,Team (t-1) vs. Team (t),0.012964072125720594,0.13918881501816022,3,Appreciation,1,Aversion,0.0013258710162893186
team_t_minus_1_vs_team_t,Team (t-1) vs. Team (t),0.012964072125720594,0.13918881501816022,3,Appreciation,2,Neutral,0.2375371430443729
team_t_minus_1_vs_team_t,Team (t-1) vs. Team (t),0.012964072125720594,0.13918881501816022,3,Appreciation,3,Appreciation,0.7611369859393378
team_t_minus_1_vs_team_t,Team (t-1) vs. Team (t),0.017554114409519983,0.18004095694021835,3,Appreciation,1,Aversion,0.0013680148843494503
team_t_minus_1_vs_team_t,Team (t-1) vs. Team (t),0.017554114409519983,0.18004095694021835,3,Appreciation,2,Neutral,0.23657665028204533
team_t_minus_1_vs_team_t,Team (t-1) vs. Team (t),0.017554114409519983,0.18004095694021835,3,Appreciation,3,Appreciation,0.7620553348336052
team_t_minus_1_vs_team_t,Team (t-1) vs. Team (t),0.022144156693319372,0.22089309886227645,3,Appreciation,1,Aversion,0.0014114893921646358
team_t_minus_1_vs_team_t,Team (t-1) vs. Team (t),0.022144156693319372,0.22089309886227645,3,Appreciation,2,Neutral,0.23561854952094768
team_t_minus_1_vs_team_t,Team (t-1) vs. Team (t),0.022144156693319372,0.22089309886227645,3,Appreciation,3,Appreciation,0.7629699610868876
team_t_minus_1_vs_team_t,Team (t-1) vs. Team (t),0.02673419897711876,0.2617452407843346,3,Appreciation,1,Aversion,0.0014563362263246902
team_t_minus_1_vs_team_t,Team (t-1) vs. Team (t),0.02673419897711876,0.2617452407843346,3,Appreciation,2,Neutral,0.2346628365894541
team_t_minus_1_vs_team_t,Team (t-1) vs. Team (t),0.02673419897711876,0.2617452407843346,3,Appreciation,3,Appreciation,0.7638808271842212
team_t_minus_1_vs_team_t,Team (t-1) vs. Team (t),0.03132424126091815,0.30259738270639275,3,Appreciation,1,Aversion,0.0015025983657256745
team_t_minus_1_vs_team_t,Team (t-1) vs. Team (t),0.03132424126091815,0.30259738270639275,3,Appreciation,2,Neutral,0.2337095070649536
team_t_minus_1_vs_team_t,Team (t-1) vs. Team (t),0.03132424126091815,0.30259738270639275,3,Appreciation,3,Appreciation,0.7647878945693207
team_t_minus_1_vs_team_t,Team (t-1) vs. Team (t),0.03591428354471754,0.3434495246284509,3,Appreciation,1,Aversion,0.001550320120967508
team_t_minus_1_vs_team_t,Team (t-1) vs. Team (t),0.03591428354471754,0.3434495246284509,3,Appreciation,2,Neutral,0.23275855627000977
team_t_minus_1_vs_team_t,Team (t-1) vs. Team (t),0.03591428354471754,0.3434495246284509,3,Appreciation,3,Appreciation,0.7656911236090227
team_t_minus_1_vs_team_t,Team (t-1) vs. Team (t),0.0405043258285169,0.3843016665505088,3,Appreciation,1,Aversion,0.0015995471749160272
team_t_minus_1_vs_team_t,Team (t-1) vs. Team (t),0.0405043258285169,0.3843016665505088,3,Appreciation,2,Neutral,0.23180997926842367
team_t_minus_1_vs_team_t,Team (t-1) vs. Team (t),0.0405043258285169,0.3843016665505088,3,Appreciation,3,Appreciation,0.7665904735566603
team_t_minus_1_vs_team_t,Team (t-1) vs. Team (t),0.04509436811231629,0.4251538084725669,3,Appreciation,1,Aversion,0.0016503266244617383
team_t_minus_1_vs_team_t,Team (t-1) vs. Team (t),0.04509436811231629,0.4251538084725669,3,Appreciation,2,Neutral,0.23086377086119927
team_t_minus_1_vs_team_t,Team (t-1) vs. Team (t),0.04509436811231629,0.4251538084725669,3,Appreciation,3,Appreciation,0.7674859025143389
team_t_minus_1_vs_team_t,Team (t-1) vs. Team (t),0.04968441039611568,0.466005950394625,3,Appreciation,1,Aversion,0.0017027070235082335
team_t_minus_1_vs_team_t,Team (t-1) vs. Team (t),0.04968441039611568,0.466005950394625,3,Appreciation,2,Neutral,0.22991992558240867
team_t_minus_1_vs_team_t,Team (t-1) vs. Team (t),0.04968441039611568,0.466005950394625,3,Appreciation,3,Appreciation,0.7683773673940831
team_t_minus_1_vs_team_t,Team (t-1) vs. Team (t),0.05427445267991507,0.5068580923166831,3,Appreciation,1,Aversion,0.00175673842722401
team_t_minus_1_vs_team_t,Team (t-1) vs. Team (t),0.05427445267991507,0.5068580923166831,3,Appreciation,2,Neutral,0.22897843769495516
team_t_minus_1_vs_team_t,Team (t-1) vs. Team (t),0.05427445267991507,0.5068580923166831,3,Appreciation,3,Appreciation,0.7692648238778208
team_t_minus_1_vs_team_t,Team (t-1) vs. Team (t),0.05886449496371446,0.5477102342387413,3,Appreciation,1,Aversion,0.0018124724375922097
team_t_minus_1_vs_team_t,Team (t-1) vs. Team (t),0.05886449496371446,0.5477102342387413,3,Appreciation,2,Neutral,0.22803930118623209
team_t_minus_1_vs_team_t,Team (t-1) vs. Team (t),0.05886449496371446,0.5477102342387413,3,Appreciation,3,Appreciation,0.7701482263761757
team_t_minus_1_vs_team_t,Team (t-1) vs. Team (t),0.06345453724751385,0.5885623761607994,3,Appreciation,1,Aversion,0.0018699622502935315
team_t_minus_1_vs_team_t,Team (t-1) vs. Team (t),0.06345453724751385,0.5885623761607994,3,Appreciation,2,Neutral,0.22710250976367566
team_t_minus_1_vs_team_t,Team (t-1) vs. Team (t),0.06345453724751385,0.5885623761607994,3,Appreciation,3,Appreciation,0.7710275279860308
team_t_minus_1_vs_team_t,Team (t-1) vs. Team (t),0.06804457953131321,0.6294145180828573,3,Appreciation,1,Aversion,0.0019292627029584418
team_t_minus_1_vs_team_t,Team (t-1) vs. Team (t),0.06804457953131321,0.6294145180828573,3,Appreciation,2,Neutral,0.22616805685020885
team_t_minus_1_vs_team_t,Team (t-1) vs. Team (t),0.06804457953131321,0.6294145180828573,3,Appreciation,3,Appreciation,0.7719026804468327
team_t_minus_1_vs_team_t,Team (t-1) vs. Team (t),0.0726346218151126,0.6702666600049154,3,Appreciation,1,Aversion,0.001990430324825438
team_t_minus_1_vs_team_t,Team (t-1) vs. Team (t),0.0726346218151126,0.6702666600049154,3,Appreciation,2,Neutral,0.22523593557957494
team_t_minus_1_vs_team_t,Team (t-1) vs. Team (t),0.0726346218151126,0.6702666600049154,3,Appreciation,3,Appreciation,0.7727736340955996
team_t_minus_1_vs_team_t,Team (t-1) vs. Team (t),0.07722466409891199,0.7111188019269735,3,Appreciation,1,Aversion,0.00205352338784311
team_t_minus_1_vs_team_t,Team (t-1) vs. Team (t),0.07722466409891199,0.7111188019269735,3,Appreciation,2,Neutral,0.22430613879155897
team_t_minus_1_vs_team_t,Team (t-1) vs. Team (t),0.07722466409891199,0.7111188019269735,3,Appreciation,3,Appreciation,0.7736403378205979
team_t_minus_1_vs_team_t,Team (t-1) vs. Team (t),0.08181470638271138,0.7519709438490317,3,Appreciation,1,Aversion,0.002118601959254355
team_t_minus_1_vs_team_t,Team (t-1) vs. Team (t),0.08181470638271138,0.7519709438490317,3,Appreciation,2,Neutral,0.223378659027093
team_t_minus_1_vs_team_t,Team (t-1) vs. Team (t),0.08181470638271138,0.7519709438490317,3,Appreciation,3,Appreciation,0.7745027390136526
team_t_minus_1_vs_team_t,Team (t-1) vs. Team (t),0.08640474866651077,0.7928230857710898,3,Appreciation,1,Aversion,0.0021857279557019964
team_t_minus_1_vs_team_t,Team (t-1) vs. Team (t),0.08640474866651077,0.7928230857710898,3,Appreciation,2,Neutral,0.2224534885232463
team_t_minus_1_vs_team_t,Team (t-1) vs. Team (t),0.08640474866651077,0.7928230857710898,3,Appreciation,3,Appreciation,0.7753607835210516
team_t_minus_1_vs_team_t,Team (t-1) vs. Team (t),0.09099479095031016,0.833675227693148,3,Appreciation,1,Aversion,0.0022549651988958645
team_t_minus_1_vs_team_t,Team (t-1) vs. Team (t),0.09099479095031016,0.833675227693148,3,Appreciation,2,Neutral,0.221530619208095
team_t_minus_1_vs_team_t,Team (t-1) vs. Team (t),0.09099479095031016,0.833675227693148,3,Appreciation,3,Appreciation,0.7762144155930091
team_t_minus_1_vs_team_t,Team (t-1) vs. Team (t),0.09558483323410955,0.874527369615206,3,Appreciation,1,Aversion,0.002326379472882076
team_t_minus_1_vs_team_t,Team (t-1) vs. Team (t),0.09558483323410955,0.874527369615206,3,Appreciation,2,Neutral,0.22061004269547121
team_t_minus_1_vs_team_t,Team (t-1) vs. Team (t),0.09558483323410955,0.874527369615206,3,Appreciation,3,Appreciation,0.7770635778316467
team_t_minus_1_vs_team_t,Team (t-1) vs. Team (t),0.10017487551790893,0.9153795115372642,3,Appreciation,1,Aversion,0.0024000385829562186
team_t_minus_1_vs_team_t,Team (t-1) vs. Team (t),0.10017487551790893,0.9153795115372642,3,Appreciation,2,Neutral,0.21969175027958882
team_t_minus_1_vs_team_t,Team (t-1) vs. Team (t),0.10017487551790893,0.9153795115372642,3,Appreciation,3,Appreciation,0.777908211137455
team_t_minus_1_vs_team_t,Team (t-1) vs. Team (t),0.10476491780170832,0.9562316534593224,3,Appreciation,1,Aversion,0.00247601241626276
team_t_minus_1_vs_team_t,Team (t-1) vs. Team (t),0.10476491780170832,0.9562316534593224,3,Appreciation,2,Neutral,0.21877573292954425
team_t_minus_1_vs_team_t,Team (t-1) vs. Team (t),0.10476491780170832,0.9562316534593224,3,Appreciation,3,Appreciation,0.778748254654193
team_t_minus_1_vs_team_t,Team (t-1) vs. Team (t),0.10935496008550771,0.9970837953813805,3,Appreciation,1,Aversion,0.002554373004123893
team_t_minus_1_vs_team_t,Team (t-1) vs. Team (t),0.10935496008550771,0.9970837953813805,3,Appreciation,2,Neutral,0.2178619812836893
team_t_minus_1_vs_team_t,Team (t-1) vs. Team (t),0.10935496008550771,0.9970837953813805,3,Appreciation,3,Appreciation,0.7795836457121867
team_t_minus_1_vs_team_t,Team (t-1) vs. Team (t),0.1139450023693071,1.0379359373034387,3,Appreciation,1,Aversion,0.0026351945861417705
team_t_minus_1_vs_team_t,Team (t-1) vs. Team (t),0.1139450023693071,1.0379359373034387,3,Appreciation,2,Neutral,0.2169504856438748
team_t_minus_1_vs_team_t,Team (t-1) vs. Team (t),0.1139450023693071,1.0379359373034387,3,Appreciation,3,Appreciation,0.7804143197699833
team_t_minus_1_vs_team_t,Team (t-1) vs. Team (t),0.11853504465310649,1.0787880792254967,3,Appreciation,1,Aversion,0.002718553676118813
team_t_minus_1_vs_team_t,Team (t-1) vs. Team (t),0.11853504465310649,1.0787880792254967,3,Appreciation,2,Neutral,0.21604123596956293
team_t_minus_1_vs_team_t,Team (t-1) vs. Team (t),0.11853504465310649,1.0787880792254967,3,Appreciation,3,Appreciation,0.7812402103543182
team_t_minus_1_vs_team_t,Team (t-1) vs. Team (t),0.12312508693690588,1.1196402211475547,3,Appreciation,1,Aversion,0.0028045291298416236
team_t_minus_1_vs_team_t,Team (t-1) vs. Team (t),0.12312508693690588,1.1196402211475547,3,Appreciation,2,Neutral,0.21513422187180592
team_t_minus_1_vs_team_t,Team (t-1) vs. Team (t),0.12312508693690588,1.1196402211475547,3,Appreciation,3,Appreciation,0.7820612489983525
team_t_minus_1_vs_team_t,Team (t-1) vs. Team (t),0.12771512922070527,1.160492363069613,3,Appreciation,1,Aversion,0.002893202214774597
team_t_minus_1_vs_team_t,Team (t-1) vs. Team (t),0.12771512922070527,1.160492363069613,3,Appreciation,2,Neutral,0.21422943260708938
team_t_minus_1_vs_team_t,Team (t-1) vs. Team (t),0.12771512922070527,1.160492363069613,3,Appreciation,3,Appreciation,0.7828773651781361
team_t_minus_1_vs_team_t,Team (t-1) vs. Team (t),0.13230517150450466,1.201344504991671,3,Appreciation,1,Aversion,0.002984656681710274
team_t_minus_1_vs_team_t,Team (t-1) vs. Team (t),0.13230517150450466,1.201344504991671,3,Appreciation,2,Neutral,0.21332685707103824
team_t_minus_1_vs_team_t,Team (t-1) vs. Team (t),0.13230517150450466,1.201344504991671,3,Appreciation,3,Appreciation,0.7836884862472516
team_t_minus_1_vs_team_t,Team (t-1) vs. Team (t),0.13689521378830405,1.242196646913729,3,Appreciation,1,Aversion,0.0030789788384239488
team_t_minus_1_vs_team_t,Team (t-1) vs. Team (t),0.13689521378830405,1.242196646913729,3,Appreciation,2,Neutral,0.21242648379198412
team_t_minus_1_vs_team_t,Team (t-1) vs. Team (t),0.13689521378830405,1.242196646913729,3,Appreciation,3,Appreciation,0.784494537369592
team_t_minus_1_vs_team_t,Team (t-1) vs. Team (t),0.14148525607210344,1.2830487888357873,3,Appreciation,1,Aversion,0.003176257625380868
team_t_minus_1_vs_team_t,Team (t-1) vs. Team (t),0.14148525607210344,1.2830487888357873,3,Appreciation,2,Neutral,0.21152830092439096
team_t_minus_1_vs_team_t,Team (t-1) vs. Team (t),0.14148525607210344,1.2830487888357873,3,Appreciation,3,Appreciation,0.7852954414502281
team_t_minus_1_vs_team_t,Team (t-1) vs. Team (t),0.14607529835590283,1.3239009307578453,3,Appreciation,1,Aversion,0.00327658469354497
team_t_minus_1_vs_team_t,Team (t-1) vs. Team (t),0.14607529835590283,1.3239009307578453,3,Appreciation,2,Neutral,0.2106322962421385
team_t_minus_1_vs_team_t,Team (t-1) vs. Team (t),0.14607529835590283,1.3239009307578453,3,Appreciation,3,Appreciation,0.7860911190643165
team_t_minus_1_vs_team_t,Team (t-1) vs. Team (t),0.15066534063970222,1.3647530726799035,3,Appreciation,1,Aversion,0.0033800544843386716
team_t_minus_1_vs_team_t,Team (t-1) vs. Team (t),0.15066534063970222,1.3647530726799035,3,Appreciation,2,Neutral,0.20973845713166112
team_t_minus_1_vs_team_t,Team (t-1) vs. Team (t),0.15066534063970222,1.3647530726799035,3,Appreciation,3,Appreciation,0.7868814883840002
team_t_minus_1_vs_team_t,Team (t-1) vs. Team (t),0.1552553829235016,1.4056052146019615,3,Appreciation,1,Aversion,0.003486764311803871
team_t_minus_1_vs_team_t,Team (t-1) vs. Team (t),0.1552553829235016,1.4056052146019615,3,Appreciation,2,Neutral,0.20884677058494108
team_t_minus_1_vs_team_t,Team (t-1) vs. Team (t),0.1552553829235016,1.4056052146019615,3,Appreciation,3,Appreciation,0.7876664651032551
team_t_minus_1_vs_team_t,Team (t-1) vs. Team (t),0.15984542520730094,1.4464573565240193,3,Appreciation,1,Aversion,0.0035968144470148278
team_t_minus_1_vs_team_t,Team (t-1) vs. Team (t),0.15984542520730094,1.4464573565240193,3,Appreciation,2,Neutral,0.2079572231923543
team_t_minus_1_vs_team_t,Team (t-1) vs. Team (t),0.15984542520730094,1.4464573565240193,3,Appreciation,3,Appreciation,0.7884459623606309
team_t_minus_1_vs_team_t,Team (t-1) vs. Team (t),0.16443546749110033,1.4873094984460773,3,Appreciation,1,Aversion,0.003710308204794102
team_t_minus_1_vs_team_t,Team (t-1) vs. Team (t),0.16443546749110033,1.4873094984460773,3,Appreciation,2,Neutral,0.20706980113536677
team_t_minus_1_vs_team_t,Team (t-1) vs. Team (t),0.16443546749110033,1.4873094984460773,3,Appreciation,3,Appreciation,0.7892198906598391
team_t_minus_1_vs_team_t,Team (t-1) vs. Team (t),0.16902550977489972,1.5281616403681355,3,Appreciation,1,Aversion,0.0038273520327831646
team_t_minus_1_vs_team_t,Team (t-1) vs. Team (t),0.16902550977489972,1.5281616403681355,3,Appreciation,2,Neutral,0.20618449017908194
team_t_minus_1_vs_team_t,Team (t-1) vs. Team (t),0.16902550977489972,1.5281616403681355,3,Appreciation,3,Appreciation,0.7899881577881349
team_t_minus_1_vs_team_t,Team (t-1) vs. Team (t),0.1736155520586991,1.5690137822901937,3,Appreciation,1,Aversion,0.003948055602919721
team_t_minus_1_vs_team_t,Team (t-1) vs. Team (t),0.1736155520586991,1.5690137822901937,3,Appreciation,2,Neutral,0.2053012756646358
team_t_minus_1_vs_team_t,Team (t-1) vs. Team (t),0.1736155520586991,1.5690137822901937,3,Appreciation,3,Appreciation,0.7907506687324445
team_t_minus_1_vs_team_t,Team (t-1) vs. Team (t),0.1782055943424985,1.6098659242122517,3,Appreciation,1,Aversion,0.004072531905374105
team_t_minus_1_vs_team_t,Team (t-1) vs. Team (t),0.1782055943424985,1.6098659242122517,3,Appreciation,2,Neutral,0.20442014250144014
team_t_minus_1_vs_team_t,Team (t-1) vs. Team (t),0.1782055943424985,1.6098659242122517,3,Appreciation,3,Appreciation,0.7915073255931857
team_t_minus_1_vs_team_t,Team (t-1) vs. Team (t),0.18279563662629786,1.6507180661343097,3,Appreciation,1,Aversion,0.004200897344997357
team_t_minus_1_vs_team_t,Team (t-1) vs. Team (t),0.18279563662629786,1.6507180661343097,3,Appreciation,2,Neutral,0.2035410751592727
team_t_minus_1_vs_team_t,Team (t-1) vs. Team (t),0.18279563662629786,1.6507180661343097,3,Appreciation,3,Appreciation,0.7922580274957299
team_vs_peer_average,Team vs. Peer Average,-0.17115977501406113,-1.480627107481498,1,Aversion,1,Aversion,0.9714697431719539
team_vs_peer_average,Team vs. Peer Average,-0.17115977501406113,-1.480627107481498,1,Aversion,2,Neutral,0.02852671544385589
team_vs_peer_average,Team vs. Peer Average,-0.17115977501406113,-1.480627107481498,1,Aversion,3,Appreciation,3.541384190288531e-06
team_vs_peer_average,Team vs. Peer Average,-0.16651562756043328,-1.440452652879547,1,Aversion,1,Aversion,0.9681117014686526
team_vs_peer_average,Team vs. Peer Average,-0.16651562756043328,-1.440452652879547,1,Aversion,2,Neutral,0.031883927995473876
team_vs_peer_average,Team vs. Peer Average,-0.16651562756043328,-1.440452652879547,1,Aversion,3,Appreciation,4.370535873404404e-06
team_vs_peer_average,Team vs. Peer Average,-0.16187148010680544,-1.4002781982775958,1,Aversion,1,Aversion,0.9643728633639562
team_vs_peer_average,Team vs. Peer Average,-0.16187148010680544,-1.4002781982775958,1,Aversion,2,Neutral,0.03562174501132652
team_vs_peer_average,Team vs. Peer Average,-0.16187148010680544,-1.4002781982775958,1,Aversion,3,Appreciation,5.391624717298576e-06
team_vs_peer_average,Team vs. Peer Average,-0.15722733265317762,-1.360103743675645,1,Aversion,1,Aversion,0.9602136129445064
team_vs_peer_average,Team vs. Peer Average,-0.15722733265317762,-1.360103743675645,1,Aversion,2,Neutral,0.03977973879561349
team_vs_peer_average,Team vs. Peer Average,-0.15722733265317762,-1.360103743675645,1,Aversion,3,Appreciation,6.648259880170524e-06
team_vs_peer_average,Team vs. Peer Average,-0.15258318519954978,-1.3199292890736938,1,Aversion,1,Aversion,0.9555910858660777
team_vs_peer_average,Team vs. Peer Average,-0.15258318519954978,-1.3199292890736938,1,Aversion,2,Neutral,0.04440072047892828
team_vs_peer_average,Team vs. Peer Average,-0.15258318519954978,-1.3199292890736938,1,Aversion,3,Appreciation,8.193654993950173e-06
team_vs_peer_average,Team vs. Peer Average,-0.14793903774592193,-1.2797548344717429,1,Aversion,1,Aversion,0.950459120317563
team_vs_peer_average,Team vs. Peer Average,-0.14793903774592193,-1.2797548344717429,1,Aversion,2,Neutral,0.04953078704945313
team_vs_peer_average,Team vs. Peer Average,-0.14793903774592193,-1.2797548344717429,1,Aversion,3,Appreciation,1.0092632983904127e-05
team_vs_peer_average,Team vs. Peer Average,-0.14329489029229409,-1.2395803798697917,1,Aversion,1,Aversion,0.9447682699049298
team_vs_peer_average,Team vs. Peer Average,-0.14329489029229409,-1.2395803798697917,1,Aversion,2,Neutral,0.05521930608508556
team_vs_peer_average,Team vs. Peer Average,-0.14329489029229409,-1.2395803798697917,1,Aversion,3,Appreciation,1.2424009984705896e-05
team_vs_peer_average,Team vs. Peer Average,-0.13865074283866624,-1.1994059252678406,1,Aversion,1,Aversion,0.9384658961346644
team_vs_peer_average,Team vs. Peer Average,-0.13865074283866624,-1.1994059252678406,1,Aversion,2,Neutral,0.061518820449058084
team_vs_peer_average,Team vs. Peer Average,-0.13865074283866624,-1.1994059252678406,1,Aversion,3,Appreciation,1.5283416277751946e-05
team_vs_peer_average,Team vs. Peer Average,-0.13400659538503842,-1.1592314706658897,1,Aversion,1,Aversion,0.931496360629117
team_vs_peer_average,Team vs. Peer Average,-0.13400659538503842,-1.1592314706658897,1,Aversion,2,Neutral,0.06848485275463065
team_vs_peer_average,Team vs. Peer Average,-0.13400659538503842,-1.1592314706658897,1,Aversion,3,Appreciation,1.8786616252376683e-05
team_vs_peer_average,Team vs. Peer Average,-0.12936244793141058,-1.1190570160639388,1,Aversion,1,Aversion,0.9238013394210486
team_vs_peer_average,Team vs. Peer Average,-0.12936244793141058,-1.1190570160639388,1,Aversion,2,Neutral,0.07617558718697674
team_vs_peer_average,Team vs. Peer Average,-0.12936244793141058,-1.1190570160639388,1,Aversion,3,Appreciation,2.3073391974688954e-05
team_vs_peer_average,Team vs. Peer Average,-0.12471830047778273,-1.0788825614619877,1,Aversion,1,Aversion,0.9153202833787806
team_vs_peer_average,Team vs. Peer Average,-0.12471830047778273,-1.0788825614619877,1,Aversion,2,Neutral,0.08465140456595537
team_vs_peer_average,Team vs. Peer Average,-0.12471830047778273,-1.0788825614619877,1,Aversion,3,Appreciation,2.8312055264158622e-05
team_vs_peer_average,Team vs. Peer Average,-0.1200741530241549,-1.0387081068600366,1,Aversion,1,Aversion,0.9059910496502735
team_vs_peer_average,Team vs. Peer Average,-0.1200741530241549,-1.0387081068600366,1,Aversion,2,Neutral,0.09397424569940967
team_vs_peer_average,Team vs. Peer Average,-0.1200741530241549,-1.0387081068600366,1,Aversion,3,Appreciation,3.4704650316964496e-05
team_vs_peer_average,Team vs. Peer Average,-0.11543000557052706,-0.9985336522580855,1,Aversion,1,Aversion,0.8957507285416003
team_vs_peer_average,Team vs. Peer Average,-0.11543000557052706,-0.9985336522580855,1,Aversion,2,Neutral,0.10420677855654856
team_vs_peer_average,Team vs. Peer Average,-0.11543000557052706,-0.9985336522580855,1,Aversion,3,Appreciation,4.249290185110046e-05
team_vs_peer_average,Team vs. Peer Average,-0.11078585811689923,-0.9583591976561346,1,Aversion,1,Aversion,0.8845366879426371
team_vs_peer_average,Team vs. Peer Average,-0.11078585811689923,-0.9583591976561346,1,Aversion,2,Neutral,0.1154113471059513
team_vs_peer_average,Team vs. Peer Average,-0.11078585811689923,-0.9583591976561346,1,Aversion,3,Appreciation,5.196495141170992e-05
team_vs_peer_average,Team vs. Peer Average,-0.10614171066327138,-0.9181847430541835,1,Aversion,1,Aversion,0.8722878527084198
team_vs_peer_average,Team vs. Peer Average,-0.10614171066327138,-0.9181847430541835,1,Aversion,2,Neutral,0.12764868438571278
team_vs_peer_average,Team vs. Peer Average,-0.10614171066327138,-0.9181847430541835,1,Aversion,3,Appreciation,6.34629058674713e-05
team_vs_peer_average,Team vs. Peer Average,-0.10149756320964355,-0.8780102884522326,1,Aversion,1,Aversion,0.8589462287231526
team_vs_peer_average,Team vs. Peer Average,-0.10149756320964355,-0.8780102884522326,1,Aversion,2,Neutral,0.1409763800803538
team_vs_peer_average,Team vs. Peer Average,-0.10149756320964355,-0.8780102884522326,1,Aversion,3,Appreciation,7.739119649359896e-05
team_vs_peer_average,Team vs. Peer Average,-0.0968534157560157,-0.8378358338502815,1,Aversion,1,Aversion,0.8444586702131438
team_vs_peer_average,Team vs. Peer Average,-0.0968534157560157,-0.8378358338502815,1,Aversion,2,Neutral,0.15544710407276624
team_vs_peer_average,Team vs. Peer Average,-0.0968534157560157,-0.8378358338502815,1,Aversion,3,Appreciation,9.422571408989941e-05
team_vs_peer_average,Team vs. Peer Average,-0.09220926830238786,-0.7976613792483304,1,Aversion,1,Aversion,0.8287788739137983
team_vs_peer_average,Team vs. Peer Average,-0.09220926830238786,-0.7976613792483304,1,Aversion,2,Neutral,0.17110660244040946
team_vs_peer_average,Team vs. Peer Average,-0.09220926830238786,-0.7976613792483304,1,Aversion,3,Appreciation,0.00011452364579218031
team_vs_peer_average,Team vs. Peer Average,-0.08756512084876003,-0.7574869246463795,1,Aversion,1,Aversion,0.8118695649295596
team_vs_peer_average,Team vs. Peer Average,-0.08756512084876003,-0.7574869246463795,1,Aversion,2,Neutral,0.1879915011763096
team_vs_peer_average,Team vs. Peer Average,-0.08756512084876003,-0.7574869246463795,1,Aversion,3,Appreciation,0.00013893389413076288
team_vs_peer_average,Team vs. Peer Average,-0.08292097339513219,-0.7173124700444283,1,Aversion,1,Aversion,0.7937048170192423
team_vs_peer_average,Team vs. Peer Average,-0.08292097339513219,-0.7173124700444283,1,Aversion,2,Neutral,0.20612697506941371
team_vs_peer_average,Team vs. Peer Average,-0.08292097339513219,-0.7173124700444283,1,Aversion,3,Appreciation,0.00016820791134379058
team_vs_peer_average,Team vs. Peer Average,-0.07827682594150435,-0.6771380154424774,1,Aversion,1,Aversion,0.7742724256742175
team_vs_peer_average,Team vs. Peer Average,-0.07827682594150435,-0.6771380154424774,1,Aversion,2,Neutral,0.22552436358940983
team_vs_peer_average,Team vs. Peer Average,-0.07827682594150435,-0.6771380154424774,1,Aversion,3,Appreciation,0.00020321073637270237
team_vs_peer_average,Team vs. Peer Average,-0.07363267848787651,-0.6369635608405263,1,Aversion,1,Aversion,0.753576227539408
team_vs_peer_average,Team vs. Peer Average,-0.07363267848787651,-0.6369635608405263,1,Aversion,2,Neutral,0.24617884047629593
team_vs_peer_average,Team vs. Peer Average,-0.07363267848787651,-0.6369635608405263,1,Aversion,3,Appreciation,0.00024493198429613607
team_vs_peer_average,Team vs. Peer Average,-0.06898853103424868,-0.5967891062385753,1,Aversion,1,Aversion,0.7316382370095469
team_vs_peer_average,Team vs. Peer Average,-0.06898853103424868,-0.5967891062385753,1,Aversion,2,Neutral,0.26806726647506396
team_vs_peer_average,Team vs. Peer Average,-0.06898853103424868,-0.5967891062385753,1,Aversion,3,Appreciation,0.0002944965153891666
team_vs_peer_average,Team vs. Peer Average,-0.06434438358062083,-0.5566146516366243,1,Aversion,1,Aversion,0.7085004534033013
team_vs_peer_average,Team vs. Peer Average,-0.06434438358062083,-0.5566146516366243,1,Aversion,2,Neutral,0.2911463720853896
team_vs_peer_average,Team vs. Peer Average,-0.06434438358062083,-0.5566146516366243,1,Aversion,3,Appreciation,0.00035317451130912345
team_vs_peer_average,Team vs. Peer Average,-0.05970023612699299,-0.5164401970346731,1,Aversion,1,Aversion,0.6842261835142894
team_vs_peer_average,Team vs. Peer Average,-0.05970023612699299,-0.5164401970346731,1,Aversion,2,Neutral,0.3153514257692937
team_vs_peer_average,Team vs. Peer Average,-0.05970023612699299,-0.5164401970346731,1,Aversion,3,Appreciation,0.00042239071641674036
team_vs_peer_average,Team vs. Peer Average,-0.05505608867336516,-0.4762657424327222,1,Aversion,1,Aversion,0.6589007279800241
team_vs_peer_average,Team vs. Peer Average,-0.05505608867336516,-0.4762657424327222,1,Aversion,2,Neutral,0.3405955393515977
team_vs_peer_average,Team vs. Peer Average,-0.05505608867336516,-0.4762657424327222,1,Aversion,3,Appreciation,0.000503732668378224
team_vs_peer_average,Team vs. Peer Average,-0.05041194121973731,-0.4360912878307711,1,Aversion,1,Aversion,0.6326312984730303
team_vs_peer_average,Team vs. Peer Average,-0.05041194121973731,-0.4360912878307711,1,Aversion,2,Neutral,0.36676974368100235
team_vs_peer_average,Team vs. Peer Average,-0.05041194121973731,-0.4360912878307711,1,Aversion,3,Appreciation,0.0005989578459672135
team_vs_peer_average,Team vs. Peer Average,-0.04576779376610948,-0.39591683322882015,1,Aversion,1,Aversion,0.6055460674437875
team_vs_peer_average,Team vs. Peer Average,-0.04576779376610948,-0.39591683322882015,1,Aversion,2,Neutral,0.3937439327556383
team_vs_peer_average,Team vs. Peer Average,-0.04576779376610948,-0.39591683322882015,1,Aversion,3,Appreciation,0.0007099998005743131
team_vs_peer_average,Team vs. Peer Average,-0.04112364631248164,-0.3557423786268691,1,Aversion,1,Aversion,0.5777923022235463
team_vs_peer_average,Team vs. Peer Average,-0.04112364631248164,-0.3557423786268691,1,Aversion,2,Neutral,0.4213687242736204
team_vs_peer_average,Team vs. Peer Average,-0.04112364631248164,-0.3557423786268691,1,Aversion,3,Appreciation,0.0008389735028333309
team_vs_peer_average,Team vs. Peer Average,-0.03647949885885379,-0.315567924024918,1,Aversion,1,Aversion,0.5495335975010733
team_vs_peer_average,Team vs. Peer Average,-0.03647949885885379,-0.315567924024918,1,Aversion,2,Neutral,0.4494782221860436
team_vs_peer_average,Team vs. Peer Average,-0.03647949885885379,-0.315567924024918,1,Aversion,3,Appreciation,0.000988180312883021
team_vs_peer_average,Team vs. Peer Average,-0.031835351405225976,-0.27539346942296716,1,Aversion,1,Aversion,0.520946288923078
team_vs_peer_average,Team vs. Peer Average,-0.031835351405225976,-0.27539346942296716,1,Aversion,2,Neutral,0.4778935979232662
team_vs_peer_average,Team vs. Peer Average,-0.031835351405225976,-0.27539346942296716,1,Aversion,3,Appreciation,0.0011601131536556973
team_vs_peer_average,Team vs. Peer Average,-0.02719120395159813,-0.23521901482101604,1,Aversion,1,Aversion,0.4922151984107498
team_vs_peer_average,Team vs. Peer Average,-0.02719120395159813,-0.23521901482101604,1,Aversion,2,Neutral,0.5064273389783817
team_vs_peer_average,Team vs. Peer Average,-0.02719120395159813,-0.23521901482101604,1,Aversion,3,Appreciation,0.0013574626108686016
team_vs_peer_average,Team vs. Peer Average,-0.022547056497970286,-0.19504456021906494,1,Aversion,1,Aversion,0.463528920513211
team_vs_peer_average,Team vs. Peer Average,-0.022547056497970286,-0.19504456021906494,1,Aversion,2,Neutral,0.5348879547046853
team_vs_peer_average,Team vs. Peer Average,-0.022547056497970286,-0.19504456021906494,1,Aversion,3,Appreciation,0.0015831247821036826
team_vs_peer_average,Team vs. Peer Average,-0.01790290904434244,-0.15487010561711387,1,Aversion,1,Aversion,0.43507490105588736
team_vs_peer_average,Team vs. Peer Average,-0.01790290904434244,-0.15487010561711387,1,Aversion,2,Neutral,0.5630848872077755
team_vs_peer_average,Team vs. Peer Average,-0.01790290904434244,-0.15487010561711387,1,Aversion,3,Appreciation,0.001840211736337192
team_vs_peer_average,Team vs. Peer Average,-0.013258761590714596,-0.1146956510151628,1,Aversion,1,Aversion,0.40703457873669746
team_vs_peer_average,Team vs. Peer Average,-0.013258761590714596,-0.1146956510151628,1,Aversion,2,Neutral,0.590833355845263
team_vs_peer_average,Team vs. Peer Average,-0.013258761590714596,-0.1146956510151628,1,Aversion,3,Appreciation,0.0021320654180396292
team_vs_peer_average,Team vs. Peer Average,-0.008614614137086779,-0.07452119641321195,1,Aversion,1,Aversion,0.37957885444642364
team_vs_peer_average,Team vs. Peer Average,-0.008614614137086779,-0.07452119641321195,1,Aversion,2,Neutral,0.617958869814374
team_vs_peer_average,Team vs. Peer Average,-0.008614614137086779,-0.07452119641321195,1,Aversion,3,Appreciation,0.002462275739202201
team_vs_peer_average,Team vs. Peer Average,-0.003970466683458934,-0.034346741811260864,1,Aversion,1,Aversion,0.3528641227705314
team_vs_peer_average,Team vs. Peer Average,-0.003970466683458934,-0.034346741811260864,1,Aversion,2,Neutral,0.644301173769538
team_vs_peer_average,Team vs. Peer Average,-0.003970466683458934,-0.034346741811260864,1,Aversion,3,Appreciation,0.0028347034599306817
team_vs_peer_average,Team vs. Peer Average,0.0006736807701689107,0.005827712790690225,1,Aversion,1,Aversion,0.32702904959145485
team_vs_peer_average,Team vs. Peer Average,0.0006736807701689107,0.005827712790690225,1,Aversion,2,Neutral,0.6697174421265835
team_vs_peer_average,Team vs. Peer Average,0.0006736807701689107,0.005827712790690225,1,Aversion,3,Appreciation,0.0032535082819617686
team_vs_peer_average,Team vs. Peer Average,0.005317828223796756,0.046002167392641305,1,Aversion,1,Aversion,0.30219221575067423
team_vs_peer_average,Team vs. Peer Average,0.005317828223796756,0.046002167392641305,1,Aversion,2,Neutral,0.6940846018579057
team_vs_peer_average,Team vs. Peer Average,0.005317828223796756,0.046002167392641305,1,Aversion,3,Appreciation,0.003723182391420041
team_vs_peer_average,Team vs. Peer Average,0.009961975677424573,0.08617662199459215,1,Aversion,1,Aversion,0.2784506774542148
team_vs_peer_average,Team vs. Peer Average,0.009961975677424573,0.08617662199459215,1,Aversion,2,Neutral,0.7173007330370467
team_vs_peer_average,Team vs. Peer Average,0.009961975677424573,0.08617662199459215,1,Aversion,3,Appreciation,0.004248589508738556
team_vs_peer_average,Team vs. Peer Average,0.014606123131052418,0.12635107659654324,1,Aversion,1,Aversion,0.25587942752311044
team_vs_peer_average,Team vs. Peer Average,0.014606123131052418,0.12635107659654324,1,Aversion,2,Neutral,0.7392855631244958
team_vs_peer_average,Team vs. Peer Average,0.014606123131052418,0.12635107659654324,1,Aversion,3,Appreciation,0.004835009352393813
team_vs_peer_average,Team vs. Peer Average,0.019250270584680262,0.16652553119849434,1,Aversion,1,Aversion,0.23453168438907124
team_vs_peer_average,Team vs. Peer Average,0.019250270584680262,0.16652553119849434,1,Aversion,2,Neutral,0.7599801283008142
team_vs_peer_average,Team vs. Peer Average,0.019250270584680262,0.16652553119849434,1,Aversion,3,Appreciation,0.005488187310114616
team_vs_peer_average,Team vs. Peer Average,0.023894418038308107,0.2066999858004454,1,Aversion,1,Aversion,0.21443989246094217
team_vs_peer_average,Team vs. Peer Average,0.023894418038308107,0.2066999858004454,1,Aversion,2,Neutral,0.7793457184986932
team_vs_peer_average,Team vs. Peer Average,0.023894418038308107,0.2066999858004454,1,Aversion,3,Appreciation,0.006214389040364642
team_vs_peer_average,Team vs. Peer Average,0.028538565491935952,0.2468744404023965,1,Aversion,1,Aversion,0.19561729023263355
team_vs_peer_average,Team vs. Peer Average,0.028538565491935952,0.2468744404023965,1,Aversion,2,Neutral,0.7973622500722547
team_vs_peer_average,Team vs. Peer Average,0.028538565491935952,0.2468744404023965,1,Aversion,3,Appreciation,0.007020459695111719
team_vs_peer_average,Team vs. Peer Average,0.03318271294556377,0.2870488950043473,1,Aversion,1,Aversion,0.17805989106968156
team_vs_peer_average,Team vs. Peer Average,0.03318271294556377,0.2870488950043473,1,Aversion,2,Neutral,0.8140262214766616
team_vs_peer_average,Team vs. Peer Average,0.03318271294556377,0.2870488950043473,1,Aversion,3,Appreciation,0.007913887453656876
team_vs_peer_average,Team vs. Peer Average,0.037826860399191614,0.3272233496062984,1,Aversion,1,Aversion,0.16174872401259296
team_vs_peer_average,Team vs. Peer Average,0.037826860399191614,0.3272233496062984,1,Aversion,2,Neutral,0.8293484049128297
team_vs_peer_average,Team vs. Peer Average,0.037826860399191614,0.3272233496062984,1,Aversion,3,Appreciation,0.008902871074577361
team_vs_peer_average,Team vs. Peer Average,0.04247100785281946,0.36739780420824947,1,Aversion,1,Aversion,0.1466521950661865
team_vs_peer_average,Team vs. Peer Average,0.04247100785281946,0.36739780420824947,1,Aversion,2,Neutral,0.8433514137386817
team_vs_peer_average,Team vs. Peer Average,0.04247100785281946,0.36739780420824947,1,Aversion,3,Appreciation,0.009996391195131805
team_vs_peer_average,Team vs. Peer Average,0.047115155306447304,0.4075722588102006,1,Aversion,1,Aversion,0.13272844975874268
team_vs_peer_average,Team vs. Peer Average,0.047115155306447304,0.4075722588102006,1,Aversion,2,Neutral,0.8560672651198029
team_vs_peer_average,Team vs. Peer Average,0.047115155306447304,0.4075722588102006,1,Aversion,3,Appreciation,0.011204285121454414
team_vs_peer_average,Team vs. Peer Average,0.05175930276007515,0.44774671341215166,1,Aversion,1,Aversion,0.11992764182573924
team_vs_peer_average,Team vs. Peer Average,0.05175930276007515,0.44774671341215166,1,Aversion,2,Neutral,0.8675350333277443
team_vs_peer_average,Team vs. Peer Average,0.05175930276007515,0.44774671341215166,1,Aversion,3,Appreciation,0.012537324846516408
team_vs_peer_average,Team vs. Peer Average,0.056403450213702966,0.4879211680141025,1,Aversion,1,Aversion,0.10819403777826872
team_vs_peer_average,Team vs. Peer Average,0.056403450213702966,0.4879211680141025,1,Aversion,2,Neutral,0.8777986642257186
team_vs_peer_average,Team vs. Peer Average,0.056403450213702966,0.4879211680141025,1,Aversion,3,Appreciation,0.014007297996012755
team_vs_peer_average,Team vs. Peer Average,0.06104759766733081,0.5280956226160536,1,Aversion,1,Aversion,0.0974679106404825
team_vs_peer_average,Team vs. Peer Average,0.06104759766733081,0.5280956226160536,1,Aversion,2,Neutral,0.8869049980326835
team_vs_peer_average,Team vs. Peer Average,0.06104759766733081,0.5280956226160536,1,Aversion,3,Appreciation,0.015627091326833837
team_vs_peer_average,Team vs. Peer Average,0.06569174512095866,0.5682700772180047,1,Aversion,1,Aversion,0.08768719681888794
team_vs_peer_average,Team vs. Peer Average,0.06569174512095866,0.5682700772180047,1,Aversion,2,Neutral,0.8949020268990293
team_vs_peer_average,Team vs. Peer Average,0.06569174512095866,0.5682700772180047,1,Aversion,3,Appreciation,0.01741077628208269
team_vs_peer_average,Team vs. Peer Average,0.0703358925745865,0.6084445318199557,1,Aversion,1,Aversion,0.07878890711756047
team_vs_peer_average,Team vs. Peer Average,0.0703358925745865,0.6084445318199557,1,Aversion,2,Neutral,0.9018373969470045
team_vs_peer_average,Team vs. Peer Average,0.0703358925745865,0.6084445318199557,1,Aversion,3,Appreciation,0.019373695935435226
team_vs_peer_average,Team vs. Peer Average,0.07498004002821432,0.6486189864219066,1,Aversion,1,Aversion,0.07071029610804658
team_vs_peer_average,Team vs. Peer Average,0.07498004002821432,0.6486189864219066,1,Aversion,2,Neutral,0.9077571514603695
team_vs_peer_average,Team vs. Peer Average,0.07498004002821432,0.6486189864219066,1,Aversion,3,Appreciation,0.021532552431583953
team_vs_peer_average,Team vs. Peer Average,0.07962418748184216,0.6887934410238576,1,Aversion,1,Aversion,0.06338980357017189
team_vs_peer_average,Team vs. Peer Average,0.07962418748184216,0.6887934410238576,1,Aversion,2,Neutral,0.9127047026851968
team_vs_peer_average,Team vs. Peer Average,0.07962418748184216,0.6887934410238576,1,Aversion,3,Appreciation,0.02390549374463133
team_vs_peer_average,Team vs. Peer Average,0.08426833493547001,0.7289678956258088,1,Aversion,1,Aversion,0.056767787960742194
team_vs_peer_average,Team vs. Peer Average,0.08426833493547001,0.7289678956258088,1,Aversion,2,Neutral,0.9167200138102168
team_vs_peer_average,Team vs. Peer Average,0.08426833493547001,0.7289678956258088,1,Aversion,3,Appreciation,0.026512198229040992
team_vs_peer_average,Team vs. Peer Average,0.08891248238909785,0.7691423502277599,1,Aversion,1,Aversion,0.05078707538943679
team_vs_peer_average,Team vs. Peer Average,0.08891248238909785,0.7691423502277599,1,Aversion,2,Neutral,0.9198389695855784
team_vs_peer_average,Team vs. Peer Average,0.08891248238909785,0.7691423502277599,1,Aversion,3,Appreciation,0.02937395502498484
team_vs_peer_average,Team vs. Peer Average,0.0935566298427257,0.8093168048297109,1,Aversion,1,Aversion,0.04539334896739524
team_vs_peer_average,Team vs. Peer Average,0.0935566298427257,0.8093168048297109,1,Aversion,2,Neutral,0.9220929131333256
team_vs_peer_average,Team vs. Peer Average,0.0935566298427257,0.8093168048297109,1,Aversion,3,Appreciation,0.03251373789927926
team_vs_peer_average,Team vs. Peer Average,0.09820077729635354,0.849491259431662,1,Aversion,1,Aversion,0.04053540319735034
team_vs_peer_average,Team vs. Peer Average,0.09820077729635354,0.849491259431662,1,Aversion,2,Neutral,0.9235083272490566
team_vs_peer_average,Team vs. Peer Average,0.09820077729635354,0.849491259431662,1,Aversion,3,Appreciation,0.03595626955359283
team_vs_peer_average,Team vs. Peer Average,0.10284492474998139,0.889665714033613,1,Aversion,1,Aversion,0.03616528678164378
team_vs_peer_average,Team vs. Peer Average,0.10284492474998139,0.889665714033613,1,Aversion,2,Neutral,0.9241066404038673
team_vs_peer_average,Team vs. Peer Average,0.10284492474998139,0.889665714033613,1,Aversion,3,Appreciation,0.03972807281448898
team_vs_peer_average,Team vs. Peer Average,0.10748907220360918,0.9298401686355637,1,Aversion,1,Aversion,0.03223835523973031
team_vs_peer_average,Team vs. Peer Average,0.10748907220360918,0.9298401686355637,1,Aversion,2,Neutral,0.92390414032044
team_vs_peer_average,Team vs. Peer Average,0.10748907220360918,0.9298401686355637,1,Aversion,3,Appreciation,0.04385750443982983
team_vs_peer_average,Team vs. Peer Average,0.11213321965723702,0.9700146232375148,1,Aversion,1,Aversion,0.028713252367258905
team_vs_peer_average,Team vs. Peer Average,0.11213321965723702,0.9700146232375148,1,Aversion,2,Neutral,0.9229119810900418
team_vs_peer_average,Team vs. Peer Average,0.11213321965723702,0.9700146232375148,1,Aversion,3,Appreciation,0.04837476654269923
team_vs_peer_average,Team vs. Peer Average,0.11677736711086487,1.0101890778394658,1,Aversion,1,Aversion,0.0255518370716919
team_vs_peer_average,Team vs. Peer Average,0.11677736711086487,1.0101890778394658,1,Aversion,2,Neutral,0.9211362730647518
team_vs_peer_average,Team vs. Peer Average,0.11677736711086487,1.0101890778394658,1,Aversion,3,Appreciation,0.053311889863556346
team_vs_peer_average,Team vs. Peer Average,0.12142151456449271,1.050363532441417,1,Aversion,1,Aversion,0.02271906965236499
team_vs_peer_average,Team vs. Peer Average,0.12142151456449271,1.050363532441417,1,Aversion,2,Neutral,0.9185782480088911
team_vs_peer_average,Team vs. Peer Average,0.12142151456449271,1.050363532441417,1,Aversion,3,Appreciation,0.058702682338743775
team_vs_peer_average,Team vs. Peer Average,0.12606566201812056,1.090537987043368,1,Aversion,1,Aversion,0.020182869266649025
team_vs_peer_average,Team vs. Peer Average,0.12606566201812056,1.090537987043368,1,Aversion,2,Neutral,0.9152344950787914
team_vs_peer_average,Team vs. Peer Average,0.12606566201812056,1.090537987043368,1,Aversion,3,Appreciation,0.06458263565455963
team_vs_peer_average,Team vs. Peer Average,0.1307098094717484,1.1307124416453191,1,Aversion,1,Aversion,0.017913952204726993
team_vs_peer_average,Team vs. Peer Average,0.1307098094717484,1.1307124416453191,1,Aversion,2,Neutral,0.9110972660054651
team_vs_peer_average,Team vs. Peer Average,0.1307098094717484,1.1307124416453191,1,Aversion,3,Appreciation,0.07098878178980775
team_vs_peer_average,Team vs. Peer Average,0.13535395692537625,1.1708868962472703,1,Aversion,1,Aversion,0.015885658716562265
team_vs_peer_average,Team vs. Peer Average,0.13535395692537625,1.1708868962472703,1,Aversion,2,Neutral,0.9061548502832324
team_vs_peer_average,Team vs. Peer Average,0.13535395692537625,1.1708868962472703,1,Aversion,3,Appreciation,0.07795949100020541
team_vs_peer_average,Team vs. Peer Average,0.1399981043790041,1.2110613508492214,1,Aversion,1,Aversion,0.014073774505388813
team_vs_peer_average,Team vs. Peer Average,0.1399981043790041,1.2110613508492214,1,Aversion,2,Neutral,0.9003920231284536
team_vs_peer_average,Team vs. Peer Average,0.1399981043790041,1.2110613508492214,1,Aversion,3,Appreciation,0.08553420236615757
team_vs_peer_average,Team vs. Peer Average,0.14464225183263194,1.2512358054511723,1,Aversion,1,Aversion,0.012456351616083125
team_vs_peer_average,Team vs. Peer Average,0.14464225183263194,1.2512358054511723,1,Aversion,2,Neutral,0.8937905703744423
team_vs_peer_average,Team vs. Peer Average,0.14464225183263194,1.2512358054511723,1,Aversion,3,Appreciation,0.09375307800947463
team_vs_peer_average,Team vs. Peer Average,0.14928639928625972,1.291410260053123,1,Aversion,1,Aversion,0.011013532287702216
team_vs_peer_average,Team vs. Peer Average,0.14928639928625972,1.291410260053123,1,Aversion,2,Neutral,0.886329895212972
team_vs_peer_average,Team vs. Peer Average,0.14928639928625972,1.291410260053123,1,Aversion,3,Appreciation,0.10265657249932597
team_vs_peer_average,Team vs. Peer Average,0.15393054673988757,1.331584714655074,1,Aversion,1,Aversion,0.009727378385369688
team_vs_peer_average,Team vs. Peer Average,0.15393054673988757,1.331584714655074,1,Aversion,2,Neutral,0.8779877116736164
team_vs_peer_average,Team vs. Peer Average,0.15393054673988757,1.331584714655074,1,Aversion,3,Appreciation,0.11228490994101377
team_vs_peer_average,Team vs. Peer Average,0.15857469419351541,1.3717591692570252,1,Aversion,1,Aversion,0.008581708253236956
team_vs_peer_average,Team vs. Peer Average,0.15857469419351541,1.3717591692570252,1,Aversion,2,Neutral,0.8687408288388293
team_vs_peer_average,Team vs. Peer Average,0.15857469419351541,1.3717591692570252,1,Aversion,3,Appreciation,0.12267746290793365
team_vs_peer_average,Team vs. Peer Average,0.16321884164714326,1.4119336238589761,1,Aversion,1,Aversion,0.0075619422128333095
team_vs_peer_average,Team vs. Peer Average,0.16321884164714326,1.4119336238589761,1,Aversion,2,Neutral,0.8585660279180084
team_vs_peer_average,Team vs. Peer Average,0.16321884164714326,1.4119336238589761,1,Aversion,3,Appreciation,0.13387202986915844
team_vs_peer_average,Team vs. Peer Average,0.1678629891007711,1.4521080784609273,1,Aversion,1,Aversion,0.006654957446219607
team_vs_peer_average,Team vs. Peer Average,0.1678629891007711,1.4521080784609273,1,Aversion,2,Neutral,0.847441031357192
team_vs_peer_average,Team vs. Peer Average,0.1678629891007711,1.4521080784609273,1,Aversion,3,Appreciation,0.14590401119658847
team_vs_peer_average,Team vs. Peer Average,0.17250713655439895,1.4922825330628784,1,Aversion,1,Aversion,0.005848952629307465
team_vs_peer_average,Team vs. Peer Average,0.17250713655439895,1.4922825330628784,1,Aversion,2,Neutral,0.8353455590868593
team_vs_peer_average,Team vs. Peer Average,0.17250713655439895,1.4922825330628784,1,Aversion,3,Appreciation,0.15880548828383337
team_vs_peer_average,Team vs. Peer Average,0.1771512840080268,1.5324569876648295,1,Aversion,1,Aversion,0.005133322398075404
team_vs_peer_average,Team vs. Peer Average,0.1771512840080268,1.5324569876648295,1,Aversion,2,Neutral,0.8222624618111051
team_vs_peer_average,Team vs. Peer Average,0.1771512840080268,1.5324569876648295,1,Aversion,3,Appreciation,0.17260421579081955
team_vs_peer_average,Team vs. Peer Average,0.18179543146165464,1.5726314422667806,1,Aversion,1,Aversion,0.004498541522133219
team_vs_peer_average,Team vs. Peer Average,0.18179543146165464,1.5726314422667806,1,Aversion,2,Neutral,0.8081789150042351
team_vs_peer_average,Team vs. Peer Average,0.18179543146165464,1.5726314422667806,1,Aversion,3,Appreciation,0.1873225434736317
team_vs_peer_average,Team vs. Peer Average,0.18643957891528248,1.6128058968687315,1,Aversion,1,Aversion,0.003936058511369773
team_vs_peer_average,Team vs. Peer Average,0.18643957891528248,1.6128058968687315,1,Aversion,2,Neutral,0.793087650203798
team_vs_peer_average,Team vs. Peer Average,0.18643957891528248,1.6128058968687315,1,Aversion,3,Appreciation,0.20297629128483224
team_vs_peer_average,Team vs. Peer Average,0.19108372636891027,1.6529803514706822,1,Aversion,1,Aversion,0.0034381982796078668
team_vs_peer_average,Team vs. Peer Average,0.19108372636891027,1.6529803514706822,1,Aversion,2,Neutral,0.7769881926049308
team_vs_peer_average,Team vs. Peer Average,0.19108372636891027,1.6529803514706822,1,Aversion,3,Appreciation,0.21957360911546123
team_vs_peer_average,Team vs. Peer Average,0.19572787382253812,1.6931548060726334,1,Aversion,1,Aversion,0.0029980734235392627
team_vs_peer_average,Team vs. Peer Average,0.19572787382253812,1.6931548060726334,1,Aversion,2,Neutral,0.7598880663508564
team_vs_peer_average,Team vs. Peer Average,0.19572787382253812,1.6931548060726334,1,Aversion,3,Appreciation,0.23711386022560443
team_vs_peer_average,Team vs. Peer Average,0.20037202127616596,1.7333292606745845,1,Aversion,1,Aversion,0.002609503636689711
team_vs_peer_average,Team vs. Peer Average,0.20037202127616596,1.7333292606745845,1,Aversion,2,Neutral,0.7418039219069618
team_vs_peer_average,Team vs. Peer Average,0.20037202127616596,1.7333292606745845,1,Aversion,3,Appreciation,0.25558657445634847
team_vs_peer_average,Team vs. Peer Average,-0.17115977501406113,-1.480627107481498,2,Neutral,1,Aversion,0.9643735267680996
team_vs_peer_average,Team vs. Peer Average,-0.17115977501406113,-1.480627107481498,2,Neutral,2,Neutral,0.03533062631824147
team_vs_peer_average,Team vs. Peer Average,-0.17115977501406113,-1.480627107481498,2,Neutral,3,Appreciation,0.0002958469136589161
team_vs_peer_average,Team vs. Peer Average,-0.16651562756043328,-1.440452652879547,2,Neutral,1,Aversion,0.958447733349191
team_vs_peer_average,Team vs. Peer Average,-0.16651562756043328,-1.440452652879547,2,Neutral,2,Neutral,0.041195712986898766
team_vs_peer_average,Team vs. Peer Average,-0.16651562756043328,-1.440452652879547,2,Neutral,3,Appreciation,0.0003565536639102172
team_vs_peer_average,Team vs. Peer Average,-0.16187148010680544,-1.4002781982775958,2,Neutral,1,Aversion,0.9515853494062781
team_vs_peer_average,Team vs. Peer Average,-0.16187148010680544,-1.4002781982775958,2,Neutral,2,Neutral,0.04798537230718417
team_vs_peer_average,Team vs. Peer Average,-0.16187148010680544,-1.4002781982775958,2,Neutral,3,Appreciation,0.0004292782865377442
team_vs_peer_average,Team vs. Peer Average,-0.15722733265317762,-1.360103743675645,2,Neutral,1,Aversion,0.9436557518620903
team_vs_peer_average,Team vs. Peer Average,-0.15722733265317762,-1.360103743675645,2,Neutral,2,Neutral,0.05582802261588072
team_vs_peer_average,Team vs. Peer Average,-0.15722733265317762,-1.360103743675645,2,Neutral,3,Appreciation,0.0005162255220289773
team_vs_peer_average,Team vs. Peer Average,-0.15258318519954978,-1.3199292890736938,2,Neutral,1,Aversion,0.9345161706463991
team_vs_peer_average,Team vs. Peer Average,-0.15258318519954978,-1.3199292890736938,2,Neutral,2,Neutral,0.06486389256772807
team_vs_peer_average,Team vs. Peer Average,-0.15258318519954978,-1.3199292890736938,2,Neutral,3,Appreciation,0.0006199367858729257
team_vs_peer_average,Team vs. Peer Average,-0.14793903774592193,-1.2797548344717429,2,Neutral,1,Aversion,0.9240127199864682
team_vs_peer_average,Team vs. Peer Average,-0.14793903774592193,-1.2797548344717429,2,Neutral,2,Neutral,0.07524396442237896
team_vs_peer_average,Team vs. Peer Average,-0.14793903774592193,-1.2797548344717429,2,Neutral,3,Appreciation,0.0007433155911528695
team_vs_peer_average,Team vs. Peer Average,-0.14329489029229409,-1.2395803798697917,2,Neutral,1,Aversion,0.9119823660162238
team_vs_peer_average,Team vs. Peer Average,-0.14329489029229409,-1.2395803798697917,2,Neutral,2,Neutral,0.08712798960427814
team_vs_peer_average,Team vs. Peer Average,-0.14329489029229409,-1.2395803798697917,2,Neutral,3,Appreciation,0.0008896443794979506
team_vs_peer_average,Team vs. Peer Average,-0.13865074283866624,-1.1994059252678406,2,Neutral,1,Aversion,0.8982560805344175
team_vs_peer_average,Team vs. Peer Average,-0.13865074283866624,-1.1994059252678406,2,Neutral,2,Neutral,0.10068133155606102
team_vs_peer_average,Team vs. Peer Average,-0.13865074283866624,-1.1994059252678406,2,Neutral,3,Appreciation,0.0010625879095214742
team_vs_peer_average,Team vs. Peer Average,-0.13400659538503842,-1.1592314706658897,2,Neutral,1,Aversion,0.8826634305872101
team_vs_peer_average,Team vs. Peer Average,-0.13400659538503842,-1.1592314706658897,2,Neutral,2,Neutral,0.11607039205217624
team_vs_peer_average,Team vs. Peer Average,-0.13400659538503842,-1.1592314706658897,2,Neutral,3,Appreciation,0.00126617736061366
team_vs_peer_average,Team vs. Peer Average,-0.12936244793141058,-1.1190570160639388,2,Neutral,1,Aversion,0.8650388186583691
team_vs_peer_average,Team vs. Peer Average,-0.12936244793141058,-1.1190570160639388,2,Neutral,2,Neutral,0.1334564127666403
team_vs_peer_average,Team vs. Peer Average,-0.12936244793141058,-1.1190570160639388,2,Neutral,3,Appreciation,0.0015047685749905516
team_vs_peer_average,Team vs. Peer Average,-0.12471830047778273,-1.0788825614619877,2,Neutral,1,Aversion,0.8452295031115246
team_vs_peer_average,Team vs. Peer Average,-0.12471830047778273,-1.0788825614619877,2,Neutral,2,Neutral,0.15298752921200715
team_vs_peer_average,Team vs. Peer Average,-0.12471830047778273,-1.0788825614619877,2,Neutral,3,Appreciation,0.001782967676468335
team_vs_peer_average,Team vs. Peer Average,-0.1200741530241549,-1.0387081068600366,2,Neutral,1,Aversion,0.8231053784098464
team_vs_peer_average,Team vs. Peer Average,-0.1200741530241549,-1.0387081068600366,2,Neutral,2,Neutral,0.17478910354714933
team_vs_peer_average,Team vs. Peer Average,-0.1200741530241549,-1.0387081068600366,2,Neutral,3,Appreciation,0.0021055180430042644
team_vs_peer_average,Team vs. Peer Average,-0.11543000557052706,-0.9985336522580855,2,Neutral,1,Aversion,0.7985702704146771
team_vs_peer_average,Team vs. Peer Average,-0.11543000557052706,-0.9985336522580855,2,Neutral,2,Neutral,0.19895258491036966
team_vs_peer_average,Team vs. Peer Average,-0.11543000557052706,-0.9985336522580855,2,Neutral,3,Appreciation,0.0024771446749530467
team_vs_peer_average,Team vs. Peer Average,-0.11078585811689923,-0.9583591976561346,2,Neutral,1,Aversion,0.7715742070880933
team_vs_peer_average,Team vs. Peer Average,-0.11078585811689923,-0.9583591976561346,2,Neutral,2,Neutral,0.22552343718304474
team_vs_peer_average,Team vs. Peer Average,-0.11078585811689923,-0.9583591976561346,2,Neutral,3,Appreciation,0.002902355728861785
team_vs_peer_average,Team vs. Peer Average,-0.10614171066327138,-0.9181847430541835,2,Neutral,1,Aversion,0.742125782814859
team_vs_peer_average,Team vs. Peer Average,-0.10614171066327138,-0.9181847430541835,2,Neutral,2,Neutral,0.25448901068871926
team_vs_peer_average,Team vs. Peer Average,-0.10614171066327138,-0.9181847430541835,2,Neutral,3,Appreciation,0.003385206496421796
team_vs_peer_average,Team vs. Peer Average,-0.10149756320964355,-0.8780102884522326,2,Neutral,1,Aversion,0.7103033952951037
team_vs_peer_average,Team vs. Peer Average,-0.10149756320964355,-0.8780102884522326,2,Neutral,2,Neutral,0.28576756658740593
team_vs_peer_average,Team vs. Peer Average,-0.10149756320964355,-0.8780102884522326,2,Neutral,3,Appreciation,0.003929038117490468
team_vs_peer_average,Team vs. Peer Average,-0.0968534157560157,-0.8378358338502815,2,Neutral,1,Aversion,0.6762638741713889
team_vs_peer_average,Team vs. Peer Average,-0.0968534157560157,-0.8378358338502815,2,Neutral,2,Neutral,0.3191999148477502
team_vs_peer_average,Team vs. Peer Average,-0.0968534157560157,-0.8378358338502815,2,Neutral,3,Appreciation,0.0045362109808609365
team_vs_peer_average,Team vs. Peer Average,-0.09220926830238786,-0.7976613792483304,2,Neutral,1,Aversion,0.6402469335530556
team_vs_peer_average,Team vs. Peer Average,-0.09220926830238786,-0.7976613792483304,2,Neutral,2,Neutral,0.3545452068117383
team_vs_peer_average,Team vs. Peer Average,-0.09220926830238786,-0.7976613792483304,2,Neutral,3,Appreciation,0.005207859635206069
team_vs_peer_average,Team vs. Peer Average,-0.08756512084876003,-0.7574869246463795,2,Neutral,1,Aversion,0.6025740537074921
team_vs_peer_average,Team vs. Peer Average,-0.08756512084876003,-0.7574869246463795,2,Neutral,2,Neutral,0.39148224607745874
team_vs_peer_average,Team vs. Peer Average,-0.08756512084876003,-0.7574869246463795,2,Neutral,3,Appreciation,0.005943700215049186
team_vs_peer_average,Team vs. Peer Average,-0.08292097339513219,-0.7173124700444283,2,Neutral,1,Aversion,0.5636408791145816
team_vs_peer_average,Team vs. Peer Average,-0.08292097339513219,-0.7173124700444283,2,Neutral,2,Neutral,0.4296171998943138
team_vs_peer_average,Team vs. Peer Average,-0.08292097339513219,-0.7173124700444283,2,Neutral,3,Appreciation,0.00674192099110472
team_vs_peer_average,Team vs. Peer Average,-0.07827682594150435,-0.6771380154424774,2,Neutral,1,Aversion,0.5239029882781243
team_vs_peer_average,Team vs. Peer Average,-0.07827682594150435,-0.6771380154424774,2,Neutral,2,Neutral,0.4684978312853923
team_vs_peer_average,Team vs. Peer Average,-0.07827682594150435,-0.6771380154424774,2,Neutral,3,Appreciation,0.007599180436483409
team_vs_peer_average,Team vs. Peer Average,-0.07363267848787651,-0.6369635608405263,2,Neutral,1,Aversion,0.4838558340996687
team_vs_peer_average,Team vs. Peer Average,-0.07363267848787651,-0.6369635608405263,2,Neutral,2,Neutral,0.5076334406832812
team_vs_peer_average,Team vs. Peer Average,-0.07363267848787651,-0.6369635608405263,2,Neutral,3,Appreciation,0.008510725217050158
team_vs_peer_average,Team vs. Peer Average,-0.06898853103424868,-0.5967891062385753,2,Neutral,1,Aversion,0.44401058524180687
team_vs_peer_average,Team vs. Peer Average,-0.06898853103424868,-0.5967891062385753,2,Neutral,2,Neutral,0.5465187902802583
team_vs_peer_average,Team vs. Peer Average,-0.06898853103424868,-0.5967891062385753,2,Neutral,3,Appreciation,0.009470624477934772
team_vs_peer_average,Team vs. Peer Average,-0.06434438358062083,-0.5566146516366243,2,Neutral,1,Aversion,0.40486830217479813
team_vs_peer_average,Team vs. Peer Average,-0.06434438358062083,-0.5566146516366243,2,Neutral,2,Neutral,0.5846595979598607
team_vs_peer_average,Team vs. Peer Average,-0.06434438358062083,-0.5566146516366243,2,Neutral,3,Appreciation,0.01047209986534109
team_vs_peer_average,Team vs. Peer Average,-0.05970023612699299,-0.5164401970346731,2,Neutral,1,Aversion,0.3668951779255987
team_vs_peer_average,Team vs. Peer Average,-0.05970023612699299,-0.5164401970346731,2,Neutral,2,Neutral,0.6215969054038322
team_vs_peer_average,Team vs. Peer Average,-0.05970023612699299,-0.5164401970346731,2,Neutral,3,Appreciation,0.011507916670569085
team_vs_peer_average,Team vs. Peer Average,-0.05505608867336516,-0.4762657424327222,2,Neutral,1,Aversion,0.33050138439359344
team_vs_peer_average,Team vs. Peer Average,-0.05505608867336516,-0.4762657424327222,2,Neutral,2,Neutral,0.6569278220728276
team_vs_peer_average,Team vs. Peer Average,-0.05505608867336516,-0.4762657424327222,2,Neutral,3,Appreciation,0.012570793533578869
team_vs_peer_average,Team vs. Peer Average,-0.05041194121973731,-0.4360912878307711,2,Neutral,1,Aversion,0.29602544064261177
team_vs_peer_average,Team vs. Peer Average,-0.05041194121973731,-0.4360912878307711,2,Neutral,2,Neutral,0.690320771443002
team_vs_peer_average,Team vs. Peer Average,-0.05041194121973731,-0.4360912878307711,2,Neutral,3,Appreciation,0.01365378791438618
team_vs_peer_average,Team vs. Peer Average,-0.04576779376610948,-0.39591683322882015,2,Neutral,1,Aversion,0.2637251203585804
team_vs_peer_average,Team vs. Peer Average,-0.04576779376610948,-0.39591683322882015,2,Neutral,2,Neutral,0.7215242580633119
team_vs_peer_average,Team vs. Peer Average,-0.04576779376610948,-0.39591683322882015,2,Neutral,3,Appreciation,0.014750621578107637
team_vs_peer_average,Team vs. Peer Average,-0.04112364631248164,-0.3557423786268691,2,Neutral,1,Aversion,0.23377495593139086
team_vs_peer_average,Team vs. Peer Average,-0.04112364631248164,-0.3557423786268691,2,Neutral,2,Neutral,0.7503691216576514
team_vs_peer_average,Team vs. Peer Average,-0.04112364631248164,-0.3557423786268691,2,Neutral,3,Appreciation,0.01585592241095768
team_vs_peer_average,Team vs. Peer Average,-0.03647949885885379,-0.315567924024918,2,Neutral,1,Aversion,0.2062695753836391
team_vs_peer_average,Team vs. Peer Average,-0.03647949885885379,-0.315567924024918,2,Neutral,2,Neutral,0.7767650517656549
team_vs_peer_average,Team vs. Peer Average,-0.03647949885885379,-0.315567924024918,2,Neutral,3,Appreciation,0.01696537285070603
team_vs_peer_average,Team vs. Peer Average,-0.031835351405225976,-0.27539346942296716,2,Neutral,1,Aversion,0.18123155639311125
team_vs_peer_average,Team vs. Peer Average,-0.031835351405225976,-0.27539346942296716,2,Neutral,2,Neutral,0.8006926755436184
team_vs_peer_average,Team vs. Peer Average,-0.031835351405225976,-0.27539346942296716,2,Neutral,3,Appreciation,0.01807576806327018
team_vs_peer_average,Team vs. Peer Average,-0.02719120395159813,-0.23521901482101604,2,Neutral,1,Aversion,0.15862224097670408
team_vs_peer_average,Team vs. Peer Average,-0.02719120395159813,-0.23521901482101604,2,Neutral,2,Neutral,0.8221927624012892
team_vs_peer_average,Team vs. Peer Average,-0.02719120395159813,-0.23521901482101604,2,Neutral,3,Appreciation,0.01918499662200668
team_vs_peer_average,Team vs. Peer Average,-0.022547056497970286,-0.19504456021906494,2,Neutral,1,Aversion,0.13835398983617453
team_vs_peer_average,Team vs. Peer Average,-0.022547056497970286,-0.19504456021906494,2,Neutral,2,Neutral,0.8413540482010246
team_vs_peer_average,Team vs. Peer Average,-0.022547056497970286,-0.19504456021906494,2,Neutral,3,Appreciation,0.020291961962800933
team_vs_peer_average,Team vs. Peer Average,-0.01790290904434244,-0.15487010561711387,2,Neutral,1,Aversion,0.12030258514454549
team_vs_peer_average,Team vs. Peer Average,-0.01790290904434244,-0.15487010561711387,2,Neutral,2,Neutral,0.8583009503544771
team_vs_peer_average,Team vs. Peer Average,-0.01790290904434244,-0.15487010561711387,2,Neutral,3,Appreciation,0.021396464500977586
team_vs_peer_average,Team vs. Peer Average,-0.013258761590714596,-0.1146956510151628,2,Neutral,1,Aversion,0.10431882013410715
team_vs_peer_average,Team vs. Peer Average,-0.013258761590714596,-0.1146956510151628,2,Neutral,2,Neutral,0.8731821169566646
team_vs_peer_average,Team vs. Peer Average,-0.013258761590714596,-0.1146956510151628,2,Neutral,3,Appreciation,0.02249906290922827
team_vs_peer_average,Team vs. Peer Average,-0.008614614137086779,-0.07452119641321195,2,Neutral,1,Aversion,0.09023866137204883
team_vs_peer_average,Team vs. Peer Average,-0.008614614137086779,-0.07452119641321195,2,Neutral,2,Neutral,0.8861604087955074
team_vs_peer_average,Team vs. Peer Average,-0.008614614137086779,-0.07452119641321195,2,Neutral,3,Appreciation,0.023600929832443666
team_vs_peer_average,Team vs. Peer Average,-0.003970466683458934,-0.034346741811260864,2,Neutral,1,Aversion,0.07789167870159502
team_vs_peer_average,Team vs. Peer Average,-0.003970466683458934,-0.034346741811260864,2,Neutral,2,Neutral,0.8974046079615544
team_vs_peer_average,Team vs. Peer Average,-0.003970466683458934,-0.034346741811260864,2,Neutral,3,Appreciation,0.024703713336850546
team_vs_peer_average,Team vs. Peer Average,0.0006736807701689107,0.005827712790690225,2,Neutral,1,Aversion,0.06710767926546769
team_vs_peer_average,Team vs. Peer Average,0.0006736807701689107,0.005827712790690225,2,Neutral,2,Neutral,0.9070829092653776
team_vs_peer_average,Team vs. Peer Average,0.0006736807701689107,0.005827712790690225,2,Neutral,3,Appreciation,0.02580941146915465
team_vs_peer_average,Team vs. Peer Average,0.005317828223796756,0.046002167392641305,2,Neutral,1,Aversion,0.05772164856320325
team_vs_peer_average,Team vs. Peer Average,0.005317828223796756,0.046002167392641305,2,Neutral,2,Neutral,0.9153580875066412
team_vs_peer_average,Team vs. Peer Average,0.005317828223796756,0.046002167392641305,2,Neutral,3,Appreciation,0.02692026393015558
team_vs_peer_average,Team vs. Peer Average,0.009961975677424573,0.08617662199459215,2,Neutral,1,Aversion,0.04957720012734943
team_vs_peer_average,Team vs. Peer Average,0.009961975677424573,0.08617662199459215,2,Neutral,2,Neutral,0.9223841376099958
team_vs_peer_average,Team vs. Peer Average,0.009961975677424573,0.08617662199459215,2,Neutral,3,Appreciation,0.028038662262654893
team_vs_peer_average,Team vs. Peer Average,0.014606123131052418,0.12635107659654324,2,Neutral,1,Aversion,0.04252878015301446
team_vs_peer_average,Team vs. Peer Average,0.014606123131052418,0.12635107659654324,2,Neutral,2,Neutral,0.9283041417132292
team_vs_peer_average,Team vs. Peer Average,0.014606123131052418,0.12635107659654324,2,Neutral,3,Appreciation,0.02916707813375638
team_vs_peer_average,Team vs. Peer Average,0.019250270584680262,0.16652553119849434,2,Neutral,1,Aversion,0.03644287997122488
team_vs_peer_average,Team vs. Peer Average,0.019250270584680262,0.16652553119849434,2,Neutral,2,Neutral,0.9332491118690417
team_vs_peer_average,Team vs. Peer Average,0.019250270584680262,0.16652553119849434,2,Neutral,3,Appreciation,0.03030800815973336
team_vs_peer_average,Team vs. Peer Average,0.023894418038308107,0.2066999858004454,2,Neutral,1,Aversion,0.031198491787753628
team_vs_peer_average,Team vs. Peer Average,0.023894418038308107,0.2066999858004454,2,Neutral,2,Neutral,0.9373375750814305
team_vs_peer_average,Team vs. Peer Average,0.023894418038308107,0.2066999858004454,2,Neutral,3,Appreciation,0.03146393313081595
team_vs_peer_average,Team vs. Peer Average,0.028538565491935952,0.2468744404023965,2,Neutral,1,Aversion,0.02668701282563613
team_vs_peer_average,Team vs. Peer Average,0.028538565491935952,0.2468744404023965,2,Neutral,2,Neutral,0.9406756978832156
team_vs_peer_average,Team vs. Peer Average,0.028538565491935952,0.2468744404023965,2,Neutral,3,Appreciation,0.03263728929114831
team_vs_peer_average,Team vs. Peer Average,0.03318271294556377,0.2870488950043473,2,Neutral,1,Aversion,0.022811767899336952
team_vs_peer_average,Team vs. Peer Average,0.03318271294556377,0.2870488950043473,2,Neutral,2,Neutral,0.9433577827188004
team_vs_peer_average,Team vs. Peer Average,0.03318271294556377,0.2870488950043473,2,Neutral,3,Appreciation,0.03383044938186257
team_vs_peer_average,Team vs. Peer Average,0.037826860399191614,0.3272233496062984,2,Neutral,1,Aversion,0.019487285652134218
team_vs_peer_average,Team vs. Peer Average,0.037826860399191614,0.3272233496062984,2,Neutral,2,Neutral,0.9454670029908719
team_vs_peer_average,Team vs. Peer Average,0.037826860399191614,0.3272233496062984,2,Neutral,3,Appreciation,0.03504571135699386
team_vs_peer_average,Team vs. Peer Average,0.04247100785281946,0.36739780420824947,2,Neutral,1,Aversion,0.016638432127098295
team_vs_peer_average,Team vs. Peer Average,0.04247100785281946,0.36739780420824947,2,Neutral,2,Neutral,0.9470762749167936
team_vs_peer_average,Team vs. Peer Average,0.04247100785281946,0.36739780420824947,2,Neutral,3,Appreciation,0.036285292956108245
team_vs_peer_average,Team vs. Peer Average,0.047115155306447304,0.4075722588102006,2,Neutral,1,Aversion,0.01419947836597049
team_vs_peer_average,Team vs. Peer Average,0.047115155306447304,0.4075722588102006,2,Neutral,2,Neutral,0.9482491910214509
team_vs_peer_average,Team vs. Peer Average,0.047115155306447304,0.4075722588102006,2,Neutral,3,Appreciation,0.03755133061257861
team_vs_peer_average,Team vs. Peer Average,0.05175930276007515,0.44774671341215166,2,Neutral,1,Aversion,0.012113156671652586
team_vs_peer_average,Team vs. Peer Average,0.05175930276007515,0.44774671341215166,2,Neutral,2,Neutral,0.9490409618675838
team_vs_peer_average,Team vs. Peer Average,0.05175930276007515,0.44774671341215166,2,Neutral,3,Appreciation,0.038845881460763405
team_vs_peer_average,Team vs. Peer Average,0.056403450213702966,0.4879211680141025,2,Neutral,1,Aversion,0.010329742766144404
team_vs_peer_average,Team vs. Peer Average,0.056403450213702966,0.4879211680141025,2,Neutral,2,Neutral,0.9494993297721955
team_vs_peer_average,Team vs. Peer Average,0.056403450213702966,0.4879211680141025,2,Neutral,3,Appreciation,0.04017092746165997
team_vs_peer_average,Team vs. Peer Average,0.06104759766733081,0.5280956226160536,2,Neutral,1,Aversion,0.008806187764165854
team_vs_peer_average,Team vs. Peer Average,0.06104759766733081,0.5280956226160536,2,Neutral,2,Neutral,0.9496654313484578
team_vs_peer_average,Team vs. Peer Average,0.06104759766733081,0.5280956226160536,2,Neutral,3,Appreciation,0.04152838088737629
team_vs_peer_average,Team vs. Peer Average,0.06569174512095866,0.5682700772180047,2,Neutral,1,Aversion,0.007505313992106716
team_vs_peer_average,Team vs. Peer Average,0.06569174512095866,0.5682700772180047,2,Neutral,2,Neutral,0.9495745954192871
team_vs_peer_average,Team vs. Peer Average,0.06569174512095866,0.5682700772180047,2,Neutral,3,Appreciation,0.04292009058860611
team_vs_peer_average,Team vs. Peer Average,0.0703358925745865,0.6084445318199557,2,Neutral,1,Aversion,0.006395081545372007
team_vs_peer_average,Team vs. Peer Average,0.0703358925745865,0.6084445318199557,2,Neutral,2,Neutral,0.949257069836279
team_vs_peer_average,Team vs. Peer Average,0.0703358925745865,0.6084445318199557,2,Neutral,3,Appreciation,0.04434784861834894
team_vs_peer_average,Team vs. Peer Average,0.07498004002821432,0.6486189864219066,2,Neutral,1,Aversion,0.00544792749144346
team_vs_peer_average,Team vs. Peer Average,0.07498004002821432,0.6486189864219066,2,Neutral,2,Neutral,0.9487386756052357
team_vs_peer_average,Team vs. Peer Average,0.07498004002821432,0.6486189864219066,2,Neutral,3,Appreciation,0.04581339690332077
team_vs_peer_average,Team vs. Peer Average,0.07962418748184216,0.6887934410238576,2,Neutral,1,Aversion,0.004640176276795326
team_vs_peer_average,Team vs. Peer Average,0.07962418748184216,0.6887934410238576,2,Neutral,2,Neutral,0.9480413899767696
team_vs_peer_average,Team vs. Peer Average,0.07962418748184216,0.6887934410238576,2,Neutral,3,Appreciation,0.04731843374643503
team_vs_peer_average,Team vs. Peer Average,0.08426833493547001,0.7289678956258088,2,Neutral,1,Aversion,0.003951517762502851
team_vs_peer_average,Team vs. Peer Average,0.08426833493547001,0.7289678956258088,2,Neutral,2,Neutral,0.9471838622235331
team_vs_peer_average,Team vs. Peer Average,0.08426833493547001,0.7289678956258088,2,Neutral,3,Appreciation,0.048864620013963835
team_vs_peer_average,Team vs. Peer Average,0.08891248238909785,0.7691423502277599,2,Neutral,1,Aversion,0.003364548062458828
team_vs_peer_average,Team vs. Peer Average,0.08891248238909785,0.7691423502277599,2,Neutral,2,Neutral,0.9461818670238348
team_vs_peer_average,Team vs. Peer Average,0.08891248238909785,0.7691423502277599,2,Neutral,3,Appreciation,0.050453584913706495
team_vs_peer_average,Team vs. Peer Average,0.0935566298427257,0.8093168048297109,2,Neutral,1,Aversion,0.0028643677317946098
team_vs_peer_average,Team vs. Peer Average,0.0935566298427257,0.8093168048297109,2,Neutral,2,Neutral,0.9450487009588613
team_vs_peer_average,Team vs. Peer Average,0.0935566298427257,0.8093168048297109,2,Neutral,3,Appreciation,0.052086931309344185
team_vs_peer_average,Team vs. Peer Average,0.09820077729635354,0.849491259431662,2,Neutral,1,Aversion,0.0024382316564293413
team_vs_peer_average,Team vs. Peer Average,0.09820077729635354,0.849491259431662,2,Neutral,2,Neutral,0.9437955277993536
team_vs_peer_average,Team vs. Peer Average,0.09820077729635354,0.849491259431662,2,Neutral,3,Appreciation,0.05376624054421702
team_vs_peer_average,Team vs. Peer Average,0.10284492474998139,0.889665714033613,2,Neutral,1,Aversion,0.0020752450830800826
team_vs_peer_average,Team vs. Peer Average,0.10284492474998139,0.889665714033613,2,Neutral,2,Neutral,0.9424316781493879
team_vs_peer_average,Team vs. Peer Average,0.10284492474998139,0.889665714033613,2,Neutral,3,Appreciation,0.05549307676753198
team_vs_peer_average,Team vs. Peer Average,0.10748907220360918,0.9298401686355637,2,Neutral,1,Aversion,0.0017661004973876242
team_vs_peer_average,Team vs. Peer Average,0.10748907220360918,0.9298401686355637,2,Neutral,2,Neutral,0.9409649087330956
team_vs_peer_average,Team vs. Peer Average,0.10748907220360918,0.9298401686355637,2,Neutral,3,Appreciation,0.057268990769516796
team_vs_peer_average,Team vs. Peer Average,0.11213321965723702,0.9700146232375148,2,Neutral,1,Aversion,0.0015028504310392015
team_vs_peer_average,Team vs. Peer Average,0.11213321965723702,0.9700146232375148,2,Neutral,2,Neutral,0.9394016262280989
team_vs_peer_average,Team vs. Peer Average,0.11213321965723702,0.9700146232375148,2,Neutral,3,Appreciation,0.05909552334086184
team_vs_peer_average,Team vs. Peer Average,0.11677736711086487,1.0101890778394658,2,Neutral,1,Aversion,0.0012787117045662696
team_vs_peer_average,Team vs. Peer Average,0.11677736711086487,1.0101890778394658,2,Neutral,2,Neutral,0.9377470801182511
team_vs_peer_average,Team vs. Peer Average,0.11677736711086487,1.0101890778394658,2,Neutral,3,Appreciation,0.060974208177182534
team_vs_peer_average,Team vs. Peer Average,0.12142151456449271,1.050363532441417,2,Neutral,1,Aversion,0.001087897055300098
team_vs_peer_average,Team vs. Peer Average,0.12142151456449271,1.050363532441417,2,Neutral,2,Neutral,0.9360055285925638
team_vs_peer_average,Team vs. Peer Average,0.12142151456449271,1.050363532441417,2,Neutral,3,Appreciation,0.06290657435213587
team_vs_peer_average,Team vs. Peer Average,0.12606566201812056,1.090537987043368,2,Neutral,1,Aversion,0.0009254705364279763
team_vs_peer_average,Team vs. Peer Average,0.12606566201812056,1.090537987043368,2,Neutral,2,Neutral,0.9341803810796088
team_vs_peer_average,Team vs. Peer Average,0.12606566201812056,1.090537987043368,2,Neutral,3,Appreciation,0.06489414838396325
team_vs_peer_average,Team vs. Peer Average,0.1307098094717484,1.1307124416453191,2,Neutral,1,Aversion,0.0007872234886049745
team_vs_peer_average,Team vs. Peer Average,0.1307098094717484,1.1307124416453191,2,Neutral,2,Neutral,0.9322743205912455
team_vs_peer_average,Team vs. Peer Average,0.1307098094717484,1.1307124416453191,2,Neutral,3,Appreciation,0.06693845592014953
team_vs_peer_average,Team vs. Peer Average,0.13535395692537625,1.1708868962472703,2,Neutral,1,Aversion,0.0006695682716978797
team_vs_peer_average,Team vs. Peer Average,0.13535395692537625,1.1708868962472703,2,Neutral,2,Neutral,0.9302894086643076
team_vs_peer_average,Team vs. Peer Average,0.13535395692537625,1.1708868962472703,2,Neutral,3,Appreciation,0.06904102306399448
team_vs_peer_average,Team vs. Peer Average,0.1399981043790041,1.2110613508492214,2,Neutral,1,Aversion,0.0005694472967775534
team_vs_peer_average,Team vs. Peer Average,0.1399981043790041,1.2110613508492214,2,Neutral,2,Neutral,0.928227175337742
team_vs_peer_average,Team vs. Peer Average,0.1399981043790041,1.2110613508492214,2,Neutral,3,Appreciation,0.0712033773654803
team_vs_peer_average,Team vs. Peer Average,0.14464225183263194,1.2512358054511723,2,Neutral,1,Aversion,0.0004842552161026967
team_vs_peer_average,Team vs. Peer Average,0.14464225183263194,1.2512358054511723,2,Neutral,2,Neutral,0.9260886962867859
team_vs_peer_average,Team vs. Peer Average,0.14464225183263194,1.2512358054511723,2,Neutral,3,Appreciation,0.07342704849711125
team_vs_peer_average,Team vs. Peer Average,0.14928639928625972,1.291410260053123,2,Neutral,1,Aversion,0.0004117724120828664
team_vs_peer_average,Team vs. Peer Average,0.14928639928625972,1.291410260053123,2,Neutral,2,Neutral,0.9238746589543692
team_vs_peer_average,Team vs. Peer Average,0.14928639928625972,1.291410260053123,2,Neutral,3,Appreciation,0.07571356863354785
team_vs_peer_average,Team vs. Peer Average,0.15393054673988757,1.331584714655074,2,Neutral,1,Aversion,0.00035010817675614945
team_vs_peer_average,Team vs. Peer Average,0.15393054673988757,1.331584714655074,2,Neutral,2,Neutral,0.9215854192712696
team_vs_peer_average,Team vs. Peer Average,0.15393054673988757,1.331584714655074,2,Neutral,3,Appreciation,0.07806447255197434
team_vs_peer_average,Team vs. Peer Average,0.15857469419351541,1.3717591692570252,2,Neutral,1,Aversion,0.0002976521935119723
team_vs_peer_average,Team vs. Peer Average,0.15857469419351541,1.3717591692570252,2,Neutral,2,Neutral,0.9192210503381927
team_vs_peer_average,Team vs. Peer Average,0.15857469419351541,1.3717591692570252,2,Neutral,3,Appreciation,0.08048129746829535
team_vs_peer_average,Team vs. Peer Average,0.16321884164714326,1.4119336238589761,2,Neutral,1,Aversion,0.0002530331252990147
team_vs_peer_average,Team vs. Peer Average,0.16321884164714326,1.4119336238589761,2,Neutral,2,Neutral,0.9167813842521915
team_vs_peer_average,Team vs. Peer Average,0.16321884164714326,1.4119336238589761,2,Neutral,3,Appreciation,0.08296558262250972
team_vs_peer_average,Team vs. Peer Average,0.1678629891007711,1.4521080784609273,2,Neutral,1,Aversion,0.0002150832811459612
team_vs_peer_average,Team vs. Peer Average,0.1678629891007711,1.4521080784609273,2,Neutral,2,Neutral,0.914266048093867
team_vs_peer_average,Team vs. Peer Average,0.1678629891007711,1.4521080784609273,2,Neutral,3,Appreciation,0.08551886862498698
team_vs_peer_average,Team vs. Peer Average,0.17250713655439895,1.4922825330628784,2,Neutral,1,Aversion,0.0001828084782038959
team_vs_peer_average,Team vs. Peer Average,0.17250713655439895,1.4922825330628784,2,Neutral,2,Neutral,0.9116744949478994
team_vs_peer_average,Team vs. Peer Average,0.17250713655439895,1.4922825330628784,2,Neutral,3,Appreciation,0.08814269657389683
team_vs_peer_average,Team vs. Peer Average,0.1771512840080268,1.5324569876648295,2,Neutral,1,Aversion,0.00015536234227030615
team_vs_peer_average,Team vs. Peer Average,0.1771512840080268,1.5324569876648295,2,Neutral,2,Neutral,0.909006030705008
team_vs_peer_average,Team vs. Peer Average,0.1771512840080268,1.5324569876648295,2,Neutral,3,Appreciation,0.09083860695272163
team_vs_peer_average,Team vs. Peer Average,0.18179543146165464,1.5726314422667806,2,Neutral,1,Aversion,0.0001320243982643071
team_vs_peer_average,Team vs. Peer Average,0.18179543146165464,1.5726314422667806,2,Neutral,2,Neutral,0.9062598372861117
team_vs_peer_average,Team vs. Peer Average,0.18179543146165464,1.5726314422667806,2,Neutral,3,Appreciation,0.093608138315624
team_vs_peer_average,Team vs. Peer Average,0.18643957891528248,1.6128058968687315,2,Neutral,1,Aversion,0.00011218139556610612
team_vs_peer_average,Team vs. Peer Average,0.18643957891528248,1.6128058968687315,2,Neutral,2,Neutral,0.9034349928369906
team_vs_peer_average,Team vs. Peer Average,0.18643957891528248,1.6128058968687315,2,Neutral,3,Appreciation,0.0964528257674434
team_vs_peer_average,Team vs. Peer Average,0.19108372636891027,1.6529803514706822,2,Neutral,1,Aversion,9.531139346709885e-05
team_vs_peer_average,Team vs. Peer Average,0.19108372636891027,1.6529803514706822,2,Neutral,2,Neutral,0.9005304893622792
team_vs_peer_average,Team vs. Peer Average,0.19108372636891027,1.6529803514706822,2,Neutral,3,Appreciation,0.09937419924425363
team_vs_peer_average,Team vs. Peer Average,0.19572787382253812,1.6931548060726334,2,Neutral,1,Aversion,8.097020094164403e-05
team_vs_peer_average,Team vs. Peer Average,0.19572787382253812,1.6931548060726334,2,Neutral,2,Neutral,0.8975452481993317
team_vs_peer_average,Team vs. Peer Average,0.19572787382253812,1.6931548060726334,2,Neutral,3,Appreciation,0.10237378159972664
team_vs_peer_average,Team vs. Peer Average,0.20037202127616596,1.7333292606745845,2,Neutral,1,Aversion,6.877982408561855e-05
team_vs_peer_average,Team vs. Peer Average,0.20037202127616596,1.7333292606745845,2,Neutral,2,Neutral,0.8944781336739092
team_vs_peer_average,Team vs. Peer Average,0.20037202127616596,1.7333292606745845,2,Neutral,3,Appreciation,0.10545308650200524
team_vs_peer_average,Team vs. Peer Average,-0.17115977501406113,-1.480627107481498,3,Appreciation,1,Aversion,0.6863163862034252
team_vs_peer_average,Team vs. Peer Average,-0.17115977501406113,-1.480627107481498,3,Appreciation,2,Neutral,0.2858744522489569
team_vs_peer_average,Team vs. Peer Average,-0.17115977501406113,-1.480627107481498,3,Appreciation,3,Appreciation,0.027809161547617815
team_vs_peer_average,Team vs. Peer Average,-0.16651562756043328,-1.440452652879547,3,Appreciation,1,Aversion,0.647122864198331
team_vs_peer_average,Team vs. Peer Average,-0.16651562756043328,-1.440452652879547,3,Appreciation,2,Neutral,0.3187973368764014
team_vs_peer_average,Team vs. Peer Average,-0.16651562756043328,-1.440452652879547,3,Appreciation,3,Appreciation,0.03407979892526754
team_vs_peer_average,Team vs. Peer Average,-0.16187148010680544,-1.4002781982775958,3,Appreciation,1,Aversion,0.6056591857403217
team_vs_peer_average,Team vs. Peer Average,-0.16187148010680544,-1.4002781982775958,3,Appreciation,2,Neutral,0.3528850105216283
team_vs_peer_average,Team vs. Peer Average,-0.16187148010680544,-1.4002781982775958,3,Appreciation,3,Appreciation,0.041455803738050065
team_vs_peer_average,Team vs. Peer Average,-0.15722733265317762,-1.360103743675645,3,Appreciation,1,Aversion,0.5624103264380576
team_vs_peer_average,Team vs. Peer Average,-0.15722733265317762,-1.360103743675645,3,Appreciation,2,Neutral,0.3875566130285816
team_vs_peer_average,Team vs. Peer Average,-0.15722733265317762,-1.360103743675645,3,Appreciation,3,Appreciation,0.050033060533360915
team_vs_peer_average,Team vs. Peer Average,-0.15258318519954978,-1.3199292890736938,3,Appreciation,1,Aversion,0.517966451991603
team_vs_peer_average,Team vs. Peer Average,-0.15258318519954978,-1.3199292890736938,3,Appreciation,2,Neutral,0.4221438438837036
team_vs_peer_average,Team vs. Peer Average,-0.15258318519954978,-1.3199292890736938,3,Appreciation,3,Appreciation,0.059889704124693494
team_vs_peer_average,Team vs. Peer Average,-0.14793903774592193,-1.2797548344717429,3,Appreciation,1,Aversion,0.47299503234628665
team_vs_peer_average,Team vs. Peer Average,-0.14793903774592193,-1.2797548344717429,3,Appreciation,2,Neutral,0.4559239122932009
team_vs_peer_average,Team vs. Peer Average,-0.14793903774592193,-1.2797548344717429,3,Appreciation,3,Appreciation,0.0710810553605124
team_vs_peer_average,Team vs. Peer Average,-0.14329489029229409,-1.2395803798697917,3,Appreciation,1,Aversion,0.42820325810128274
team_vs_peer_average,Team vs. Peer Average,-0.14329489029229409,-1.2395803798697917,3,Appreciation,2,Neutral,0.4881605968213583
team_vs_peer_average,Team vs. Peer Average,-0.14329489029229409,-1.2395803798697917,3,Appreciation,3,Appreciation,0.08363614507735886
team_vs_peer_average,Team vs. Peer Average,-0.13865074283866624,-1.1994059252678406,3,Appreciation,1,Aversion,0.38429496499429183
team_vs_peer_average,Team vs. Peer Average,-0.13865074283866624,-1.1994059252678406,3,Appreciation,2,Neutral,0.5181486977437907
team_vs_peer_average,Team vs. Peer Average,-0.13865074283866624,-1.1994059252678406,3,Appreciation,3,Appreciation,0.09755633726191751
team_vs_peer_average,Team vs. Peer Average,-0.13400659538503842,-1.1592314706658897,3,Appreciation,1,Aversion,0.341927482667588
team_vs_peer_average,Team vs. Peer Average,-0.13400659538503842,-1.1592314706658897,3,Appreciation,2,Neutral,0.5452562950292523
team_vs_peer_average,Team vs. Peer Average,-0.13400659538503842,-1.1592314706658897,3,Appreciation,3,Appreciation,0.11281622230315962
team_vs_peer_average,Team vs. Peer Average,-0.12936244793141058,-1.1190570160639388,3,Appreciation,1,Aversion,0.30167390118114207
team_vs_peer_average,Team vs. Peer Average,-0.12936244793141058,-1.1190570160639388,3,Appreciation,2,Neutral,0.5689595370526254
team_vs_peer_average,Team vs. Peer Average,-0.12936244793141058,-1.1190570160639388,3,Appreciation,3,Appreciation,0.12936656176623268
team_vs_peer_average,Team vs. Peer Average,-0.12471830047778273,-1.0788825614619877,3,Appreciation,1,Aversion,0.26399515599602325
team_vs_peer_average,Team vs. Peer Average,-0.12471830047778273,-1.0788825614619877,3,Appreciation,2,Neutral,0.5888661128396542
team_vs_peer_average,Team vs. Peer Average,-0.12471830047778273,-1.0788825614619877,3,Appreciation,3,Appreciation,0.14713873116432263
team_vs_peer_average,Team vs. Peer Average,-0.1200741530241549,-1.0387081068600366,3,Appreciation,1,Aversion,0.22922440203705405
team_vs_peer_average,Team vs. Peer Average,-0.1200741530241549,-1.0387081068600366,3,Appreciation,2,Neutral,0.6047256862111489
team_vs_peer_average,Team vs. Peer Average,-0.1200741530241549,-1.0387081068600366,3,Appreciation,3,Appreciation,0.1660499117517971
team_vs_peer_average,Team vs. Peer Average,-0.11543000557052706,-0.9985336522580855,3,Appreciation,1,Aversion,0.1975639420279721
team_vs_peer_average,Team vs. Peer Average,-0.11543000557052706,-0.9985336522580855,3,Appreciation,2,Neutral,0.6164277955208606
team_vs_peer_average,Team vs. Peer Average,-0.11543000557052706,-0.9985336522580855,3,Appreciation,3,Appreciation,0.1860082624511674
team_vs_peer_average,Team vs. Peer Average,-0.11078585811689923,-0.9583591976561346,3,Appreciation,1,Aversion,0.16909306196626245
team_vs_peer_average,Team vs. Peer Average,-0.11078585811689923,-0.9583591976561346,3,Appreciation,2,Neutral,0.6239894995616243
team_vs_peer_average,Team vs. Peer Average,-0.11078585811689923,-0.9583591976561346,3,Appreciation,3,Appreciation,0.20691743847211325
team_vs_peer_average,Team vs. Peer Average,-0.10614171066327138,-0.9181847430541835,3,Appreciation,1,Aversion,0.14378388981255974
team_vs_peer_average,Team vs. Peer Average,-0.10614171066327138,-0.9181847430541835,3,Appreciation,2,Neutral,0.6275360564550091
team_vs_peer_average,Team vs. Peer Average,-0.10614171066327138,-0.9181847430541835,3,Appreciation,3,Appreciation,0.22868005373243114
team_vs_peer_average,Team vs. Peer Average,-0.10149756320964355,-0.8780102884522326,3,Appreciation,1,Aversion,0.12152194665581918
team_vs_peer_average,Team vs. Peer Average,-0.10149756320964355,-0.8780102884522326,3,Appreciation,2,Neutral,0.6272781157829598
team_vs_peer_average,Team vs. Peer Average,-0.10149756320964355,-0.8780102884522326,3,Appreciation,3,Appreciation,0.2511999375612211
team_vs_peer_average,Team vs. Peer Average,-0.0968534157560157,-0.8378358338502815,3,Appreciation,1,Aversion,0.10212828513091182
team_vs_peer_average,Team vs. Peer Average,-0.0968534157560157,-0.8378358338502815,3,Appreciation,2,Neutral,0.6234884616475894
team_vs_peer_average,Team vs. Peer Average,-0.0968534157560157,-0.8378358338502815,3,Appreciation,3,Appreciation,0.27438325322149865
team_vs_peer_average,Team vs. Peer Average,-0.09220926830238786,-0.7976613792483304,3,Appreciation,1,Aversion,0.08538076282388211
team_vs_peer_average,Team vs. Peer Average,-0.09220926830238786,-0.7976613792483304,3,Appreciation,2,Neutral,0.6164805435186963
team_vs_peer_average,Team vs. Peer Average,-0.09220926830238786,-0.7976613792483304,3,Appreciation,3,Appreciation,0.2981386936574215
team_vs_peer_average,Team vs. Peer Average,-0.08756512084876003,-0.7574869246463795,3,Appreciation,1,Aversion,0.07103281737082451
team_vs_peer_average,Team vs. Peer Average,-0.08756512084876003,-0.7574869246463795,3,Appreciation,2,Neutral,0.6065901405759522
team_vs_peer_average,Team vs. Peer Average,-0.08756512084876003,-0.7574869246463795,3,Appreciation,3,Appreciation,0.32237704205322326
team_vs_peer_average,Team vs. Peer Average,-0.08292097339513219,-0.7173124700444283,3,Appreciation,1,Aversion,0.058828891406607055
team_vs_peer_average,Team vs. Peer Average,-0.08292097339513219,-0.7173124700444283,3,Appreciation,2,Neutral,0.5941607154490705
team_vs_peer_average,Team vs. Peer Average,-0.08292097339513219,-0.7173124700444283,3,Appreciation,3,Appreciation,0.3470103931443226
team_vs_peer_average,Team vs. Peer Average,-0.07827682594150435,-0.6771380154424774,3,Appreciation,1,Aversion,0.04851628136960942
team_vs_peer_average,Team vs. Peer Average,-0.07827682594150435,-0.6771380154424774,3,Appreciation,2,Neutral,0.5795324227728083
team_vs_peer_average,Team vs. Peer Average,-0.07827682594150435,-0.6771380154424774,3,Appreciation,3,Appreciation,0.3719512958575823
team_vs_peer_average,Team vs. Peer Average,-0.07363267848787651,-0.6369635608405263,3,Appreciation,1,Aversion,0.03985361394838939
team_vs_peer_average,Team vs. Peer Average,-0.07363267848787651,-0.6369635608405263,3,Appreciation,2,Neutral,0.5630343669184534
team_vs_peer_average,Team vs. Peer Average,-0.07363267848787651,-0.6369635608405263,3,Appreciation,3,Appreciation,0.39711201913315713
team_vs_peer_average,Team vs. Peer Average,-0.06898853103424868,-0.5967891062385753,3,Appreciation,1,Aversion,0.03261640016985524
team_vs_peer_average,Team vs. Peer Average,-0.06898853103424868,-0.5967891062385753,3,Appreciation,2,Neutral,0.5449795229718097
team_vs_peer_average,Team vs. Peer Average,-0.06898853103424868,-0.5967891062385753,3,Appreciation,3,Appreciation,0.422404076858335
team_vs_peer_average,Team vs. Peer Average,-0.06434438358062083,-0.5566146516366243,3,Appreciation,1,Aversion,0.0266002189459139
team_vs_peer_average,Team vs. Peer Average,-0.06434438358062083,-0.5566146516366243,3,Appreciation,2,Neutral,0.525661695662278
team_vs_peer_average,Team vs. Peer Average,-0.06434438358062083,-0.5566146516366243,3,Appreciation,3,Appreciation,0.44773808539180804
team_vs_peer_average,Team vs. Peer Average,-0.05970023612699299,-0.5164401970346731,3,Appreciation,1,Aversion,0.02162208516971531
team_vs_peer_average,Team vs. Peer Average,-0.05970023612699299,-0.5164401970346731,3,Appreciation,2,Neutral,0.5053539408681397
team_vs_peer_average,Team vs. Peer Average,-0.05970023612699299,-0.5164401970346731,3,Appreciation,3,Appreciation,0.47302397396214496
team_vs_peer_average,Team vs. Peer Average,-0.05505608867336516,-0.4762657424327222,3,Appreciation,1,Aversion,0.01752050301442986
team_vs_peer_average,Team vs. Peer Average,-0.05505608867336516,-0.4762657424327222,3,Appreciation,2,Neutral,0.4843079704152758
team_vs_peer_average,Team vs. Peer Average,-0.05505608867336516,-0.4762657424327222,3,Appreciation,3,Appreciation,0.49817152657029445
team_vs_peer_average,Team vs. Peer Average,-0.05041194121973731,-0.4360912878307711,3,Appreciation,1,Aversion,0.01415462390169652
team_vs_peer_average,Team vs. Peer Average,-0.05041194121973731,-0.4360912878307711,3,Appreciation,2,Neutral,0.4627541720266103
team_vs_peer_average,Team vs. Peer Average,-0.05041194121973731,-0.4360912878307711,3,Appreciation,3,Appreciation,0.5230912040716932
team_vs_peer_average,Team vs. Peer Average,-0.04576779376610948,-0.39591683322882015,3,Appreciation,1,Aversion,0.011402841314637977
team_vs_peer_average,Team vs. Peer Average,-0.04576779376610948,-0.39591683322882015,3,Appreciation,2,Neutral,0.4409019827527111
team_vs_peer_average,Team vs. Peer Average,-0.04576779376610948,-0.39591683322882015,3,Appreciation,3,Appreciation,0.5476951759326509
team_vs_peer_average,Team vs. Peer Average,-0.04112364631248164,-0.3557423786268691,3,Appreciation,1,Aversion,0.009161073257786274
team_vs_peer_average,Team vs. Peer Average,-0.04112364631248164,-0.3557423786268691,3,Appreciation,2,Neutral,0.4189404453673309
team_vs_peer_average,Team vs. Peer Average,-0.04112364631248164,-0.3557423786268691,3,Appreciation,3,Appreciation,0.5718984813748829
team_vs_peer_average,Team vs. Peer Average,-0.03647949885885379,-0.315567924024918,3,Appreciation,1,Aversion,0.0073409134915200114
team_vs_peer_average,Team vs. Peer Average,-0.03647949885885379,-0.315567924024918,3,Appreciation,2,Neutral,0.39703884876850204
team_vs_peer_average,Team vs. Peer Average,-0.03647949885885379,-0.315567924024918,3,Appreciation,3,Appreciation,0.5956202377399781
team_vs_peer_average,Team vs. Peer Average,-0.031835351405225976,-0.27539346942296716,3,Appreciation,1,Aversion,0.005867776431086851
team_vs_peer_average,Team vs. Peer Average,-0.031835351405225976,-0.27539346942296716,3,Appreciation,2,Neutral,0.37534740515619014
team_vs_peer_average,Team vs. Peer Average,-0.031835351405225976,-0.27539346942296716,3,Appreciation,3,Appreciation,0.6187848184127229
team_vs_peer_average,Team vs. Peer Average,-0.02719120395159813,-0.23521901482101604,3,Appreciation,1,Aversion,0.004679117225950573
team_vs_peer_average,Team vs. Peer Average,-0.02719120395159813,-0.23521901482101604,3,Appreciation,2,Neutral,0.3539979507258526
team_vs_peer_average,Team vs. Peer Average,-0.02719120395159813,-0.23521901482101604,3,Appreciation,3,Appreciation,0.6413229320481969
team_vs_peer_average,Team vs. Peer Average,-0.022547056497970286,-0.19504456021906494,3,Appreciation,1,Aversion,0.0037227763324462677
team_vs_peer_average,Team vs. Peer Average,-0.022547056497970286,-0.19504456021906494,3,Appreciation,2,Neutral,0.3331046759801922
team_vs_peer_average,Team vs. Peer Average,-0.022547056497970286,-0.19504456021906494,3,Appreciation,3,Appreciation,0.6631725476873616
team_vs_peer_average,Team vs. Peer Average,-0.01790290904434244,-0.15487010561711387,3,Appreciation,1,Aversion,0.0029554748008553825
team_vs_peer_average,Team vs. Peer Average,-0.01790290904434244,-0.15487010561711387,3,Appreciation,2,Neutral,0.31276489999873314
team_vs_peer_average,Team vs. Peer Average,-0.01790290904434244,-0.15487010561711387,3,Appreciation,3,Appreciation,0.6842796252004114
team_vs_peer_average,Team vs. Peer Average,-0.013258761590714596,-0.1146956510151628,3,Appreciation,1,Aversion,0.0023414705068422305
team_vs_peer_average,Team vs. Peer Average,-0.013258761590714596,-0.1146956510151628,3,Appreciation,2,Neutral,0.2930599034555684
team_vs_peer_average,Team vs. Peer Average,-0.013258761590714596,-0.1146956510151628,3,Appreciation,3,Appreciation,0.7045986260375893
team_vs_peer_average,Team vs. Peer Average,-0.008614614137086779,-0.07452119641321195,3,Appreciation,1,Aversion,0.0018513749079136115
team_vs_peer_average,Team vs. Peer Average,-0.008614614137086779,-0.07452119641321195,3,Appreciation,2,Neutral,0.2740558307774201
team_vs_peer_average,Team vs. Peer Average,-0.008614614137086779,-0.07452119641321195,3,Appreciation,3,Appreciation,0.7240927943146663
team_vs_peer_average,Team vs. Peer Average,-0.003970466683458934,-0.034346741811260864,3,Appreciation,1,Aversion,0.001461123158741215
team_vs_peer_average,Team vs. Peer Average,-0.003970466683458934,-0.034346741811260864,3,Appreciation,2,Neutral,0.25580466499509485
team_vs_peer_average,Team vs. Peer Average,-0.003970466683458934,-0.034346741811260864,3,Appreciation,3,Appreciation,0.742734211846164
team_vs_peer_average,Team vs. Peer Average,0.0006736807701689107,0.005827712790690225,3,Appreciation,1,Aversion,0.0011510864499273998
team_vs_peer_average,Team vs. Peer Average,0.0006736807701689107,0.005827712790690225,3,Appreciation,2,Neutral,0.23834527139879358
team_vs_peer_average,Team vs. Peer Average,0.0006736807701689107,0.005827712790690225,3,Appreciation,3,Appreciation,0.7605036421512791
team_vs_peer_average,Team vs. Peer Average,0.005317828223796756,0.046002167392641305,3,Appreciation,1,Aversion,0.0009053133936039311
team_vs_peer_average,Team vs. Peer Average,0.005317828223796756,0.046002167392641305,3,Appreciation,2,Neutral,0.22170449934534814
team_vs_peer_average,Team vs. Peer Average,0.005317828223796756,0.046002167392641305,3,Appreciation,3,Appreciation,0.7773901872610478
team_vs_peer_average,Team vs. Peer Average,0.009961975677424573,0.08617662199459215,3,Appreciation,1,Aversion,0.0007108865414178721
team_vs_peer_average,Team vs. Peer Average,0.009961975677424573,0.08617662199459215,3,Appreciation,2,Neutral,0.20589832627041593
team_vs_peer_average,Team vs. Peer Average,0.009961975677424573,0.08617662199459215,3,Appreciation,3,Appreciation,0.7933907871881662
team_vs_peer_average,Team vs. Peer Average,0.014606123131052418,0.12635107659654324,3,Appreciation,1,Aversion,0.0005573802362201673
team_vs_peer_average,Team vs. Peer Average,0.014606123131052418,0.12635107659654324,3,Appreciation,2,Neutral,0.19093302450268262
team_vs_peer_average,Team vs. Peer Average,0.014606123131052418,0.12635107659654324,3,Appreciation,3,Appreciation,0.8085095952610972
team_vs_peer_average,Team vs. Peer Average,0.019250270584680262,0.16652553119849434,3,Appreciation,1,Aversion,0.00043640664994981117
team_vs_peer_average,Team vs. Peer Average,0.019250270584680262,0.16652553119849434,3,Appreciation,2,Neutral,0.17680632991021836
team_vs_peer_average,Team vs. Peer Average,0.019250270584680262,0.16652553119849434,3,Appreciation,3,Appreciation,0.8227572634398318
team_vs_peer_average,Team vs. Peer Average,0.023894418038308107,0.2066999858004454,3,Appreciation,1,Aversion,0.0003412378250982551
team_vs_peer_average,Team vs. Peer Average,0.023894418038308107,0.2066999858004454,3,Appreciation,2,Neutral,0.16350859155470215
team_vs_peer_average,Team vs. Peer Average,0.023894418038308107,0.2066999858004454,3,Appreciation,3,Appreciation,0.8361501706201995
team_vs_peer_average,Team vs. Peer Average,0.028538565491935952,0.2468744404023965,3,Appreciation,1,Aversion,0.00026649266349706573
team_vs_peer_average,Team vs. Peer Average,0.028538565491935952,0.2468744404023965,3,Appreciation,2,Neutral,0.15102388307206988
team_vs_peer_average,Team vs. Peer Average,0.028538565491935952,0.2468744404023965,3,Appreciation,3,Appreciation,0.8487096242644332
team_vs_peer_average,Team vs. Peer Average,0.03318271294556377,0.2870488950043473,3,Appreciation,1,Aversion,0.00020787899112186477
team_vs_peer_average,Team vs. Peer Average,0.03318271294556377,0.2870488950043473,3,Appreciation,2,Neutral,0.13933105905919776
team_vs_peer_average,Team vs. Peer Average,0.03318271294556377,0.2870488950043473,3,Appreciation,3,Appreciation,0.8604610619496803
team_vs_peer_average,Team vs. Peer Average,0.037826860399191614,0.3272233496062984,3,Appreciation,1,Aversion,0.00016198200310543087
team_vs_peer_average,Team vs. Peer Average,0.037826860399191614,0.3272233496062984,3,Appreciation,2,Neutral,0.1284047429407193
team_vs_peer_average,Team vs. Peer Average,0.037826860399191614,0.3272233496062984,3,Appreciation,3,Appreciation,0.8714332750561753
team_vs_peer_average,Team vs. Peer Average,0.04247100785281946,0.36739780420824947,3,Appreciation,1,Aversion,0.0001260915156446352
team_vs_peer_average,Team vs. Peer Average,0.04247100785281946,0.36739780420824947,3,Appreciation,2,Neutral,0.11821623626816492
team_vs_peer_average,Team vs. Peer Average,0.04247100785281946,0.36739780420824947,3,Appreciation,3,Appreciation,0.8816576722161905
team_vs_peer_average,Team vs. Peer Average,0.047115155306447304,0.4075722588102006,3,Appreciation,1,Aversion,9.806149459668733e-05
team_vs_peer_average,Team vs. Peer Average,0.047115155306447304,0.4075722588102006,3,Appreciation,2,Neutral,0.1087343428748184
team_vs_peer_average,Team vs. Peer Average,0.047115155306447304,0.4075722588102006,3,Appreciation,3,Appreciation,0.8911675956305848
team_vs_peer_average,Team vs. Peer Average,0.05175930276007515,0.44774671341215166,3,Appreciation,1,Aversion,7.61962799594279e-05
team_vs_peer_average,Team vs. Peer Average,0.05175930276007515,0.44774671341215166,3,Appreciation,2,Neutral,0.09992610455369227
team_vs_peer_average,Team vs. Peer Average,0.05175930276007515,0.44774671341215166,3,Appreciation,3,Appreciation,0.8999976991663483
team_vs_peer_average,Team vs. Peer Average,0.056403450213702966,0.4879211680141025,3,Appreciation,1,Aversion,5.915877518440784e-05
team_vs_peer_average,Team vs. Peer Average,0.056403450213702966,0.4879211680141025,3,Appreciation,2,Neutral,0.09175744779298882
team_vs_peer_average,Team vs. Peer Average,0.056403450213702966,0.4879211680141025,3,Appreciation,3,Appreciation,0.9081833934318267
team_vs_peer_average,Team vs. Peer Average,0.06104759766733081,0.5280956226160536,3,Appreciation,1,Aversion,4.589662023011539e-05
team_vs_peer_average,Team vs. Peer Average,0.06104759766733081,0.5280956226160536,3,Appreciation,2,Neutral,0.08419374350736474
team_vs_peer_average,Team vs. Peer Average,0.06104759766733081,0.5280956226160536,3,Appreciation,3,Appreciation,0.9157603598724052
team_vs_peer_average,Team vs. Peer Average,0.06569174512095866,0.5682700772180047,3,Appreciation,1,Aversion,3.5583021160895344e-05
team_vs_peer_average,Team vs. Peer Average,0.06569174512095866,0.5682700772180047,3,Appreciation,2,Neutral,0.07720028361141051
team_vs_peer_average,Team vs. Peer Average,0.06569174512095866,0.5682700772180047,3,Appreciation,3,Appreciation,0.9227641333674286
team_vs_peer_average,Team vs. Peer Average,0.0703358925745865,0.6084445318199557,3,Appreciation,1,Aversion,2.7569473160754094e-05
team_vs_peer_average,Team vs. Peer Average,0.0703358925745865,0.6084445318199557,3,Appreciation,2,Neutral,0.0707426797019846
team_vs_peer_average,Team vs. Peer Average,0.0703358925745865,0.6084445318199557,3,Appreciation,3,Appreciation,0.9292297508248546
team_vs_peer_average,Team vs. Peer Average,0.07498004002821432,0.6486189864219066,3,Appreciation,1,Aversion,2.1348095748129477e-05
team_vs_peer_average,Team vs. Peer Average,0.07498004002821432,0.6486189864219066,3,Appreciation,2,Neutral,0.06478719008510317
team_vs_peer_average,Team vs. Peer Average,0.07498004002821432,0.6486189864219066,3,Appreciation,3,Appreciation,0.9351914618191487
team_vs_peer_average,Team vs. Peer Average,0.07962418748184216,0.6887934410238576,3,Appreciation,1,Aversion,1.652170714110718e-05
team_vs_peer_average,Team vs. Peer Average,0.07962418748184216,0.6887934410238576,3,Appreciation,2,Neutral,0.059300981955536826
team_vs_peer_average,Team vs. Peer Average,0.07962418748184216,0.6887934410238576,3,Appreciation,3,Appreciation,0.940682496337322
team_vs_peer_average,Team vs. Peer Average,0.08426833493547001,0.7289678956258088,3,Appreciation,1,Aversion,1.278010768382794e-05
team_vs_peer_average,Team vs. Peer Average,0.08426833493547001,0.7289678956258088,3,Appreciation,2,Neutral,0.054252335776575185
team_vs_peer_average,Team vs. Peer Average,0.08426833493547001,0.7289678956258088,3,Appreciation,3,Appreciation,0.945734884115741
team_vs_peer_average,Team vs. Peer Average,0.08891248238909785,0.7691423502277599,3,Appreciation,1,Aversion,9.881328328726668e-06
team_vs_peer_average,Team vs. Peer Average,0.08891248238909785,0.7691423502277599,3,Appreciation,2,Neutral,0.04961079887912385
team_vs_peer_average,Team vs. Peer Average,0.08891248238909785,0.7691423502277599,3,Appreciation,3,Appreciation,0.9503793197925475
team_vs_peer_average,Team vs. Peer Average,0.0935566298427257,0.8093168048297109,3,Appreciation,1,Aversion,7.636837216856483e-06
team_vs_peer_average,Team vs. Peer Average,0.0935566298427257,0.8093168048297109,3,Appreciation,2,Neutral,0.04534729506611587
team_vs_peer_average,Team vs. Peer Average,0.0935566298427257,0.8093168048297109,3,Appreciation,3,Appreciation,0.9546450680966673
team_vs_peer_average,Team vs. Peer Average,0.09820077729635354,0.849491259431662,3,Appreciation,1,Aversion,5.899892609140717e-06
team_vs_peer_average,Team vs. Peer Average,0.09820077729635354,0.849491259431662,3,Appreciation,2,Neutral,0.041434196626933234
team_vs_peer_average,Team vs. Peer Average,0.09820077729635354,0.849491259431662,3,Appreciation,3,Appreciation,0.9585599034804576
team_vs_peer_average,Team vs. Peer Average,0.10284492474998139,0.889665714033613,3,Appreciation,1,Aversion,4.556390269892364e-06
team_vs_peer_average,Team vs. Peer Average,0.10284492474998139,0.889665714033613,3,Appreciation,2,Neutral,0.0378453646862908
team_vs_peer_average,Team vs. Peer Average,0.10284492474998139,0.889665714033613,3,Appreciation,3,Appreciation,0.9621500789234394
team_vs_peer_average,Team vs. Peer Average,0.10748907220360918,0.9298401686355637,3,Appreciation,1,Aversion,3.517683614408619e-06
team_vs_peer_average,Team vs. Peer Average,0.10748907220360918,0.9298401686355637,3,Appreciation,2,Neutral,0.034556163273689385
team_vs_peer_average,Team vs. Peer Average,0.10748907220360918,0.9298401686355637,3,Appreciation,3,Appreciation,0.9654403190426961
team_vs_peer_average,Team vs. Peer Average,0.11213321965723702,0.9700146232375148,3,Appreciation,1,Aversion,2.7149604914545024e-06
team_vs_peer_average,Team vs. Peer Average,0.11213321965723702,0.9700146232375148,3,Appreciation,2,Neutral,0.03154345193579385
team_vs_peer_average,Team vs. Peer Average,0.11213321965723702,0.9700146232375148,3,Appreciation,3,Appreciation,0.9684538331037148
team_vs_peer_average,Team vs. Peer Average,0.11677736711086487,1.0101890778394658,3,Appreciation,1,Aversion,2.094845668246655e-06
team_vs_peer_average,Team vs. Peer Average,0.11677736711086487,1.0101890778394658,3,Appreciation,2,Neutral,0.028785561150079627
team_vs_peer_average,Team vs. Peer Average,0.11677736711086487,1.0101890778394658,3,Appreciation,3,Appreciation,0.971212344004252
team_vs_peer_average,Team vs. Peer Average,0.12142151456449271,1.050363532441417,3,Appreciation,1,Aversion,1.6159665687555186e-06
team_vs_peer_average,Team vs. Peer Average,0.12142151456449271,1.050363532441417,3,Appreciation,2,Neutral,0.026262254252297428
team_vs_peer_average,Team vs. Peer Average,0.12142151456449271,1.050363532441417,3,Appreciation,3,Appreciation,0.9737361297811339
team_vs_peer_average,Team vs. Peer Average,0.12606566201812056,1.090537987043368,3,Appreciation,1,Aversion,1.2462746590855473e-06
team_vs_peer_average,Team vs. Peer Average,0.12606566201812056,1.090537987043368,3,Appreciation,2,Neutral,0.02395467907557091
team_vs_peer_average,Team vs. Peer Average,0.12606566201812056,1.090537987043368,3,Appreciation,3,Appreciation,0.9760440746497699
team_vs_peer_average,Team vs. Peer Average,0.1307098094717484,1.1307124416453191,3,Appreciation,1,Aversion,9.609586425901722e-07
team_vs_peer_average,Team vs. Peer Average,0.1307098094717484,1.1307124416453191,3,Appreciation,2,Neutral,0.021845312023466717
team_vs_peer_average,Team vs. Peer Average,0.1307098094717484,1.1307124416453191,3,Appreciation,3,Appreciation,0.9781537270178907
team_vs_peer_average,Team vs. Peer Average,0.13535395692537625,1.1708868962472703,3,Appreciation,1,Aversion,7.408204483788434e-07
team_vs_peer_average,Team vs. Peer Average,0.13535395692537625,1.1708868962472703,3,Appreciation,2,Neutral,0.019917896867709214
team_vs_peer_average,Team vs. Peer Average,0.13535395692537625,1.1708868962472703,3,Appreciation,3,Appreciation,0.9800813623118424
team_vs_peer_average,Team vs. Peer Average,0.1399981043790041,1.2110613508492214,3,Appreciation,1,Aversion,5.710126192449243e-07
team_vs_peer_average,Team vs. Peer Average,0.1399981043790041,1.2110613508492214,3,Appreciation,2,Neutral,0.018157380175086193
team_vs_peer_average,Team vs. Peer Average,0.1399981043790041,1.2110613508492214,3,Appreciation,3,Appreciation,0.9818420488122945
team_vs_peer_average,Team vs. Peer Average,0.14464225183263194,1.2512358054511723,3,Appreciation,1,Aversion,4.4005755896664593e-07
team_vs_peer_average,Team vs. Peer Average,0.14464225183263194,1.2512358054511723,3,Appreciation,2,Neutral,0.01654984492717625
team_vs_peer_average,Team vs. Peer Average,0.14464225183263194,1.2512358054511723,3,Appreciation,3,Appreciation,0.9834497150152649
team_vs_peer_average,Team vs. Peer Average,0.14928639928625972,1.291410260053123,3,Appreciation,1,Aversion,3.3908634710884393e-07
team_vs_peer_average,Team vs. Peer Average,0.14928639928625972,1.291410260053123,3,Appreciation,2,Neutral,0.015082443599034235
team_vs_peer_average,Team vs. Peer Average,0.14928639928625972,1.291410260053123,3,Appreciation,3,Appreciation,0.9849172173146187
team_vs_peer_average,Team vs. Peer Average,0.15393054673988757,1.331584714655074,3,Appreciation,1,Aversion,2.612484123131487e-07
team_vs_peer_average,Team vs. Peer Average,0.15393054673988757,1.331584714655074,3,Appreciation,2,Neutral,0.013743331706145313
team_vs_peer_average,Team vs. Peer Average,0.15393054673988757,1.331584714655074,3,Appreciation,3,Appreciation,0.9862564070454425
team_vs_peer_average,Team vs. Peer Average,0.15857469419351541,1.3717591692570252,3,Appreciation,1,Aversion,2.012540297606437e-07
team_vs_peer_average,Team vs. Peer Average,0.15857469419351541,1.3717591692570252,3,Appreciation,2,Neutral,0.012521602609471938
team_vs_peer_average,Team vs. Peer Average,0.15857469419351541,1.3717591692570252,3,Appreciation,3,Appreciation,0.9874781961364982
team_vs_peer_average,Team vs. Peer Average,0.16321884164714326,1.4119336238589761,3,Appreciation,1,Aversion,1.5501998207703993e-07
team_vs_peer_average,Team vs. Peer Average,0.16321884164714326,1.4119336238589761,3,Appreciation,2,Neutral,0.011407224182656316
team_vs_peer_average,Team vs. Peer Average,0.16321884164714326,1.4119336238589761,3,Appreciation,3,Appreciation,0.9885926207973617
team_vs_peer_average,Team vs. Peer Average,0.1678629891007711,1.4521080784609273,3,Appreciation,1,Aversion,1.193952803004232e-07
team_vs_peer_average,Team vs. Peer Average,0.1678629891007711,1.4521080784609273,3,Appreciation,2,Neutral,0.010390977789723652
team_vs_peer_average,Team vs. Peer Average,0.1678629891007711,1.4521080784609273,3,Appreciation,3,Appreciation,0.9896089028149959
team_vs_peer_average,Team vs. Peer Average,0.17250713655439895,1.4922825330628784,3,Appreciation,1,Aversion,9.194896860817293e-08
team_vs_peer_average,Team vs. Peer Average,0.17250713655439895,1.4922825330628784,3,Appreciation,2,Neutral,0.009464399892358295
team_vs_peer_average,Team vs. Peer Average,0.17250713655439895,1.4922825330628784,3,Appreciation,3,Appreciation,0.990535508158673
team_vs_peer_average,Team vs. Peer Average,0.1771512840080268,1.5324569876648295,3,Appreciation,1,Aversion,7.080603957858846e-08
team_vs_peer_average,Team vs. Peer Average,0.1771512840080268,1.5324569876648295,3,Appreciation,2,Neutral,0.008619726499583572
team_vs_peer_average,Team vs. Peer Average,0.1771512840080268,1.5324569876648295,3,Appreciation,3,Appreciation,0.9913802026943768
team_vs_peer_average,Team vs. Peer Average,0.18179543146165464,1.5726314422667806,3,Appreciation,1,Aversion,5.452060820261587e-08
team_vs_peer_average,Team vs. Peer Average,0.18179543146165464,1.5726314422667806,3,Appreciation,2,Neutral,0.00784984058630624
team_vs_peer_average,Team vs. Peer Average,0.18179543146165464,1.5726314422667806,3,Appreciation,3,Appreciation,0.9921501048930855
team_vs_peer_average,Team vs. Peer Average,0.18643957891528248,1.6128058968687315,3,Appreciation,1,Aversion,4.197792395241163e-08
team_vs_peer_average,Team vs. Peer Average,0.18643957891528248,1.6128058968687315,3,Appreciation,2,Neutral,0.007148222537806606
team_vs_peer_average,Team vs. Peer Average,0.18643957891528248,1.6128058968687315,3,Appreciation,3,Appreciation,0.9928517354842694
team_vs_peer_average,Team vs. Peer Average,0.19108372636891027,1.6529803514706822,3,Appreciation,1,Aversion,3.231869159003949e-08
team_vs_peer_average,Team vs. Peer Average,0.19108372636891027,1.6529803514706822,3,Appreciation,2,Neutral,0.006508903622286039
team_vs_peer_average,Team vs. Peer Average,0.19108372636891027,1.6529803514706822,3,Appreciation,3,Appreciation,0.9934910640590224
team_vs_peer_average,Team vs. Peer Average,0.19572787382253812,1.6931548060726334,3,Appreciation,1,Aversion,2.4880641429713325e-08
team_vs_peer_average,Team vs. Peer Average,0.19572787382253812,1.6931548060726334,3,Appreciation,2,Neutral,0.005926422450737997
team_vs_peer_average,Team vs. Peer Average,0.19572787382253812,1.6931548060726334,3,Appreciation,3,Appreciation,0.9940735526686205
team_vs_peer_average,Team vs. Peer Average,0.20037202127616596,1.7333292606745845,3,Appreciation,1,Aversion,1.915343128717742e-08
team_vs_peer_average,Team vs. Peer Average,0.20037202127616596,1.7333292606745845,3,Appreciation,2,Neutral,0.005395784350683058
team_vs_peer_average,Team vs. Peer Average,0.20037202127616596,1.7333292606745845,3,Appreciation,3,Appreciation,0.9946041964958856
target_attainment,Target Attainment,0.0,-0.22999896369904238,1,Aversion,1,Aversion,0.36420275670980307
target_attainment,Target Attainment,0.0,-0.22999896369904238,1,Aversion,2,Neutral,0.6324910539364943
target_attainment,Target Attainment,0.0,-0.22999896369904238,1,Aversion,3,Appreciation,0.0033061893537025904
target_attainment,Target Attainment,0.0125,-0.17277590569211745,1,Aversion,1,Aversion,0.35573341806224634
target_attainment,Target Attainment,0.0125,-0.17277590569211745,1,Aversion,2,Neutral,0.6409882342398637
target_attainment,Target Attainment,0.0125,-0.17277590569211745,1,Aversion,3,Appreciation,0.0032783476978899147
target_attainment,Target Attainment,0.025,-0.11555284768519256,1,Aversion,1,Aversion,0.34735288466095854
target_attainment,Target Attainment,0.025,-0.11555284768519256,1,Aversion,2,Neutral,0.6493973866091486
target_attainment,Target Attainment,0.025,-0.11555284768519256,1,Aversion,3,Appreciation,0.0032497287298926996
target_attainment,Target Attainment,0.037500000000000006,-0.058329789678267616,1,Aversion,1,Aversion,0.33906535083232564
target_attainment,Target Attainment,0.037500000000000006,-0.058329789678267616,1,Aversion,2,Neutral,0.6577142814518848
target_attainment,Target Attainment,0.037500000000000006,-0.058329789678267616,1,Aversion,3,Appreciation,0.0032203677157896763
target_attainment,Target Attainment,0.05,-0.001106731671342716,1,Aversion,1,Aversion,0.330874794317929
target_attainment,Target Attainment,0.05,-0.001106731671342716,1,Aversion,2,Neutral,0.6659349051967313
target_attainment,Target Attainment,0.05,-0.001106731671342716,1,Aversion,3,Appreciation,0.003190300485339859
target_attainment,Target Attainment,0.0625,0.05611632633558219,1,Aversion,1,Aversion,0.3227849710271041
target_attainment,Target Attainment,0.0625,0.05611632633558219,1,Aversion,2,Neutral,0.6740554656479605
target_attainment,Target Attainment,0.0625,0.05611632633558219,1,Aversion,3,Appreciation,0.0031595633249355184
target_attainment,Target Attainment,0.07500000000000001,0.11333938434250715,1,Aversion,1,Aversion,0.314799410794557
target_attainment,Target Attainment,0.07500000000000001,0.11333938434250715,1,Aversion,2,Neutral,0.6820723963336898
target_attainment,Target Attainment,0.07500000000000001,0.11333938434250715,1,Aversion,3,Appreciation,0.003128192871753383
target_attainment,Target Attainment,0.08750000000000001,0.17056244234943205,1,Aversion,1,Aversion,0.30692141413252416
target_attainment,Target Attainment,0.08750000000000001,0.17056244234943205,1,Aversion,2,Neutral,0.6899823598578384
target_attainment,Target Attainment,0.08750000000000001,0.17056244234943205,1,Aversion,3,Appreciation,0.0030962260096373474
target_attainment,Target Attainment,0.1,0.22778550035635695,1,Aversion,1,Aversion,0.2991540499602549
target_attainment,Target Attainment,0.1,0.22778550035635695,1,Aversion,2,Neutral,0.6977822502725326
target_attainment,Target Attainment,0.1,0.22778550035635695,1,Aversion,3,Appreciation,0.003063699767212568
target_attainment,Target Attainment,0.1125,0.28500855836328187,1,Aversion,1,Aversion,0.29150015428732207
target_attainment,Target Attainment,0.1125,0.28500855836328187,1,Aversion,2,Neutral,0.7054691944939829
target_attainment,Target Attainment,0.1125,0.28500855836328187,1,Aversion,3,Appreciation,0.003030651218694944
target_attainment,Target Attainment,0.125,0.3422316163702067,1,Aversion,1,Aversion,0.2839623298215262
target_attainment,Target Attainment,0.125,0.3422316163702067,1,Aversion,2,Neutral,0.7130405527906526
target_attainment,Target Attainment,0.125,0.3422316163702067,1,Aversion,3,Appreciation,0.0029971173878211377
target_attainment,Target Attainment,0.1375,0.39945467437713167,1,Aversion,1,Aversion,0.27654294646692934
target_attainment,Target Attainment,0.1375,0.39945467437713167,1,Aversion,2,Neutral,0.7204939183777871
target_attainment,Target Attainment,0.1375,0.39945467437713167,1,Aversion,3,Appreciation,0.0029631351552836045
target_attainment,Target Attainment,0.15000000000000002,0.4566777323840567,1,Aversion,1,Aversion,0.2692441426729274
target_attainment,Target Attainment,0.15000000000000002,0.4566777323840567,1,Aversion,2,Neutral,0.7278271161570593
target_attainment,Target Attainment,0.15000000000000002,0.4566777323840567,1,Aversion,3,Appreciation,0.0029287411700131927
target_attainment,Target Attainment,0.1625,0.5139007903909815,1,Aversion,1,Aversion,0.2620678275912126
target_attainment,Target Attainment,0.1625,0.5139007903909815,1,Aversion,2,Neutral,0.7350382006441787
target_attainment,Target Attainment,0.1625,0.5139007903909815,1,Aversion,3,Appreciation,0.0028939717646086515
target_attainment,Target Attainment,0.17500000000000002,0.5711238483979064,1,Aversion,1,Aversion,0.25501568399403224
target_attainment,Target Attainment,0.17500000000000002,0.5711238483979064,1,Aversion,2,Neutral,0.7421254531307983
target_attainment,Target Attainment,0.17500000000000002,0.5711238483979064,1,Aversion,3,Appreciation,0.002858862875169446
target_attainment,Target Attainment,0.1875,0.6283469064048313,1,Aversion,1,Aversion,0.2480891719043033
target_attainment,Target Attainment,0.1875,0.6283469064048313,1,Aversion,2,Neutral,0.7490873781299517
target_attainment,Target Attainment,0.1875,0.6283469064048313,1,Aversion,3,Appreciation,0.002823449965744864
target_attainment,Target Attainment,0.2,0.6855699644117562,1,Aversion,1,Aversion,0.24128953288589386
target_attainment,Target Attainment,0.2,0.6855699644117562,1,Aversion,2,Neutral,0.7559226991565359
target_attainment,Target Attainment,0.2,0.6855699644117562,1,Aversion,3,Appreciation,0.0027877679575701473
target_attainment,Target Attainment,0.21250000000000002,0.7427930224186813,1,Aversion,1,Aversion,0.23461779494071308
target_attainment,Target Attainment,0.21250000000000002,0.7427930224186813,1,Aversion,2,Neutral,0.7626303538960681
target_attainment,Target Attainment,0.21250000000000002,0.7427930224186813,1,Aversion,3,Appreciation,0.002751851163218823
target_attainment,Target Attainment,0.225,0.8000160804256061,1,Aversion,1,Aversion,0.2280747779581434
target_attainment,Target Attainment,0.225,0.8000160804256061,1,Aversion,2,Neutral,0.7692094888160962
target_attainment,Target Attainment,0.225,0.8000160804256061,1,Aversion,3,Appreciation,0.00271573322576037
target_attainment,Target Attainment,0.23750000000000002,0.8572391384325311,1,Aversion,1,Aversion,0.22166109966177627
target_attainment,Target Attainment,0.23750000000000002,0.8572391384325311,1,Aversion,2,Neutral,0.7756594532752495
target_attainment,Target Attainment,0.23750000000000002,0.8572391384325311,1,Aversion,3,Appreciation,0.002679447062974253
target_attainment,Target Attainment,0.25,0.9144621964394559,1,Aversion,1,Aversion,0.215377181998342
target_attainment,Target Attainment,0.25,0.9144621964394559,1,Aversion,2,Neutral,0.7819797931850232
target_attainment,Target Attainment,0.25,0.9144621964394559,1,Aversion,3,Appreciation,0.002643024816634817
target_attainment,Target Attainment,0.2625,0.9716852544463809,1,Aversion,1,Aversion,0.20922325791411875
target_attainment,Target Attainment,0.2625,0.9716852544463809,1,Aversion,2,Neutral,0.7881702442790334
target_attainment,Target Attainment,0.2625,0.9716852544463809,1,Aversion,3,Appreciation,0.002606497806847934
target_attainment,Target Attainment,0.275,1.0289083124533058,1,Aversion,1,Aversion,0.20319937846493288
target_attainment,Target Attainment,0.275,1.0289083124533058,1,Aversion,2,Neutral,0.7942307250436788
target_attainment,Target Attainment,0.275,1.0289083124533058,1,Aversion,3,Appreciation,0.0025698964913883765
target_attainment,Target Attainment,0.28750000000000003,1.0861313704602307,1,Aversion,1,Aversion,0.1973054202070739
target_attainment,Target Attainment,0.28750000000000003,1.0861313704602307,1,Aversion,2,Neutral,0.8001613293629679
target_attainment,Target Attainment,0.28750000000000003,1.0861313704602307,1,Aversion,3,Appreciation,0.0025332504299583254
target_attainment,Target Attainment,0.30000000000000004,1.1433544284671557,1,Aversion,1,Aversion,0.19154109281800544
target_attainment,Target Attainment,0.30000000000000004,1.1433544284671557,1,Aversion,2,Neutral,0.8059623189287337
target_attainment,Target Attainment,0.30000000000000004,1.1433544284671557,1,Aversion,3,Appreciation,0.0024965882532608646
target_attainment,Target Attainment,0.3125,1.2005774864740804,1,Aversion,1,Aversion,0.18590594689761555
target_attainment,Target Attainment,0.3125,1.2005774864740804,1,Aversion,2,Neutral,0.8116341154656256
target_attainment,Target Attainment,0.3125,1.2005774864740804,1,Aversion,3,Appreciation,0.002459937636759001
target_attainment,Target Attainment,0.325,1.2578005444810054,1,Aversion,1,Aversion,0.18039938190286692
target_attainment,Target Attainment,0.325,1.2578005444810054,1,Aversion,2,Neutral,0.8171772928181632
target_attainment,Target Attainment,0.325,1.2578005444810054,1,Aversion,3,Appreciation,0.0024233252789699735
target_attainment,Target Attainment,0.3375,1.3150236024879305,1,Aversion,1,Aversion,0.17502065417104945
target_attainment,Target Attainment,0.3375,1.3150236024879305,1,Aversion,2,Neutral,0.822592568944824
target_attainment,Target Attainment,0.3375,1.3150236024879305,1,Aversion,3,Appreciation,0.002386776884126488
target_attainment,Target Attainment,0.35000000000000003,1.3722466604948553,1,Aversion,1,Aversion,0.16976888498934628
target_attainment,Target Attainment,0.35000000000000003,1.3722466604948553,1,Aversion,2,Neutral,0.8278807978616323
target_attainment,Target Attainment,0.35000000000000003,1.3722466604948553,1,Aversion,3,Appreciation,0.0023503171490213953
target_attainment,Target Attainment,0.36250000000000004,1.4294697185017804,1,Aversion,1,Aversion,0.16464306867107908
target_attainment,Target Attainment,0.36250000000000004,1.4294697185017804,1,Aversion,2,Neutral,0.8330429615750815
target_attainment,Target Attainment,0.36250000000000004,1.4294697185017804,1,Aversion,3,Appreciation,0.0023139697538394097
target_attainment,Target Attainment,0.375,1.486692776508705,1,Aversion,1,Aversion,0.15964208060174584
target_attainment,Target Attainment,0.375,1.486692776508705,1,Aversion,2,Neutral,0.8380801620414846
target_attainment,Target Attainment,0.375,1.486692776508705,1,Aversion,3,Appreciation,0.0022777573567694547
target_attainment,Target Attainment,0.3875,1.54391583451563,1,Aversion,1,Aversion,0.15476468522078074
target_attainment,Target Attainment,0.3875,1.54391583451563,1,Aversion,2,Neutral,0.8429936131870359
target_attainment,Target Attainment,0.3875,1.54391583451563,1,Aversion,3,Appreciation,0.002241701592183311
target_attainment,Target Attainment,0.4,1.601138892522555,1,Aversion,1,Aversion,0.15000954390780993
target_attainment,Target Attainment,0.4,1.601138892522555,1,Aversion,2,Neutral,0.8477846330200293
target_attainment,Target Attainment,0.4,1.601138892522555,1,Aversion,3,Appreciation,0.002205823072160677
target_attainment,Target Attainment,0.41250000000000003,1.65836195052948,1,Aversion,1,Aversion,0.14537522274502823
target_attainment,Target Attainment,0.41250000000000003,1.65836195052948,1,Aversion,2,Neutral,0.8524546358638343
target_attainment,Target Attainment,0.41250000000000003,1.65836195052948,1,Aversion,3,Appreciation,0.002170141391137451
target_attainment,Target Attainment,0.42500000000000004,1.7155850085364048,1,Aversion,1,Aversion,0.14086020013014552
target_attainment,Target Attainment,0.42500000000000004,1.7155850085364048,1,Aversion,2,Neutral,0.8570051247364022
target_attainment,Target Attainment,0.42500000000000004,1.7155850085364048,1,Aversion,3,Appreciation,0.002134675133452287
target_attainment,Target Attainment,0.4375,1.7728080665433297,1,Aversion,1,Aversion,0.1364628742171282
target_attainment,Target Attainment,0.4375,1.7728080665433297,1,Aversion,2,Neutral,0.8614376838993048
target_attainment,Target Attainment,0.4375,1.7728080665433297,1,Aversion,3,Appreciation,0.0020994418835670508
target_attainment,Target Attainment,0.45,1.8300311245502545,1,Aversion,1,Aversion,0.132181570164669
target_attainment,Target Attainment,0.45,1.8300311245502545,1,Aversion,2,Neutral,0.8657539715965926
target_attainment,Target Attainment,0.45,1.8300311245502545,1,Aversion,3,Appreciation,0.0020644582387384152
target_attainment,Target Attainment,0.4625,1.8872541825571796,1,Aversion,1,Aversion,0.12801454717494123
target_attainment,Target Attainment,0.4625,1.8872541825571796,1,Aversion,2,Neutral,0.8699557130011374
target_attainment,Target Attainment,0.4625,1.8872541825571796,1,Aversion,3,Appreciation,0.0020297398239213665
target_attainment,Target Attainment,0.47500000000000003,1.9444772405641044,1,Aversion,1,Aversion,0.12396000530770958
target_attainment,Target Attainment,0.47500000000000003,1.9444772405641044,1,Aversion,2,Neutral,0.8740446933836005
target_attainment,Target Attainment,0.47500000000000003,1.9444772405641044,1,Aversion,3,Appreciation,0.0019953013086899092
target_attainment,Target Attainment,0.48750000000000004,2.0017002985710293,1,Aversion,1,Aversion,0.12001609205727767
target_attainment,Target Attainment,0.48750000000000004,2.0017002985710293,1,Aversion,2,Neutral,0.8780227515167565
target_attainment,Target Attainment,0.48750000000000004,2.0017002985710293,1,Aversion,3,Appreciation,0.0019611564259659586
target_attainment,Target Attainment,0.5,2.0589233565779543,1,Aversion,1,Aversion,0.11618090868203179
target_attainment,Target Attainment,0.5,2.0589233565779543,1,Aversion,2,Neutral,0.8818917733256141
target_attainment,Target Attainment,0.5,2.0589233565779543,1,Aversion,3,Appreciation,0.0019273179923542027
target_attainment,Target Attainment,0.5125000000000001,2.1161464145848794,1,Aversion,1,Aversion,0.1124525162784881
target_attainment,Target Attainment,0.5125000000000001,2.1161464145848794,1,Aversion,2,Neutral,0.8856536857916238
target_attainment,Target Attainment,0.5125000000000001,2.1161464145848794,1,Aversion,3,Appreciation,0.001893797929888027
target_attainment,Target Attainment,0.525,2.173369472591804,1,Aversion,1,Aversion,0.10882894159376398
target_attainment,Target Attainment,0.525,2.173369472591804,1,Aversion,2,Neutral,0.8893104511172361
target_attainment,Target Attainment,0.525,2.173369472591804,1,Aversion,3,Appreciation,0.0018606072889999388
target_attainment,Target Attainment,0.5375,2.2305925305987286,1,Aversion,1,Aversion,0.10530818257226374
target_attainment,Target Attainment,0.5375,2.2305925305987286,1,Aversion,2,Neutral,0.8928640611551979
target_attainment,Target Attainment,0.5375,2.2305925305987286,1,Aversion,3,Appreciation,0.0018277562725383936
target_attainment,Target Attainment,0.55,2.287815588605654,1,Aversion,1,Aversion,0.101888213634098
target_attainment,Target Attainment,0.55,2.287815588605654,1,Aversion,2,Neutral,0.8963165321052398
target_attainment,Target Attainment,0.55,2.287815588605654,1,Aversion,3,Appreciation,0.001795254260662182
target_attainment,Target Attainment,0.5625,2.3450386466125788,1,Aversion,1,Aversion,0.09856699068434335
target_attainment,Target Attainment,0.5625,2.3450386466125788,1,Aversion,2,Neutral,0.899669899479204
target_attainment,Target Attainment,0.5625,2.3450386466125788,1,Aversion,3,Appreciation,0.0017631098364527806
target_attainment,Target Attainment,0.5750000000000001,2.402261704619504,1,Aversion,1,Aversion,0.09534245585369337
target_attainment,Target Attainment,0.5750000000000001,2.402261704619504,1,Aversion,2,Neutral,0.902926213334212
target_attainment,Target Attainment,0.5750000000000001,2.402261704619504,1,Aversion,3,Appreciation,0.0017313308120946217
target_attainment,Target Attainment,0.5875,2.459484762626429,1,Aversion,1,Aversion,0.09221254197236256
target_attainment,Target Attainment,0.5875,2.459484762626429,1,Aversion,2,Neutral,0.9060875337721546
target_attainment,Target Attainment,0.5875,2.459484762626429,1,Aversion,3,Appreciation,0.0016999242554829482
target_attainment,Target Attainment,0.6000000000000001,2.516707820633354,1,Aversion,1,Aversion,0.08917517678027588
target_attainment,Target Attainment,0.6000000000000001,2.516707820633354,1,Aversion,2,Neutral,0.9091559267025958
target_attainment,Target Attainment,0.6000000000000001,2.516707820633354,1,Aversion,3,Appreciation,0.0016688965171283872
target_attainment,Target Attainment,0.6125,2.5739308786402786,1,Aversion,1,Aversion,0.08622828687762352
target_attainment,Target Attainment,0.6125,2.5739308786402786,1,Aversion,2,Neutral,0.9121334598651395
target_attainment,Target Attainment,0.6125,2.5739308786402786,1,Aversion,3,Appreciation,0.0016382532572371128
target_attainment,Target Attainment,0.625,2.631153936647203,1,Aversion,1,Aversion,0.08336980142077753
target_attainment,Target Attainment,0.625,2.631153936647203,1,Aversion,2,Neutral,0.9150221991063678
target_attainment,Target Attainment,0.625,2.631153936647203,1,Aversion,3,Appreciation,0.001607999472854676
target_attainment,Target Attainment,0.6375000000000001,2.6883769946541287,1,Aversion,1,Aversion,0.08059765556937235
target_attainment,Target Attainment,0.6375000000000001,2.6883769946541287,1,Aversion,2,Neutral,0.9178242049056566
target_attainment,Target Attainment,0.6375000000000001,2.6883769946541287,1,Aversion,3,Appreciation,0.001578139524970948
target_attainment,Target Attainment,0.65,2.7456000526610533,1,Aversion,1,Aversion,0.07790979369103657
target_attainment,Target Attainment,0.65,2.7456000526610533,1,Aversion,2,Neutral,0.920541529143471
target_attainment,Target Attainment,0.65,2.7456000526610533,1,Aversion,3,Appreciation,0.0015486771654924737
target_attainment,Target Attainment,0.6625000000000001,2.8028231106679784,1,Aversion,1,Aversion,0.0753041723308508
target_attainment,Target Attainment,0.6625000000000001,2.8028231106679784,1,Aversion,2,Neutral,0.9231762121051521
target_attainment,Target Attainment,0.6625000000000001,2.8028231106679784,1,Aversion,3,Appreciation,0.0015196155639971979
target_attainment,Target Attainment,0.675,2.860046168674903,1,Aversion,1,Aversion,0.07277876295309073
target_attainment,Target Attainment,0.675,2.860046168674903,1,Aversion,2,Neutral,0.9257302797127143
target_attainment,Target Attainment,0.675,2.860046168674903,1,Aversion,3,Appreciation,0.0014909573341949462
target_attainment,Target Attainment,0.6875,2.917269226681828,1,Aversion,1,Aversion,0.07033155446320732
target_attainment,Target Attainment,0.6875,2.917269226681828,1,Aversion,2,Neutral,0.9282057409767677
target_attainment,Target Attainment,0.6875,2.917269226681828,1,Aversion,3,Appreciation,0.0014627045600248793
target_attainment,Target Attainment,0.7000000000000001,2.974492284688753,1,Aversion,1,Aversion,0.06796055551830762
target_attainment,Target Attainment,0.7000000000000001,2.974492284688753,1,Aversion,2,Neutral,0.9306045856603635
target_attainment,Target Attainment,0.7000000000000001,2.974492284688753,1,Aversion,3,Appreciation,0.0014348588213289137
target_attainment,Target Attainment,0.7125,3.0317153426956778,1,Aversion,1,Aversion,0.0656637966346284
target_attainment,Target Attainment,0.7125,3.0317153426956778,1,Aversion,2,Neutral,0.9329287821463246
target_attainment,Target Attainment,0.7125,3.0317153426956778,1,Aversion,3,Appreciation,0.0014074212190471585
target_attainment,Target Attainment,0.7250000000000001,3.088938400702603,1,Aversion,1,Aversion,0.06343933210065629
target_attainment,Target Attainment,0.7250000000000001,3.088938400702603,1,Aversion,2,Neutral,0.9351802754994553
target_attainment,Target Attainment,0.7250000000000001,3.088938400702603,1,Aversion,3,Appreciation,0.0013803923998883887
target_attainment,Target Attainment,0.7375,3.146161458709528,1,Aversion,1,Aversion,0.06128524170464401
target_attainment,Target Attainment,0.7375,3.146161458709528,1,Aversion,2,Neutral,0.9373609857149212
target_attainment,Target Attainment,0.7375,3.146161458709528,1,Aversion,3,Appreciation,0.0013537725804348953
target_attainment,Target Attainment,0.75,3.2033845167164525,1,Aversion,1,Aversion,0.059199632285307384
target_attainment,Target Attainment,0.75,3.2033845167164525,1,Aversion,2,Neutral,0.9394728061440456
target_attainment,Target Attainment,0.75,3.2033845167164525,1,Aversion,3,Appreciation,0.0013275615706470907
target_attainment,Target Attainment,0.7625000000000001,3.2606075747233776,1,Aversion,1,Aversion,0.057180639114476045
target_attainment,Target Attainment,0.7625000000000001,3.2606075747233776,1,Aversion,2,Neutral,0.9415176020887851
target_attainment,Target Attainment,0.7625000000000001,3.2606075747233776,1,Aversion,3,Appreciation,0.0013017587967389282
target_attainment,Target Attainment,0.775,3.317830632730302,1,Aversion,1,Aversion,0.05522642712040657
target_attainment,Target Attainment,0.775,3.317830632730302,1,Aversion,2,Neutral,0.9434972095561932
target_attainment,Target Attainment,0.775,3.317830632730302,1,Aversion,3,Appreciation,0.0012763633234002905
target_attainment,Target Attainment,0.7875000000000001,3.3750536907372277,1,Aversion,1,Aversion,0.053335191960366214
target_attainment,Target Attainment,0.7875000000000001,3.3750536907372277,1,Aversion,2,Neutral,0.9454134341642862
target_attainment,Target Attainment,0.7875000000000001,3.3750536907372277,1,Aversion,3,Appreciation,0.0012513738753474738
target_attainment,Target Attainment,0.8,3.4322767487441523,1,Aversion,1,Aversion,0.051505160950956974
target_attainment,Target Attainment,0.8,3.4322767487441523,1,Aversion,2,Neutral,0.9472680501908558
target_attainment,Target Attainment,0.8,3.4322767487441523,1,Aversion,3,Appreciation,0.0012267888581872224
target_attainment,Target Attainment,0.8125,3.489499806751077,1,Aversion,1,Aversion,0.04973459386448058
target_attainment,Target Attainment,0.8125,3.489499806751077,1,Aversion,2,Neutral,0.9490627997569353
target_attainment,Target Attainment,0.8125,3.489499806751077,1,Aversion,3,Appreciation,0.0012026063785839478
target_attainment,Target Attainment,0.8250000000000001,3.5467228647580025,1,Aversion,1,Aversion,0.0480217835994502
target_attainment,Target Attainment,0.8250000000000001,3.5467228647580025,1,Aversion,2,Neutral,0.9507993921368264
target_attainment,Target Attainment,0.8250000000000001,3.5467228647580025,1,Aversion,3,Appreciation,0.0011788242637234619
target_attainment,Target Attainment,0.8375,3.603945922764927,1,Aversion,1,Aversion,0.04636505673313588
target_attainment,Target Attainment,0.8375,3.603945922764927,1,Aversion,2,Neutral,0.9524795031867942
target_attainment,Target Attainment,0.8375,3.603945922764927,1,Aversion,3,Appreciation,0.0011554400800699387
target_attainment,Target Attainment,0.8500000000000001,3.661168980771852,1,Aversion,1,Aversion,0.0447627739637962
target_attainment,Target Attainment,0.8500000000000001,3.661168980771852,1,Aversion,2,Neutral,0.954104774884788
target_attainment,Target Attainment,0.8500000000000001,3.661168980771852,1,Aversion,3,Appreciation,0.0011324511514159475
target_attainment,Target Attainment,0.8625,3.7183920387787768,1,Aversion,1,Aversion,0.04321333044999637
target_attainment,Target Attainment,0.8625,3.7183920387787768,1,Aversion,2,Neutral,0.9556768149737754
target_attainment,Target Attainment,0.8625,3.7183920387787768,1,Aversion,3,Appreciation,0.0011098545762281086
target_attainment,Target Attainment,0.875,3.775615096785702,1,Aversion,1,Aversion,0.041715156054150535
target_attainment,Target Attainment,0.875,3.775615096785702,1,Aversion,2,Neutral,0.957197196701556
target_attainment,Target Attainment,0.875,3.775615096785702,1,Aversion,3,Appreciation,0.0010876472442934713
target_attainment,Target Attainment,0.8875000000000001,3.832838154792627,1,Aversion,1,Aversion,0.04026671549715477
target_attainment,Target Attainment,0.8875000000000001,3.832838154792627,1,Aversion,2,Neutral,0.9586674586501712
target_attainment,Target Attainment,0.8875000000000001,3.832838154792627,1,Aversion,3,Appreciation,0.001065825852673843
target_attainment,Target Attainment,0.9,3.8900612127995515,1,Aversion,1,Aversion,0.038866508430699
target_attainment,Target Attainment,0.9,3.8900612127995515,1,Aversion,2,Neutral,0.9600891046483236
target_attainment,Target Attainment,0.9,3.8900612127995515,1,Aversion,3,Appreciation,0.0010443869209773439
target_attainment,Target Attainment,0.9125000000000001,3.9472842708064766,1,Aversion,1,Aversion,0.03751306943356488
target_attainment,Target Attainment,0.9125000000000001,3.9472842708064766,1,Aversion,2,Neutral,0.961463603760477
target_attainment,Target Attainment,0.9125000000000001,3.9472842708064766,1,Aversion,3,Appreciation,0.0010233268059580943
target_attainment,Target Attainment,0.925,4.004507328813402,1,Aversion,1,Aversion,0.03620496793793321
target_attainment,Target Attainment,0.925,4.004507328813402,1,Aversion,2,Neutral,0.9627923903466105
target_attainment,Target Attainment,0.925,4.004507328813402,1,Aversion,3,Appreciation,0.0010026417154564867
target_attainment,Target Attainment,0.9375,4.061730386820326,1,Aversion,1,Aversion,0.034940808091440206
target_attainment,Target Attainment,0.9375,4.061730386820326,1,Aversion,2,Neutral,0.9640768641868661
target_attainment,Target Attainment,0.9375,4.061730386820326,1,Aversion,3,Appreciation,0.000982327721693757
target_attainment,Target Attainment,0.9500000000000001,4.118953444827252,1,Aversion,1,Aversion,0.0337192285604422
target_attainment,Target Attainment,0.9500000000000001,4.118953444827252,1,Aversion,2,Neutral,0.9653183906656223
target_attainment,Target Attainment,0.9500000000000001,4.118953444827252,1,Aversion,3,Appreciation,0.0009623807739356474
target_attainment,Target Attainment,0.9625,4.176176502834176,1,Aversion,1,Aversion,0.0325389022796684
target_attainment,Target Attainment,0.9625,4.176176502834176,1,Aversion,2,Neutral,0.9665183010097907
target_attainment,Target Attainment,0.9625,4.176176502834176,1,Aversion,3,Appreciation,0.0009427967105409249
target_attainment,Target Attainment,0.9750000000000001,4.233399560841101,1,Aversion,1,Aversion,0.03139853615316717
target_attainment,Target Attainment,0.9750000000000001,4.233399560841101,1,Aversion,2,Neutral,0.9676778925764217
target_attainment,Target Attainment,0.9750000000000001,4.233399560841101,1,Aversion,3,Appreciation,0.0009235712704111811
target_attainment,Target Attainment,0.9875,4.290622618848026,1,Aversion,1,Aversion,0.03029687071118436
target_attainment,Target Attainment,0.9875,4.290622618848026,1,Aversion,2,Neutral,0.9687984291849567
target_attainment,Target Attainment,0.9875,4.290622618848026,1,Aversion,3,Appreciation,0.0009047001038590528
target_attainment,Target Attainment,1.0,4.347845676854951,1,Aversion,1,Aversion,0.02923267972734759
target_attainment,Target Attainment,1.0,4.347845676854951,1,Aversion,2,Neutral,0.9698811414897399
target_attainment,Target Attainment,1.0,4.347845676854951,1,Aversion,3,Appreciation,0.0008861787829123703
target_attainment,Target Attainment,0.0,-0.22999896369904238,2,Neutral,1,Aversion,0.07831615407646385
target_attainment,Target Attainment,0.0,-0.22999896369904238,2,Neutral,2,Neutral,0.8965353871625871
target_attainment,Target Attainment,0.0,-0.22999896369904238,2,Neutral,3,Appreciation,0.025148458760949
target_attainment,Target Attainment,0.0125,-0.17277590569211745,2,Neutral,1,Aversion,0.07578213676153502
target_attainment,Target Attainment,0.0125,-0.17277590569211745,2,Neutral,2,Neutral,0.8989425204149266
target_attainment,Target Attainment,0.0125,-0.17277590569211745,2,Neutral,3,Appreciation,0.025275342823538386
target_attainment,Target Attainment,0.025,-0.11555284768519256,2,Neutral,1,Aversion,0.07332357802747082
target_attainment,Target Attainment,0.025,-0.11555284768519256,2,Neutral,2,Neutral,0.9012758179586886
target_attainment,Target Attainment,0.025,-0.11555284768519256,2,Neutral,3,Appreciation,0.02540060401384052
target_attainment,Target Attainment,0.037500000000000006,-0.058329789678267616,2,Neutral,1,Aversion,0.07093864912999064
target_attainment,Target Attainment,0.037500000000000006,-0.058329789678267616,2,Neutral,2,Neutral,0.9035370711758322
target_attainment,Target Attainment,0.037500000000000006,-0.058329789678267616,2,Neutral,3,Appreciation,0.025524279694177147
target_attainment,Target Attainment,0.05,-0.001106731671342716,2,Neutral,1,Aversion,0.06862553852134869
target_attainment,Target Attainment,0.05,-0.001106731671342716,2,Neutral,2,Neutral,0.9057280543250018
target_attainment,Target Attainment,0.05,-0.001106731671342716,2,Neutral,3,Appreciation,0.02564640715364954
target_attainment,Target Attainment,0.0625,0.05611632633558219,2,Neutral,1,Aversion,0.0663824536610684
target_attainment,Target Attainment,0.0625,0.05611632633558219,2,Neutral,2,Neutral,0.9078505227838424
target_attainment,Target Attainment,0.0625,0.05611632633558219,2,Neutral,3,Appreciation,0.025767023555089086
target_attainment,Target Attainment,0.07500000000000001,0.11333938434250715,2,Neutral,1,Aversion,0.06420762266569632
target_attainment,Target Attainment,0.07500000000000001,0.11333938434250715,2,Neutral,2,Neutral,0.9099062114485549
target_attainment,Target Attainment,0.07500000000000001,0.11333938434250715,2,Neutral,3,Appreciation,0.025886165885748845
target_attainment,Target Attainment,0.08750000000000001,0.17056244234943205,2,Neutral,1,Aversion,0.06209929580455551
target_attainment,Target Attainment,0.08750000000000001,0.17056244234943205,2,Neutral,2,Neutral,0.9118968332838367
target_attainment,Target Attainment,0.08750000000000001,0.17056244234943205,2,Neutral,3,Appreciation,0.026003870911607798
target_attainment,Target Attainment,0.1,0.22778550035635695,2,Neutral,1,Aversion,0.060055746848514405
target_attainment,Target Attainment,0.1,0.22778550035635695,2,Neutral,2,Neutral,0.9138240780163289
target_attainment,Target Attainment,0.1,0.22778550035635695,2,Neutral,3,Appreciation,0.026120175135156697
target_attainment,Target Attainment,0.1125,0.28500855836328187,2,Neutral,1,Aversion,0.058075274278778295
target_attainment,Target Attainment,0.1125,0.28500855836328187,2,Neutral,2,Neutral,0.9156896109646908
target_attainment,Target Attainment,0.1125,0.28500855836328187,2,Neutral,3,Appreciation,0.02623511475653089
target_attainment,Target Attainment,0.125,0.3422316163702067,2,Neutral,1,Aversion,0.056156202362671305
target_attainment,Target Attainment,0.125,0.3422316163702067,2,Neutral,2,Neutral,0.9174950719994747
target_attainment,Target Attainment,0.125,0.3422316163702067,2,Neutral,3,Appreciation,0.02634872563785406
target_attainment,Target Attainment,0.1375,0.39945467437713167,2,Neutral,1,Aversion,0.054296882103302656
target_attainment,Target Attainment,0.1375,0.39945467437713167,2,Neutral,2,Neutral,0.919242074626042
target_attainment,Target Attainment,0.1375,0.39945467437713167,2,Neutral,3,Appreciation,0.02646104327065538
target_attainment,Target Attainment,0.15000000000000002,0.4566777323840567,2,Neutral,1,Aversion,0.052495692069911656
target_attainment,Target Attainment,0.15000000000000002,0.4566777323840567,2,Neutral,2,Neutral,0.9209322051838654
target_attainment,Target Attainment,0.15000000000000002,0.4566777323840567,2,Neutral,3,Appreciation,0.026572102746222986
target_attainment,Target Attainment,0.1625,0.5139007903909815,2,Neutral,1,Aversion,0.050751039115560385
target_attainment,Target Attainment,0.1625,0.5139007903909815,2,Neutral,2,Neutral,0.9225670221556831
target_attainment,Target Attainment,0.1625,0.5139007903909815,2,Neutral,3,Appreciation,0.02668193872875645
target_attainment,Target Attainment,0.17500000000000002,0.5711238483979064,2,Neutral,1,Aversion,0.049061358988699184
target_attainment,Target Attainment,0.17500000000000002,0.5711238483979064,2,Neutral,2,Neutral,0.9241480555801179
target_attainment,Target Attainment,0.17500000000000002,0.5711238483979064,2,Neutral,3,Appreciation,0.026790585431182783
target_attainment,Target Attainment,0.1875,0.6283469064048313,2,Neutral,1,Aversion,0.04742511684496568
target_attainment,Target Attainment,0.1875,0.6283469064048313,2,Neutral,2,Neutral,0.925676806561533
target_attainment,Target Attainment,0.1875,0.6283469064048313,2,Neutral,3,Appreciation,0.026898076593501456
target_attainment,Target Attainment,0.2,0.6855699644117562,2,Neutral,1,Aversion,0.04584080766540232
target_attainment,Target Attainment,0.2,0.6855699644117562,2,Neutral,2,Neutral,0.9271547468710709
target_attainment,Target Attainment,0.2,0.6855699644117562,2,Neutral,3,Appreciation,0.027004445463526688
target_attainment,Target Attainment,0.21250000000000002,0.7427930224186813,2,Neutral,1,Aversion,0.04430695658708647
target_attainment,Target Attainment,0.21250000000000002,0.7427930224186813,2,Neutral,2,Neutral,0.928583318633016
target_attainment,Target Attainment,0.21250000000000002,0.7427930224186813,2,Neutral,3,Appreciation,0.027109724779897475
target_attainment,Target Attainment,0.225,0.8000160804256061,2,Neutral,1,Aversion,0.04282211915196778
target_attainment,Target Attainment,0.225,0.8000160804256061,2,Neutral,2,Neutral,0.9299639340908036
target_attainment,Target Attainment,0.225,0.8000160804256061,2,Neutral,3,Appreciation,0.027213946757228706
target_attainment,Target Attainment,0.23750000000000002,0.8572391384325311,2,Neutral,1,Aversion,0.041384881479501014
target_attainment,Target Attainment,0.23750000000000002,0.8572391384325311,2,Neutral,2,Neutral,0.9312979754472186
target_attainment,Target Attainment,0.23750000000000002,0.8572391384325311,2,Neutral,3,Appreciation,0.02731714307328029
target_attainment,Target Attainment,0.25,0.9144621964394559,2,Neutral,1,Aversion,0.03999386036845021
target_attainment,Target Attainment,0.25,0.9144621964394559,2,Neutral,2,Neutral,0.9325867947735254
target_attainment,Target Attainment,0.25,0.9144621964394559,2,Neutral,3,Appreciation,0.027419344858024337
target_attainment,Target Attainment,0.2625,0.9716852544463809,2,Neutral,1,Aversion,0.03864770333302265
target_attainment,Target Attainment,0.2625,0.9716852544463809,2,Neutral,2,Neutral,0.9338317139824831
target_attainment,Target Attainment,0.2625,0.9716852544463809,2,Neutral,3,Appreciation,0.027520582684494338
target_attainment,Target Attainment,0.275,1.0289083124533058,2,Neutral,1,Aversion,0.03734508857827372
target_attainment,Target Attainment,0.275,1.0289083124533058,2,Neutral,2,Neutral,0.9350340248604223
target_attainment,Target Attainment,0.275,1.0289083124533058,2,Neutral,3,Appreciation,0.02762088656130393
target_attainment,Target Attainment,0.28750000000000003,1.0861313704602307,2,Neutral,1,Aversion,0.03608472491950448
target_attainment,Target Attainment,0.28750000000000003,1.0861313704602307,2,Neutral,2,Neutral,0.9361949891537682
target_attainment,Target Attainment,0.28750000000000003,1.0861313704602307,2,Neutral,3,Appreciation,0.027720285926727248
target_attainment,Target Attainment,0.30000000000000004,1.1433544284671557,2,Neutral,1,Aversion,0.03486535165015449
target_attainment,Target Attainment,0.30000000000000004,1.1433544284671557,2,Neutral,2,Neutral,0.9373158387056093
target_attainment,Target Attainment,0.30000000000000004,1.1433544284671557,2,Neutral,3,Appreciation,0.027818809644236196
target_attainment,Target Attainment,0.3125,1.2005774864740804,2,Neutral,1,Aversion,0.03368573836247665
target_attainment,Target Attainment,0.3125,1.2005774864740804,2,Neutral,2,Neutral,0.9383977756381284
target_attainment,Target Attainment,0.3125,1.2005774864740804,2,Neutral,3,Appreciation,0.027916485999394905
target_attainment,Target Attainment,0.325,1.2578005444810054,2,Neutral,1,Aversion,0.03254468472506552
target_attainment,Target Attainment,0.325,1.2578005444810054,2,Neutral,2,Neutral,0.9394419725769192
target_attainment,Target Attainment,0.325,1.2578005444810054,2,Neutral,3,Appreciation,0.028013342698015174
target_attainment,Target Attainment,0.3375,1.3150236024879305,2,Neutral,1,Aversion,0.031441020221100846
target_attainment,Target Attainment,0.3375,1.3150236024879305,2,Neutral,2,Neutral,0.9404495729134179
target_attainment,Target Attainment,0.3375,1.3150236024879305,2,Neutral,3,Appreciation,0.028109406865481176
target_attainment,Target Attainment,0.35000000000000003,1.3722466604948553,2,Neutral,1,Aversion,0.030373603850960804
target_attainment,Target Attainment,0.35000000000000003,1.3722466604948553,2,Neutral,2,Neutral,0.9414216911018838
target_attainment,Target Attainment,0.35000000000000003,1.3722466604948553,2,Neutral,3,Appreciation,0.028204705047155585
target_attainment,Target Attainment,0.36250000000000004,1.4294697185017804,2,Neutral,1,Aversion,0.029341323802658442
target_attainment,Target Attainment,0.36250000000000004,1.4294697185017804,2,Neutral,2,Neutral,0.9423594129875578
target_attainment,Target Attainment,0.36250000000000004,1.4294697185017804,2,Neutral,3,Appreciation,0.02829926320978387
target_attainment,Target Attainment,0.375,1.486692776508705,2,Neutral,1,Aversion,0.028343097093358364
target_attainment,Target Attainment,0.375,1.486692776508705,2,Neutral,2,Neutral,0.9432637961628247
target_attainment,Target Attainment,0.375,1.486692776508705,2,Neutral,3,Appreciation,0.028393106743816864
target_attainment,Target Attainment,0.3875,1.54391583451563,2,Neutral,1,Aversion,0.02737786918504002
target_attainment,Target Attainment,0.3875,1.54391583451563,2,Neutral,2,Neutral,0.9441358703483839
target_attainment,Target Attainment,0.3875,1.54391583451563,2,Neutral,3,Appreciation,0.02848626046657614
target_attainment,Target Attainment,0.4,1.601138892522555,2,Neutral,1,Aversion,0.026444613577190294
target_attainment,Target Attainment,0.4,1.601138892522555,2,Neutral,2,Neutral,0.944976637796619
target_attainment,Target Attainment,0.4,1.601138892522555,2,Neutral,3,Appreciation,0.028578748626190694
target_attainment,Target Attainment,0.41250000000000003,1.65836195052948,2,Neutral,1,Aversion,0.025542331379229285
target_attainment,Target Attainment,0.41250000000000003,1.65836195052948,2,Neutral,2,Neutral,0.945787073714534
target_attainment,Target Attainment,0.41250000000000003,1.65836195052948,2,Neutral,3,Appreciation,0.028670594906236774
target_attainment,Target Attainment,0.42500000000000004,1.7155850085364048,2,Neutral,1,Aversion,0.024670050865202676
target_attainment,Target Attainment,0.42500000000000004,1.7155850085364048,2,Neutral,2,Neutral,0.9465681267037803
target_attainment,Target Attainment,0.42500000000000004,1.7155850085364048,2,Neutral,3,Appreciation,0.02876182243101697
target_attainment,Target Attainment,0.4375,1.7728080665433297,2,Neutral,1,Aversion,0.02382682701310865
target_attainment,Target Attainment,0.4375,1.7728080665433297,2,Neutral,2,Neutral,0.9473207192154737
target_attainment,Target Attainment,0.4375,1.7728080665433297,2,Neutral,3,Appreciation,0.028852453771417687
target_attainment,Target Attainment,0.45,1.8300311245502545,2,Neutral,1,Aversion,0.023011741031070013
target_attainment,Target Attainment,0.45,1.8300311245502545,2,Neutral,2,Neutral,0.9480457480176419
target_attainment,Target Attainment,0.45,1.8300311245502545,2,Neutral,3,Appreciation,0.02894251095128822
target_attainment,Target Attainment,0.4625,1.8872541825571796,2,Neutral,1,Aversion,0.022223899872410517
target_attainment,Target Attainment,0.4625,1.8872541825571796,2,Neutral,2,Neutral,0.9487440846733021
target_attainment,Target Attainment,0.4625,1.8872541825571796,2,Neutral,3,Appreciation,0.029032015454287345
target_attainment,Target Attainment,0.47500000000000003,1.9444772405641044,2,Neutral,1,Aversion,0.021462435741550774
target_attainment,Target Attainment,0.47500000000000003,1.9444772405641044,2,Neutral,2,Neutral,0.9494165760273021
target_attainment,Target Attainment,0.47500000000000003,1.9444772405641044,2,Neutral,3,Appreciation,0.029120988231147293
target_attainment,Target Attainment,0.48750000000000004,2.0017002985710293,2,Neutral,1,Aversion,0.02072650559250056
target_attainment,Target Attainment,0.48750000000000004,2.0017002985710293,2,Neutral,2,Neutral,0.950064044700192
target_attainment,Target Attainment,0.48750000000000004,2.0017002985710293,2,Neutral,3,Appreciation,0.029209449707307333
target_attainment,Target Attainment,0.5,2.0589233565779543,2,Neutral,1,Aversion,0.020015290621594576
target_attainment,Target Attainment,0.5,2.0589233565779543,2,Neutral,2,Neutral,0.9506872895875325
target_attainment,Target Attainment,0.5,2.0589233565779543,2,Neutral,3,Appreciation,0.029297419790872973
target_attainment,Target Attainment,0.5125000000000001,2.1161464145848794,2,Neutral,1,Aversion,0.019327995755993147
target_attainment,Target Attainment,0.5125000000000001,2.1161464145848794,2,Neutral,2,Neutral,0.9512870863631478
target_attainment,Target Attainment,0.5125000000000001,2.1161464145848794,2,Neutral,3,Appreciation,0.02938491788085881
target_attainment,Target Attainment,0.525,2.173369472591804,2,Neutral,1,Aversion,0.0186638491393523
target_attainment,Target Attainment,0.525,2.173369472591804,2,Neutral,2,Neutral,0.951864187984971
target_attainment,Target Attainment,0.525,2.173369472591804,2,Neutral,3,Appreciation,0.029471962875676726
target_attainment,Target Attainment,0.5375,2.2305925305987286,2,Neutral,1,Aversion,0.018022101615955285
target_attainment,Target Attainment,0.5375,2.2305925305987286,2,Neutral,2,Neutral,0.9524193252022118
target_attainment,Target Attainment,0.5375,2.2305925305987286,2,Neutral,3,Appreciation,0.029558573181832894
target_attainment,Target Attainment,0.55,2.287815588605654,2,Neutral,1,Aversion,0.017402026214492307
target_attainment,Target Attainment,0.55,2.287815588605654,2,Neutral,2,Neutral,0.9529532070627077
target_attainment,Target Attainment,0.55,2.287815588605654,2,Neutral,3,Appreciation,0.029644766722800007
target_attainment,Target Attainment,0.5625,2.3450386466125788,2,Neutral,1,Aversion,0.016802917632575406
target_attainment,Target Attainment,0.5625,2.3450386466125788,2,Neutral,2,Neutral,0.9534665214193908
target_attainment,Target Attainment,0.5625,2.3450386466125788,2,Neutral,3,Appreciation,0.029730560948033693
target_attainment,Target Attainment,0.5750000000000001,2.402261704619504,2,Neutral,1,Aversion,0.016224091722981095
target_attainment,Target Attainment,0.5750000000000001,2.402261704619504,2,Neutral,2,Neutral,0.9539599354349153
target_attainment,Target Attainment,0.5750000000000001,2.402261704619504,2,Neutral,3,Appreciation,0.029815972842103612
target_attainment,Target Attainment,0.5875,2.459484762626429,2,Neutral,1,Aversion,0.015664884982525544
target_attainment,Target Attainment,0.5875,2.459484762626429,2,Neutral,2,Neutral,0.9544340960835616
target_attainment,Target Attainment,0.5875,2.459484762626429,2,Neutral,3,Appreciation,0.029901018933912893
target_attainment,Target Attainment,0.6000000000000001,2.516707820633354,2,Neutral,1,Aversion,0.01512465404439304
target_attainment,Target Attainment,0.6000000000000001,2.516707820633354,2,Neutral,2,Neutral,0.9548896306496263
target_attainment,Target Attainment,0.6000000000000001,2.516707820633354,2,Neutral,3,Appreciation,0.029985715305980525
target_attainment,Target Attainment,0.6125,2.5739308786402786,2,Neutral,1,Aversion,0.014602775174660966
target_attainment,Target Attainment,0.6125,2.5739308786402786,2,Neutral,2,Neutral,0.9553271472215746
target_attainment,Target Attainment,0.6125,2.5739308786402786,2,Neutral,3,Appreciation,0.030070077603764317
target_attainment,Target Attainment,0.625,2.631153936647203,2,Neutral,1,Aversion,0.014098643773691046
target_attainment,Target Attainment,0.625,2.631153936647203,2,Neutral,2,Neutral,0.9557472351813062
target_attainment,Target Attainment,0.625,2.631153936647203,2,Neutral,3,Appreciation,0.03015412104500273
target_attainment,Target Attainment,0.6375000000000001,2.6883769946541287,2,Neutral,1,Aversion,0.013611673882988189
target_attainment,Target Attainment,0.6375000000000001,2.6883769946541287,2,Neutral,2,Neutral,0.956150465687955
target_attainment,Target Attainment,0.6375000000000001,2.6883769946541287,2,Neutral,3,Appreciation,0.03023786042905673
target_attainment,Target Attainment,0.65,2.7456000526610533,2,Neutral,1,Aversion,0.013141297698064217
target_attainment,Target Attainment,0.65,2.7456000526610533,2,Neutral,2,Neutral,0.9565373921557023
target_attainment,Target Attainment,0.65,2.7456000526610533,2,Neutral,3,Appreciation,0.03032131014623357
target_attainment,Target Attainment,0.6625000000000001,2.8028231106679784,2,Neutral,1,Aversion,0.012686965087783617
target_attainment,Target Attainment,0.6625000000000001,2.8028231106679784,2,Neutral,2,Neutral,0.95690855072514
target_attainment,Target Attainment,0.6625000000000001,2.8028231106679784,2,Neutral,3,Appreciation,0.030404484187076263
target_attainment,Target Attainment,0.675,2.860046168674903,2,Neutral,1,Aversion,0.012248143120613399
target_attainment,Target Attainment,0.675,2.860046168674903,2,Neutral,2,Neutral,0.9572644607277826
target_attainment,Target Attainment,0.675,2.860046168674903,2,Neutral,3,Appreciation,0.030487396151604097
target_attainment,Target Attainment,0.6875,2.917269226681828,2,Neutral,1,Aversion,0.011824315598146689
target_attainment,Target Attainment,0.6875,2.917269226681828,2,Neutral,2,Neutral,0.9576056251433627
target_attainment,Target Attainment,0.6875,2.917269226681828,2,Neutral,3,Appreciation,0.030570059258490517
target_attainment,Target Attainment,0.7000000000000001,2.974492284688753,2,Neutral,1,Aversion,0.011414982596221694
target_attainment,Target Attainment,0.7000000000000001,2.974492284688753,2,Neutral,2,Neutral,0.957932531049612
target_attainment,Target Attainment,0.7000000000000001,2.974492284688753,2,Neutral,3,Appreciation,0.030652486354166456
target_attainment,Target Attainment,0.7125,3.0317153426956778,2,Neutral,1,Aversion,0.011019660013912929
target_attainment,Target Attainment,0.7125,3.0317153426956778,2,Neutral,2,Neutral,0.9582456500642493
target_attainment,Target Attainment,0.7125,3.0317153426956778,2,Neutral,3,Appreciation,0.03073468992183768
target_attainment,Target Attainment,0.7250000000000001,3.088938400702603,2,Neutral,1,Aversion,0.010637879130630194
target_attainment,Target Attainment,0.7250000000000001,3.088938400702603,2,Neutral,2,Neutral,0.9585454387789633
target_attainment,Target Attainment,0.7250000000000001,3.088938400702603,2,Neutral,3,Appreciation,0.030816682090406625
target_attainment,Target Attainment,0.7375,3.146161458709528,2,Neutral,1,Aversion,0.01026918617152236
target_attainment,Target Attainment,0.7375,3.146161458709528,2,Neutral,2,Neutral,0.958832339185188
target_attainment,Target Attainment,0.7375,3.146161458709528,2,Neutral,3,Appreciation,0.030898474643289594
target_attainment,Target Attainment,0.75,3.2033845167164525,2,Neutral,1,Aversion,0.009913141881347783
target_attainment,Target Attainment,0.75,3.2033845167164525,2,Neutral,2,Neutral,0.9591067790915306
target_attainment,Target Attainment,0.75,3.2033845167164525,2,Neutral,3,Appreciation,0.030980079027121677
target_attainment,Target Attainment,0.7625000000000001,3.2606075747233776,2,Neutral,1,Aversion,0.009569321106940093
target_attainment,Target Attainment,0.7625000000000001,3.2606075747233776,2,Neutral,2,Neutral,0.9593691725327179
target_attainment,Target Attainment,0.7625000000000001,3.2606075747233776,2,Neutral,3,Appreciation,0.031061506360341926
target_attainment,Target Attainment,0.775,3.317830632730302,2,Neutral,1,Aversion,0.00923731238836884
target_attainment,Target Attainment,0.775,3.317830632730302,2,Neutral,2,Neutral,0.959619920169978
target_attainment,Target Attainment,0.775,3.317830632730302,2,Neutral,3,Appreciation,0.03114276744165321
target_attainment,Target Attainment,0.7875000000000001,3.3750536907372277,2,Neutral,1,Aversion,0.008916717558866024
target_attainment,Target Attainment,0.7875000000000001,3.3750536907372277,2,Neutral,2,Neutral,0.9598594096827832
target_attainment,Target Attainment,0.7875000000000001,3.3750536907372277,2,Neutral,3,Appreciation,0.031223872758350806
target_attainment,Target Attainment,0.8,3.4322767487441523,2,Neutral,1,Aversion,0.008607151353564903
target_attainment,Target Attainment,0.8,3.4322767487441523,2,Neutral,2,Neutral,0.9600880161519195
target_attainment,Target Attainment,0.8,3.4322767487441523,2,Neutral,3,Appreciation,0.031304832494515475
target_attainment,Target Attainment,0.8125,3.489499806751077,2,Neutral,1,Aversion,0.008308241027073972
target_attainment,Target Attainment,0.8125,3.489499806751077,2,Neutral,2,Neutral,0.9603061024338593
target_attainment,Target Attainment,0.8125,3.489499806751077,2,Neutral,3,Appreciation,0.03138565653906691
target_attainment,Target Attainment,0.8250000000000001,3.5467228647580025,2,Neutral,1,Aversion,0.008019625979888156
target_attainment,Target Attainment,0.8250000000000001,3.5467228647580025,2,Neutral,2,Neutral,0.960514019526438
target_attainment,Target Attainment,0.8250000000000001,3.5467228647580025,2,Neutral,3,Appreciation,0.03146635449367396
target_attainment,Target Attainment,0.8375,3.603945922764927,2,Neutral,1,Aversion,0.0077409573936198005
target_attainment,Target Attainment,0.8375,3.603945922764927,2,Neutral,2,Neutral,0.960712106925861
target_attainment,Target Attainment,0.8375,3.603945922764927,2,Neutral,3,Appreciation,0.031546935680519306
target_attainment,Target Attainment,0.8500000000000001,3.661168980771852,2,Neutral,1,Aversion,0.007471897875014764
target_attainment,Target Attainment,0.8500000000000001,3.661168980771852,2,Neutral,2,Neutral,0.9609006929750694
target_attainment,Target Attainment,0.8500000000000001,3.661168980771852,2,Neutral,3,Appreciation,0.031627409149915915
target_attainment,Target Attainment,0.8625,3.7183920387787768,2,Neutral,1,Aversion,0.007212121108703201
target_attainment,Target Attainment,0.8625,3.7183920387787768,2,Neutral,2,Neutral,0.9610800952035231
target_attainment,Target Attainment,0.8625,3.7183920387787768,2,Neutral,3,Appreciation,0.031707783687773786
target_attainment,Target Attainment,0.875,3.775615096785702,2,Neutral,1,Aversion,0.006961311518620082
target_attainment,Target Attainment,0.875,3.775615096785702,2,Neutral,2,Neutral,0.9612506206584644
target_attainment,Target Attainment,0.875,3.775615096785702,2,Neutral,3,Appreciation,0.031788067822915426
target_attainment,Target Attainment,0.8875000000000001,3.832838154792627,2,Neutral,1,Aversion,0.006719163938018125
target_attainment,Target Attainment,0.8875000000000001,3.832838154792627,2,Neutral,2,Neutral,0.9614125662277424
target_attainment,Target Attainment,0.8875000000000001,3.832838154792627,2,Neutral,3,Appreciation,0.03186826983423955
target_attainment,Target Attainment,0.9,3.8900612127995515,2,Neutral,1,Aversion,0.006485383287983834
target_attainment,Target Attainment,0.9,3.8900612127995515,2,Neutral,2,Neutral,0.9615662189542843
target_attainment,Target Attainment,0.9,3.8900612127995515,2,Neutral,3,Appreciation,0.03194839775773196
target_attainment,Target Attainment,0.9125000000000001,3.9472842708064766,2,Neutral,1,Aversion,0.006259684264357693
target_attainment,Target Attainment,0.9125000000000001,3.9472842708064766,2,Neutral,2,Neutral,0.9617118563423184
target_attainment,Target Attainment,0.9125000000000001,3.9472842708064766,2,Neutral,3,Appreciation,0.03202845939332398
target_attainment,Target Attainment,0.925,4.004507328813402,2,Neutral,1,Aversion,0.006041791032949984
target_attainment,Target Attainment,0.925,4.004507328813402,2,Neutral,2,Neutral,0.9618497466554519
target_attainment,Target Attainment,0.925,4.004507328813402,2,Neutral,3,Appreciation,0.03210846231159826
target_attainment,Target Attainment,0.9375,4.061730386820326,2,Neutral,1,Aversion,0.005831436932935989
target_attainment,Target Attainment,0.9375,4.061730386820326,2,Neutral,2,Neutral,0.9619801492067216
target_attainment,Target Attainment,0.9375,4.061730386820326,2,Neutral,3,Appreciation,0.03218841386034241
target_attainment,Target Attainment,0.9500000000000001,4.118953444827252,2,Neutral,1,Aversion,0.005628364188307318
target_attainment,Target Attainment,0.9500000000000001,4.118953444827252,2,Neutral,2,Neutral,0.9621033146407412
target_attainment,Target Attainment,0.9500000000000001,4.118953444827252,2,Neutral,3,Appreciation,0.0322683211709514
target_attainment,Target Attainment,0.9625,4.176176502834176,2,Neutral,1,Aversion,0.005432323627249955
target_attainment,Target Attainment,0.9625,4.176176502834176,2,Neutral,2,Neutral,0.9622194852080707
target_attainment,Target Attainment,0.9625,4.176176502834176,2,Neutral,3,Appreciation,0.03234819116467941
target_attainment,Target Attainment,0.9750000000000001,4.233399560841101,2,Neutral,1,Aversion,0.005243074409314267
target_attainment,Target Attainment,0.9750000000000001,4.233399560841101,2,Neutral,2,Neutral,0.9623288950319432
target_attainment,Target Attainment,0.9750000000000001,4.233399560841101,2,Neutral,3,Appreciation,0.03242803055874245
target_attainment,Target Attainment,0.9875,4.290622618848026,2,Neutral,1,Aversion,0.005060383760238162
target_attainment,Target Attainment,0.9875,4.290622618848026,2,Neutral,2,Neutral,0.9624317703674888
target_attainment,Target Attainment,0.9875,4.290622618848026,2,Neutral,3,Appreciation,0.032507845872273115
target_attainment,Target Attainment,1.0,4.347845676854951,2,Neutral,1,Aversion,0.0048840267142803455
target_attainment,Target Attainment,1.0,4.347845676854951,2,Neutral,2,Neutral,0.9625283298535909
target_attainment,Target Attainment,1.0,4.347845676854951,2,Neutral,3,Appreciation,0.032587643432128784
target_attainment,Target Attainment,0.0,-0.22999896369904238,3,Appreciation,1,Aversion,0.0011796589299541626
target_attainment,Target Attainment,0.0,-0.22999896369904238,3,Appreciation,2,Neutral,0.3064877873991661
target_attainment,Target Attainment,0.0,-0.22999896369904238,3,Appreciation,3,Appreciation,0.6923325536708798
target_attainment,Target Attainment,0.0125,-0.17277590569211745,3,Appreciation,1,Aversion,0.00118509215042868
target_attainment,Target Attainment,0.0125,-0.17277590569211745,3,Appreciation,2,Neutral,0.289239565955598
target_attainment,Target Attainment,0.0125,-0.17277590569211745,3,Appreciation,3,Appreciation,0.7095753418939734
target_attainment,Target Attainment,0.025,-0.11555284768519256,3,Appreciation,1,Aversion,0.0011888857867631316
target_attainment,Target Attainment,0.025,-0.11555284768519256,3,Appreciation,2,Neutral,0.2725803720663761
target_attainment,Target Attainment,0.025,-0.11555284768519256,3,Appreciation,3,Appreciation,0.7262307421468608
target_attainment,Target Attainment,0.037500000000000006,-0.058329789678267616,3,Appreciation,1,Aversion,0.0011910830508259597
target_attainment,Target Attainment,0.037500000000000006,-0.058329789678267616,3,Appreciation,2,Neutral,0.2565342492798866
target_attainment,Target Attainment,0.037500000000000006,-0.058329789678267616,3,Appreciation,3,Appreciation,0.7422746676692875
target_attainment,Target Attainment,0.05,-0.001106731671342716,3,Appreciation,1,Aversion,0.0011917362600461499
target_attainment,Target Attainment,0.05,-0.001106731671342716,3,Appreciation,2,Neutral,0.24111949707722832
target_attainment,Target Attainment,0.05,-0.001106731671342716,3,Appreciation,3,Appreciation,0.7576887666627256
target_attainment,Target Attainment,0.0625,0.05611632633558219,3,Appreciation,1,Aversion,0.001190905555462865
target_attainment,Target Attainment,0.0625,0.05611632633558219,3,Appreciation,2,Neutral,0.22634888640589054
target_attainment,Target Attainment,0.0625,0.05611632633558219,3,Appreciation,3,Appreciation,0.7724602080386466
target_attainment,Target Attainment,0.07500000000000001,0.11333938434250715,3,Appreciation,1,Aversion,0.0011886575984093543
target_attainment,Target Attainment,0.07500000000000001,0.11333938434250715,3,Appreciation,2,Neutral,0.21222995267742367
target_attainment,Target Attainment,0.07500000000000001,0.11333938434250715,3,Appreciation,3,Appreciation,0.7865813897241668
target_attainment,Target Attainment,0.08750000000000001,0.17056244234943205,3,Appreciation,1,Aversion,0.0011850642796154985
target_attainment,Target Attainment,0.08750000000000001,0.17056244234943205,3,Appreciation,2,Neutral,0.19876535075619226
target_attainment,Target Attainment,0.08750000000000001,0.17056244234943205,3,Appreciation,3,Appreciation,0.8000495849641922
target_attainment,Target Attainment,0.1,0.22778550035635695,3,Appreciation,1,Aversion,0.0011802014698806078
target_attainment,Target Attainment,0.1,0.22778550035635695,3,Appreciation,2,Neutral,0.18595325644981564
target_attainment,Target Attainment,0.1,0.22778550035635695,3,Appreciation,3,Appreciation,0.8128665420803037
target_attainment,Target Attainment,0.1125,0.28500855836328187,3,Appreciation,1,Aversion,0.001174147836338306
target_attainment,Target Attainment,0.1125,0.28500855836328187,3,Appreciation,2,Neutral,0.17378779961482296
target_attainment,Target Attainment,0.1125,0.28500855836328187,3,Appreciation,3,Appreciation,0.8250380525488388
target_attainment,Target Attainment,0.125,0.3422316163702067,3,Appreciation,1,Aversion,0.001166983743038961
target_attainment,Target Attainment,0.125,0.3422316163702067,3,Appreciation,2,Neutral,0.16225951508403802
target_attainment,Target Attainment,0.125,0.3422316163702067,3,Appreciation,3,Appreciation,0.8365735011729231
target_attainment,Target Attainment,0.1375,0.39945467437713167,3,Appreciation,1,Aversion,0.0011587902493925687
target_attainment,Target Attainment,0.1375,0.39945467437713167,3,Appreciation,2,Neutral,0.15135579907059274
target_attainment,Target Attainment,0.1375,0.39945467437713167,3,Appreciation,3,Appreciation,0.8474854106800147
target_attainment,Target Attainment,0.15000000000000002,0.4566777323840567,3,Appreciation,1,Aversion,0.0011496482151682162
target_attainment,Target Attainment,0.15000000000000002,0.4566777323840567,3,Appreciation,2,Neutral,0.14106136037746383
target_attainment,Target Attainment,0.15000000000000002,0.4566777323840567,3,Appreciation,3,Appreciation,0.8577889914073679
target_attainment,Target Attainment,0.1625,0.5139007903909815,3,Appreciation,1,Aversion,0.0011396375163951079
target_attainment,Target Attainment,0.1625,0.5139007903909815,3,Appreciation,2,Neutral,0.13135865752385092
target_attainment,Target Attainment,0.1625,0.5139007903909815,3,Appreciation,3,Appreciation,0.867501704959754
target_attainment,Target Attainment,0.17500000000000002,0.5711238483979064,3,Appreciation,1,Aversion,0.0011288363727558293
target_attainment,Target Attainment,0.17500000000000002,0.5711238483979064,3,Appreciation,2,Neutral,0.12222831469092617
target_attainment,Target Attainment,0.17500000000000002,0.5711238483979064,3,Appreciation,3,Appreciation,0.876642848936318
target_attainment,Target Attainment,0.1875,0.6283469064048313,3,Appreciation,1,Aversion,0.0011173207839534319
target_attainment,Target Attainment,0.1875,0.6283469064048313,3,Appreciation,2,Neutral,0.11364951110991932
target_attainment,Target Attainment,0.1875,0.6283469064048313,3,Appreciation,3,Appreciation,0.8852331681061273
target_attainment,Target Attainment,0.2,0.6855699644117562,3,Appreciation,1,Aversion,0.0011051640700749145
target_attainment,Target Attainment,0.2,0.6855699644117562,3,Appreciation,2,Neutral,0.10560034010609165
target_attainment,Target Attainment,0.2,0.6855699644117562,3,Appreciation,3,Appreciation,0.8932944958238334
target_attainment,Target Attainment,0.21250000000000002,0.7427930224186813,3,Appreciation,1,Aversion,0.0010924365091355916
target_attainment,Target Attainment,0.21250000000000002,0.7427930224186813,3,Appreciation,2,Neutral,0.09805813543319239
target_attainment,Target Attainment,0.21250000000000002,0.7427930224186813,3,Appreciation,3,Appreciation,0.900849428057672
target_attainment,Target Attainment,0.225,0.8000160804256061,3,Appreciation,1,Aversion,0.0010792050637182828
target_attainment,Target Attainment,0.225,0.8000160804256061,3,Appreciation,2,Neutral,0.09099976376191507
target_attainment,Target Attainment,0.225,0.8000160804256061,3,Appreciation,3,Appreciation,0.9079210311743666
target_attainment,Target Attainment,0.23750000000000002,0.8572391384325311,3,Appreciation,1,Aversion,0.001065533187849624
target_attainment,Target Attainment,0.23750000000000002,0.8572391384325311,3,Appreciation,2,Neutral,0.08440188321445385
target_attainment,Target Attainment,0.23750000000000002,0.8572391384325311,3,Appreciation,3,Appreciation,0.9145325835976965
target_attainment,Target Attainment,0.25,0.9144621964394559,3,Appreciation,1,Aversion,0.001051480704906738
target_attainment,Target Attainment,0.25,0.9144621964394559,3,Appreciation,2,Neutral,0.07824116866855
target_attainment,Target Attainment,0.25,0.9144621964394559,3,Appreciation,3,Appreciation,0.9207073506265433
target_attainment,Target Attainment,0.2625,0.9716852544463809,3,Appreciation,1,Aversion,0.0010371037473430073
target_attainment,Target Attainment,0.2625,0.9716852544463809,3,Appreciation,2,Neutral,0.07249450519978223
target_attainment,Target Attainment,0.2625,0.9716852544463809,3,Appreciation,3,Appreciation,0.9264683910528747
target_attainment,Target Attainment,0.275,1.0289083124533058,3,Appreciation,1,Aversion,0.0010224547492869173
target_attainment,Target Attainment,0.275,1.0289083124533058,3,Appreciation,2,Neutral,0.0671391515072844
target_attainment,Target Attainment,0.275,1.0289083124533058,3,Appreciation,3,Appreciation,0.9318383937434287
target_attainment,Target Attainment,0.28750000000000003,1.0861313704602307,3,Appreciation,1,Aversion,0.0010075824835339162
target_attainment,Target Attainment,0.28750000000000003,1.0861313704602307,3,Appreciation,2,Neutral,0.06215287549583372
target_attainment,Target Attainment,0.28750000000000003,1.0861313704602307,3,Appreciation,3,Appreciation,0.9368395420206325
target_attainment,Target Attainment,0.30000000000000004,1.1433544284671557,3,Appreciation,1,Aversion,0.0009925321350572828
target_attainment,Target Attainment,0.30000000000000004,1.1433544284671557,3,Appreciation,2,Neutral,0.05751406438805503
target_attainment,Target Attainment,0.30000000000000004,1.1433544284671557,3,Appreciation,3,Appreciation,0.9414934034768876
target_attainment,Target Attainment,0.3125,1.2005774864740804,3,Appreciation,1,Aversion,0.0009773454038582295
target_attainment,Target Attainment,0.3125,1.2005774864740804,3,Appreciation,2,Neutral,0.05320181183599631
target_attainment,Target Attainment,0.3125,1.2005774864740804,3,Appreciation,3,Appreciation,0.9458208427601456
target_attainment,Target Attainment,0.325,1.2578005444810054,3,Appreciation,1,Aversion,0.0009620606307151444
target_attainment,Target Attainment,0.325,1.2578005444810054,3,Appreciation,2,Neutral,0.04919598451216055
target_attainment,Target Attainment,0.325,1.2578005444810054,3,Appreciation,3,Appreciation,0.9498419548571242
target_attainment,Target Attainment,0.3375,1.3150236024879305,3,Appreciation,1,Aversion,0.0009467129401430718
target_attainment,Target Attainment,0.3375,1.3150236024879305,3,Appreciation,2,Neutral,0.045477270605099755
target_attainment,Target Attainment,0.3375,1.3150236024879305,3,Appreciation,3,Appreciation,0.9535760164547572
target_attainment,Target Attainment,0.35000000000000003,1.3722466604948553,3,Appreciation,1,Aversion,0.0009313343956111248
target_attainment,Target Attainment,0.35000000000000003,1.3722466604948553,3,Appreciation,2,Neutral,0.042027212540587944
target_attainment,Target Attainment,0.35000000000000003,1.3722466604948553,3,Appreciation,3,Appreciation,0.9570414530638008
target_attainment,Target Attainment,0.36250000000000004,1.4294697185017804,3,Appreciation,1,Aversion,0.0009159541627685091
target_attainment,Target Attainment,0.36250000000000004,1.4294697185017804,3,Appreciation,2,Neutral,0.03882822611060004
target_attainment,Target Attainment,0.36250000000000004,1.4294697185017804,3,Appreciation,3,Appreciation,0.9602558197266314
target_attainment,Target Attainment,0.375,1.486692776508705,3,Appreciation,1,Aversion,0.0009005986770860908
target_attainment,Target Attainment,0.375,1.486692776508705,3,Appreciation,2,Neutral,0.035863608030891087
target_attainment,Target Attainment,0.375,1.486692776508705,3,Appreciation,3,Appreciation,0.9632357932920228
target_attainment,Target Attainment,0.3875,1.54391583451563,3,Appreciation,1,Aversion,0.0008852918129218616
target_attainment,Target Attainment,0.3875,1.54391583451563,3,Appreciation,2,Neutral,0.03311753377375692
target_attainment,Target Attainment,0.3875,1.54391583451563,3,Appreciation,3,Appreciation,0.9659971744133212
target_attainment,Target Attainment,0.4,1.601138892522555,3,Appreciation,1,Aversion,0.0008700550515608189
target_attainment,Target Attainment,0.4,1.601138892522555,3,Appreciation,2,Neutral,0.030575047343396892
target_attainment,Target Attainment,0.4,1.601138892522555,3,Appreciation,3,Appreciation,0.9685548976050423
target_attainment,Target Attainment,0.41250000000000003,1.65836195052948,3,Appreciation,1,Aversion,0.0008549076462617148
target_attainment,Target Attainment,0.41250000000000003,1.65836195052948,3,Appreciation,2,Neutral,0.028222044483232525
target_attainment,Target Attainment,0.41250000000000003,1.65836195052948,3,Appreciation,3,Appreciation,0.9709230478705059
target_attainment,Target Attainment,0.42500000000000004,1.7155850085364048,3,Appreciation,1,Aversion,0.0008398667827656589
target_attainment,Target Attainment,0.42500000000000004,1.7155850085364048,3,Appreciation,2,Neutral,0.026045250632060143
target_attainment,Target Attainment,0.42500000000000004,1.7155850085364048,3,Appreciation,3,Appreciation,0.9731148825851743
target_attainment,Target Attainment,0.4375,1.7728080665433297,3,Appreciation,1,Aversion,0.0008249477340875168
target_attainment,Target Attainment,0.4375,1.7728080665433297,3,Appreciation,2,Neutral,0.02403219478221928
target_attainment,Target Attainment,0.4375,1.7728080665433297,3,Appreciation,3,Appreciation,0.9751428574836931
target_attainment,Target Attainment,0.45,1.8300311245502545,3,Appreciation,1,Aversion,0.0008101640087241167
target_attainment,Target Attainment,0.45,1.8300311245502545,3,Appreciation,2,Neutral,0.02217118024017347
target_attainment,Target Attainment,0.45,1.8300311245502545,3,Appreciation,3,Appreciation,0.9770186557511022
target_attainment,Target Attainment,0.4625,1.8872541825571796,3,Appreciation,1,Aversion,0.0007955274916779288
target_attainment,Target Attainment,0.4625,1.8872541825571796,3,Appreciation,2,Neutral,0.020451253149286388
target_attainment,Target Attainment,0.4625,1.8872541825571796,3,Appreciation,3,Appreciation,0.9787532193590357
target_attainment,Target Attainment,0.47500000000000003,1.9444772405641044,3,Appreciation,1,Aversion,0.0007810485779157529
target_attainment,Target Attainment,0.47500000000000003,1.9444772405641044,3,Appreciation,2,Neutral,0.018862169506728504
target_attainment,Target Attainment,0.47500000000000003,1.9444772405641044,3,Appreciation,3,Appreciation,0.9803567819153558
target_attainment,Target Attainment,0.48750000000000004,2.0017002985710293,3,Appreciation,1,Aversion,0.0007667362980640154
target_attainment,Target Attainment,0.48750000000000004,2.0017002985710293,3,Appreciation,2,Neutral,0.01739436129144967
target_attainment,Target Attainment,0.48750000000000004,2.0017002985710293,3,Appreciation,3,Appreciation,0.9818389024104862
target_attainment,Target Attainment,0.5,2.0589233565779543,3,Appreciation,1,Aversion,0.0007525984362900762
target_attainment,Target Attainment,0.5,2.0589233565779543,3,Appreciation,2,Neutral,0.016038902217699554
target_attainment,Target Attainment,0.5,2.0589233565779543,3,Appreciation,3,Appreciation,0.9832084993460104
target_attainment,Target Attainment,0.5125000000000001,2.1161464145848794,3,Appreciation,1,Aversion,0.0007386416404370699
target_attainment,Target Attainment,0.5125000000000001,2.1161464145848794,3,Appreciation,2,Neutral,0.014787473538107448
target_attainment,Target Attainment,0.5125000000000001,2.1161464145848794,3,Appreciation,3,Appreciation,0.9844738848214556
target_attainment,Target Attainment,0.525,2.173369472591804,3,Appreciation,1,Aversion,0.0007248715245723538
target_attainment,Target Attainment,0.525,2.173369472591804,3,Appreciation,2,Neutral,0.01363233024109928
target_attainment,Target Attainment,0.525,2.173369472591804,3,Appreciation,3,Appreciation,0.9856427982343284
target_attainment,Target Attainment,0.5375,2.2305925305987286,3,Appreciation,1,Aversion,0.0007112927641804732
target_attainment,Target Attainment,0.5375,2.2305925305987286,3,Appreciation,2,Neutral,0.01256626791857996
target_attainment,Target Attainment,0.5375,2.2305925305987286,3,Appreciation,3,Appreciation,0.9867224393172395
target_attainment,Target Attainment,0.55,2.287815588605654,3,Appreciation,1,Aversion,0.0006979091842839835
target_attainment,Target Attainment,0.55,2.287815588605654,3,Appreciation,2,Neutral,0.01158259052043715
target_attainment,Target Attainment,0.55,2.287815588605654,3,Appreciation,3,Appreciation,0.9877195002952789
target_attainment,Target Attainment,0.5625,2.3450386466125788,3,Appreciation,1,Aversion,0.0006847238408127066
target_attainment,Target Attainment,0.5625,2.3450386466125788,3,Appreciation,2,Neutral,0.010675079161608482
target_attainment,Target Attainment,0.5625,2.3450386466125788,3,Appreciation,3,Appreciation,0.9886401969975789
target_attainment,Target Attainment,0.5750000000000001,2.402261704619504,3,Appreciation,1,Aversion,0.0006717390955665656
target_attainment,Target Attainment,0.5750000000000001,2.402261704619504,3,Appreciation,2,Neutral,0.00983796210429497
target_attainment,Target Attainment,0.5750000000000001,2.402261704619504,3,Appreciation,3,Appreciation,0.9894902988001385
target_attainment,Target Attainment,0.5875,2.459484762626429,3,Appreciation,1,Aversion,0.0006589566851313924
target_attainment,Target Attainment,0.5875,2.459484762626429,3,Appreciation,2,Neutral,0.009065886001535614
target_attainment,Target Attainment,0.5875,2.459484762626429,3,Appreciation,3,Appreciation,0.9902751573133329
target_attainment,Target Attainment,0.6000000000000001,2.516707820633354,3,Appreciation,1,Aversion,0.0006463777841131578
target_attainment,Target Attainment,0.6000000000000001,2.516707820633354,3,Appreciation,2,Neutral,0.008353888457967666
target_attainment,Target Attainment,0.6000000000000001,2.516707820633354,3,Appreciation,3,Appreciation,0.9909997337579193
target_attainment,Target Attainment,0.6125,2.5739308786402786,3,Appreciation,1,Aversion,0.000634003063055435
target_attainment,Target Attainment,0.6125,2.5739308786402786,3,Appreciation,2,Neutral,0.007697371938433328
target_attainment,Target Attainment,0.6125,2.5739308786402786,3,Appreciation,3,Appreciation,0.9916686249985113
target_attainment,Target Attainment,0.625,2.631153936647203,3,Appreciation,1,Aversion,0.0006218327413992158
target_attainment,Target Attainment,0.625,2.631153936647203,3,Appreciation,2,Neutral,0.0070920790344667604
target_attainment,Target Attainment,0.625,2.631153936647203,3,Appreciation,3,Appreciation,0.992286088224134
target_attainment,Target Attainment,0.6375000000000001,2.6883769946541287,3,Appreciation,1,Aversion,0.0006098666358345622
target_attainment,Target Attainment,0.6375000000000001,2.6883769946541287,3,Appreciation,2,Neutral,0.006534069081985147
target_attainment,Target Attainment,0.6375000000000001,2.6883769946541287,3,Appreciation,3,Appreciation,0.9928560642821803
target_attainment,Target Attainment,0.65,2.7456000526610533,3,Appreciation,1,Aversion,0.0005981042043810148
target_attainment,Target Attainment,0.65,2.7456000526610533,3,Appreciation,2,Neutral,0.006019696110155021
target_attainment,Target Attainment,0.65,2.7456000526610533,3,Appreciation,3,Appreciation,0.9933821996854638
target_attainment,Target Attainment,0.6625000000000001,2.8028231106679784,3,Appreciation,1,Aversion,0.0005865445865190803
target_attainment,Target Attainment,0.6625000000000001,2.8028231106679784,3,Appreciation,2,Neutral,0.005545588090915024
target_attainment,Target Attainment,0.6625000000000001,2.8028231106679784,3,Appreciation,3,Appreciation,0.9938678673225659
target_attainment,Target Attainment,0.675,2.860046168674903,3,Appreciation,1,Aversion,0.0005751866396790925
target_attainment,Target Attainment,0.675,2.860046168674903,3,Appreciation,2,Neutral,0.005108627450570797
target_attainment,Target Attainment,0.675,2.860046168674903,3,Appreciation,3,Appreciation,0.9943161859097501
target_attainment,Target Attainment,0.6875,2.917269226681828,3,Appreciation,1,Aversion,0.0005640289723769058
target_attainment,Target Attainment,0.6875,2.917269226681828,3,Appreciation,2,Neutral,0.004705932798853068
target_attainment,Target Attainment,0.6875,2.917269226681828,3,Appreciation,3,Appreciation,0.99473003822877
target_attainment,Target Attainment,0.7000000000000001,2.974492284688753,3,Appreciation,1,Aversion,0.0005530699742686096
target_attainment,Target Attainment,0.7000000000000001,2.974492284688753,3,Appreciation,2,Neutral,0.004334841826511386
target_attainment,Target Attainment,0.7000000000000001,2.974492284688753,3,Appreciation,3,Appreciation,0.9951120881992199
target_attainment,Target Attainment,0.7125,3.0317153426956778,3,Appreciation,1,Aversion,0.000542307843379168
target_attainment,Target Attainment,0.7125,3.0317153426956778,3,Appreciation,2,Neutral,0.003992895319613447
target_attainment,Target Attainment,0.7125,3.0317153426956778,3,Appreciation,3,Appreciation,0.9954647968370073
target_attainment,Target Attainment,0.7250000000000001,3.088938400702603,3,Appreciation,1,Aversion,0.0005317406107427849
target_attainment,Target Attainment,0.7250000000000001,3.088938400702603,3,Appreciation,2,Neutral,0.0036778222369831604
target_attainment,Target Attainment,0.7250000000000001,3.088938400702603,3,Appreciation,3,Appreciation,0.9957904371522741
target_attainment,Target Attainment,0.7375,3.146161458709528,3,Appreciation,1,Aversion,0.0005213661626761409
target_attainment,Target Attainment,0.7375,3.146161458709528,3,Appreciation,2,Neutral,0.003387525796425113
target_attainment,Target Attainment,0.7375,3.146161458709528,3,Appreciation,3,Appreciation,0.9960911080408987
target_attainment,Target Attainment,0.75,3.2033845167164525,3,Appreciation,1,Aversion,0.000511182260889556
target_attainment,Target Attainment,0.75,3.2033845167164525,3,Appreciation,2,Neutral,0.003120070515365409
target_attainment,Target Attainment,0.75,3.2033845167164525,3,Appreciation,3,Appreciation,0.996368747223745
target_attainment,Target Attainment,0.7625000000000001,3.2606075747233776,3,Appreciation,1,Aversion,0.0005011865606257229
target_attainment,Target Attainment,0.7625000000000001,3.2606075747233776,3,Appreciation,2,Neutral,0.002873670152133617
target_attainment,Target Attainment,0.7625000000000001,3.2606075747233776,3,Appreciation,3,Appreciation,0.9966251432872407
target_attainment,Target Attainment,0.775,3.317830632730302,3,Appreciation,1,Aversion,0.0004913766270010087
target_attainment,Target Attainment,0.775,3.317830632730302,3,Appreciation,2,Neutral,0.0026466764951861474
target_attainment,Target Attainment,0.775,3.317830632730302,3,Appreciation,3,Appreciation,0.9968619468778128
target_attainment,Target Attainment,0.7875000000000001,3.3750536907372277,3,Appreciation,1,Aversion,0.00048174994971046236
target_attainment,Target Attainment,0.7875000000000001,3.3750536907372277,3,Appreciation,2,Neutral,0.0024375689490169026
target_attainment,Target Attainment,0.7875000000000001,3.3750536907372277,3,Appreciation,3,Appreciation,0.9970806811012727
target_attainment,Target Attainment,0.8,3.4322767487441523,3,Appreciation,1,Aversion,0.00047230395624464855
target_attainment,Target Attainment,0.8,3.4322767487441523,3,Appreciation,2,Neutral,0.002244944867224851
target_attainment,Target Attainment,0.8,3.4322767487441523,3,Appreciation,3,Appreciation,0.9972827511765305
target_attainment,Target Attainment,0.8125,3.489499806751077,3,Appreciation,1,Aversion,0.00046303602375421794
target_attainment,Target Attainment,0.8125,3.489499806751077,3,Appreciation,2,Neutral,0.002067510585132443
target_attainment,Target Attainment,0.8125,3.489499806751077,3,Appreciation,3,Appreciation,0.9974694533911134
target_attainment,Target Attainment,0.8250000000000001,3.5467228647580025,3,Appreciation,1,Aversion,0.00045394348968673864
target_attainment,Target Attainment,0.8250000000000001,3.5467228647580025,3,Appreciation,2,Neutral,0.001904073106410944
target_attainment,Target Attainment,0.8250000000000001,3.5467228647580025,3,Appreciation,3,Appreciation,0.9976419834039023
target_attainment,Target Attainment,0.8375,3.603945922764927,3,Appreciation,1,Aversion,0.00044502366130973723
target_attainment,Target Attainment,0.8375,3.603945922764927,3,Appreciation,2,Neutral,0.0017535324003162907
target_attainment,Target Attainment,0.8375,3.603945922764927,3,Appreciation,3,Appreciation,0.997801443938374
target_attainment,Target Attainment,0.8500000000000001,3.661168980771852,3,Appreciation,1,Aversion,0.0004362738242240617
target_attainment,Target Attainment,0.8500000000000001,3.661168980771852,3,Appreciation,2,Neutral,0.0016148742683298452
target_attainment,Target Attainment,0.8500000000000001,3.661168980771852,3,Appreciation,3,Appreciation,0.997948851907446
target_attainment,Target Attainment,0.8625,3.7183920387787768,3,Appreciation,1,Aversion,0.0004276912499626268
target_attainment,Target Attainment,0.8625,3.7183920387787768,3,Appreciation,2,Neutral,0.0014871637411986761
target_attainment,Target Attainment,0.8625,3.7183920387787768,3,Appreciation,3,Appreciation,0.9980851450088388
target_attainment,Target Attainment,0.875,3.775615096785702,3,Appreciation,1,Aversion,0.00041927320276119944
target_attainment,Target Attainment,0.875,3.775615096785702,3,Appreciation,2,Neutral,0.0013695389695520261
target_attainment,Target Attainment,0.875,3.775615096785702,3,Appreciation,3,Appreciation,0.9982111878276867
target_attainment,Target Attainment,0.8875000000000001,3.832838154792627,3,Appreciation,1,Aversion,0.0004110169455801918
target_attainment,Target Attainment,0.8875000000000001,3.832838154792627,3,Appreciation,2,Neutral,0.0012612055734140468
target_attainment,Target Attainment,0.8875000000000001,3.832838154792627,3,Appreciation,3,Appreciation,0.9983277774810058
target_attainment,Target Attainment,0.9,3.8900612127995515,3,Appreciation,1,Aversion,0.00040291974544932375
target_attainment,Target Attainment,0.9,3.8900612127995515,3,Appreciation,2,Neutral,0.0011614314180204734
target_attainment,Target Attainment,0.9,3.8900612127995515,3,Appreciation,3,Appreciation,0.9984356488365301
target_attainment,Target Attainment,0.9125000000000001,3.9472842708064766,3,Appreciation,1,Aversion,0.0003949788782005269
target_attainment,Target Attainment,0.9125000000000001,3.9472842708064766,3,Appreciation,2,Neutral,0.0010695417853671286
target_attainment,Target Attainment,0.9125000000000001,3.9472842708064766,3,Appreciation,3,Appreciation,0.9985354793364323
target_attainment,Target Attainment,0.925,4.004507328813402,3,Appreciation,1,Aversion,0.00038719163264849127
target_attainment,Target Attainment,0.925,4.004507328813402,3,Appreciation,2,Neutral,0.0009849149128614532
target_attainment,Target Attainment,0.925,4.004507328813402,3,Appreciation,3,Appreciation,0.99862789345449
target_attainment,Target Attainment,0.9375,4.061730386820326,3,Appreciation,1,Aversion,0.0003795553142728094
target_attainment,Target Attainment,0.9375,4.061730386820326,3,Appreciation,2,Neutral,0.0009069778723089236
target_attainment,Target Attainment,0.9375,4.061730386820326,3,Appreciation,3,Appreciation,0.9987134668134183
target_attainment,Target Attainment,0.9500000000000001,4.118953444827252,3,Appreciation,1,Aversion,0.00037206724845068555
target_attainment,Target Attainment,0.9500000000000001,4.118953444827252,3,Appreciation,2,Neutral,0.0008352027642400655
target_attainment,Target Attainment,0.9500000000000001,4.118953444827252,3,Appreciation,3,Appreciation,0.9987927299873093
target_attainment,Target Attainment,0.9625,4.176176502834176,3,Appreciation,1,Aversion,0.00036472478328463895
target_attainment,Target Attainment,0.9625,4.176176502834176,3,Appreciation,2,Neutral,0.0007691032042688407
target_attainment,Target Attainment,0.9625,4.176176502834176,3,Appreciation,3,Appreciation,0.9988661720124467
target_attainment,Target Attainment,0.9750000000000001,4.233399560841101,3,Appreciation,1,Aversion,0.0003575252920654622
target_attainment,Target Attainment,0.9750000000000001,4.233399560841101,3,Appreciation,2,Neutral,0.0007082310797687473
target_attainment,Target Attainment,0.9750000000000001,4.233399560841101,3,Appreciation,3,Appreciation,0.9989342436281659
target_attainment,Target Attainment,0.9875,4.290622618848026,3,Appreciation,1,Aversion,0.00035046617540694034
target_attainment,Target Attainment,0.9875,4.290622618848026,3,Appreciation,2,Neutral,0.000652173556659818
target_attainment,Target Attainment,0.9875,4.290622618848026,3,Appreciation,3,Appreciation,0.9989973602679333
target_attainment,Target Attainment,1.0,4.347845676854951,3,Appreciation,1,Aversion,0.0003435448630853735
target_attainment,Target Attainment,1.0,4.347845676854951,3,Appreciation,2,Neutral,0.0006005503175188783
target_attainment,Target Attainment,1.0,4.347845676854951,3,Appreciation,3,Appreciation,0.9990559048193959
